Part_Code,Month,Stockout,Bal Qty,Sal Qty,Estimated Demand
FDX1L2Z-13008-AA ,2024-06-01,False,1.0,0.0,
FDX1L2Z-13008-AA ,2024-07-01,False,1.0,0.0,
FDX1L2Z-13008-AA ,2024-08-01,False,1.0,0.0,
FDX1L2Z-13008-AA ,2024-09-01,False,1.0,0.0,
FDX1L2Z-13008-AA ,2024-10-01,False,1.0,0.0,
FDX1L2Z-13008-AA ,2024-11-01,False,1.0,0.0,
FDX1L2Z-13008-AA ,2024-12-01,False,5.0,0.0,
FDX1L2Z-13008-AA ,2025-01-01,False,5.0,0.0,
FDX1L2Z-13008-AA ,2025-02-01,False,5.0,0.0,
FDX1L2Z-13008-AA ,2025-03-01,False,5.0,0.0,
FDX1L2Z-13008-AA ,2025-04-01,False,4.0,1.0,
FDX1L2Z-13008-AA ,2025-05-01,False,4.0,0.0,0.0
FDX1L2Z-13008-AA ,2025-06-01,False,4.0,0.0,0.0
FDX1L2Z-13201-AA ,2024-06-01,False,2.0,0.0,
FDX1L2Z-13201-AA ,2024-07-01,False,2.0,0.0,
FDX1L2Z-13201-AA ,2024-08-01,False,2.0,0.0,
FDX1L2Z-13201-AA ,2024-09-01,False,2.0,0.0,
FDX1L2Z-13201-AA ,2024-10-01,False,2.0,0.0,
FDX1L2Z-13201-AA ,2024-11-01,False,2.0,0.0,
FDX1L2Z-13201-AA ,2024-12-01,False,2.0,0.0,
FDX1L2Z-13201-AA ,2025-01-01,False,2.0,0.0,
FDX1L2Z-13201-AA ,2025-02-01,False,2.0,0.0,
FDX1L2Z-13201-AA ,2025-03-01,False,2.0,0.0,
FDX1L2Z-13201-AA ,2025-04-01,False,6.0,0.0,
FDX1L2Z-13201-AA ,2025-05-01,False,6.0,0.0,2.0
FDX1L2Z-13201-AA ,2025-06-01,False,5.0,1.0,0.0
FDX1L2Z-13404-AA ,2024-06-01,False,5.0,0.0,
FDX1L2Z-13404-AA ,2024-07-01,False,5.0,0.0,
FDX1L2Z-13404-AA ,2024-08-01,False,5.0,0.0,
FDX1L2Z-13404-AA ,2024-09-01,False,5.0,0.0,
FDX1L2Z-13404-AA ,2024-10-01,False,5.0,0.0,
FDX1L2Z-13404-AA ,2024-11-01,False,4.0,1.0,
FDX1L2Z-13404-AA ,2024-12-01,False,3.0,1.0,
FDX1L2Z-13404-AA ,2025-01-01,False,3.0,0.0,
FDX1L2Z-13404-AA ,2025-02-01,False,2.0,1.0,
FDX1L2Z-13404-AA ,2025-03-01,False,2.0,0.0,
FDX1L2Z-13404-AA ,2025-04-01,False,7.0,1.0,
FDX1L2Z-13404-AA ,2025-05-01,False,7.0,0.0,0.0
FDX1L2Z-13404-AA ,2025-06-01,False,7.0,0.0,0.0
FDX1L2Z-13405-AA ,2024-06-01,False,1.0,0.0,
FDX1L2Z-13405-AA ,2024-07-01,False,1.0,0.0,
FDX1L2Z-13405-AA ,2024-08-01,False,1.0,0.0,
FDX1L2Z-13405-AA ,2024-09-01,False,1.0,0.0,
FDX1L2Z-13405-AA ,2024-10-01,False,1.0,0.0,
FDX1L2Z-13405-AA ,2024-11-01,False,0.0,1.0,
FDX1L2Z-13405-AA ,2024-12-01,True,0.0,0.0,
FDX1L2Z-13405-AA ,2025-01-01,True,0.0,0.0,
FDX1L2Z-13405-AA ,2025-02-01,True,0.0,0.0,
FDX1L2Z-13405-AA ,2025-03-01,True,0.0,0.0,
FDX1L2Z-13405-AA ,2025-04-01,True,5.0,1.0,
FDX1L2Z-13405-AA ,2025-05-01,False,4.0,1.0,0.0
FDX1L2Z-13405-AA ,2025-06-01,False,4.0,0.0,0.0
FDX1L2Z-3084-AA ,2024-06-01,False,3.0,0.0,
FDX1L2Z-3084-AA ,2024-07-01,False,3.0,0.0,
FDX1L2Z-3084-AA ,2024-08-01,False,3.0,0.0,
FDX1L2Z-3084-AA ,2024-09-01,False,3.0,0.0,
FDX1L2Z-3084-AA ,2024-10-01,False,1.0,2.0,
FDX1L2Z-3084-AA ,2024-11-01,False,2.0,0.0,
FDX1L2Z-3084-AA ,2024-12-01,False,2.0,0.0,
FDX1L2Z-3084-AA ,2025-01-01,False,2.0,0.0,
FDX1L2Z-3084-AA ,2025-02-01,False,2.0,0.0,
FDX1L2Z-3084-AA ,2025-03-01,False,2.0,0.0,
FDX1L2Z-3084-AA ,2025-04-01,False,2.0,0.0,
FDX1L2Z-3084-AA ,2025-05-01,False,7.0,0.0,0.0
FDX1L2Z-3084-AA ,2025-06-01,False,7.0,0.0,1.0
FDX1L2Z-3085-AA ,2024-06-01,False,2.0,0.0,
FDX1L2Z-3085-AA ,2024-07-01,False,2.0,0.0,
FDX1L2Z-3085-AA ,2024-08-01,False,2.0,0.0,
FDX1L2Z-3085-AA ,2024-09-01,False,2.0,0.0,
FDX1L2Z-3085-AA ,2024-10-01,False,6.0,1.0,
FDX1L2Z-3085-AA ,2024-11-01,False,7.0,0.0,
FDX1L2Z-3085-AA ,2024-12-01,False,7.0,0.0,
FDX1L2Z-3085-AA ,2025-01-01,False,7.0,0.0,
FDX1L2Z-3085-AA ,2025-02-01,False,7.0,0.0,
FDX1L2Z-3085-AA ,2025-03-01,False,7.0,0.0,
FDX1L2Z-3085-AA ,2025-04-01,False,7.0,0.0,
FDX1L2Z-3085-AA ,2025-05-01,False,7.0,0.0,0.0
FDX1L2Z-3085-AA ,2025-06-01,False,7.0,0.0,0.0
FDX1L2Z-5K484-AA ,2024-06-01,False,5.0,0.0,
FDX1L2Z-5K484-AA ,2024-07-01,False,25.0,0.0,
FDX1L2Z-5K484-AA ,2024-08-01,False,25.0,0.0,
FDX1L2Z-5K484-AA ,2024-09-01,False,25.0,0.0,
FDX1L2Z-5K484-AA ,2024-10-01,False,25.0,0.0,
FDX1L2Z-5K484-AA ,2024-11-01,False,23.0,2.0,
FDX1L2Z-5K484-AA ,2024-12-01,False,21.0,2.0,
FDX1L2Z-5K484-AA ,2025-01-01,False,17.0,4.0,
FDX1L2Z-5K484-AA ,2025-02-01,False,17.0,0.0,
FDX1L2Z-5K484-AA ,2025-03-01,False,15.0,2.0,
FDX1L2Z-5K484-AA ,2025-04-01,False,15.0,0.0,
FDX1L2Z-5K484-AA ,2025-05-01,False,13.0,2.0,1.0
FDX1L2Z-5K484-AA ,2025-06-01,False,13.0,0.0,1.0
FDX1L2Z-6K297-BA ,2024-06-01,False,7.0,0.0,
FDX1L2Z-6K297-BA ,2024-07-01,False,7.0,0.0,
FDX1L2Z-6K297-BA ,2024-08-01,False,7.0,0.0,
FDX1L2Z-6K297-BA ,2024-09-01,False,7.0,0.0,
FDX1L2Z-6K297-BA ,2024-10-01,False,7.0,0.0,
FDX1L2Z-6K297-BA ,2024-11-01,False,6.0,1.0,
FDX1L2Z-6K297-BA ,2024-12-01,False,6.0,0.0,
FDX1L2Z-6K297-BA ,2025-01-01,False,6.0,0.0,
FDX1L2Z-6K297-BA ,2025-02-01,False,6.0,0.0,
FDX1L2Z-6K297-BA ,2025-03-01,False,6.0,0.0,
FDX1L2Z-6K297-BA ,2025-04-01,False,6.0,0.0,
FDX1L2Z-6K297-BA ,2025-05-01,False,6.0,0.0,0.0
FDX1L2Z-6K297-BA ,2025-06-01,False,6.0,0.0,0.0
FDX1L2Z-8200-AAB ,2024-06-01,False,1.0,0.0,
FDX1L2Z-8200-AAB ,2024-07-01,False,1.0,0.0,
FDX1L2Z-8200-AAB ,2024-08-01,False,1.0,0.0,
FDX1L2Z-8200-AAB ,2024-09-01,False,1.0,0.0,
FDX1L2Z-8200-AAB ,2024-10-01,False,6.0,0.0,
FDX1L2Z-8200-AAB ,2024-11-01,False,5.0,1.0,
FDX1L2Z-8200-AAB ,2024-12-01,False,4.0,1.0,
FDX1L2Z-8200-AAB ,2025-01-01,False,4.0,0.0,
FDX1L2Z-8200-AAB ,2025-02-01,False,4.0,0.0,
FDX1L2Z-8200-AAB ,2025-03-01,False,4.0,0.0,
FDX1L2Z-8200-AAB ,2025-04-01,False,4.0,0.0,
FDX1L2Z-8200-AAB ,2025-05-01,False,4.0,0.0,0.0
FDX1L2Z-8200-AAB ,2025-06-01,False,4.0,0.0,0.0
FDX1R3Z-13008-AC ,2024-06-01,False,12.0,0.0,
FDX1R3Z-13008-AC ,2024-07-01,False,12.0,0.0,
FDX1R3Z-13008-AC ,2024-08-01,False,12.0,0.0,
FDX1R3Z-13008-AC ,2024-09-01,False,12.0,0.0,
FDX1R3Z-13008-AC ,2024-10-01,False,12.0,0.0,
FDX1R3Z-13008-AC ,2024-11-01,False,12.0,0.0,
FDX1R3Z-13008-AC ,2024-12-01,False,10.0,2.0,
FDX1R3Z-13008-AC ,2025-01-01,False,10.0,0.0,
FDX1R3Z-13008-AC ,2025-02-01,False,10.0,0.0,
FDX1R3Z-13008-AC ,2025-03-01,False,10.0,0.0,
FDX1R3Z-13008-AC ,2025-04-01,False,10.0,0.0,
FDX1R3Z-13008-AC ,2025-05-01,False,10.0,0.0,0.0
FDX1R3Z-13008-AC ,2025-06-01,False,10.0,0.0,0.0
FDX1R3Z-13008-AD ,2024-06-01,False,10.0,0.0,
FDX1R3Z-13008-AD ,2024-07-01,False,10.0,0.0,
FDX1R3Z-13008-AD ,2024-08-01,False,10.0,0.0,
FDX1R3Z-13008-AD ,2024-09-01,False,10.0,0.0,
FDX1R3Z-13008-AD ,2024-10-01,False,10.0,0.0,
FDX1R3Z-13008-AD ,2024-11-01,False,10.0,0.0,
FDX1R3Z-13008-AD ,2024-12-01,False,9.0,1.0,
FDX1R3Z-13008-AD ,2025-01-01,False,9.0,0.0,
FDX1R3Z-13008-AD ,2025-02-01,False,9.0,0.0,
FDX1R3Z-13008-AD ,2025-03-01,False,9.0,0.0,
FDX1R3Z-13008-AD ,2025-04-01,False,9.0,0.0,
FDX1R3Z-13008-AD ,2025-05-01,False,9.0,0.0,0.0
FDX1R3Z-13008-AD ,2025-06-01,False,9.0,0.0,0.0
FDX1R3Z-16612-AA ,2024-06-01,False,2.0,0.0,
FDX1R3Z-16612-AA ,2024-07-01,False,2.0,0.0,
FDX1R3Z-16612-AA ,2024-08-01,False,2.0,0.0,
FDX1R3Z-16612-AA ,2024-09-01,False,2.0,0.0,
FDX1R3Z-16612-AA ,2024-10-01,False,2.0,0.0,
FDX1R3Z-16612-AA ,2024-11-01,False,2.0,0.0,
FDX1R3Z-16612-AA ,2024-12-01,False,2.0,0.0,
FDX1R3Z-16612-AA ,2025-01-01,False,2.0,0.0,
FDX1R3Z-16612-AA ,2025-02-01,False,2.0,0.0,
FDX1R3Z-16612-AA ,2025-03-01,False,1.0,1.0,
FDX1R3Z-16612-AA ,2025-04-01,False,1.0,0.0,
FDX1R3Z-16612-AA ,2025-05-01,False,1.0,0.0,0.0
FDX1R3Z-16612-AA ,2025-06-01,False,1.0,0.0,0.0
FDX2C3Z-8A080-AA ,2024-06-01,False,5.0,0.0,
FDX2C3Z-8A080-AA ,2024-07-01,False,5.0,0.0,
FDX2C3Z-8A080-AA ,2024-08-01,False,5.0,0.0,
FDX2C3Z-8A080-AA ,2024-09-01,False,4.0,1.0,
FDX2C3Z-8A080-AA ,2024-10-01,False,4.0,0.0,
FDX2C3Z-8A080-AA ,2024-11-01,False,4.0,0.0,
FDX2C3Z-8A080-AA ,2024-12-01,False,4.0,0.0,
FDX2C3Z-8A080-AA ,2025-01-01,False,4.0,0.0,
FDX2C3Z-8A080-AA ,2025-02-01,False,4.0,0.0,
FDX2C3Z-8A080-AA ,2025-03-01,False,4.0,0.0,
FDX2C3Z-8A080-AA ,2025-04-01,False,3.0,1.0,
FDX2C3Z-8A080-AA ,2025-05-01,False,3.0,0.0,0.0
FDX2C3Z-8A080-AA ,2025-06-01,False,2.0,1.0,0.0
FDX2L1Z-13404-AB ,2024-06-01,False,6.0,0.0,
FDX2L1Z-13404-AB ,2024-07-01,False,5.0,1.0,
FDX2L1Z-13404-AB ,2024-08-01,False,4.0,1.0,
FDX2L1Z-13404-AB ,2024-09-01,False,4.0,0.0,
FDX2L1Z-13404-AB ,2024-10-01,False,4.0,0.0,
FDX2L1Z-13404-AB ,2024-11-01,False,3.0,1.0,
FDX2L1Z-13404-AB ,2024-12-01,False,3.0,0.0,
FDX2L1Z-13404-AB ,2025-01-01,False,3.0,0.0,
FDX2L1Z-13404-AB ,2025-02-01,False,3.0,0.0,
FDX2L1Z-13404-AB ,2025-03-01,False,3.0,0.0,
FDX2L1Z-13404-AB ,2025-04-01,False,9.0,0.0,
FDX2L1Z-13404-AB ,2025-05-01,False,9.0,0.0,1.0
FDX2L1Z-13404-AB ,2025-06-01,False,9.0,0.0,1.0
FDX2L1Z-13405-AB ,2024-06-01,False,2.0,0.0,
FDX2L1Z-13405-AB ,2024-07-01,False,2.0,0.0,
FDX2L1Z-13405-AB ,2024-08-01,False,2.0,0.0,
FDX2L1Z-13405-AB ,2024-09-01,False,2.0,0.0,
FDX2L1Z-13405-AB ,2024-10-01,False,2.0,0.0,
FDX2L1Z-13405-AB ,2024-11-01,False,2.0,0.0,
FDX2L1Z-13405-AB ,2024-12-01,False,2.0,0.0,
FDX2L1Z-13405-AB ,2025-01-01,False,2.0,0.0,
FDX2L1Z-13405-AB ,2025-02-01,False,2.0,0.0,
FDX2L1Z-13405-AB ,2025-03-01,False,2.0,0.0,
FDX2L1Z-13405-AB ,2025-04-01,False,8.0,0.0,
FDX2L1Z-13405-AB ,2025-05-01,False,7.0,1.0,1.0
FDX2L1Z-13405-AB ,2025-06-01,False,7.0,0.0,0.0
FDX2L1Z-16C826-AA ,2024-06-01,False,12.0,0.0,
FDX2L1Z-16C826-AA ,2024-07-01,False,12.0,0.0,
FDX2L1Z-16C826-AA ,2024-08-01,False,12.0,0.0,
FDX2L1Z-16C826-AA ,2024-09-01,False,10.0,2.0,
FDX2L1Z-16C826-AA ,2024-10-01,False,10.0,0.0,
FDX2L1Z-16C826-AA ,2024-11-01,False,8.0,2.0,
FDX2L1Z-16C826-AA ,2024-12-01,False,6.0,2.0,
FDX2L1Z-16C826-AA ,2025-01-01,False,4.0,2.0,
FDX2L1Z-16C826-AA ,2025-02-01,False,4.0,0.0,
FDX2L1Z-16C826-AA ,2025-03-01,False,4.0,0.0,
FDX2L1Z-16C826-AA ,2025-04-01,False,0.0,4.0,
FDX2L1Z-16C826-AA ,2025-05-01,True,10.0,0.0,1.0
FDX2L1Z-16C826-AA ,2025-06-01,False,8.0,2.0,2.0
FDX2L1Z-8200-AAA ,2024-06-01,False,3.0,1.0,
FDX2L1Z-8200-AAA ,2024-07-01,False,3.0,0.0,
FDX2L1Z-8200-AAA ,2024-08-01,False,3.0,0.0,
FDX2L1Z-8200-AAA ,2024-09-01,False,3.0,0.0,
FDX2L1Z-8200-AAA ,2024-10-01,False,3.0,0.0,
FDX2L1Z-8200-AAA ,2024-11-01,False,6.0,0.0,
FDX2L1Z-8200-AAA ,2024-12-01,False,6.0,0.0,
FDX2L1Z-8200-AAA ,2025-01-01,False,6.0,0.0,
FDX2L1Z-8200-AAA ,2025-02-01,False,6.0,0.0,
FDX2L1Z-8200-AAA ,2025-03-01,False,6.0,0.0,
FDX2L1Z-8200-AAA ,2025-04-01,False,6.0,0.0,
FDX2L1Z-8200-AAA ,2025-05-01,False,6.0,0.0,0.0
FDX2L1Z-8200-AAA ,2025-06-01,False,6.0,0.0,0.0
FDX2L1Z-8A284-AA ,2024-06-01,False,5.0,1.0,
FDX2L1Z-8A284-AA ,2024-07-01,False,5.0,0.0,
FDX2L1Z-8A284-AA ,2024-08-01,False,5.0,0.0,
FDX2L1Z-8A284-AA ,2024-09-01,False,3.0,2.0,
FDX2L1Z-8A284-AA ,2024-10-01,False,1.0,2.0,
FDX2L1Z-8A284-AA ,2024-11-01,False,1.0,0.0,
FDX2L1Z-8A284-AA ,2024-12-01,False,0.0,1.0,
FDX2L1Z-8A284-AA ,2025-01-01,True,0.0,0.0,
FDX2L1Z-8A284-AA ,2025-02-01,True,0.0,0.0,
FDX2L1Z-8A284-AA ,2025-03-01,True,0.0,0.0,
FDX2L1Z-8A284-AA ,2025-04-01,True,6.0,0.0,
FDX2L1Z-8A284-AA ,2025-05-01,False,6.0,0.0,0.0
FDX2L1Z-8A284-AA ,2025-06-01,False,6.0,0.0,0.0
FDX2L2Z-3078-AA ,2024-06-01,False,4.0,0.0,
FDX2L2Z-3078-AA ,2024-07-01,False,4.0,0.0,
FDX2L2Z-3078-AA ,2024-08-01,False,3.0,1.0,
FDX2L2Z-3078-AA ,2024-09-01,False,3.0,0.0,
FDX2L2Z-3078-AA ,2024-10-01,False,2.0,1.0,
FDX2L2Z-3078-AA ,2024-11-01,False,2.0,0.0,
FDX2L2Z-3078-AA ,2024-12-01,False,2.0,0.0,
FDX2L2Z-3078-AA ,2025-01-01,False,1.0,1.0,
FDX2L2Z-3078-AA ,2025-02-01,False,0.0,1.0,
FDX2L2Z-3078-AA ,2025-03-01,True,0.0,0.0,
FDX2L2Z-3078-AA ,2025-04-01,True,0.0,0.0,
FDX2L2Z-3078-AA ,2025-05-01,True,0.0,0.0,0.0
FDX2L2Z-3078-AA ,2025-06-01,True,0.0,0.0,0.0
FDX2L2Z-3079-AA ,2024-06-01,False,2.0,0.0,
FDX2L2Z-3079-AA ,2024-07-01,False,2.0,0.0,
FDX2L2Z-3079-AA ,2024-08-01,False,1.0,1.0,
FDX2L2Z-3079-AA ,2024-09-01,False,1.0,0.0,
FDX2L2Z-3079-AA ,2024-10-01,False,2.0,1.0,
FDX2L2Z-3079-AA ,2024-11-01,False,2.0,0.0,
FDX2L2Z-3079-AA ,2024-12-01,False,2.0,0.0,
FDX2L2Z-3079-AA ,2025-01-01,False,1.0,1.0,
FDX2L2Z-3079-AA ,2025-02-01,False,1.0,0.0,
FDX2L2Z-3079-AA ,2025-03-01,False,1.0,0.0,
FDX2L2Z-3079-AA ,2025-04-01,False,1.0,0.0,
FDX2L2Z-3079-AA ,2025-05-01,False,1.0,0.0,0.0
FDX2L2Z-3079-AA ,2025-06-01,False,0.0,1.0,0.0
FDX2W7Z-8A080-AA ,2024-06-01,True,1.0,1.0,
FDX2W7Z-8A080-AA ,2024-07-01,True,24.0,5.0,
FDX2W7Z-8A080-AA ,2024-08-01,False,27.0,5.0,
FDX2W7Z-8A080-AA ,2024-09-01,False,20.0,7.0,
FDX2W7Z-8A080-AA ,2024-10-01,False,73.0,7.0,
FDX2W7Z-8A080-AA ,2024-11-01,False,65.0,8.0,
FDX2W7Z-8A080-AA ,2024-12-01,False,59.0,6.0,
FDX2W7Z-8A080-AA ,2025-01-01,False,59.0,0.0,
FDX2W7Z-8A080-AA ,2025-02-01,False,45.0,14.0,
FDX2W7Z-8A080-AA ,2025-03-01,False,36.0,9.0,
FDX2W7Z-8A080-AA ,2025-04-01,False,32.0,4.0,
FDX2W7Z-8A080-AA ,2025-05-01,False,51.0,5.0,3.0
FDX2W7Z-8A080-AA ,2025-06-01,False,46.0,5.0,3.0
FDX3L2Z-17618-BA ,2024-06-01,True,10.0,0.0,
FDX3L2Z-17618-BA ,2024-07-01,False,10.0,0.0,
FDX3L2Z-17618-BA ,2024-08-01,False,10.0,0.0,
FDX3L2Z-17618-BA ,2024-09-01,False,10.0,0.0,
FDX3L2Z-17618-BA ,2024-10-01,False,9.0,1.0,
FDX3L2Z-17618-BA ,2024-11-01,False,9.0,0.0,
FDX3L2Z-17618-BA ,2024-12-01,False,9.0,0.0,
FDX3L2Z-17618-BA ,2025-01-01,False,9.0,0.0,
FDX3L2Z-17618-BA ,2025-02-01,False,9.0,0.0,
FDX3L2Z-17618-BA ,2025-03-01,False,9.0,0.0,
FDX3L2Z-17618-BA ,2025-04-01,False,9.0,0.0,
FDX3L2Z-17618-BA ,2025-05-01,False,9.0,0.0,0.0
FDX3L2Z-17618-BA ,2025-06-01,False,9.0,0.0,0.0
FDX3L2Z-8A080-AA ,2024-06-01,False,5.0,2.0,
FDX3L2Z-8A080-AA ,2024-07-01,False,4.0,1.0,
FDX3L2Z-8A080-AA ,2024-08-01,False,4.0,0.0,
FDX3L2Z-8A080-AA ,2024-09-01,False,2.0,2.0,
FDX3L2Z-8A080-AA ,2024-10-01,False,1.0,1.0,
FDX3L2Z-8A080-AA ,2024-11-01,False,13.0,0.0,
FDX3L2Z-8A080-AA ,2024-12-01,False,13.0,0.0,
FDX3L2Z-8A080-AA ,2025-01-01,False,13.0,0.0,
FDX3L2Z-8A080-AA ,2025-02-01,False,13.0,0.0,
FDX3L2Z-8A080-AA ,2025-03-01,False,12.0,1.0,
FDX3L2Z-8A080-AA ,2025-04-01,False,12.0,0.0,
FDX3L2Z-8A080-AA ,2025-05-01,False,11.0,1.0,1.0
FDX3L2Z-8A080-AA ,2025-06-01,False,10.0,1.0,1.0
FDX3L3Z-8A080-AB ,2024-06-01,False,7.0,0.0,
FDX3L3Z-8A080-AB ,2024-07-01,False,7.0,0.0,
FDX3L3Z-8A080-AB ,2024-08-01,False,7.0,0.0,
FDX3L3Z-8A080-AB ,2024-09-01,False,7.0,0.0,
FDX3L3Z-8A080-AB ,2024-10-01,False,7.0,0.0,
FDX3L3Z-8A080-AB ,2024-11-01,False,7.0,0.0,
FDX3L3Z-8A080-AB ,2024-12-01,False,7.0,0.0,
FDX3L3Z-8A080-AB ,2025-01-01,False,7.0,0.0,
FDX3L3Z-8A080-AB ,2025-02-01,False,7.0,0.0,
FDX3L3Z-8A080-AB ,2025-03-01,False,7.0,0.0,
FDX3L3Z-8A080-AB ,2025-04-01,False,7.0,0.0,
FDX3L3Z-8A080-AB ,2025-05-01,False,5.0,2.0,1.0
FDX3L3Z-8A080-AB ,2025-06-01,False,5.0,0.0,0.0
FDX3W1Z-17752-AB ,2024-06-01,False,1.0,0.0,
FDX3W1Z-17752-AB ,2024-07-01,False,1.0,0.0,
FDX3W1Z-17752-AB ,2024-08-01,False,1.0,0.0,
FDX3W1Z-17752-AB ,2024-09-01,False,1.0,0.0,
FDX3W1Z-17752-AB ,2024-10-01,False,1.0,0.0,
FDX3W1Z-17752-AB ,2024-11-01,False,1.0,0.0,
FDX3W1Z-17752-AB ,2024-12-01,False,1.0,0.0,
FDX3W1Z-17752-AB ,2025-01-01,False,1.0,0.0,
FDX3W1Z-17752-AB ,2025-02-01,False,0.0,1.0,
FDX3W1Z-17752-AB ,2025-03-01,True,0.0,0.0,
FDX3W1Z-17752-AB ,2025-04-01,True,0.0,0.0,
FDX3W1Z-17752-AB ,2025-05-01,True,0.0,0.0,0.0
FDX3W1Z-17752-AB ,2025-06-01,True,0.0,0.0,0.0
FDX3W1Z-2N712-AA ,2024-06-01,False,155.0,17.0,
FDX3W1Z-2N712-AA ,2024-07-01,False,143.0,12.0,
FDX3W1Z-2N712-AA ,2024-08-01,False,121.0,22.0,
FDX3W1Z-2N712-AA ,2024-09-01,False,108.0,13.0,
FDX3W1Z-2N712-AA ,2024-10-01,False,102.0,6.0,
FDX3W1Z-2N712-AA ,2024-11-01,False,144.0,18.0,
FDX3W1Z-2N712-AA ,2024-12-01,False,126.0,18.0,
FDX3W1Z-2N712-AA ,2025-01-01,False,113.0,13.0,
FDX3W1Z-2N712-AA ,2025-02-01,False,100.0,13.0,
FDX3W1Z-2N712-AA ,2025-03-01,False,84.0,16.0,
FDX3W1Z-2N712-AA ,2025-04-01,False,60.0,24.0,
FDX3W1Z-2N712-AA ,2025-05-01,False,111.0,9.0,17.0
FDX3W1Z-2N712-AA ,2025-06-01,False,85.0,26.0,14.0
FDX3W1Z-3084-AA ,2024-06-01,False,15.0,2.0,
FDX3W1Z-3084-AA ,2024-07-01,False,10.0,5.0,
FDX3W1Z-3084-AA ,2024-08-01,False,4.0,6.0,
FDX3W1Z-3084-AA ,2024-09-01,False,4.0,0.0,
FDX3W1Z-3084-AA ,2024-10-01,False,27.0,1.0,
FDX3W1Z-3084-AA ,2024-11-01,False,26.0,1.0,
FDX3W1Z-3084-AA ,2024-12-01,False,27.0,0.0,
FDX3W1Z-3084-AA ,2025-01-01,False,27.0,0.0,
FDX3W1Z-3084-AA ,2025-02-01,False,26.0,1.0,
FDX3W1Z-3084-AA ,2025-03-01,False,23.0,3.0,
FDX3W1Z-3084-AA ,2025-04-01,False,28.0,2.0,
FDX3W1Z-3084-AA ,2025-05-01,False,25.0,3.0,5.0
FDX3W1Z-3084-AA ,2025-06-01,False,24.0,1.0,2.0
FDX3W1Z-3085-AA ,2024-06-01,False,10.0,2.0,
FDX3W1Z-3085-AA ,2024-07-01,False,6.0,4.0,
FDX3W1Z-3085-AA ,2024-08-01,False,2.0,4.0,
FDX3W1Z-3085-AA ,2024-09-01,False,2.0,0.0,
FDX3W1Z-3085-AA ,2024-10-01,False,25.0,1.0,
FDX3W1Z-3085-AA ,2024-11-01,False,24.0,1.0,
FDX3W1Z-3085-AA ,2024-12-01,False,25.0,0.0,
FDX3W1Z-3085-AA ,2025-01-01,False,25.0,0.0,
FDX3W1Z-3085-AA ,2025-02-01,False,24.0,1.0,
FDX3W1Z-3085-AA ,2025-03-01,False,21.0,3.0,
FDX3W1Z-3085-AA ,2025-04-01,False,26.0,2.0,
FDX3W1Z-3085-AA ,2025-05-01,False,23.0,3.0,3.0
FDX3W1Z-3085-AA ,2025-06-01,False,23.0,0.0,2.0
FDX3W1Z-5K484-AA ,2024-06-01,False,162.0,0.0,
FDX3W1Z-5K484-AA ,2024-07-01,False,150.0,12.0,
FDX3W1Z-5K484-AA ,2024-08-01,False,146.0,4.0,
FDX3W1Z-5K484-AA ,2024-09-01,False,142.0,4.0,
FDX3W1Z-5K484-AA ,2024-10-01,False,132.0,10.0,
FDX3W1Z-5K484-AA ,2024-11-01,False,132.0,0.0,
FDX3W1Z-5K484-AA ,2024-12-01,False,132.0,0.0,
FDX3W1Z-5K484-AA ,2025-01-01,False,130.0,2.0,
FDX3W1Z-5K484-AA ,2025-02-01,False,126.0,4.0,
FDX3W1Z-5K484-AA ,2025-03-01,False,124.0,2.0,
FDX3W1Z-5K484-AA ,2025-04-01,False,122.0,2.0,
FDX3W1Z-5K484-AA ,2025-05-01,False,120.0,2.0,2.0
FDX3W1Z-5K484-AA ,2025-06-01,False,119.0,1.0,4.0
FDX3W1Z-8125-BA ,2024-06-01,True,0.0,0.0,
FDX3W1Z-8125-BA ,2024-07-01,True,0.0,0.0,
FDX3W1Z-8125-BA ,2024-08-01,True,0.0,0.0,
FDX3W1Z-8125-BA ,2024-09-01,True,0.0,1.0,
FDX3W1Z-8125-BA ,2024-10-01,True,0.0,1.0,
FDX3W1Z-8125-BA ,2024-11-01,True,0.0,3.0,
FDX3W1Z-8125-BA ,2024-12-01,True,0.0,0.0,
FDX3W1Z-8125-BA ,2025-01-01,True,0.0,0.0,
FDX3W1Z-8125-BA ,2025-02-01,True,0.0,0.0,
FDX3W1Z-8125-BA ,2025-03-01,True,0.0,0.0,
FDX3W1Z-8125-BA ,2025-04-01,True,0.0,0.0,
FDX3W1Z-8125-BA ,2025-05-01,True,0.0,1.0,1.0
FDX3W1Z-8125-BA ,2025-06-01,True,0.0,0.0,0.0
FDX3W3Z-13008-AA ,2024-06-01,False,57.0,3.0,
FDX3W3Z-13008-AA ,2024-07-01,False,67.0,2.0,
FDX3W3Z-13008-AA ,2024-08-01,False,66.0,1.0,
FDX3W3Z-13008-AA ,2024-09-01,False,63.0,3.0,
FDX3W3Z-13008-AA ,2024-10-01,False,63.0,0.0,
FDX3W3Z-13008-AA ,2024-11-01,False,62.0,1.0,
FDX3W3Z-13008-AA ,2024-12-01,False,59.0,3.0,
FDX3W3Z-13008-AA ,2025-01-01,False,57.0,2.0,
FDX3W3Z-13008-AA ,2025-02-01,False,57.0,0.0,
FDX3W3Z-13008-AA ,2025-03-01,False,55.0,2.0,
FDX3W3Z-13008-AA ,2025-04-01,False,51.0,4.0,
FDX3W3Z-13008-AA ,2025-05-01,False,50.0,1.0,4.0
FDX3W3Z-13008-AA ,2025-06-01,False,50.0,0.0,2.0
FDX3W3Z-13008-AB ,2024-06-01,False,12.0,2.0,
FDX3W3Z-13008-AB ,2024-07-01,False,12.0,0.0,
FDX3W3Z-13008-AB ,2024-08-01,False,12.0,0.0,
FDX3W3Z-13008-AB ,2024-09-01,False,12.0,0.0,
FDX3W3Z-13008-AB ,2024-10-01,False,12.0,0.0,
FDX3W3Z-13008-AB ,2024-11-01,False,12.0,0.0,
FDX3W3Z-13008-AB ,2024-12-01,False,12.0,0.0,
FDX3W3Z-13008-AB ,2025-01-01,False,12.0,0.0,
FDX3W3Z-13008-AB ,2025-02-01,False,12.0,0.0,
FDX3W3Z-13008-AB ,2025-03-01,False,12.0,0.0,
FDX3W3Z-13008-AB ,2025-04-01,False,12.0,0.0,
FDX3W3Z-13008-AB ,2025-05-01,False,12.0,0.0,0.0
FDX3W3Z-13008-AB ,2025-06-01,False,12.0,0.0,0.0
FDX3W3Z-13008-BA ,2024-06-01,True,37.0,0.0,
FDX3W3Z-13008-BA ,2024-07-01,False,47.0,2.0,
FDX3W3Z-13008-BA ,2024-08-01,False,46.0,1.0,
FDX3W3Z-13008-BA ,2024-09-01,False,44.0,2.0,
FDX3W3Z-13008-BA ,2024-10-01,False,44.0,0.0,
FDX3W3Z-13008-BA ,2024-11-01,False,43.0,1.0,
FDX3W3Z-13008-BA ,2024-12-01,False,41.0,2.0,
FDX3W3Z-13008-BA ,2025-01-01,False,36.0,5.0,
FDX3W3Z-13008-BA ,2025-02-01,False,36.0,0.0,
FDX3W3Z-13008-BA ,2025-03-01,False,34.0,2.0,
FDX3W3Z-13008-BA ,2025-04-01,False,33.0,1.0,
FDX3W3Z-13008-BA ,2025-05-01,False,32.0,1.0,2.0
FDX3W3Z-13008-BA ,2025-06-01,False,32.0,0.0,1.0
FDX3W3Z-13200-AA ,2024-06-01,False,39.0,3.0,
FDX3W3Z-13200-AA ,2024-07-01,False,45.0,2.0,
FDX3W3Z-13200-AA ,2024-08-01,False,72.0,3.0,
FDX3W3Z-13200-AA ,2024-09-01,False,66.0,6.0,
FDX3W3Z-13200-AA ,2024-10-01,False,93.0,3.0,
FDX3W3Z-13200-AA ,2024-11-01,False,84.0,9.0,
FDX3W3Z-13200-AA ,2024-12-01,False,75.0,9.0,
FDX3W3Z-13200-AA ,2025-01-01,False,70.0,5.0,
FDX3W3Z-13200-AA ,2025-02-01,False,66.0,4.0,
FDX3W3Z-13200-AA ,2025-03-01,False,64.0,2.0,
FDX3W3Z-13200-AA ,2025-04-01,False,56.0,8.0,
FDX3W3Z-13200-AA ,2025-05-01,False,53.0,3.0,3.0
FDX3W3Z-13200-AA ,2025-06-01,False,50.0,3.0,2.0
FDX3W3Z-13201-AA ,2024-06-01,False,36.0,1.0,
FDX3W3Z-13201-AA ,2024-07-01,False,43.0,5.0,
FDX3W3Z-13201-AA ,2024-08-01,False,68.0,5.0,
FDX3W3Z-13201-AA ,2024-09-01,False,63.0,5.0,
FDX3W3Z-13201-AA ,2024-10-01,False,90.0,3.0,
FDX3W3Z-13201-AA ,2024-11-01,False,84.0,6.0,
FDX3W3Z-13201-AA ,2024-12-01,False,78.0,6.0,
FDX3W3Z-13201-AA ,2025-01-01,False,73.0,5.0,
FDX3W3Z-13201-AA ,2025-02-01,False,72.0,1.0,
FDX3W3Z-13201-AA ,2025-03-01,False,68.0,4.0,
FDX3W3Z-13201-AA ,2025-04-01,False,64.0,4.0,
FDX3W3Z-13201-AA ,2025-05-01,False,57.0,7.0,3.0
FDX3W3Z-13201-AA ,2025-06-01,False,56.0,1.0,3.0
FDX3W3Z-17D957-BA ,2024-06-01,False,7.0,7.0,
FDX3W3Z-17D957-BA ,2024-07-01,False,42.0,5.0,
FDX3W3Z-17D957-BA ,2024-08-01,False,32.0,10.0,
FDX3W3Z-17D957-BA ,2024-09-01,False,26.0,6.0,
FDX3W3Z-17D957-BA ,2024-10-01,False,24.0,2.0,
FDX3W3Z-17D957-BA ,2024-11-01,False,23.0,1.0,
FDX3W3Z-17D957-BA ,2024-12-01,False,43.0,5.0,
FDX3W3Z-17D957-BA ,2025-01-01,False,81.0,3.0,
FDX3W3Z-17D957-BA ,2025-02-01,False,78.0,3.0,
FDX3W3Z-17D957-BA ,2025-03-01,False,86.0,6.0,
FDX3W3Z-17D957-BA ,2025-04-01,False,79.0,7.0,
FDX3W3Z-17D957-BA ,2025-05-01,False,76.0,3.0,5.0
FDX3W3Z-17D957-BA ,2025-06-01,False,72.0,3.0,5.0
FDX3W3Z-8190-AA ,2024-06-01,False,7.0,1.0,
FDX3W3Z-8190-AA ,2024-07-01,False,16.0,1.0,
FDX3W3Z-8190-AA ,2024-08-01,False,16.0,0.0,
FDX3W3Z-8190-AA ,2024-09-01,False,15.0,1.0,
FDX3W3Z-8190-AA ,2024-10-01,False,13.0,2.0,
FDX3W3Z-8190-AA ,2024-11-01,False,32.0,0.0,
FDX3W3Z-8190-AA ,2024-12-01,False,31.0,1.0,
FDX3W3Z-8190-AA ,2025-01-01,False,31.0,0.0,
FDX3W3Z-8190-AA ,2025-02-01,False,31.0,0.0,
FDX3W3Z-8190-AA ,2025-03-01,False,31.0,0.0,
FDX3W3Z-8190-AA ,2025-04-01,False,29.0,2.0,
FDX3W3Z-8190-AA ,2025-05-01,False,29.0,0.0,0.0
FDX3W3Z-8190-AA ,2025-06-01,False,29.0,0.0,1.0
FDX3W3Z-8200-AA ,2024-06-01,False,3.0,0.0,
FDX3W3Z-8200-AA ,2024-07-01,False,3.0,0.0,
FDX3W3Z-8200-AA ,2024-08-01,False,3.0,0.0,
FDX3W3Z-8200-AA ,2024-09-01,False,3.0,0.0,
FDX3W3Z-8200-AA ,2024-10-01,False,3.0,0.0,
FDX3W3Z-8200-AA ,2024-11-01,False,3.0,0.0,
FDX3W3Z-8200-AA ,2024-12-01,False,23.0,0.0,
FDX3W3Z-8200-AA ,2025-01-01,False,23.0,0.0,
FDX3W3Z-8200-AA ,2025-02-01,False,21.0,2.0,
FDX3W3Z-8200-AA ,2025-03-01,False,21.0,0.0,
FDX3W3Z-8200-AA ,2025-04-01,False,21.0,0.0,
FDX3W3Z-8200-AA ,2025-05-01,False,19.0,0.0,0.0
FDX3W3Z-8200-AA ,2025-06-01,False,19.0,0.0,1.0
FDX3W3Z-8200-AA-YCC ,2024-06-01,False,5.0,5.0,
FDX3W3Z-8200-AA-YCC ,2024-07-01,False,24.0,1.0,
FDX3W3Z-8200-AA-YCC ,2024-08-01,False,21.0,3.0,
FDX3W3Z-8200-AA-YCC ,2024-09-01,False,18.0,3.0,
FDX3W3Z-8200-AA-YCC ,2024-10-01,False,15.0,3.0,
FDX3W3Z-8200-AA-YCC ,2024-11-01,False,12.0,3.0,
FDX3W3Z-8200-AA-YCC ,2024-12-01,False,10.0,2.0,
FDX3W3Z-8200-AA-YCC ,2025-01-01,False,10.0,0.0,
FDX3W3Z-8200-AA-YCC ,2025-02-01,False,9.0,1.0,
FDX3W3Z-8200-AA-YCC ,2025-03-01,False,9.0,0.0,
FDX3W3Z-8200-AA-YCC ,2025-04-01,False,34.0,5.0,
FDX3W3Z-8200-AA-YCC ,2025-05-01,False,33.0,1.0,2.0
FDX3W3Z-8200-AA-YCC ,2025-06-01,False,32.0,1.0,3.0
FDX3W3Z-8A223-AA ,2024-06-01,False,6.0,2.0,
FDX3W3Z-8A223-AA ,2024-07-01,False,4.0,4.0,
FDX3W3Z-8A223-AA ,2024-08-01,False,2.0,2.0,
FDX3W3Z-8A223-AA ,2024-09-01,False,1.0,1.0,
FDX3W3Z-8A223-AA ,2024-10-01,False,1.0,0.0,
FDX3W3Z-8A223-AA ,2024-11-01,False,1.0,0.0,
FDX3W3Z-8A223-AA ,2024-12-01,False,1.0,0.0,
FDX3W3Z-8A223-AA ,2025-01-01,False,1.0,0.0,
FDX3W3Z-8A223-AA ,2025-02-01,False,1.0,0.0,
FDX3W3Z-8A223-AA ,2025-03-01,False,1.0,0.0,
FDX3W3Z-8A223-AA ,2025-04-01,False,1.0,0.0,
FDX3W3Z-8A223-AA ,2025-05-01,False,1.0,0.0,0.0
FDX3W3Z-8A223-AA ,2025-06-01,False,1.0,0.0,0.0
FDX3W7Z-17757-AA ,2024-06-01,False,2.0,1.0,
FDX3W7Z-17757-AA ,2024-07-01,False,2.0,0.0,
FDX3W7Z-17757-AA ,2024-08-01,False,2.0,0.0,
FDX3W7Z-17757-AA ,2024-09-01,False,2.0,0.0,
FDX3W7Z-17757-AA ,2024-10-01,False,2.0,0.0,
FDX3W7Z-17757-AA ,2024-11-01,False,2.0,0.0,
FDX3W7Z-17757-AA ,2024-12-01,False,2.0,0.0,
FDX3W7Z-17757-AA ,2025-01-01,False,2.0,0.0,
FDX3W7Z-17757-AA ,2025-02-01,False,1.0,1.0,
FDX3W7Z-17757-AA ,2025-03-01,False,1.0,0.0,
FDX3W7Z-17757-AA ,2025-04-01,False,1.0,0.0,
FDX3W7Z-17757-AA ,2025-05-01,False,1.0,0.0,0.0
FDX3W7Z-17757-AA ,2025-06-01,False,1.0,0.0,0.0
FDX3W7Z-17D957-CA ,2024-06-01,False,51.0,65.0,
FDX3W7Z-17D957-CA ,2024-07-01,False,2.0,49.0,
FDX3W7Z-17D957-CA ,2024-08-01,True,1.0,1.0,
FDX3W7Z-17D957-CA ,2024-09-01,True,1.0,0.0,
FDX3W7Z-17D957-CA ,2024-10-01,True,1.0,0.0,
FDX3W7Z-17D957-CA ,2024-11-01,True,1.0,19.0,
FDX3W7Z-17D957-CA ,2024-12-01,True,6.0,1.0,
FDX3W7Z-17D957-CA ,2025-01-01,True,92.0,33.0,
FDX3W7Z-17D957-CA ,2025-02-01,False,74.0,18.0,
FDX3W7Z-17D957-CA ,2025-03-01,False,117.0,23.0,
FDX3W7Z-17D957-CA ,2025-04-01,False,99.0,59.0,
FDX3W7Z-17D957-CA ,2025-05-01,False,148.0,23.0,40.0
FDX3W7Z-17D957-CA ,2025-06-01,False,136.0,12.0,45.0
FDX3W7Z-8C291-AA ,2024-06-01,False,8.0,2.0,
FDX3W7Z-8C291-AA ,2024-07-01,False,8.0,0.0,
FDX3W7Z-8C291-AA ,2024-08-01,False,7.0,1.0,
FDX3W7Z-8C291-AA ,2024-09-01,False,7.0,0.0,
FDX3W7Z-8C291-AA ,2024-10-01,False,7.0,0.0,
FDX3W7Z-8C291-AA ,2024-11-01,False,7.0,0.0,
FDX3W7Z-8C291-AA ,2024-12-01,False,5.0,2.0,
FDX3W7Z-8C291-AA ,2025-01-01,False,4.0,1.0,
FDX3W7Z-8C291-AA ,2025-02-01,False,3.0,1.0,
FDX3W7Z-8C291-AA ,2025-03-01,False,3.0,0.0,
FDX3W7Z-8C291-AA ,2025-04-01,False,2.0,1.0,
FDX3W7Z-8C291-AA ,2025-05-01,False,2.0,0.0,0.0
FDX3W7Z-8C291-AA ,2025-06-01,False,10.0,2.0,1.0
FDX4F9Z-15200-AA ,2024-06-01,False,12.0,2.0,
FDX4F9Z-15200-AA ,2024-07-01,False,12.0,0.0,
FDX4F9Z-15200-AA ,2024-08-01,False,12.0,0.0,
FDX4F9Z-15200-AA ,2024-09-01,False,12.0,0.0,
FDX4F9Z-15200-AA ,2024-10-01,False,12.0,0.0,
FDX4F9Z-15200-AA ,2024-11-01,False,12.0,0.0,
FDX4F9Z-15200-AA ,2024-12-01,False,12.0,0.0,
FDX4F9Z-15200-AA ,2025-01-01,False,12.0,0.0,
FDX4F9Z-15200-AA ,2025-02-01,False,12.0,0.0,
FDX4F9Z-15200-AA ,2025-03-01,False,12.0,0.0,
FDX4F9Z-15200-AA ,2025-04-01,False,12.0,0.0,
FDX4F9Z-15200-AA ,2025-05-01,False,12.0,0.0,0.0
FDX4F9Z-15200-AA ,2025-06-01,False,12.0,0.0,0.0
FDX4L1Z-13008-AC ,2024-06-01,False,3.0,0.0,
FDX4L1Z-13008-AC ,2024-07-01,False,3.0,0.0,
FDX4L1Z-13008-AC ,2024-08-01,False,3.0,0.0,
FDX4L1Z-13008-AC ,2024-09-01,False,3.0,0.0,
FDX4L1Z-13008-AC ,2024-10-01,False,3.0,0.0,
FDX4L1Z-13008-AC ,2024-11-01,False,2.0,1.0,
FDX4L1Z-13008-AC ,2024-12-01,False,2.0,0.0,
FDX4L1Z-13008-AC ,2025-01-01,False,2.0,0.0,
FDX4L1Z-13008-AC ,2025-02-01,False,2.0,0.0,
FDX4L1Z-13008-AC ,2025-03-01,False,2.0,0.0,
FDX4L1Z-13008-AC ,2025-04-01,False,2.0,0.0,
FDX4L1Z-13008-AC ,2025-05-01,False,2.0,0.0,0.0
FDX4L1Z-13008-AC ,2025-06-01,False,2.0,0.0,0.0
FDX4L1Z-13008-AD ,2024-06-01,False,3.0,0.0,
FDX4L1Z-13008-AD ,2024-07-01,False,3.0,0.0,
FDX4L1Z-13008-AD ,2024-08-01,False,3.0,0.0,
FDX4L1Z-13008-AD ,2024-09-01,False,3.0,0.0,
FDX4L1Z-13008-AD ,2024-10-01,False,3.0,0.0,
FDX4L1Z-13008-AD ,2024-11-01,False,2.0,1.0,
FDX4L1Z-13008-AD ,2024-12-01,False,2.0,0.0,
FDX4L1Z-13008-AD ,2025-01-01,False,2.0,0.0,
FDX4L1Z-13008-AD ,2025-02-01,False,2.0,0.0,
FDX4L1Z-13008-AD ,2025-03-01,False,2.0,0.0,
FDX4L1Z-13008-AD ,2025-04-01,False,2.0,0.0,
FDX4L1Z-13008-AD ,2025-05-01,False,2.0,0.0,0.0
FDX4L1Z-13008-AD ,2025-06-01,False,2.0,0.0,0.0
FDX4L8Z-3078-R ,2024-06-01,False,3.0,0.0,
FDX4L8Z-3078-R ,2024-07-01,False,3.0,0.0,
FDX4L8Z-3078-R ,2024-08-01,False,3.0,0.0,
FDX4L8Z-3078-R ,2024-09-01,False,3.0,0.0,
FDX4L8Z-3078-R ,2024-10-01,False,3.0,0.0,
FDX4L8Z-3078-R ,2024-11-01,False,3.0,0.0,
FDX4L8Z-3078-R ,2024-12-01,False,3.0,0.0,
FDX4L8Z-3078-R ,2025-01-01,False,3.0,0.0,
FDX4L8Z-3078-R ,2025-02-01,False,3.0,0.0,
FDX4L8Z-3078-R ,2025-03-01,False,3.0,0.0,
FDX4L8Z-3078-R ,2025-04-01,False,2.0,1.0,
FDX4L8Z-3078-R ,2025-05-01,False,2.0,0.0,0.0
FDX4L8Z-3078-R ,2025-06-01,False,2.0,0.0,0.0
FDX4L8Z-3079-L ,2024-06-01,False,3.0,0.0,
FDX4L8Z-3079-L ,2024-07-01,False,3.0,0.0,
FDX4L8Z-3079-L ,2024-08-01,False,3.0,0.0,
FDX4L8Z-3079-L ,2024-09-01,False,3.0,0.0,
FDX4L8Z-3079-L ,2024-10-01,False,3.0,0.0,
FDX4L8Z-3079-L ,2024-11-01,False,3.0,0.0,
FDX4L8Z-3079-L ,2024-12-01,False,3.0,0.0,
FDX4L8Z-3079-L ,2025-01-01,False,3.0,0.0,
FDX4L8Z-3079-L ,2025-02-01,False,3.0,0.0,
FDX4L8Z-3079-L ,2025-03-01,False,3.0,0.0,
FDX4L8Z-3079-L ,2025-04-01,False,2.0,1.0,
FDX4L8Z-3079-L ,2025-05-01,False,2.0,0.0,0.0
FDX4L8Z-3079-L ,2025-06-01,False,2.0,0.0,0.0
FDX4R3Z-13008-AA ,2024-06-01,False,7.0,0.0,
FDX4R3Z-13008-AA ,2024-07-01,False,5.0,2.0,
FDX4R3Z-13008-AA ,2024-08-01,False,5.0,0.0,
FDX4R3Z-13008-AA ,2024-09-01,False,5.0,0.0,
FDX4R3Z-13008-AA ,2024-10-01,False,5.0,0.0,
FDX4R3Z-13008-AA ,2024-11-01,False,5.0,0.0,
FDX4R3Z-13008-AA ,2024-12-01,False,5.0,0.0,
FDX4R3Z-13008-AA ,2025-01-01,False,5.0,0.0,
FDX4R3Z-13008-AA ,2025-02-01,False,5.0,0.0,
FDX4R3Z-13008-AA ,2025-03-01,False,5.0,0.0,
FDX4R3Z-13008-AA ,2025-04-01,False,5.0,0.0,
FDX4R3Z-13008-AA ,2025-05-01,False,5.0,0.0,0.0
FDX4R3Z-13008-AA ,2025-06-01,False,5.0,0.0,0.0
FDX4R3Z-13008-AB ,2024-06-01,False,5.0,0.0,
FDX4R3Z-13008-AB ,2024-07-01,False,4.0,1.0,
FDX4R3Z-13008-AB ,2024-08-01,False,4.0,0.0,
FDX4R3Z-13008-AB ,2024-09-01,False,4.0,0.0,
FDX4R3Z-13008-AB ,2024-10-01,False,3.0,1.0,
FDX4R3Z-13008-AB ,2024-11-01,False,3.0,0.0,
FDX4R3Z-13008-AB ,2024-12-01,False,3.0,0.0,
FDX4R3Z-13008-AB ,2025-01-01,False,3.0,0.0,
FDX4R3Z-13008-AB ,2025-02-01,False,3.0,0.0,
FDX4R3Z-13008-AB ,2025-03-01,False,3.0,0.0,
FDX4R3Z-13008-AB ,2025-04-01,False,3.0,0.0,
FDX4R3Z-13008-AB ,2025-05-01,False,3.0,0.0,0.0
FDX4R3Z-13008-AB ,2025-06-01,False,3.0,0.0,0.0
FDX4R3Z-13200-AA ,2024-06-01,False,6.0,0.0,
FDX4R3Z-13200-AA ,2024-07-01,False,3.0,3.0,
FDX4R3Z-13200-AA ,2024-08-01,False,1.0,2.0,
FDX4R3Z-13200-AA ,2024-09-01,False,1.0,0.0,
FDX4R3Z-13200-AA ,2024-10-01,False,0.0,1.0,
FDX4R3Z-13200-AA ,2024-11-01,True,5.0,0.0,
FDX4R3Z-13200-AA ,2024-12-01,False,5.0,0.0,
FDX4R3Z-13200-AA ,2025-01-01,False,1.0,4.0,
FDX4R3Z-13200-AA ,2025-02-01,False,1.0,0.0,
FDX4R3Z-13200-AA ,2025-03-01,False,1.0,0.0,
FDX4R3Z-13200-AA ,2025-04-01,False,1.0,0.0,
FDX4R3Z-13200-AA ,2025-05-01,False,13.0,0.0,2.0
FDX4R3Z-13200-AA ,2025-06-01,False,13.0,0.0,0.0
FDX4R3Z-13201-AA ,2024-06-01,False,5.0,2.0,
FDX4R3Z-13201-AA ,2024-07-01,False,3.0,2.0,
FDX4R3Z-13201-AA ,2024-08-01,False,1.0,2.0,
FDX4R3Z-13201-AA ,2024-09-01,False,1.0,0.0,
FDX4R3Z-13201-AA ,2024-10-01,False,1.0,0.0,
FDX4R3Z-13201-AA ,2024-11-01,False,6.0,0.0,
FDX4R3Z-13201-AA ,2024-12-01,False,5.0,1.0,
FDX4R3Z-13201-AA ,2025-01-01,False,1.0,4.0,
FDX4R3Z-13201-AA ,2025-02-01,False,1.0,0.0,
FDX4R3Z-13201-AA ,2025-03-01,False,1.0,0.0,
FDX4R3Z-13201-AA ,2025-04-01,False,1.0,0.0,
FDX4R3Z-13201-AA ,2025-05-01,False,13.0,0.0,1.0
FDX4R3Z-13201-AA ,2025-06-01,False,13.0,0.0,0.0
FDX4R3Z-15200-AA ,2024-06-01,False,3.0,0.0,
FDX4R3Z-15200-AA ,2024-07-01,False,2.0,1.0,
FDX4R3Z-15200-AA ,2024-08-01,False,2.0,0.0,
FDX4R3Z-15200-AA ,2024-09-01,False,2.0,0.0,
FDX4R3Z-15200-AA ,2024-10-01,False,2.0,0.0,
FDX4R3Z-15200-AA ,2024-11-01,False,10.0,0.0,
FDX4R3Z-15200-AA ,2024-12-01,False,7.0,3.0,
FDX4R3Z-15200-AA ,2025-01-01,False,6.0,1.0,
FDX4R3Z-15200-AA ,2025-02-01,False,6.0,0.0,
FDX4R3Z-15200-AA ,2025-03-01,False,6.0,0.0,
FDX4R3Z-15200-AA ,2025-04-01,False,5.0,1.0,
FDX4R3Z-15200-AA ,2025-05-01,False,10.0,0.0,1.0
FDX4R3Z-15200-AA ,2025-06-01,False,10.0,0.0,0.0
FDX4R3Z-15200-AB ,2024-06-01,False,2.0,0.0,
FDX4R3Z-15200-AB ,2024-07-01,False,1.0,1.0,
FDX4R3Z-15200-AB ,2024-08-01,False,1.0,0.0,
FDX4R3Z-15200-AB ,2024-09-01,False,0.0,1.0,
FDX4R3Z-15200-AB ,2024-10-01,True,0.0,0.0,
FDX4R3Z-15200-AB ,2024-11-01,True,8.0,0.0,
FDX4R3Z-15200-AB ,2024-12-01,False,5.0,3.0,
FDX4R3Z-15200-AB ,2025-01-01,False,3.0,2.0,
FDX4R3Z-15200-AB ,2025-02-01,False,3.0,0.0,
FDX4R3Z-15200-AB ,2025-03-01,False,3.0,0.0,
FDX4R3Z-15200-AB ,2025-04-01,False,2.0,1.0,
FDX4R3Z-15200-AB ,2025-05-01,False,12.0,0.0,0.0
FDX4R3Z-15200-AB ,2025-06-01,False,12.0,0.0,1.0
FDX4R3Z-8A080-AA ,2024-06-01,False,5.0,1.0,
FDX4R3Z-8A080-AA ,2024-07-01,False,3.0,2.0,
FDX4R3Z-8A080-AA ,2024-08-01,False,3.0,0.0,
FDX4R3Z-8A080-AA ,2024-09-01,False,2.0,1.0,
FDX4R3Z-8A080-AA ,2024-10-01,False,2.0,0.0,
FDX4R3Z-8A080-AA ,2024-11-01,False,10.0,0.0,
FDX4R3Z-8A080-AA ,2024-12-01,False,10.0,0.0,
FDX4R3Z-8A080-AA ,2025-01-01,False,10.0,0.0,
FDX4R3Z-8A080-AA ,2025-02-01,False,8.0,2.0,
FDX4R3Z-8A080-AA ,2025-03-01,False,8.0,0.0,
FDX4R3Z-8A080-AA ,2025-04-01,False,8.0,0.0,
FDX4R3Z-8A080-AA ,2025-05-01,False,8.0,0.0,1.0
FDX4R3Z-8A080-AA ,2025-06-01,False,8.0,0.0,0.0
FDX5L3Z-3084-B ,2024-06-01,False,18.0,0.0,
FDX5L3Z-3084-B ,2024-07-01,False,18.0,0.0,
FDX5L3Z-3084-B ,2024-08-01,False,18.0,0.0,
FDX5L3Z-3084-B ,2024-09-01,False,18.0,0.0,
FDX5L3Z-3084-B ,2024-10-01,False,18.0,0.0,
FDX5L3Z-3084-B ,2024-11-01,False,18.0,0.0,
FDX5L3Z-3084-B ,2024-12-01,False,17.0,1.0,
FDX5L3Z-3084-B ,2025-01-01,False,17.0,0.0,
FDX5L3Z-3084-B ,2025-02-01,False,17.0,0.0,
FDX5L3Z-3084-B ,2025-03-01,False,16.0,1.0,
FDX5L3Z-3084-B ,2025-04-01,False,15.0,1.0,
FDX5L3Z-3084-B ,2025-05-01,False,15.0,0.0,0.0
FDX5L3Z-3084-B ,2025-06-01,False,15.0,0.0,0.0
FDX5L3Z-3085-B ,2024-06-01,False,14.0,0.0,
FDX5L3Z-3085-B ,2024-07-01,False,14.0,0.0,
FDX5L3Z-3085-B ,2024-08-01,False,14.0,0.0,
FDX5L3Z-3085-B ,2024-09-01,False,14.0,0.0,
FDX5L3Z-3085-B ,2024-10-01,False,14.0,0.0,
FDX5L3Z-3085-B ,2024-11-01,False,14.0,0.0,
FDX5L3Z-3085-B ,2024-12-01,False,13.0,1.0,
FDX5L3Z-3085-B ,2025-01-01,False,13.0,0.0,
FDX5L3Z-3085-B ,2025-02-01,False,13.0,0.0,
FDX5L3Z-3085-B ,2025-03-01,False,12.0,1.0,
FDX5L3Z-3085-B ,2025-04-01,False,11.0,1.0,
FDX5L3Z-3085-B ,2025-05-01,False,11.0,0.0,0.0
FDX5L3Z-3085-B ,2025-06-01,False,11.0,0.0,0.0
FDX5L3Z-8A080-AA ,2024-06-01,False,3.0,0.0,
FDX5L3Z-8A080-AA ,2024-07-01,False,2.0,1.0,
FDX5L3Z-8A080-AA ,2024-08-01,False,1.0,1.0,
FDX5L3Z-8A080-AA ,2024-09-01,False,1.0,0.0,
FDX5L3Z-8A080-AA ,2024-10-01,False,0.0,1.0,
FDX5L3Z-8A080-AA ,2024-11-01,True,8.0,0.0,
FDX5L3Z-8A080-AA ,2024-12-01,False,8.0,0.0,
FDX5L3Z-8A080-AA ,2025-01-01,False,8.0,0.0,
FDX5L3Z-8A080-AA ,2025-02-01,False,8.0,0.0,
FDX5L3Z-8A080-AA ,2025-03-01,False,8.0,0.0,
FDX5L3Z-8A080-AA ,2025-04-01,False,8.0,0.0,
FDX5L3Z-8A080-AA ,2025-05-01,False,8.0,0.0,0.0
FDX5L3Z-8A080-AA ,2025-06-01,False,8.0,0.0,0.0
FDX5R3Z-16005-AA ,2024-06-01,False,6.0,0.0,
FDX5R3Z-16005-AA ,2024-07-01,False,3.0,3.0,
FDX5R3Z-16005-AA ,2024-08-01,False,2.0,1.0,
FDX5R3Z-16005-AA ,2024-09-01,False,2.0,0.0,
FDX5R3Z-16005-AA ,2024-10-01,False,2.0,0.0,
FDX5R3Z-16005-AA ,2024-11-01,False,1.0,1.0,
FDX5R3Z-16005-AA ,2024-12-01,False,1.0,0.0,
FDX5R3Z-16005-AA ,2025-01-01,False,1.0,0.0,
FDX5R3Z-16005-AA ,2025-02-01,False,1.0,0.0,
FDX5R3Z-16005-AA ,2025-03-01,False,0.0,1.0,
FDX5R3Z-16005-AA ,2025-04-01,True,0.0,0.0,
FDX5R3Z-16005-AA ,2025-05-01,True,0.0,0.0,0.0
FDX5R3Z-16005-AA ,2025-06-01,True,0.0,0.0,0.0
FDX5R3Z-17D957-BAA ,2024-06-01,False,2.0,4.0,
FDX5R3Z-17D957-BAA ,2024-07-01,False,0.0,2.0,
FDX5R3Z-17D957-BAA ,2024-08-01,True,0.0,0.0,
FDX5R3Z-17D957-BAA ,2024-09-01,True,0.0,0.0,
FDX5R3Z-17D957-BAA ,2024-10-01,True,0.0,0.0,
FDX5R3Z-17D957-BAA ,2024-11-01,True,11.0,1.0,
FDX5R3Z-17D957-BAA ,2024-12-01,False,8.0,3.0,
FDX5R3Z-17D957-BAA ,2025-01-01,False,1.0,7.0,
FDX5R3Z-17D957-BAA ,2025-02-01,True,1.0,0.0,
FDX5R3Z-17D957-BAA ,2025-03-01,True,1.0,0.0,
FDX5R3Z-17D957-BAA ,2025-04-01,True,1.0,0.0,
FDX5R3Z-17D957-BAA ,2025-05-01,True,13.0,0.0,2.0
FDX5R3Z-17D957-BAA ,2025-06-01,False,13.0,0.0,3.0
FDX5R3Z-17K835-BAA ,2024-06-01,True,0.0,0.0,
FDX5R3Z-17K835-BAA ,2024-07-01,True,0.0,2.0,
FDX5R3Z-17K835-BAA ,2024-08-01,True,0.0,0.0,
FDX5R3Z-17K835-BAA ,2024-09-01,True,0.0,0.0,
FDX5R3Z-17K835-BAA ,2024-10-01,True,0.0,0.0,
FDX5R3Z-17K835-BAA ,2024-11-01,True,3.0,0.0,
FDX5R3Z-17K835-BAA ,2024-12-01,False,3.0,0.0,
FDX5R3Z-17K835-BAA ,2025-01-01,False,3.0,0.0,
FDX5R3Z-17K835-BAA ,2025-02-01,False,3.0,0.0,
FDX5R3Z-17K835-BAA ,2025-03-01,False,3.0,0.0,
FDX5R3Z-17K835-BAA ,2025-04-01,False,3.0,0.0,
FDX5R3Z-17K835-BAA ,2025-05-01,False,3.0,0.0,0.0
FDX5R3Z-17K835-BAA ,2025-06-01,False,3.0,0.0,0.0
FDX5R3Z-8200-BAB ,2024-06-01,False,3.0,0.0,
FDX5R3Z-8200-BAB ,2024-07-01,False,2.0,1.0,
FDX5R3Z-8200-BAB ,2024-08-01,False,2.0,0.0,
FDX5R3Z-8200-BAB ,2024-09-01,False,2.0,0.0,
FDX5R3Z-8200-BAB ,2024-10-01,False,2.0,0.0,
FDX5R3Z-8200-BAB ,2024-11-01,False,7.0,0.0,
FDX5R3Z-8200-BAB ,2024-12-01,False,7.0,0.0,
FDX5R3Z-8200-BAB ,2025-01-01,False,7.0,0.0,
FDX5R3Z-8200-BAB ,2025-02-01,False,7.0,0.0,
FDX5R3Z-8200-BAB ,2025-03-01,False,7.0,0.0,
FDX5R3Z-8200-BAB ,2025-04-01,False,7.0,0.0,
FDX5R3Z-8200-BAB ,2025-05-01,False,7.0,0.0,0.0
FDX5R3Z-8200-BAB ,2025-06-01,False,7.0,0.0,0.0
FDX5W7Z-3078-AB ,2024-06-01,False,4.0,1.0,
FDX5W7Z-3078-AB ,2024-07-01,False,4.0,0.0,
FDX5W7Z-3078-AB ,2024-08-01,False,3.0,1.0,
FDX5W7Z-3078-AB ,2024-09-01,False,3.0,0.0,
FDX5W7Z-3078-AB ,2024-10-01,False,3.0,0.0,
FDX5W7Z-3078-AB ,2024-11-01,False,3.0,0.0,
FDX5W7Z-3078-AB ,2024-12-01,False,2.0,1.0,
FDX5W7Z-3078-AB ,2025-01-01,False,2.0,0.0,
FDX5W7Z-3078-AB ,2025-02-01,False,2.0,0.0,
FDX5W7Z-3078-AB ,2025-03-01,False,2.0,0.0,
FDX5W7Z-3078-AB ,2025-04-01,False,2.0,0.0,
FDX5W7Z-3078-AB ,2025-05-01,False,1.0,1.0,0.0
FDX5W7Z-3078-AB ,2025-06-01,False,1.0,0.0,0.0
FDX5W7Z-3079-AB ,2024-06-01,False,8.0,1.0,
FDX5W7Z-3079-AB ,2024-07-01,False,7.0,1.0,
FDX5W7Z-3079-AB ,2024-08-01,False,7.0,0.0,
FDX5W7Z-3079-AB ,2024-09-01,False,7.0,0.0,
FDX5W7Z-3079-AB ,2024-10-01,False,7.0,0.0,
FDX5W7Z-3079-AB ,2024-11-01,False,7.0,0.0,
FDX5W7Z-3079-AB ,2024-12-01,False,7.0,0.0,
FDX5W7Z-3079-AB ,2025-01-01,False,7.0,0.0,
FDX5W7Z-3079-AB ,2025-02-01,False,7.0,0.0,
FDX5W7Z-3079-AB ,2025-03-01,False,6.0,1.0,
FDX5W7Z-3079-AB ,2025-04-01,False,6.0,0.0,
FDX5W7Z-3079-AB ,2025-05-01,False,6.0,0.0,0.0
FDX5W7Z-3079-AB ,2025-06-01,False,6.0,0.0,0.0
FDX6L1Z-3078-AA ,2024-06-01,False,5.0,0.0,
FDX6L1Z-3078-AA ,2024-07-01,False,5.0,0.0,
FDX6L1Z-3078-AA ,2024-08-01,False,5.0,0.0,
FDX6L1Z-3078-AA ,2024-09-01,False,5.0,0.0,
FDX6L1Z-3078-AA ,2024-10-01,False,5.0,0.0,
FDX6L1Z-3078-AA ,2024-11-01,False,5.0,0.0,
FDX6L1Z-3078-AA ,2024-12-01,False,5.0,0.0,
FDX6L1Z-3078-AA ,2025-01-01,False,5.0,0.0,
FDX6L1Z-3078-AA ,2025-02-01,False,5.0,0.0,
FDX6L1Z-3078-AA ,2025-03-01,False,5.0,0.0,
FDX6L1Z-3078-AA ,2025-04-01,False,4.0,1.0,
FDX6L1Z-3078-AA ,2025-05-01,False,4.0,0.0,0.0
FDX6L1Z-3078-AA ,2025-06-01,False,4.0,0.0,0.0
FDX6L1Z-3079-AA ,2024-06-01,False,3.0,0.0,
FDX6L1Z-3079-AA ,2024-07-01,False,3.0,0.0,
FDX6L1Z-3079-AA ,2024-08-01,False,3.0,0.0,
FDX6L1Z-3079-AA ,2024-09-01,False,3.0,0.0,
FDX6L1Z-3079-AA ,2024-10-01,False,3.0,0.0,
FDX6L1Z-3079-AA ,2024-11-01,False,3.0,0.0,
FDX6L1Z-3079-AA ,2024-12-01,False,3.0,0.0,
FDX6L1Z-3079-AA ,2025-01-01,False,3.0,0.0,
FDX6L1Z-3079-AA ,2025-02-01,False,2.0,1.0,
FDX6L1Z-3079-AA ,2025-03-01,False,2.0,0.0,
FDX6L1Z-3079-AA ,2025-04-01,False,2.0,0.0,
FDX6L1Z-3079-AA ,2025-05-01,False,2.0,0.0,0.0
FDX6L1Z-3079-AA ,2025-06-01,False,2.0,0.0,0.0
FDX6L1Z-3084-AA ,2024-06-01,False,16.0,0.0,
FDX6L1Z-3084-AA ,2024-07-01,False,16.0,0.0,
FDX6L1Z-3084-AA ,2024-08-01,False,15.0,1.0,
FDX6L1Z-3084-AA ,2024-09-01,False,14.0,1.0,
FDX6L1Z-3084-AA ,2024-10-01,False,14.0,0.0,
FDX6L1Z-3084-AA ,2024-11-01,False,13.0,1.0,
FDX6L1Z-3084-AA ,2024-12-01,False,13.0,0.0,
FDX6L1Z-3084-AA ,2025-01-01,False,13.0,0.0,
FDX6L1Z-3084-AA ,2025-02-01,False,13.0,0.0,
FDX6L1Z-3084-AA ,2025-03-01,False,13.0,0.0,
FDX6L1Z-3084-AA ,2025-04-01,False,13.0,0.0,
FDX6L1Z-3084-AA ,2025-05-01,False,12.0,1.0,0.0
FDX6L1Z-3084-AA ,2025-06-01,False,12.0,0.0,1.0
FDX6L1Z-3085-AA ,2024-06-01,False,8.0,0.0,
FDX6L1Z-3085-AA ,2024-07-01,False,8.0,0.0,
FDX6L1Z-3085-AA ,2024-08-01,False,7.0,1.0,
FDX6L1Z-3085-AA ,2024-09-01,False,6.0,1.0,
FDX6L1Z-3085-AA ,2024-10-01,False,6.0,0.0,
FDX6L1Z-3085-AA ,2024-11-01,False,5.0,1.0,
FDX6L1Z-3085-AA ,2024-12-01,False,17.0,0.0,
FDX6L1Z-3085-AA ,2025-01-01,False,17.0,0.0,
FDX6L1Z-3085-AA ,2025-02-01,False,17.0,0.0,
FDX6L1Z-3085-AA ,2025-03-01,False,17.0,0.0,
FDX6L1Z-3085-AA ,2025-04-01,False,17.0,0.0,
FDX6L1Z-3085-AA ,2025-05-01,False,16.0,1.0,1.0
FDX6L1Z-3085-AA ,2025-06-01,False,16.0,0.0,0.0
FDX6L2Z-1109-B ,2024-06-01,False,5.0,0.0,
FDX6L2Z-1109-B ,2024-07-01,False,5.0,0.0,
FDX6L2Z-1109-B ,2024-08-01,False,5.0,0.0,
FDX6L2Z-1109-B ,2024-09-01,False,4.0,1.0,
FDX6L2Z-1109-B ,2024-10-01,False,10.0,0.0,
FDX6L2Z-1109-B ,2024-11-01,False,10.0,0.0,
FDX6L2Z-1109-B ,2024-12-01,False,9.0,1.0,
FDX6L2Z-1109-B ,2025-01-01,False,9.0,0.0,
FDX6L2Z-1109-B ,2025-02-01,False,9.0,0.0,
FDX6L2Z-1109-B ,2025-03-01,False,9.0,0.0,
FDX6L2Z-1109-B ,2025-04-01,False,9.0,0.0,
FDX6L2Z-1109-B ,2025-05-01,False,9.0,0.0,0.0
FDX6L2Z-1109-B ,2025-06-01,False,7.0,2.0,1.0
FDX6L2Z-13008-AA ,2024-06-01,False,5.0,1.0,
FDX6L2Z-13008-AA ,2024-07-01,False,3.0,2.0,
FDX6L2Z-13008-AA ,2024-08-01,False,3.0,0.0,
FDX6L2Z-13008-AA ,2024-09-01,False,2.0,1.0,
FDX6L2Z-13008-AA ,2024-10-01,False,1.0,1.0,
FDX6L2Z-13008-AA ,2024-11-01,False,7.0,0.0,
FDX6L2Z-13008-AA ,2024-12-01,False,6.0,1.0,
FDX6L2Z-13008-AA ,2025-01-01,False,6.0,0.0,
FDX6L2Z-13008-AA ,2025-02-01,False,6.0,0.0,
FDX6L2Z-13008-AA ,2025-03-01,False,6.0,0.0,
FDX6L2Z-13008-AA ,2025-04-01,False,5.0,1.0,
FDX6L2Z-13008-AA ,2025-05-01,False,5.0,0.0,1.0
FDX6L2Z-13008-AA ,2025-06-01,False,5.0,0.0,0.0
FDX6L2Z-13008-BA ,2024-06-01,False,6.0,1.0,
FDX6L2Z-13008-BA ,2024-07-01,False,6.0,0.0,
FDX6L2Z-13008-BA ,2024-08-01,False,6.0,0.0,
FDX6L2Z-13008-BA ,2024-09-01,False,6.0,0.0,
FDX6L2Z-13008-BA ,2024-10-01,False,6.0,0.0,
FDX6L2Z-13008-BA ,2024-11-01,False,5.0,1.0,
FDX6L2Z-13008-BA ,2024-12-01,False,5.0,0.0,
FDX6L2Z-13008-BA ,2025-01-01,False,5.0,0.0,
FDX6L2Z-13008-BA ,2025-02-01,False,5.0,0.0,
FDX6L2Z-13008-BA ,2025-03-01,False,5.0,0.0,
FDX6L2Z-13008-BA ,2025-04-01,False,4.0,1.0,
FDX6L2Z-13008-BA ,2025-05-01,False,4.0,0.0,1.0
FDX6L2Z-13008-BA ,2025-06-01,False,4.0,0.0,1.0
FDX6L2Z-13404-CA ,2024-06-01,False,14.0,0.0,
FDX6L2Z-13404-CA ,2024-07-01,False,13.0,1.0,
FDX6L2Z-13404-CA ,2024-08-01,False,18.0,1.0,
FDX6L2Z-13404-CA ,2024-09-01,False,17.0,1.0,
FDX6L2Z-13404-CA ,2024-10-01,False,22.0,1.0,
FDX6L2Z-13404-CA ,2024-11-01,False,21.0,1.0,
FDX6L2Z-13404-CA ,2024-12-01,False,17.0,4.0,
FDX6L2Z-13404-CA ,2025-01-01,False,15.0,2.0,
FDX6L2Z-13404-CA ,2025-02-01,False,14.0,1.0,
FDX6L2Z-13404-CA ,2025-03-01,False,14.0,0.0,
FDX6L2Z-13404-CA ,2025-04-01,False,13.0,1.0,
FDX6L2Z-13404-CA ,2025-05-01,False,25.0,0.0,2.0
FDX6L2Z-13404-CA ,2025-06-01,False,23.0,2.0,1.0
FDX6L2Z-13405-CA ,2024-06-01,False,4.0,2.0,
FDX6L2Z-13405-CA ,2024-07-01,False,16.0,0.0,
FDX6L2Z-13405-CA ,2024-08-01,False,13.0,3.0,
FDX6L2Z-13405-CA ,2024-09-01,False,10.0,3.0,
FDX6L2Z-13405-CA ,2024-10-01,False,22.0,0.0,
FDX6L2Z-13405-CA ,2024-11-01,False,21.0,1.0,
FDX6L2Z-13405-CA ,2024-12-01,False,18.0,3.0,
FDX6L2Z-13405-CA ,2025-01-01,False,12.0,6.0,
FDX6L2Z-13405-CA ,2025-02-01,False,11.0,1.0,
FDX6L2Z-13405-CA ,2025-03-01,False,9.0,2.0,
FDX6L2Z-13405-CA ,2025-04-01,False,6.0,3.0,
FDX6L2Z-13405-CA ,2025-05-01,False,18.0,0.0,2.0
FDX6L2Z-13405-CA ,2025-06-01,False,18.0,0.0,2.0
FDX6L2Z-16856-AA ,2024-06-01,False,7.0,0.0,
FDX6L2Z-16856-AA ,2024-07-01,False,7.0,0.0,
FDX6L2Z-16856-AA ,2024-08-01,False,6.0,1.0,
FDX6L2Z-16856-AA ,2024-09-01,False,5.0,1.0,
FDX6L2Z-16856-AA ,2024-10-01,False,4.0,1.0,
FDX6L2Z-16856-AA ,2024-11-01,False,4.0,0.0,
FDX6L2Z-16856-AA ,2024-12-01,False,1.0,3.0,
FDX6L2Z-16856-AA ,2025-01-01,False,1.0,0.0,
FDX6L2Z-16856-AA ,2025-02-01,False,1.0,0.0,
FDX6L2Z-16856-AA ,2025-03-01,False,1.0,0.0,
FDX6L2Z-16856-AA ,2025-04-01,False,10.0,1.0,
FDX6L2Z-16856-AA ,2025-05-01,False,10.0,0.0,1.0
FDX6L2Z-16856-AA ,2025-06-01,False,10.0,0.0,1.0
FDX6L2Z-16C826-A ,2024-06-01,False,16.0,2.0,
FDX6L2Z-16C826-A ,2024-07-01,False,64.0,2.0,
FDX6L2Z-16C826-A ,2024-08-01,False,60.0,4.0,
FDX6L2Z-16C826-A ,2024-09-01,False,56.0,4.0,
FDX6L2Z-16C826-A ,2024-10-01,False,52.0,4.0,
FDX6L2Z-16C826-A ,2024-11-01,False,49.0,3.0,
FDX6L2Z-16C826-A ,2024-12-01,False,43.0,6.0,
FDX6L2Z-16C826-A ,2025-01-01,False,35.0,8.0,
FDX6L2Z-16C826-A ,2025-02-01,False,29.0,6.0,
FDX6L2Z-16C826-A ,2025-03-01,False,29.0,0.0,
FDX6L2Z-16C826-A ,2025-04-01,False,26.0,3.0,
FDX6L2Z-16C826-A ,2025-05-01,False,74.0,2.0,11.0
FDX6L2Z-16C826-A ,2025-06-01,False,71.0,3.0,3.0
FDX6L2Z-17682-BAA ,2024-06-01,False,5.0,0.0,
FDX6L2Z-17682-BAA ,2024-07-01,False,5.0,0.0,
FDX6L2Z-17682-BAA ,2024-08-01,False,4.0,1.0,
FDX6L2Z-17682-BAA ,2024-09-01,False,4.0,0.0,
FDX6L2Z-17682-BAA ,2024-10-01,False,15.0,1.0,
FDX6L2Z-17682-BAA ,2024-11-01,False,15.0,0.0,
FDX6L2Z-17682-BAA ,2024-12-01,False,15.0,0.0,
FDX6L2Z-17682-BAA ,2025-01-01,False,14.0,1.0,
FDX6L2Z-17682-BAA ,2025-02-01,False,13.0,1.0,
FDX6L2Z-17682-BAA ,2025-03-01,False,12.0,1.0,
FDX6L2Z-17682-BAA ,2025-04-01,False,12.0,0.0,
FDX6L2Z-17682-BAA ,2025-05-01,False,12.0,0.0,0.0
FDX6L2Z-17682-BAA ,2025-06-01,False,12.0,0.0,0.0
FDX6L2Z-17683-BAA ,2024-06-01,False,3.0,0.0,
FDX6L2Z-17683-BAA ,2024-07-01,False,3.0,0.0,
FDX6L2Z-17683-BAA ,2024-08-01,False,3.0,0.0,
FDX6L2Z-17683-BAA ,2024-09-01,False,3.0,0.0,
FDX6L2Z-17683-BAA ,2024-10-01,False,9.0,0.0,
FDX6L2Z-17683-BAA ,2024-11-01,False,9.0,0.0,
FDX6L2Z-17683-BAA ,2024-12-01,False,9.0,0.0,
FDX6L2Z-17683-BAA ,2025-01-01,False,9.0,0.0,
FDX6L2Z-17683-BAA ,2025-02-01,False,8.0,1.0,
FDX6L2Z-17683-BAA ,2025-03-01,False,8.0,0.0,
FDX6L2Z-17683-BAA ,2025-04-01,False,8.0,0.0,
FDX6L2Z-17683-BAA ,2025-05-01,False,7.0,1.0,1.0
FDX6L2Z-17683-BAA ,2025-06-01,False,7.0,0.0,1.0
FDX6L2Z-3084-AA ,2024-06-01,False,24.0,0.0,
FDX6L2Z-3084-AA ,2024-07-01,False,23.0,1.0,
FDX6L2Z-3084-AA ,2024-08-01,False,23.0,0.0,
FDX6L2Z-3084-AA ,2024-09-01,False,23.0,0.0,
FDX6L2Z-3084-AA ,2024-10-01,False,21.0,2.0,
FDX6L2Z-3084-AA ,2024-11-01,False,19.0,2.0,
FDX6L2Z-3084-AA ,2024-12-01,False,19.0,0.0,
FDX6L2Z-3084-AA ,2025-01-01,False,18.0,1.0,
FDX6L2Z-3084-AA ,2025-02-01,False,16.0,2.0,
FDX6L2Z-3084-AA ,2025-03-01,False,15.0,1.0,
FDX6L2Z-3084-AA ,2025-04-01,False,15.0,0.0,
FDX6L2Z-3084-AA ,2025-05-01,False,13.0,2.0,1.0
FDX6L2Z-3084-AA ,2025-06-01,False,12.0,1.0,1.0
FDX6L2Z-3085-AA ,2024-06-01,False,15.0,0.0,
FDX6L2Z-3085-AA ,2024-07-01,False,13.0,2.0,
FDX6L2Z-3085-AA ,2024-08-01,False,13.0,0.0,
FDX6L2Z-3085-AA ,2024-09-01,False,13.0,0.0,
FDX6L2Z-3085-AA ,2024-10-01,False,11.0,2.0,
FDX6L2Z-3085-AA ,2024-11-01,False,9.0,2.0,
FDX6L2Z-3085-AA ,2024-12-01,False,9.0,0.0,
FDX6L2Z-3085-AA ,2025-01-01,False,8.0,1.0,
FDX6L2Z-3085-AA ,2025-02-01,False,6.0,2.0,
FDX6L2Z-3085-AA ,2025-03-01,False,6.0,0.0,
FDX6L2Z-3085-AA ,2025-04-01,False,6.0,0.0,
FDX6L2Z-3085-AA ,2025-05-01,False,4.0,2.0,2.0
FDX6L2Z-3085-AA ,2025-06-01,False,17.0,1.0,1.0
FDX6L2Z-78406A10-AA ,2024-06-01,False,4.0,3.0,
FDX6L2Z-78406A10-AA ,2024-07-01,False,24.0,0.0,
FDX6L2Z-78406A10-AA ,2024-08-01,False,23.0,1.0,
FDX6L2Z-78406A10-AA ,2024-09-01,False,23.0,0.0,
FDX6L2Z-78406A10-AA ,2024-10-01,False,20.0,3.0,
FDX6L2Z-78406A10-AA ,2024-11-01,False,16.0,4.0,
FDX6L2Z-78406A10-AA ,2024-12-01,False,12.0,4.0,
FDX6L2Z-78406A10-AA ,2025-01-01,False,8.0,4.0,
FDX6L2Z-78406A10-AA ,2025-02-01,False,4.0,4.0,
FDX6L2Z-78406A10-AA ,2025-03-01,False,3.0,1.0,
FDX6L2Z-78406A10-AA ,2025-04-01,False,1.0,2.0,
FDX6L2Z-78406A10-AA ,2025-05-01,True,20.0,1.0,2.0
FDX6L2Z-78406A10-AA ,2025-06-01,False,20.0,0.0,2.0
FDX6L2Z-78406A11-AA ,2024-06-01,False,16.0,1.0,
FDX6L2Z-78406A11-AA ,2024-07-01,False,16.0,0.0,
FDX6L2Z-78406A11-AA ,2024-08-01,False,15.0,1.0,
FDX6L2Z-78406A11-AA ,2024-09-01,False,15.0,0.0,
FDX6L2Z-78406A11-AA ,2024-10-01,False,12.0,3.0,
FDX6L2Z-78406A11-AA ,2024-11-01,False,9.0,3.0,
FDX6L2Z-78406A11-AA ,2024-12-01,False,9.0,0.0,
FDX6L2Z-78406A11-AA ,2025-01-01,False,9.0,0.0,
FDX6L2Z-78406A11-AA ,2025-02-01,False,9.0,0.0,
FDX6L2Z-78406A11-AA ,2025-03-01,False,9.0,0.0,
FDX6L2Z-78406A11-AA ,2025-04-01,False,9.0,0.0,
FDX6L2Z-78406A11-AA ,2025-05-01,False,7.0,2.0,1.0
FDX6L2Z-78406A11-AA ,2025-06-01,False,7.0,0.0,3.0
FDX6L2Z-8190-AA ,2024-06-01,False,9.0,0.0,
FDX6L2Z-8190-AA ,2024-07-01,False,9.0,0.0,
FDX6L2Z-8190-AA ,2024-08-01,False,9.0,0.0,
FDX6L2Z-8190-AA ,2024-09-01,False,9.0,0.0,
FDX6L2Z-8190-AA ,2024-10-01,False,7.0,2.0,
FDX6L2Z-8190-AA ,2024-11-01,False,6.0,1.0,
FDX6L2Z-8190-AA ,2024-12-01,False,4.0,2.0,
FDX6L2Z-8190-AA ,2025-01-01,False,4.0,0.0,
FDX6L2Z-8190-AA ,2025-02-01,False,4.0,0.0,
FDX6L2Z-8190-AA ,2025-03-01,False,2.0,2.0,
FDX6L2Z-8190-AA ,2025-04-01,False,2.0,0.0,
FDX6L2Z-8190-AA ,2025-05-01,False,8.0,0.0,1.0
FDX6L2Z-8190-AA ,2025-06-01,False,7.0,1.0,1.0
FDX6L3Z-3084-AR ,2024-06-01,False,7.0,0.0,
FDX6L3Z-3084-AR ,2024-07-01,False,5.0,2.0,
FDX6L3Z-3084-AR ,2024-08-01,False,5.0,0.0,
FDX6L3Z-3084-AR ,2024-09-01,False,5.0,0.0,
FDX6L3Z-3084-AR ,2024-10-01,False,5.0,0.0,
FDX6L3Z-3084-AR ,2024-11-01,False,4.0,1.0,
FDX6L3Z-3084-AR ,2024-12-01,False,4.0,0.0,
FDX6L3Z-3084-AR ,2025-01-01,False,4.0,0.0,
FDX6L3Z-3084-AR ,2025-02-01,False,4.0,0.0,
FDX6L3Z-3084-AR ,2025-03-01,False,2.0,2.0,
FDX6L3Z-3084-AR ,2025-04-01,False,2.0,0.0,
FDX6L3Z-3084-AR ,2025-05-01,False,1.0,1.0,0.0
FDX6L3Z-3084-AR ,2025-06-01,False,1.0,0.0,0.0
FDX6L3Z-3085-AL ,2024-06-01,False,8.0,0.0,
FDX6L3Z-3085-AL ,2024-07-01,False,7.0,1.0,
FDX6L3Z-3085-AL ,2024-08-01,False,7.0,0.0,
FDX6L3Z-3085-AL ,2024-09-01,False,7.0,0.0,
FDX6L3Z-3085-AL ,2024-10-01,False,7.0,0.0,
FDX6L3Z-3085-AL ,2024-11-01,False,6.0,1.0,
FDX6L3Z-3085-AL ,2024-12-01,False,6.0,0.0,
FDX6L3Z-3085-AL ,2025-01-01,False,6.0,0.0,
FDX6L3Z-3085-AL ,2025-02-01,False,6.0,0.0,
FDX6L3Z-3085-AL ,2025-03-01,False,4.0,2.0,
FDX6L3Z-3085-AL ,2025-04-01,False,4.0,0.0,
FDX6L3Z-3085-AL ,2025-05-01,False,3.0,1.0,0.0
FDX6L3Z-3085-AL ,2025-06-01,False,3.0,0.0,0.0
FDX6L8Z-3078-AA ,2024-06-01,False,5.0,0.0,
FDX6L8Z-3078-AA ,2024-07-01,False,5.0,0.0,
FDX6L8Z-3078-AA ,2024-08-01,False,5.0,0.0,
FDX6L8Z-3078-AA ,2024-09-01,False,5.0,0.0,
FDX6L8Z-3078-AA ,2024-10-01,False,5.0,0.0,
FDX6L8Z-3078-AA ,2024-11-01,False,5.0,0.0,
FDX6L8Z-3078-AA ,2024-12-01,False,5.0,0.0,
FDX6L8Z-3078-AA ,2025-01-01,False,3.0,2.0,
FDX6L8Z-3078-AA ,2025-02-01,False,2.0,1.0,
FDX6L8Z-3078-AA ,2025-03-01,False,2.0,0.0,
FDX6L8Z-3078-AA ,2025-04-01,False,2.0,0.0,
FDX6L8Z-3078-AA ,2025-05-01,False,2.0,0.0,1.0
FDX6L8Z-3078-AA ,2025-06-01,False,7.0,0.0,0.0
FDX6L8Z-3079-AA ,2024-06-01,False,5.0,0.0,
FDX6L8Z-3079-AA ,2024-07-01,False,5.0,0.0,
FDX6L8Z-3079-AA ,2024-08-01,False,5.0,0.0,
FDX6L8Z-3079-AA ,2024-09-01,False,5.0,0.0,
FDX6L8Z-3079-AA ,2024-10-01,False,5.0,0.0,
FDX6L8Z-3079-AA ,2024-11-01,False,5.0,0.0,
FDX6L8Z-3079-AA ,2024-12-01,False,5.0,0.0,
FDX6L8Z-3079-AA ,2025-01-01,False,3.0,2.0,
FDX6L8Z-3079-AA ,2025-02-01,False,2.0,1.0,
FDX6L8Z-3079-AA ,2025-03-01,False,2.0,0.0,
FDX6L8Z-3079-AA ,2025-04-01,False,2.0,0.0,
FDX6L8Z-3079-AA ,2025-05-01,False,2.0,0.0,1.0
FDX6L8Z-3079-AA ,2025-06-01,False,7.0,0.0,0.0
FDX6R3Z-17682-AA ,2024-06-01,False,4.0,0.0,
FDX6R3Z-17682-AA ,2024-07-01,False,4.0,0.0,
FDX6R3Z-17682-AA ,2024-08-01,False,4.0,0.0,
FDX6R3Z-17682-AA ,2024-09-01,False,4.0,0.0,
FDX6R3Z-17682-AA ,2024-10-01,False,4.0,0.0,
FDX6R3Z-17682-AA ,2024-11-01,False,4.0,0.0,
FDX6R3Z-17682-AA ,2024-12-01,False,4.0,0.0,
FDX6R3Z-17682-AA ,2025-01-01,False,4.0,0.0,
FDX6R3Z-17682-AA ,2025-02-01,False,3.0,1.0,
FDX6R3Z-17682-AA ,2025-03-01,False,3.0,0.0,
FDX6R3Z-17682-AA ,2025-04-01,False,2.0,1.0,
FDX6R3Z-17682-AA ,2025-05-01,False,1.0,1.0,0.0
FDX6R3Z-17682-AA ,2025-06-01,False,1.0,0.0,1.0
FDX6R3Z-17683-AA ,2024-06-01,False,2.0,1.0,
FDX6R3Z-17683-AA ,2024-07-01,False,2.0,0.0,
FDX6R3Z-17683-AA ,2024-08-01,False,2.0,0.0,
FDX6R3Z-17683-AA ,2024-09-01,False,1.0,1.0,
FDX6R3Z-17683-AA ,2024-10-01,False,1.0,0.0,
FDX6R3Z-17683-AA ,2024-11-01,False,1.0,0.0,
FDX6R3Z-17683-AA ,2024-12-01,False,1.0,0.0,
FDX6R3Z-17683-AA ,2025-01-01,False,0.0,1.0,
FDX6R3Z-17683-AA ,2025-02-01,True,0.0,0.0,
FDX6R3Z-17683-AA ,2025-03-01,True,0.0,0.0,
FDX6R3Z-17683-AA ,2025-04-01,True,6.0,0.0,
FDX6R3Z-17683-AA ,2025-05-01,False,5.0,1.0,0.0
FDX6R3Z-17683-AA ,2025-06-01,False,5.0,0.0,0.0
FDX6W3Z-13008-AC ,2024-06-01,False,47.0,5.0,
FDX6W3Z-13008-AC ,2024-07-01,False,41.0,6.0,
FDX6W3Z-13008-AC ,2024-08-01,False,35.0,6.0,
FDX6W3Z-13008-AC ,2024-09-01,False,34.0,1.0,
FDX6W3Z-13008-AC ,2024-10-01,False,20.0,14.0,
FDX6W3Z-13008-AC ,2024-11-01,False,24.0,4.0,
FDX6W3Z-13008-AC ,2024-12-01,False,14.0,10.0,
FDX6W3Z-13008-AC ,2025-01-01,False,39.0,3.0,
FDX6W3Z-13008-AC ,2025-02-01,False,35.0,4.0,
FDX6W3Z-13008-AC ,2025-03-01,False,33.0,2.0,
FDX6W3Z-13008-AC ,2025-04-01,False,54.0,3.0,
FDX6W3Z-13008-AC ,2025-05-01,False,52.0,2.0,3.0
FDX6W3Z-13008-AC ,2025-06-01,False,47.0,5.0,3.0
FDX6W3Z-13008-BA ,2024-06-01,False,51.0,9.0,
FDX6W3Z-13008-BA ,2024-07-01,False,47.0,4.0,
FDX6W3Z-13008-BA ,2024-08-01,False,44.0,3.0,
FDX6W3Z-13008-BA ,2024-09-01,False,42.0,2.0,
FDX6W3Z-13008-BA ,2024-10-01,False,34.0,8.0,
FDX6W3Z-13008-BA ,2024-11-01,False,39.0,3.0,
FDX6W3Z-13008-BA ,2024-12-01,False,32.0,7.0,
FDX6W3Z-13008-BA ,2025-01-01,False,44.0,4.0,
FDX6W3Z-13008-BA ,2025-02-01,False,39.0,5.0,
FDX6W3Z-13008-BA ,2025-03-01,False,37.0,2.0,
FDX6W3Z-13008-BA ,2025-04-01,False,59.0,2.0,
FDX6W3Z-13008-BA ,2025-05-01,False,57.0,2.0,3.0
FDX6W3Z-13008-BA ,2025-06-01,False,53.0,4.0,3.0
FDX6W3Z-13200-AA ,2024-06-01,False,231.0,15.0,
FDX6W3Z-13200-AA ,2024-07-01,False,218.0,13.0,
FDX6W3Z-13200-AA ,2024-08-01,False,200.0,18.0,
FDX6W3Z-13200-AA ,2024-09-01,False,189.0,11.0,
FDX6W3Z-13200-AA ,2024-10-01,False,164.0,25.0,
FDX6W3Z-13200-AA ,2024-11-01,False,142.0,22.0,
FDX6W3Z-13200-AA ,2024-12-01,False,119.0,23.0,
FDX6W3Z-13200-AA ,2025-01-01,False,92.0,27.0,
FDX6W3Z-13200-AA ,2025-02-01,False,74.0,18.0,
FDX6W3Z-13200-AA ,2025-03-01,False,52.0,22.0,
FDX6W3Z-13200-AA ,2025-04-01,False,189.0,23.0,
FDX6W3Z-13200-AA ,2025-05-01,False,207.0,22.0,29.0
FDX6W3Z-13200-AA ,2025-06-01,False,193.0,14.0,18.0
FDX6W3Z-13201-AA ,2024-06-01,True,210.0,10.0,
FDX6W3Z-13201-AA ,2024-07-01,False,191.0,19.0,
FDX6W3Z-13201-AA ,2024-08-01,False,174.0,17.0,
FDX6W3Z-13201-AA ,2024-09-01,False,165.0,9.0,
FDX6W3Z-13201-AA ,2024-10-01,False,143.0,22.0,
FDX6W3Z-13201-AA ,2024-11-01,False,118.0,25.0,
FDX6W3Z-13201-AA ,2024-12-01,False,101.0,17.0,
FDX6W3Z-13201-AA ,2025-01-01,False,71.0,30.0,
FDX6W3Z-13201-AA ,2025-02-01,False,55.0,16.0,
FDX6W3Z-13201-AA ,2025-03-01,False,24.0,31.0,
FDX6W3Z-13201-AA ,2025-04-01,False,163.0,21.0,
FDX6W3Z-13201-AA ,2025-05-01,False,181.0,21.0,31.0
FDX6W3Z-13201-AA ,2025-06-01,False,157.0,24.0,30.0
FDX6W3Z-15200-AA ,2024-06-01,False,32.0,11.0,
FDX6W3Z-15200-AA ,2024-07-01,False,20.0,12.0,
FDX6W3Z-15200-AA ,2024-08-01,False,17.0,3.0,
FDX6W3Z-15200-AA ,2024-09-01,False,8.0,9.0,
FDX6W3Z-15200-AA ,2024-10-01,False,66.0,2.0,
FDX6W3Z-15200-AA ,2024-11-01,False,63.0,3.0,
FDX6W3Z-15200-AA ,2024-12-01,False,78.0,5.0,
FDX6W3Z-15200-AA ,2025-01-01,False,72.0,6.0,
FDX6W3Z-15200-AA ,2025-02-01,False,65.0,7.0,
FDX6W3Z-15200-AA ,2025-03-01,False,59.0,6.0,
FDX6W3Z-15200-AA ,2025-04-01,False,50.0,9.0,
FDX6W3Z-15200-AA ,2025-05-01,False,48.0,2.0,4.0
FDX6W3Z-15200-AA ,2025-06-01,False,43.0,5.0,3.0
FDX6W3Z-15200-BA ,2024-06-01,False,47.0,9.0,
FDX6W3Z-15200-BA ,2024-07-01,False,36.0,11.0,
FDX6W3Z-15200-BA ,2024-08-01,False,33.0,3.0,
FDX6W3Z-15200-BA ,2024-09-01,False,26.0,7.0,
FDX6W3Z-15200-BA ,2024-10-01,False,61.0,5.0,
FDX6W3Z-15200-BA ,2024-11-01,False,60.0,1.0,
FDX6W3Z-15200-BA ,2024-12-01,False,76.0,4.0,
FDX6W3Z-15200-BA ,2025-01-01,False,70.0,6.0,
FDX6W3Z-15200-BA ,2025-02-01,False,65.0,5.0,
FDX6W3Z-15200-BA ,2025-03-01,False,57.0,8.0,
FDX6W3Z-15200-BA ,2025-04-01,False,52.0,5.0,
FDX6W3Z-15200-BA ,2025-05-01,False,50.0,2.0,3.0
FDX6W3Z-15200-BA ,2025-06-01,False,44.0,6.0,4.0
FDX6W3Z-17D957-APTM ,2024-06-01,False,5.0,11.0,
FDX6W3Z-17D957-APTM ,2024-07-01,False,4.0,1.0,
FDX6W3Z-17D957-APTM ,2024-08-01,False,4.0,0.0,
FDX6W3Z-17D957-APTM ,2024-09-01,False,4.0,0.0,
FDX6W3Z-17D957-APTM ,2024-10-01,False,4.0,0.0,
FDX6W3Z-17D957-APTM ,2024-11-01,False,4.0,0.0,
FDX6W3Z-17D957-APTM ,2024-12-01,False,1.0,0.0,
FDX6W3Z-17D957-APTM ,2025-01-01,False,1.0,0.0,
FDX6W3Z-17D957-APTM ,2025-02-01,False,1.0,0.0,
FDX6W3Z-17D957-APTM ,2025-03-01,False,1.0,0.0,
FDX6W3Z-17D957-APTM ,2025-04-01,False,1.0,0.0,
FDX6W3Z-17D957-APTM ,2025-05-01,False,1.0,0.0,0.0
FDX6W3Z-17D957-APTM ,2025-06-01,False,1.0,0.0,0.0
FDX6W3Z-17D957-CA ,2024-06-01,True,18.0,25.0,
FDX6W3Z-17D957-CA ,2024-07-01,False,1.0,17.0,
FDX6W3Z-17D957-CA ,2024-08-01,True,1.0,0.0,
FDX6W3Z-17D957-CA ,2024-09-01,True,1.0,1.0,
FDX6W3Z-17D957-CA ,2024-10-01,True,75.0,9.0,
FDX6W3Z-17D957-CA ,2024-11-01,False,51.0,24.0,
FDX6W3Z-17D957-CA ,2024-12-01,False,35.0,23.0,
FDX6W3Z-17D957-CA ,2025-01-01,False,6.0,29.0,
FDX6W3Z-17D957-CA ,2025-02-01,True,0.0,6.0,
FDX6W3Z-17D957-CA ,2025-03-01,True,0.0,0.0,
FDX6W3Z-17D957-CA ,2025-04-01,True,0.0,1.0,
FDX6W3Z-17D957-CA ,2025-05-01,True,0.0,0.0,5.0
FDX6W3Z-17D957-CA ,2025-06-01,True,47.0,13.0,15.0
FDX6W3Z-8190-AA ,2024-06-01,False,100.0,11.0,
FDX6W3Z-8190-AA ,2024-07-01,False,95.0,5.0,
FDX6W3Z-8190-AA ,2024-08-01,False,92.0,3.0,
FDX6W3Z-8190-AA ,2024-09-01,False,84.0,8.0,
FDX6W3Z-8190-AA ,2024-10-01,False,69.0,15.0,
FDX6W3Z-8190-AA ,2024-11-01,False,55.0,14.0,
FDX6W3Z-8190-AA ,2024-12-01,False,47.0,8.0,
FDX6W3Z-8190-AA ,2025-01-01,False,42.0,5.0,
FDX6W3Z-8190-AA ,2025-02-01,False,40.0,2.0,
FDX6W3Z-8190-AA ,2025-03-01,False,36.0,4.0,
FDX6W3Z-8190-AA ,2025-04-01,False,92.0,11.0,
FDX6W3Z-8190-AA ,2025-05-01,False,88.0,4.0,6.0
FDX6W3Z-8190-AA ,2025-06-01,False,86.0,2.0,5.0
FDX6W3Z-8200-AA ,2024-06-01,False,2.0,13.0,
FDX6W3Z-8200-AA ,2024-07-01,True,31.0,31.0,
FDX6W3Z-8200-AA ,2024-08-01,False,13.0,18.0,
FDX6W3Z-8200-AA ,2024-09-01,False,5.0,8.0,
FDX6W3Z-8200-AA ,2024-10-01,True,3.0,2.0,
FDX6W3Z-8200-AA ,2024-11-01,True,62.0,1.0,
FDX6W3Z-8200-AA ,2024-12-01,False,52.0,10.0,
FDX6W3Z-8200-AA ,2025-01-01,False,48.0,4.0,
FDX6W3Z-8200-AA ,2025-02-01,False,39.0,9.0,
FDX6W3Z-8200-AA ,2025-03-01,False,31.0,8.0,
FDX6W3Z-8200-AA ,2025-04-01,False,81.0,10.0,
FDX6W3Z-8200-AA ,2025-05-01,False,99.0,6.0,11.0
FDX6W3Z-8200-AA ,2025-06-01,False,94.0,5.0,7.0
FDX6W7Z-16054-A ,2024-06-01,False,7.0,2.0,
FDX6W7Z-16054-A ,2024-07-01,False,7.0,0.0,
FDX6W7Z-16054-A ,2024-08-01,False,6.0,1.0,
FDX6W7Z-16054-A ,2024-09-01,False,5.0,1.0,
FDX6W7Z-16054-A ,2024-10-01,False,4.0,1.0,
FDX6W7Z-16054-A ,2024-11-01,False,4.0,0.0,
FDX6W7Z-16054-A ,2024-12-01,False,3.0,1.0,
FDX6W7Z-16054-A ,2025-01-01,False,1.0,2.0,
FDX6W7Z-16054-A ,2025-02-01,False,2.0,1.0,
FDX6W7Z-16054-A ,2025-03-01,False,2.0,0.0,
FDX6W7Z-16054-A ,2025-04-01,False,5.0,3.0,
FDX6W7Z-16054-A ,2025-05-01,False,10.0,0.0,1.0
FDX6W7Z-16054-A ,2025-06-01,False,10.0,0.0,1.0
FDX6W7Z-16055-B ,2024-06-01,False,12.0,0.0,
FDX6W7Z-16055-B ,2024-07-01,False,12.0,0.0,
FDX6W7Z-16055-B ,2024-08-01,False,12.0,0.0,
FDX6W7Z-16055-B ,2024-09-01,False,12.0,0.0,
FDX6W7Z-16055-B ,2024-10-01,False,11.0,1.0,
FDX6W7Z-16055-B ,2024-11-01,False,10.0,1.0,
FDX6W7Z-16055-B ,2024-12-01,False,9.0,1.0,
FDX6W7Z-16055-B ,2025-01-01,False,6.0,3.0,
FDX6W7Z-16055-B ,2025-02-01,False,7.0,1.0,
FDX6W7Z-16055-B ,2025-03-01,False,7.0,0.0,
FDX6W7Z-16055-B ,2025-04-01,False,7.0,0.0,
FDX6W7Z-16055-B ,2025-05-01,False,12.0,0.0,1.0
FDX6W7Z-16055-B ,2025-06-01,False,12.0,0.0,1.0
FDX6W7Z-16138-A ,2024-06-01,False,7.0,1.0,
FDX6W7Z-16138-A ,2024-07-01,False,6.0,1.0,
FDX6W7Z-16138-A ,2024-08-01,False,5.0,1.0,
FDX6W7Z-16138-A ,2024-09-01,False,5.0,0.0,
FDX6W7Z-16138-A ,2024-10-01,False,5.0,0.0,
FDX6W7Z-16138-A ,2024-11-01,False,4.0,1.0,
FDX6W7Z-16138-A ,2024-12-01,False,4.0,0.0,
FDX6W7Z-16138-A ,2025-01-01,False,2.0,2.0,
FDX6W7Z-16138-A ,2025-02-01,False,2.0,0.0,
FDX6W7Z-16138-A ,2025-03-01,False,2.0,0.0,
FDX6W7Z-16138-A ,2025-04-01,False,1.0,1.0,
FDX6W7Z-16138-A ,2025-05-01,False,1.0,0.0,0.0
FDX6W7Z-16138-A ,2025-06-01,False,1.0,0.0,0.0
FDX6W7Z-16612-A ,2024-06-01,True,0.0,0.0,
FDX6W7Z-16612-A ,2024-07-01,True,5.0,1.0,
FDX6W7Z-16612-A ,2024-08-01,False,5.0,0.0,
FDX6W7Z-16612-A ,2024-09-01,False,9.0,2.0,
FDX6W7Z-16612-A ,2024-10-01,False,3.0,6.0,
FDX6W7Z-16612-A ,2024-11-01,False,3.0,0.0,
FDX6W7Z-16612-A ,2024-12-01,False,21.0,0.0,
FDX6W7Z-16612-A ,2025-01-01,False,15.0,6.0,
FDX6W7Z-16612-A ,2025-02-01,False,12.0,3.0,
FDX6W7Z-16612-A ,2025-03-01,False,7.0,5.0,
FDX6W7Z-16612-A ,2025-04-01,False,6.0,1.0,
FDX6W7Z-16612-A ,2025-05-01,False,5.0,1.0,2.0
FDX6W7Z-16612-A ,2025-06-01,False,15.0,0.0,2.0
FDX6W7Z-17682-AA ,2024-06-01,False,62.0,15.0,
FDX6W7Z-17682-AA ,2024-07-01,False,55.0,7.0,
FDX6W7Z-17682-AA ,2024-08-01,False,50.0,5.0,
FDX6W7Z-17682-AA ,2024-09-01,False,34.0,16.0,
FDX6W7Z-17682-AA ,2024-10-01,False,26.0,8.0,
FDX6W7Z-17682-AA ,2024-11-01,False,35.0,15.0,
FDX6W7Z-17682-AA ,2024-12-01,False,86.0,9.0,
FDX6W7Z-17682-AA ,2025-01-01,False,80.0,6.0,
FDX6W7Z-17682-AA ,2025-02-01,False,71.0,9.0,
FDX6W7Z-17682-AA ,2025-03-01,False,61.0,10.0,
FDX6W7Z-17682-AA ,2025-04-01,False,51.0,10.0,
FDX6W7Z-17682-AA ,2025-05-01,False,85.0,8.0,11.0
FDX6W7Z-17682-AA ,2025-06-01,False,82.0,3.0,9.0
FDX6W7Z-17683-AA ,2024-06-01,False,42.0,12.0,
FDX6W7Z-17683-AA ,2024-07-01,False,31.0,11.0,
FDX6W7Z-17683-AA ,2024-08-01,False,29.0,2.0,
FDX6W7Z-17683-AA ,2024-09-01,False,23.0,6.0,
FDX6W7Z-17683-AA ,2024-10-01,False,18.0,5.0,
FDX6W7Z-17683-AA ,2024-11-01,False,47.0,7.0,
FDX6W7Z-17683-AA ,2024-12-01,False,71.0,0.0,
FDX6W7Z-17683-AA ,2025-01-01,False,70.0,1.0,
FDX6W7Z-17683-AA ,2025-02-01,False,65.0,5.0,
FDX6W7Z-17683-AA ,2025-03-01,False,63.0,2.0,
FDX6W7Z-17683-AA ,2025-04-01,False,84.0,3.0,
FDX6W7Z-17683-AA ,2025-05-01,False,80.0,4.0,6.0
FDX6W7Z-17683-AA ,2025-06-01,False,78.0,2.0,5.0
FDX6W7Z-17D957-APTM ,2024-06-01,False,2.0,0.0,
FDX6W7Z-17D957-APTM ,2024-07-01,False,2.0,0.0,
FDX6W7Z-17D957-APTM ,2024-08-01,False,2.0,0.0,
FDX6W7Z-17D957-APTM ,2024-09-01,False,1.0,1.0,
FDX6W7Z-17D957-APTM ,2024-10-01,False,1.0,0.0,
FDX6W7Z-17D957-APTM ,2024-11-01,False,1.0,0.0,
FDX6W7Z-17D957-APTM ,2024-12-01,False,1.0,0.0,
FDX6W7Z-17D957-APTM ,2025-01-01,False,1.0,0.0,
FDX6W7Z-17D957-APTM ,2025-02-01,False,1.0,0.0,
FDX6W7Z-17D957-APTM ,2025-03-01,False,1.0,0.0,
FDX6W7Z-17D957-APTM ,2025-04-01,False,1.0,0.0,
FDX6W7Z-17D957-APTM ,2025-05-01,False,1.0,0.0,0.0
FDX6W7Z-17D957-APTM ,2025-06-01,False,1.0,0.0,0.0
FDX6W7Z-8190-A ,2024-06-01,True,58.0,23.0,
FDX6W7Z-8190-A ,2024-07-01,False,24.0,34.0,
FDX6W7Z-8190-A ,2024-08-01,False,4.0,20.0,
FDX6W7Z-8190-A ,2024-09-01,True,3.0,1.0,
FDX6W7Z-8190-A ,2024-10-01,True,2.0,1.0,
FDX6W7Z-8190-A ,2024-11-01,True,46.0,6.0,
FDX6W7Z-8190-A ,2024-12-01,False,32.0,14.0,
FDX6W7Z-8190-A ,2025-01-01,False,20.0,12.0,
FDX6W7Z-8190-A ,2025-02-01,False,17.0,3.0,
FDX6W7Z-8190-A ,2025-03-01,False,4.0,13.0,
FDX6W7Z-8190-A ,2025-04-01,True,127.0,28.0,
FDX6W7Z-8190-A ,2025-05-01,False,95.0,32.0,12.0
FDX6W7Z-8190-A ,2025-06-01,False,83.0,12.0,10.0
FDX7L1Z-13008-AB ,2024-06-01,False,18.0,1.0,
FDX7L1Z-13008-AB ,2024-07-01,False,13.0,5.0,
FDX7L1Z-13008-AB ,2024-08-01,False,11.0,2.0,
FDX7L1Z-13008-AB ,2024-09-01,False,10.0,1.0,
FDX7L1Z-13008-AB ,2024-10-01,False,9.0,1.0,
FDX7L1Z-13008-AB ,2024-11-01,False,7.0,2.0,
FDX7L1Z-13008-AB ,2024-12-01,False,5.0,2.0,
FDX7L1Z-13008-AB ,2025-01-01,False,5.0,0.0,
FDX7L1Z-13008-AB ,2025-02-01,False,5.0,0.0,
FDX7L1Z-13008-AB ,2025-03-01,False,1.0,4.0,
FDX7L1Z-13008-AB ,2025-04-01,True,21.0,0.0,
FDX7L1Z-13008-AB ,2025-05-01,False,20.0,1.0,2.0
FDX7L1Z-13008-AB ,2025-06-01,False,20.0,0.0,1.0
FDX7L1Z-13008-BB ,2024-06-01,False,22.0,2.0,
FDX7L1Z-13008-BB ,2024-07-01,False,20.0,2.0,
FDX7L1Z-13008-BB ,2024-08-01,False,19.0,1.0,
FDX7L1Z-13008-BB ,2024-09-01,False,18.0,1.0,
FDX7L1Z-13008-BB ,2024-10-01,False,16.0,2.0,
FDX7L1Z-13008-BB ,2024-11-01,False,14.0,2.0,
FDX7L1Z-13008-BB ,2024-12-01,False,13.0,1.0,
FDX7L1Z-13008-BB ,2025-01-01,False,13.0,0.0,
FDX7L1Z-13008-BB ,2025-02-01,False,13.0,0.0,
FDX7L1Z-13008-BB ,2025-03-01,False,10.0,3.0,
FDX7L1Z-13008-BB ,2025-04-01,False,29.0,1.0,
FDX7L1Z-13008-BB ,2025-05-01,False,29.0,0.0,1.0
FDX7L1Z-13008-BB ,2025-06-01,False,29.0,0.0,1.0
FDX7L1Z-13404-AA ,2024-06-01,False,26.0,2.0,
FDX7L1Z-13404-AA ,2024-07-01,False,24.0,2.0,
FDX7L1Z-13404-AA ,2024-08-01,False,22.0,2.0,
FDX7L1Z-13404-AA ,2024-09-01,False,17.0,5.0,
FDX7L1Z-13404-AA ,2024-10-01,False,16.0,1.0,
FDX7L1Z-13404-AA ,2024-11-01,False,11.0,5.0,
FDX7L1Z-13404-AA ,2024-12-01,False,25.0,4.0,
FDX7L1Z-13404-AA ,2025-01-01,False,22.0,3.0,
FDX7L1Z-13404-AA ,2025-02-01,False,21.0,1.0,
FDX7L1Z-13404-AA ,2025-03-01,False,19.0,2.0,
FDX7L1Z-13404-AA ,2025-04-01,False,34.0,3.0,
FDX7L1Z-13404-AA ,2025-05-01,False,32.0,2.0,2.0
FDX7L1Z-13404-AA ,2025-06-01,False,31.0,1.0,2.0
FDX7L1Z-13405-AA ,2024-06-01,False,20.0,1.0,
FDX7L1Z-13405-AA ,2024-07-01,False,16.0,4.0,
FDX7L1Z-13405-AA ,2024-08-01,False,15.0,1.0,
FDX7L1Z-13405-AA ,2024-09-01,False,13.0,2.0,
FDX7L1Z-13405-AA ,2024-10-01,False,12.0,1.0,
FDX7L1Z-13405-AA ,2024-11-01,False,19.0,5.0,
FDX7L1Z-13405-AA ,2024-12-01,False,31.0,0.0,
FDX7L1Z-13405-AA ,2025-01-01,False,26.0,5.0,
FDX7L1Z-13405-AA ,2025-02-01,False,24.0,2.0,
FDX7L1Z-13405-AA ,2025-03-01,False,22.0,2.0,
FDX7L1Z-13405-AA ,2025-04-01,False,18.0,10.0,
FDX7L1Z-13405-AA ,2025-05-01,False,11.0,7.0,2.0
FDX7L1Z-13405-AA ,2025-06-01,False,8.0,3.0,3.0
FDX7L1Z-16102-A ,2024-06-01,False,7.0,0.0,
FDX7L1Z-16102-A ,2024-07-01,False,7.0,0.0,
FDX7L1Z-16102-A ,2024-08-01,False,7.0,0.0,
FDX7L1Z-16102-A ,2024-09-01,False,7.0,0.0,
FDX7L1Z-16102-A ,2024-10-01,False,7.0,0.0,
FDX7L1Z-16102-A ,2024-11-01,False,7.0,0.0,
FDX7L1Z-16102-A ,2024-12-01,False,7.0,0.0,
FDX7L1Z-16102-A ,2025-01-01,False,7.0,0.0,
FDX7L1Z-16102-A ,2025-02-01,False,7.0,0.0,
FDX7L1Z-16102-A ,2025-03-01,False,6.0,1.0,
FDX7L1Z-16102-A ,2025-04-01,False,6.0,0.0,
FDX7L1Z-16102-A ,2025-05-01,False,6.0,0.0,0.0
FDX7L1Z-16102-A ,2025-06-01,False,4.0,2.0,0.0
FDX7L1Z-16612-A ,2024-06-01,False,0.0,1.0,
FDX7L1Z-16612-A ,2024-07-01,True,0.0,0.0,
FDX7L1Z-16612-A ,2024-08-01,True,0.0,0.0,
FDX7L1Z-16612-A ,2024-09-01,True,3.0,0.0,
FDX7L1Z-16612-A ,2024-10-01,False,3.0,0.0,
FDX7L1Z-16612-A ,2024-11-01,False,1.0,2.0,
FDX7L1Z-16612-A ,2024-12-01,False,0.0,1.0,
FDX7L1Z-16612-A ,2025-01-01,True,0.0,0.0,
FDX7L1Z-16612-A ,2025-02-01,True,0.0,0.0,
FDX7L1Z-16612-A ,2025-03-01,True,0.0,0.0,
FDX7L1Z-16612-A ,2025-04-01,True,4.0,0.0,
FDX7L1Z-16612-A ,2025-05-01,False,3.0,1.0,0.0
FDX7L1Z-16612-A ,2025-06-01,False,3.0,0.0,0.0
FDX7L1Z-16C826-AA ,2024-06-01,False,84.0,14.0,
FDX7L1Z-16C826-AA ,2024-07-01,False,74.0,10.0,
FDX7L1Z-16C826-AA ,2024-08-01,False,68.0,6.0,
FDX7L1Z-16C826-AA ,2024-09-01,False,66.0,2.0,
FDX7L1Z-16C826-AA ,2024-10-01,False,56.0,10.0,
FDX7L1Z-16C826-AA ,2024-11-01,False,44.0,12.0,
FDX7L1Z-16C826-AA ,2024-12-01,False,28.0,16.0,
FDX7L1Z-16C826-AA ,2025-01-01,False,8.0,20.0,
FDX7L1Z-16C826-AA ,2025-02-01,True,0.0,8.0,
FDX7L1Z-16C826-AA ,2025-03-01,True,0.0,0.0,
FDX7L1Z-16C826-AA ,2025-04-01,True,58.0,2.0,
FDX7L1Z-16C826-AA ,2025-05-01,False,100.0,10.0,13.0
FDX7L1Z-16C826-AA ,2025-06-01,False,94.0,6.0,8.0
FDX7L1Z-17D957-AA ,2024-06-01,False,0.0,5.0,
FDX7L1Z-17D957-AA ,2024-07-01,True,0.0,0.0,
FDX7L1Z-17D957-AA ,2024-08-01,True,0.0,0.0,
FDX7L1Z-17D957-AA ,2024-09-01,True,0.0,0.0,
FDX7L1Z-17D957-AA ,2024-10-01,True,20.0,0.0,
FDX7L1Z-17D957-AA ,2024-11-01,False,18.0,2.0,
FDX7L1Z-17D957-AA ,2024-12-01,False,17.0,1.0,
FDX7L1Z-17D957-AA ,2025-01-01,False,24.0,3.0,
FDX7L1Z-17D957-AA ,2025-02-01,False,24.0,0.0,
FDX7L1Z-17D957-AA ,2025-03-01,False,21.0,3.0,
FDX7L1Z-17D957-AA ,2025-04-01,False,17.0,4.0,
FDX7L1Z-17D957-AA ,2025-05-01,False,12.0,5.0,3.0
FDX7L1Z-17D957-AA ,2025-06-01,False,12.0,0.0,3.0
FDX7L1Z-17D957-APTM ,2024-06-01,False,1.0,1.0,
FDX7L1Z-17D957-APTM ,2024-07-01,False,0.0,1.0,
FDX7L1Z-17D957-APTM ,2024-08-01,True,0.0,0.0,
FDX7L1Z-17D957-APTM ,2024-09-01,True,10.0,0.0,
FDX7L1Z-17D957-APTM ,2024-10-01,False,10.0,0.0,
FDX7L1Z-17D957-APTM ,2024-11-01,False,9.0,1.0,
FDX7L1Z-17D957-APTM ,2024-12-01,False,18.0,1.0,
FDX7L1Z-17D957-APTM ,2025-01-01,False,17.0,1.0,
FDX7L1Z-17D957-APTM ,2025-02-01,False,17.0,0.0,
FDX7L1Z-17D957-APTM ,2025-03-01,False,15.0,2.0,
FDX7L1Z-17D957-APTM ,2025-04-01,False,14.0,1.0,
FDX7L1Z-17D957-APTM ,2025-05-01,False,13.0,1.0,1.0
FDX7L1Z-17D957-APTM ,2025-06-01,False,13.0,0.0,1.0
FDX7L1Z-78406A10-B ,2024-06-01,True,0.0,0.0,
FDX7L1Z-78406A10-B ,2024-07-01,True,25.0,0.0,
FDX7L1Z-78406A10-B ,2024-08-01,False,24.0,1.0,
FDX7L1Z-78406A10-B ,2024-09-01,False,22.0,2.0,
FDX7L1Z-78406A10-B ,2024-10-01,False,22.0,0.0,
FDX7L1Z-78406A10-B ,2024-11-01,False,21.0,1.0,
FDX7L1Z-78406A10-B ,2024-12-01,False,5.0,16.0,
FDX7L1Z-78406A10-B ,2025-01-01,False,2.0,3.0,
FDX7L1Z-78406A10-B ,2025-02-01,True,0.0,2.0,
FDX7L1Z-78406A10-B ,2025-03-01,True,0.0,0.0,
FDX7L1Z-78406A10-B ,2025-04-01,True,22.0,3.0,
FDX7L1Z-78406A10-B ,2025-05-01,False,42.0,0.0,6.0
FDX7L1Z-78406A10-B ,2025-06-01,False,41.0,1.0,1.0
FDX7L1Z-78406A11-B ,2024-06-01,True,27.0,4.0,
FDX7L1Z-78406A11-B ,2024-07-01,False,52.0,0.0,
FDX7L1Z-78406A11-B ,2024-08-01,False,51.0,1.0,
FDX7L1Z-78406A11-B ,2024-09-01,False,47.0,4.0,
FDX7L1Z-78406A11-B ,2024-10-01,False,47.0,0.0,
FDX7L1Z-78406A11-B ,2024-11-01,False,44.0,3.0,
FDX7L1Z-78406A11-B ,2024-12-01,False,31.0,13.0,
FDX7L1Z-78406A11-B ,2025-01-01,False,16.0,15.0,
FDX7L1Z-78406A11-B ,2025-02-01,False,14.0,2.0,
FDX7L1Z-78406A11-B ,2025-03-01,False,12.0,2.0,
FDX7L1Z-78406A11-B ,2025-04-01,False,36.0,1.0,
FDX7L1Z-78406A11-B ,2025-05-01,False,56.0,0.0,3.0
FDX7L1Z-78406A11-B ,2025-06-01,False,51.0,5.0,2.0
FDX7L1Z-7842104-A ,2024-06-01,False,19.0,1.0,
FDX7L1Z-7842104-A ,2024-07-01,False,18.0,1.0,
FDX7L1Z-7842104-A ,2024-08-01,False,18.0,0.0,
FDX7L1Z-7842104-A ,2024-09-01,False,18.0,0.0,
FDX7L1Z-7842104-A ,2024-10-01,False,17.0,1.0,
FDX7L1Z-7842104-A ,2024-11-01,False,17.0,0.0,
FDX7L1Z-7842104-A ,2024-12-01,False,15.0,2.0,
FDX7L1Z-7842104-A ,2025-01-01,False,11.0,4.0,
FDX7L1Z-7842104-A ,2025-02-01,False,10.0,1.0,
FDX7L1Z-7842104-A ,2025-03-01,False,10.0,0.0,
FDX7L1Z-7842104-A ,2025-04-01,False,10.0,0.0,
FDX7L1Z-7842104-A ,2025-05-01,False,9.0,1.0,1.0
FDX7L1Z-7842104-A ,2025-06-01,False,19.0,0.0,1.0
FDX7L1Z-7842105-A ,2024-06-01,False,10.0,1.0,
FDX7L1Z-7842105-A ,2024-07-01,False,29.0,1.0,
FDX7L1Z-7842105-A ,2024-08-01,False,29.0,0.0,
FDX7L1Z-7842105-A ,2024-09-01,False,29.0,0.0,
FDX7L1Z-7842105-A ,2024-10-01,False,28.0,1.0,
FDX7L1Z-7842105-A ,2024-11-01,False,28.0,0.0,
FDX7L1Z-7842105-A ,2024-12-01,False,26.0,2.0,
FDX7L1Z-7842105-A ,2025-01-01,False,24.0,2.0,
FDX7L1Z-7842105-A ,2025-02-01,False,23.0,1.0,
FDX7L1Z-7842105-A ,2025-03-01,False,23.0,0.0,
FDX7L1Z-7842105-A ,2025-04-01,False,21.0,2.0,
FDX7L1Z-7842105-A ,2025-05-01,False,19.0,1.0,1.0
FDX7L1Z-7842105-A ,2025-06-01,False,19.0,0.0,1.0
FDX7L1Z-8146-BA ,2024-06-01,False,2.0,0.0,
FDX7L1Z-8146-BA ,2024-07-01,False,2.0,0.0,
FDX7L1Z-8146-BA ,2024-08-01,False,0.0,2.0,
FDX7L1Z-8146-BA ,2024-09-01,True,0.0,0.0,
FDX7L1Z-8146-BA ,2024-10-01,True,0.0,0.0,
FDX7L1Z-8146-BA ,2024-11-01,True,0.0,0.0,
FDX7L1Z-8146-BA ,2024-12-01,True,0.0,0.0,
FDX7L1Z-8146-BA ,2025-01-01,True,0.0,0.0,
FDX7L1Z-8146-BA ,2025-02-01,True,0.0,0.0,
FDX7L1Z-8146-BA ,2025-03-01,True,0.0,0.0,
FDX7L1Z-8146-BA ,2025-04-01,True,0.0,0.0,
FDX7L1Z-8146-BA ,2025-05-01,True,0.0,0.0,0.0
FDX7L1Z-8146-BA ,2025-06-01,True,0.0,0.0,0.0
FDX7L1Z-8200-BA ,2024-06-01,False,17.0,0.0,
FDX7L1Z-8200-BA ,2024-07-01,False,17.0,0.0,
FDX7L1Z-8200-BA ,2024-08-01,False,12.0,5.0,
FDX7L1Z-8200-BA ,2024-09-01,False,12.0,0.0,
FDX7L1Z-8200-BA ,2024-10-01,False,9.0,3.0,
FDX7L1Z-8200-BA ,2024-11-01,False,8.0,1.0,
FDX7L1Z-8200-BA ,2024-12-01,False,6.0,2.0,
FDX7L1Z-8200-BA ,2025-01-01,False,10.0,1.0,
FDX7L1Z-8200-BA ,2025-02-01,False,7.0,3.0,
FDX7L1Z-8200-BA ,2025-03-01,False,6.0,1.0,
FDX7L1Z-8200-BA ,2025-04-01,False,13.0,13.0,
FDX7L1Z-8200-BA ,2025-05-01,False,10.0,3.0,3.0
FDX7L1Z-8200-BA ,2025-06-01,False,9.0,1.0,2.0
FDX7L2Z-3078-AB ,2024-06-01,False,5.0,0.0,
FDX7L2Z-3078-AB ,2024-07-01,False,3.0,2.0,
FDX7L2Z-3078-AB ,2024-08-01,False,3.0,0.0,
FDX7L2Z-3078-AB ,2024-09-01,False,2.0,1.0,
FDX7L2Z-3078-AB ,2024-10-01,False,2.0,0.0,
FDX7L2Z-3078-AB ,2024-11-01,False,6.0,0.0,
FDX7L2Z-3078-AB ,2024-12-01,False,6.0,0.0,
FDX7L2Z-3078-AB ,2025-01-01,False,6.0,0.0,
FDX7L2Z-3078-AB ,2025-02-01,False,5.0,1.0,
FDX7L2Z-3078-AB ,2025-03-01,False,4.0,1.0,
FDX7L2Z-3078-AB ,2025-04-01,False,4.0,0.0,
FDX7L2Z-3078-AB ,2025-05-01,False,4.0,0.0,1.0
FDX7L2Z-3078-AB ,2025-06-01,False,4.0,0.0,1.0
FDX7L2Z-3079-AB ,2024-06-01,False,5.0,0.0,
FDX7L2Z-3079-AB ,2024-07-01,False,3.0,2.0,
FDX7L2Z-3079-AB ,2024-08-01,False,3.0,0.0,
FDX7L2Z-3079-AB ,2024-09-01,False,2.0,1.0,
FDX7L2Z-3079-AB ,2024-10-01,False,2.0,0.0,
FDX7L2Z-3079-AB ,2024-11-01,False,6.0,0.0,
FDX7L2Z-3079-AB ,2024-12-01,False,6.0,0.0,
FDX7L2Z-3079-AB ,2025-01-01,False,6.0,0.0,
FDX7L2Z-3079-AB ,2025-02-01,False,5.0,1.0,
FDX7L2Z-3079-AB ,2025-03-01,False,4.0,1.0,
FDX7L2Z-3079-AB ,2025-04-01,False,4.0,0.0,
FDX7L2Z-3079-AB ,2025-05-01,False,4.0,0.0,1.0
FDX7L2Z-3079-AB ,2025-06-01,False,4.0,0.0,1.0
FDX7R3Z-13008-C ,2024-06-01,False,4.0,0.0,
FDX7R3Z-13008-C ,2024-07-01,False,4.0,0.0,
FDX7R3Z-13008-C ,2024-08-01,False,4.0,0.0,
FDX7R3Z-13008-C ,2024-09-01,False,4.0,0.0,
FDX7R3Z-13008-C ,2024-10-01,False,4.0,0.0,
FDX7R3Z-13008-C ,2024-11-01,False,4.0,0.0,
FDX7R3Z-13008-C ,2024-12-01,False,3.0,1.0,
FDX7R3Z-13008-C ,2025-01-01,False,2.0,1.0,
FDX7R3Z-13008-C ,2025-02-01,False,2.0,0.0,
FDX7R3Z-13008-C ,2025-03-01,False,2.0,0.0,
FDX7R3Z-13008-C ,2025-04-01,False,2.0,0.0,
FDX7R3Z-13008-C ,2025-05-01,False,2.0,0.0,0.0
FDX7R3Z-13008-C ,2025-06-01,False,2.0,0.0,0.0
FDX7T4Z-13404-B ,2024-06-01,False,5.0,0.0,
FDX7T4Z-13404-B ,2024-07-01,False,5.0,0.0,
FDX7T4Z-13404-B ,2024-08-01,False,5.0,0.0,
FDX7T4Z-13404-B ,2024-09-01,False,5.0,0.0,
FDX7T4Z-13404-B ,2024-10-01,False,5.0,0.0,
FDX7T4Z-13404-B ,2024-11-01,False,5.0,0.0,
FDX7T4Z-13404-B ,2024-12-01,False,5.0,0.0,
FDX7T4Z-13404-B ,2025-01-01,False,5.0,0.0,
FDX7T4Z-13404-B ,2025-02-01,False,4.0,1.0,
FDX7T4Z-13404-B ,2025-03-01,False,4.0,0.0,
FDX7T4Z-13404-B ,2025-04-01,False,4.0,0.0,
FDX7T4Z-13404-B ,2025-05-01,False,4.0,0.0,0.0
FDX7T4Z-13404-B ,2025-06-01,False,4.0,0.0,0.0
FDX7T4Z-13405-B ,2024-06-01,False,3.0,0.0,
FDX7T4Z-13405-B ,2024-07-01,False,3.0,0.0,
FDX7T4Z-13405-B ,2024-08-01,False,3.0,0.0,
FDX7T4Z-13405-B ,2024-09-01,False,2.0,1.0,
FDX7T4Z-13405-B ,2024-10-01,False,2.0,0.0,
FDX7T4Z-13405-B ,2024-11-01,False,2.0,0.0,
FDX7T4Z-13405-B ,2024-12-01,False,2.0,0.0,
FDX7T4Z-13405-B ,2025-01-01,False,2.0,0.0,
FDX7T4Z-13405-B ,2025-02-01,False,2.0,0.0,
FDX7T4Z-13405-B ,2025-03-01,False,1.0,1.0,
FDX7T4Z-13405-B ,2025-04-01,False,1.0,0.0,
FDX7T4Z-13405-B ,2025-05-01,False,1.0,0.0,0.0
FDX7T4Z-13405-B ,2025-06-01,False,1.0,0.0,0.0
FDX7T4Z-16102-B ,2024-06-01,False,10.0,1.0,
FDX7T4Z-16102-B ,2024-07-01,False,10.0,0.0,
FDX7T4Z-16102-B ,2024-08-01,False,9.0,1.0,
FDX7T4Z-16102-B ,2024-09-01,False,7.0,2.0,
FDX7T4Z-16102-B ,2024-10-01,False,6.0,1.0,
FDX7T4Z-16102-B ,2024-11-01,False,6.0,0.0,
FDX7T4Z-16102-B ,2024-12-01,False,4.0,2.0,
FDX7T4Z-16102-B ,2025-01-01,False,4.0,0.0,
FDX7T4Z-16102-B ,2025-02-01,False,4.0,0.0,
FDX7T4Z-16102-B ,2025-03-01,False,4.0,0.0,
FDX7T4Z-16102-B ,2025-04-01,False,3.0,1.0,
FDX7T4Z-16102-B ,2025-05-01,False,3.0,0.0,0.0
FDX7T4Z-16102-B ,2025-06-01,False,3.0,0.0,1.0
FDX7T4Z-16103-B ,2024-06-01,False,5.0,0.0,
FDX7T4Z-16103-B ,2024-07-01,False,4.0,1.0,
FDX7T4Z-16103-B ,2024-08-01,False,4.0,0.0,
FDX7T4Z-16103-B ,2024-09-01,False,3.0,1.0,
FDX7T4Z-16103-B ,2024-10-01,False,3.0,0.0,
FDX7T4Z-16103-B ,2024-11-01,False,3.0,0.0,
FDX7T4Z-16103-B ,2024-12-01,False,2.0,1.0,
FDX7T4Z-16103-B ,2025-01-01,False,2.0,0.0,
FDX7T4Z-16103-B ,2025-02-01,False,2.0,0.0,
FDX7T4Z-16103-B ,2025-03-01,False,2.0,0.0,
FDX7T4Z-16103-B ,2025-04-01,False,1.0,1.0,
FDX7T4Z-16103-B ,2025-05-01,False,1.0,0.0,0.0
FDX7T4Z-16103-B ,2025-06-01,False,1.0,0.0,0.0
FDX7T4Z-5500-A ,2024-06-01,True,24.0,0.0,
FDX7T4Z-5500-A ,2024-07-01,False,22.0,2.0,
FDX7T4Z-5500-A ,2024-08-01,False,22.0,0.0,
FDX7T4Z-5500-A ,2024-09-01,False,22.0,0.0,
FDX7T4Z-5500-A ,2024-10-01,False,20.0,2.0,
FDX7T4Z-5500-A ,2024-11-01,False,20.0,0.0,
FDX7T4Z-5500-A ,2024-12-01,False,14.0,6.0,
FDX7T4Z-5500-A ,2025-01-01,False,12.0,2.0,
FDX7T4Z-5500-A ,2025-02-01,False,10.0,2.0,
FDX7T4Z-5500-A ,2025-03-01,False,8.0,2.0,
FDX7T4Z-5500-A ,2025-04-01,False,32.0,0.0,
FDX7T4Z-5500-A ,2025-05-01,False,30.0,2.0,2.0
FDX7T4Z-5500-A ,2025-06-01,False,30.0,0.0,1.0
FDX7T4Z-5500-AA ,2024-06-01,True,0.0,0.0,
FDX7T4Z-5500-AA ,2024-07-01,True,0.0,0.0,
FDX7T4Z-5500-AA ,2024-08-01,True,0.0,0.0,
FDX7T4Z-5500-AA ,2024-09-01,True,0.0,0.0,
FDX7T4Z-5500-AA ,2024-10-01,True,20.0,2.0,
FDX7T4Z-5500-AA ,2024-11-01,False,20.0,0.0,
FDX7T4Z-5500-AA ,2024-12-01,False,14.0,6.0,
FDX7T4Z-5500-AA ,2025-01-01,False,12.0,2.0,
FDX7T4Z-5500-AA ,2025-02-01,False,10.0,2.0,
FDX7T4Z-5500-AA ,2025-03-01,False,8.0,2.0,
FDX7T4Z-5500-AA ,2025-04-01,False,28.0,0.0,
FDX7T4Z-5500-AA ,2025-05-01,False,26.0,2.0,1.0
FDX7T4Z-5500-AA ,2025-06-01,False,26.0,0.0,1.0
FDX7T4Z-5A649-AA ,2024-06-01,False,6.0,0.0,
FDX7T4Z-5A649-AA ,2024-07-01,False,6.0,0.0,
FDX7T4Z-5A649-AA ,2024-08-01,False,3.0,3.0,
FDX7T4Z-5A649-AA ,2024-09-01,False,3.0,0.0,
FDX7T4Z-5A649-AA ,2024-10-01,False,21.0,0.0,
FDX7T4Z-5A649-AA ,2024-11-01,False,21.0,0.0,
FDX7T4Z-5A649-AA ,2024-12-01,False,11.0,10.0,
FDX7T4Z-5A649-AA ,2025-01-01,False,11.0,0.0,
FDX7T4Z-5A649-AA ,2025-02-01,False,9.0,2.0,
FDX7T4Z-5A649-AA ,2025-03-01,False,5.0,4.0,
FDX7T4Z-5A649-AA ,2025-04-01,False,5.0,0.0,
FDX7T4Z-5A649-AA ,2025-05-01,False,3.0,2.0,1.0
FDX7T4Z-5A649-AA ,2025-06-01,False,3.0,0.0,1.0
FDX7T4Z-78406A10-A ,2024-06-01,True,1.0,0.0,
FDX7T4Z-78406A10-A ,2024-07-01,True,25.0,1.0,
FDX7T4Z-78406A10-A ,2024-08-01,False,27.0,3.0,
FDX7T4Z-78406A10-A ,2024-09-01,False,32.0,0.0,
FDX7T4Z-78406A10-A ,2024-10-01,False,30.0,2.0,
FDX7T4Z-78406A10-A ,2024-11-01,False,26.0,4.0,
FDX7T4Z-78406A10-A ,2024-12-01,False,16.0,10.0,
FDX7T4Z-78406A10-A ,2025-01-01,False,7.0,9.0,
FDX7T4Z-78406A10-A ,2025-02-01,False,7.0,0.0,
FDX7T4Z-78406A10-A ,2025-03-01,False,7.0,0.0,
FDX7T4Z-78406A10-A ,2025-04-01,False,5.0,2.0,
FDX7T4Z-78406A10-A ,2025-05-01,False,5.0,0.0,3.0
FDX7T4Z-78406A10-A ,2025-06-01,False,5.0,0.0,3.0
FDX7T4Z-78406A11-A ,2024-06-01,False,3.0,0.0,
FDX7T4Z-78406A11-A ,2024-07-01,False,27.0,1.0,
FDX7T4Z-78406A11-A ,2024-08-01,False,29.0,3.0,
FDX7T4Z-78406A11-A ,2024-09-01,False,34.0,0.0,
FDX7T4Z-78406A11-A ,2024-10-01,False,32.0,2.0,
FDX7T4Z-78406A11-A ,2024-11-01,False,28.0,4.0,
FDX7T4Z-78406A11-A ,2024-12-01,False,24.0,4.0,
FDX7T4Z-78406A11-A ,2025-01-01,False,23.0,1.0,
FDX7T4Z-78406A11-A ,2025-02-01,False,9.0,14.0,
FDX7T4Z-78406A11-A ,2025-03-01,False,9.0,0.0,
FDX7T4Z-78406A11-A ,2025-04-01,False,8.0,1.0,
FDX7T4Z-78406A11-A ,2025-05-01,False,8.0,0.0,4.0
FDX7T4Z-78406A11-A ,2025-06-01,False,8.0,0.0,3.0
FDX8A8Z-13008-B ,2024-06-01,False,2.0,0.0,
FDX8A8Z-13008-B ,2024-07-01,False,2.0,0.0,
FDX8A8Z-13008-B ,2024-08-01,False,2.0,0.0,
FDX8A8Z-13008-B ,2024-09-01,False,2.0,0.0,
FDX8A8Z-13008-B ,2024-10-01,False,2.0,0.0,
FDX8A8Z-13008-B ,2024-11-01,False,2.0,0.0,
FDX8A8Z-13008-B ,2024-12-01,False,2.0,0.0,
FDX8A8Z-13008-B ,2025-01-01,False,2.0,0.0,
FDX8A8Z-13008-B ,2025-02-01,False,2.0,0.0,
FDX8A8Z-13008-B ,2025-03-01,False,2.0,0.0,
FDX8A8Z-13008-B ,2025-04-01,False,2.0,0.0,
FDX8A8Z-13008-B ,2025-05-01,False,1.0,1.0,0.0
FDX8A8Z-13008-B ,2025-06-01,False,1.0,0.0,0.0
FDX8L2Z-8200-DA ,2024-06-01,False,11.0,0.0,
FDX8L2Z-8200-DA ,2024-07-01,False,11.0,0.0,
FDX8L2Z-8200-DA ,2024-08-01,False,9.0,2.0,
FDX8L2Z-8200-DA ,2024-09-01,False,8.0,1.0,
FDX8L2Z-8200-DA ,2024-10-01,False,5.0,3.0,
FDX8L2Z-8200-DA ,2024-11-01,False,3.0,2.0,
FDX8L2Z-8200-DA ,2024-12-01,False,3.0,0.0,
FDX8L2Z-8200-DA ,2025-01-01,False,3.0,0.0,
FDX8L2Z-8200-DA ,2025-02-01,False,2.0,1.0,
FDX8L2Z-8200-DA ,2025-03-01,False,1.0,1.0,
FDX8L2Z-8200-DA ,2025-04-01,False,10.0,1.0,
FDX8L2Z-8200-DA ,2025-05-01,False,10.0,0.0,1.0
FDX8L2Z-8200-DA ,2025-06-01,False,10.0,0.0,1.0
FDX8L2Z-8A080-B ,2024-06-01,False,14.0,2.0,
FDX8L2Z-8A080-B ,2024-07-01,False,14.0,0.0,
FDX8L2Z-8A080-B ,2024-08-01,False,14.0,0.0,
FDX8L2Z-8A080-B ,2024-09-01,False,13.0,1.0,
FDX8L2Z-8A080-B ,2024-10-01,False,13.0,0.0,
FDX8L2Z-8A080-B ,2024-11-01,False,12.0,1.0,
FDX8L2Z-8A080-B ,2024-12-01,False,12.0,0.0,
FDX8L2Z-8A080-B ,2025-01-01,False,11.0,1.0,
FDX8L2Z-8A080-B ,2025-02-01,False,11.0,0.0,
FDX8L2Z-8A080-B ,2025-03-01,False,10.0,1.0,
FDX8L2Z-8A080-B ,2025-04-01,False,10.0,0.0,
FDX8L2Z-8A080-B ,2025-05-01,False,9.0,1.0,1.0
FDX8L2Z-8A080-B ,2025-06-01,False,8.0,1.0,1.0
FDX8T4Z-3078-A ,2024-06-01,False,10.0,1.0,
FDX8T4Z-3078-A ,2024-07-01,False,9.0,1.0,
FDX8T4Z-3078-A ,2024-08-01,False,8.0,1.0,
FDX8T4Z-3078-A ,2024-09-01,False,8.0,0.0,
FDX8T4Z-3078-A ,2024-10-01,False,8.0,0.0,
FDX8T4Z-3078-A ,2024-11-01,False,6.0,2.0,
FDX8T4Z-3078-A ,2024-12-01,False,5.0,1.0,
FDX8T4Z-3078-A ,2025-01-01,False,3.0,2.0,
FDX8T4Z-3078-A ,2025-02-01,False,3.0,0.0,
FDX8T4Z-3078-A ,2025-03-01,False,2.0,1.0,
FDX8T4Z-3078-A ,2025-04-01,False,2.0,0.0,
FDX8T4Z-3078-A ,2025-05-01,False,2.0,0.0,0.0
FDX8T4Z-3078-A ,2025-06-01,False,13.0,1.0,1.0
FDX8T4Z-3079-A ,2024-06-01,False,5.0,0.0,
FDX8T4Z-3079-A ,2024-07-01,False,4.0,1.0,
FDX8T4Z-3079-A ,2024-08-01,False,3.0,1.0,
FDX8T4Z-3079-A ,2024-09-01,False,3.0,0.0,
FDX8T4Z-3079-A ,2024-10-01,False,11.0,0.0,
FDX8T4Z-3079-A ,2024-11-01,False,9.0,2.0,
FDX8T4Z-3079-A ,2024-12-01,False,8.0,1.0,
FDX8T4Z-3079-A ,2025-01-01,False,6.0,2.0,
FDX8T4Z-3079-A ,2025-02-01,False,6.0,0.0,
FDX8T4Z-3079-A ,2025-03-01,False,6.0,0.0,
FDX8T4Z-3079-A ,2025-04-01,False,5.0,1.0,
FDX8T4Z-3079-A ,2025-05-01,False,5.0,0.0,0.0
FDX8T4Z-3079-A ,2025-06-01,False,12.0,1.0,1.0
FDX8W3Z-13404-A ,2024-06-01,False,20.0,0.0,
FDX8W3Z-13404-A ,2024-07-01,False,17.0,3.0,
FDX8W3Z-13404-A ,2024-08-01,False,15.0,2.0,
FDX8W3Z-13404-A ,2024-09-01,False,12.0,3.0,
FDX8W3Z-13404-A ,2024-10-01,False,10.0,2.0,
FDX8W3Z-13404-A ,2024-11-01,False,9.0,1.0,
FDX8W3Z-13404-A ,2024-12-01,False,9.0,0.0,
FDX8W3Z-13404-A ,2025-01-01,False,8.0,1.0,
FDX8W3Z-13404-A ,2025-02-01,False,5.0,3.0,
FDX8W3Z-13404-A ,2025-03-01,False,5.0,0.0,
FDX8W3Z-13404-A ,2025-04-01,False,11.0,2.0,
FDX8W3Z-13404-A ,2025-05-01,False,10.0,1.0,2.0
FDX8W3Z-13404-A ,2025-06-01,False,17.0,1.0,2.0
FDX8W3Z-13405-A ,2024-06-01,False,23.0,0.0,
FDX8W3Z-13405-A ,2024-07-01,False,21.0,2.0,
FDX8W3Z-13405-A ,2024-08-01,False,18.0,3.0,
FDX8W3Z-13405-A ,2024-09-01,False,14.0,4.0,
FDX8W3Z-13405-A ,2024-10-01,False,7.0,7.0,
FDX8W3Z-13405-A ,2024-11-01,False,2.0,5.0,
FDX8W3Z-13405-A ,2024-12-01,True,2.0,0.0,
FDX8W3Z-13405-A ,2025-01-01,True,2.0,0.0,
FDX8W3Z-13405-A ,2025-02-01,True,0.0,2.0,
FDX8W3Z-13405-A ,2025-03-01,True,0.0,0.0,
FDX8W3Z-13405-A ,2025-04-01,True,29.0,1.0,
FDX8W3Z-13405-A ,2025-05-01,False,28.0,1.0,6.0
FDX8W3Z-13405-A ,2025-06-01,False,26.0,2.0,5.0
FDX8W7Z-13404-B ,2024-06-01,False,9.0,2.0,
FDX8W7Z-13404-B ,2024-07-01,False,5.0,4.0,
FDX8W7Z-13404-B ,2024-08-01,False,3.0,2.0,
FDX8W7Z-13404-B ,2024-09-01,False,2.0,1.0,
FDX8W7Z-13404-B ,2024-10-01,False,2.0,0.0,
FDX8W7Z-13404-B ,2024-11-01,False,14.0,0.0,
FDX8W7Z-13404-B ,2024-12-01,False,13.0,1.0,
FDX8W7Z-13404-B ,2025-01-01,False,11.0,2.0,
FDX8W7Z-13404-B ,2025-02-01,False,9.0,2.0,
FDX8W7Z-13404-B ,2025-03-01,False,7.0,2.0,
FDX8W7Z-13404-B ,2025-04-01,False,4.0,3.0,
FDX8W7Z-13404-B ,2025-05-01,False,3.0,2.0,1.0
FDX8W7Z-13404-B ,2025-06-01,False,14.0,1.0,3.0
FDX8W7Z-13405-B ,2024-06-01,False,12.0,4.0,
FDX8W7Z-13405-B ,2024-07-01,False,6.0,6.0,
FDX8W7Z-13405-B ,2024-08-01,False,5.0,1.0,
FDX8W7Z-13405-B ,2024-09-01,False,4.0,1.0,
FDX8W7Z-13405-B ,2024-10-01,False,3.0,1.0,
FDX8W7Z-13405-B ,2024-11-01,False,15.0,0.0,
FDX8W7Z-13405-B ,2024-12-01,False,12.0,3.0,
FDX8W7Z-13405-B ,2025-01-01,False,11.0,1.0,
FDX8W7Z-13405-B ,2025-02-01,False,11.0,0.0,
FDX8W7Z-13405-B ,2025-03-01,False,9.0,2.0,
FDX8W7Z-13405-B ,2025-04-01,False,6.0,3.0,
FDX8W7Z-13405-B ,2025-05-01,False,4.0,2.0,2.0
FDX8W7Z-13405-B ,2025-06-01,False,15.0,1.0,3.0
FDX9L1Z-16C826-A ,2024-06-01,False,20.0,0.0,
FDX9L1Z-16C826-A ,2024-07-01,False,18.0,2.0,
FDX9L1Z-16C826-A ,2024-08-01,False,16.0,2.0,
FDX9L1Z-16C826-A ,2024-09-01,False,10.0,6.0,
FDX9L1Z-16C826-A ,2024-10-01,False,10.0,0.0,
FDX9L1Z-16C826-A ,2024-11-01,False,10.0,0.0,
FDX9L1Z-16C826-A ,2024-12-01,False,4.0,6.0,
FDX9L1Z-16C826-A ,2025-01-01,False,1.0,3.0,
FDX9L1Z-16C826-A ,2025-02-01,True,1.0,0.0,
FDX9L1Z-16C826-A ,2025-03-01,True,1.0,0.0,
FDX9L1Z-16C826-A ,2025-04-01,True,31.0,0.0,
FDX9L1Z-16C826-A ,2025-05-01,False,30.0,2.0,4.0
FDX9L1Z-16C826-A ,2025-06-01,False,29.0,1.0,2.0
FDX9L1Z-16C826-B ,2024-06-01,False,20.0,0.0,
FDX9L1Z-16C826-B ,2024-07-01,False,20.0,0.0,
FDX9L1Z-16C826-B ,2024-08-01,False,18.0,2.0,
FDX9L1Z-16C826-B ,2024-09-01,False,18.0,0.0,
FDX9L1Z-16C826-B ,2024-10-01,False,18.0,0.0,
FDX9L1Z-16C826-B ,2024-11-01,False,18.0,0.0,
FDX9L1Z-16C826-B ,2024-12-01,False,12.0,6.0,
FDX9L1Z-16C826-B ,2025-01-01,False,6.0,6.0,
FDX9L1Z-16C826-B ,2025-02-01,False,2.0,4.0,
FDX9L1Z-16C826-B ,2025-03-01,False,2.0,0.0,
FDX9L1Z-16C826-B ,2025-04-01,False,2.0,0.0,
FDX9L1Z-16C826-B ,2025-05-01,False,27.0,0.0,1.0
FDX9L1Z-16C826-B ,2025-06-01,False,26.0,1.0,2.0
FDX9L3Z-16102-A ,2024-06-01,False,3.0,0.0,
FDX9L3Z-16102-A ,2024-07-01,False,3.0,0.0,
FDX9L3Z-16102-A ,2024-08-01,False,3.0,0.0,
FDX9L3Z-16102-A ,2024-09-01,False,3.0,0.0,
FDX9L3Z-16102-A ,2024-10-01,False,3.0,0.0,
FDX9L3Z-16102-A ,2024-11-01,False,3.0,0.0,
FDX9L3Z-16102-A ,2024-12-01,False,3.0,0.0,
FDX9L3Z-16102-A ,2025-01-01,False,3.0,0.0,
FDX9L3Z-16102-A ,2025-02-01,False,3.0,0.0,
FDX9L3Z-16102-A ,2025-03-01,False,3.0,0.0,
FDX9L3Z-16102-A ,2025-04-01,False,1.0,2.0,
FDX9L3Z-16102-A ,2025-05-01,False,1.0,0.0,1.0
FDX9L3Z-16102-A ,2025-06-01,False,1.0,0.0,1.0
FDX9L3Z-16103-A ,2024-06-01,False,5.0,0.0,
FDX9L3Z-16103-A ,2024-07-01,False,5.0,0.0,
FDX9L3Z-16103-A ,2024-08-01,False,5.0,0.0,
FDX9L3Z-16103-A ,2024-09-01,False,5.0,0.0,
FDX9L3Z-16103-A ,2024-10-01,False,5.0,0.0,
FDX9L3Z-16103-A ,2024-11-01,False,5.0,0.0,
FDX9L3Z-16103-A ,2024-12-01,False,5.0,0.0,
FDX9L3Z-16103-A ,2025-01-01,False,5.0,0.0,
FDX9L3Z-16103-A ,2025-02-01,False,5.0,0.0,
FDX9L3Z-16103-A ,2025-03-01,False,5.0,0.0,
FDX9L3Z-16103-A ,2025-04-01,False,3.0,2.0,
FDX9L3Z-16103-A ,2025-05-01,False,3.0,0.0,0.0
FDX9L3Z-16103-A ,2025-06-01,False,3.0,0.0,0.0
FDX9L3Z-16612-A ,2024-06-01,False,1.0,0.0,
FDX9L3Z-16612-A ,2024-07-01,False,1.0,0.0,
FDX9L3Z-16612-A ,2024-08-01,False,1.0,0.0,
FDX9L3Z-16612-A ,2024-09-01,False,1.0,0.0,
FDX9L3Z-16612-A ,2024-10-01,False,1.0,0.0,
FDX9L3Z-16612-A ,2024-11-01,False,1.0,0.0,
FDX9L3Z-16612-A ,2024-12-01,False,1.0,0.0,
FDX9L3Z-16612-A ,2025-01-01,False,1.0,0.0,
FDX9L3Z-16612-A ,2025-02-01,False,1.0,0.0,
FDX9L3Z-16612-A ,2025-03-01,False,0.0,1.0,
FDX9L3Z-16612-A ,2025-04-01,True,0.0,0.0,
FDX9L3Z-16612-A ,2025-05-01,True,0.0,0.0,0.0
FDX9L3Z-16612-A ,2025-06-01,True,0.0,0.0,0.0
FDX9L3Z-16C826-A ,2024-06-01,False,15.0,0.0,
FDX9L3Z-16C826-A ,2024-07-01,False,15.0,0.0,
FDX9L3Z-16C826-A ,2024-08-01,False,13.0,2.0,
FDX9L3Z-16C826-A ,2024-09-01,False,11.0,2.0,
FDX9L3Z-16C826-A ,2024-10-01,False,11.0,0.0,
FDX9L3Z-16C826-A ,2024-11-01,False,11.0,0.0,
FDX9L3Z-16C826-A ,2024-12-01,False,7.0,4.0,
FDX9L3Z-16C826-A ,2025-01-01,False,5.0,2.0,
FDX9L3Z-16C826-A ,2025-02-01,False,5.0,0.0,
FDX9L3Z-16C826-A ,2025-03-01,False,5.0,0.0,
FDX9L3Z-16C826-A ,2025-04-01,False,35.0,0.0,
FDX9L3Z-16C826-A ,2025-05-01,False,35.0,0.0,1.0
FDX9L3Z-16C826-A ,2025-06-01,False,35.0,0.0,1.0
FDX9L3Z-17682-BB ,2024-06-01,False,4.0,0.0,
FDX9L3Z-17682-BB ,2024-07-01,False,4.0,0.0,
FDX9L3Z-17682-BB ,2024-08-01,False,4.0,0.0,
FDX9L3Z-17682-BB ,2024-09-01,False,3.0,1.0,
FDX9L3Z-17682-BB ,2024-10-01,False,3.0,0.0,
FDX9L3Z-17682-BB ,2024-11-01,False,3.0,0.0,
FDX9L3Z-17682-BB ,2024-12-01,False,2.0,1.0,
FDX9L3Z-17682-BB ,2025-01-01,False,2.0,0.0,
FDX9L3Z-17682-BB ,2025-02-01,False,2.0,0.0,
FDX9L3Z-17682-BB ,2025-03-01,False,2.0,0.0,
FDX9L3Z-17682-BB ,2025-04-01,False,2.0,0.0,
FDX9L3Z-17682-BB ,2025-05-01,False,2.0,0.0,0.0
FDX9L3Z-17682-BB ,2025-06-01,False,2.0,0.0,0.0
FDX9L3Z-17757-B ,2024-06-01,False,2.0,1.0,
FDX9L3Z-17757-B ,2024-07-01,False,2.0,0.0,
FDX9L3Z-17757-B ,2024-08-01,False,1.0,1.0,
FDX9L3Z-17757-B ,2024-09-01,False,1.0,0.0,
FDX9L3Z-17757-B ,2024-10-01,False,1.0,0.0,
FDX9L3Z-17757-B ,2024-11-01,False,1.0,0.0,
FDX9L3Z-17757-B ,2024-12-01,False,6.0,0.0,
FDX9L3Z-17757-B ,2025-01-01,False,6.0,0.0,
FDX9L3Z-17757-B ,2025-02-01,False,6.0,0.0,
FDX9L3Z-17757-B ,2025-03-01,False,6.0,0.0,
FDX9L3Z-17757-B ,2025-04-01,False,6.0,0.0,
FDX9L3Z-17757-B ,2025-05-01,False,6.0,0.0,0.0
FDX9L3Z-17757-B ,2025-06-01,False,6.0,0.0,0.0
FDX9L3Z-17906-DPTM ,2024-06-01,False,1.0,0.0,
FDX9L3Z-17906-DPTM ,2024-07-01,False,1.0,0.0,
FDX9L3Z-17906-DPTM ,2024-08-01,False,1.0,0.0,
FDX9L3Z-17906-DPTM ,2024-09-01,False,1.0,0.0,
FDX9L3Z-17906-DPTM ,2024-10-01,False,1.0,0.0,
FDX9L3Z-17906-DPTM ,2024-11-01,False,1.0,0.0,
FDX9L3Z-17906-DPTM ,2024-12-01,False,0.0,1.0,
FDX9L3Z-17906-DPTM ,2025-01-01,True,0.0,0.0,
FDX9L3Z-17906-DPTM ,2025-02-01,True,0.0,0.0,
FDX9L3Z-17906-DPTM ,2025-03-01,True,0.0,0.0,
FDX9L3Z-17906-DPTM ,2025-04-01,True,1.0,0.0,
FDX9L3Z-17906-DPTM ,2025-05-01,False,0.0,1.0,1.0
FDX9L3Z-17906-DPTM ,2025-06-01,True,0.0,0.0,0.0
FDX9L3Z-17B807-B ,2024-06-01,False,2.0,0.0,
FDX9L3Z-17B807-B ,2024-07-01,False,1.0,1.0,
FDX9L3Z-17B807-B ,2024-08-01,False,1.0,0.0,
FDX9L3Z-17B807-B ,2024-09-01,False,0.0,1.0,
FDX9L3Z-17B807-B ,2024-10-01,True,12.0,0.0,
FDX9L3Z-17B807-B ,2024-11-01,False,11.0,1.0,
FDX9L3Z-17B807-B ,2024-12-01,False,11.0,0.0,
FDX9L3Z-17B807-B ,2025-01-01,False,10.0,1.0,
FDX9L3Z-17B807-B ,2025-02-01,False,9.0,1.0,
FDX9L3Z-17B807-B ,2025-03-01,False,9.0,0.0,
FDX9L3Z-17B807-B ,2025-04-01,False,8.0,1.0,
FDX9L3Z-17B807-B ,2025-05-01,False,7.0,1.0,1.0
FDX9L3Z-17B807-B ,2025-06-01,False,11.0,0.0,1.0
FDX9L3Z-17B807-C ,2024-06-01,True,0.0,0.0,
FDX9L3Z-17B807-C ,2024-07-01,True,0.0,0.0,
FDX9L3Z-17B807-C ,2024-08-01,True,0.0,0.0,
FDX9L3Z-17B807-C ,2024-09-01,True,0.0,0.0,
FDX9L3Z-17B807-C ,2024-10-01,True,2.0,0.0,
FDX9L3Z-17B807-C ,2024-11-01,False,1.0,1.0,
FDX9L3Z-17B807-C ,2024-12-01,False,0.0,1.0,
FDX9L3Z-17B807-C ,2025-01-01,True,0.0,0.0,
FDX9L3Z-17B807-C ,2025-02-01,True,0.0,0.0,
FDX9L3Z-17B807-C ,2025-03-01,True,0.0,0.0,
FDX9L3Z-17B807-C ,2025-04-01,True,4.0,0.0,
FDX9L3Z-17B807-C ,2025-05-01,False,4.0,0.0,0.0
FDX9L3Z-17B807-C ,2025-06-01,False,4.0,0.0,1.0
FDX9L3Z-17E810-B ,2024-06-01,False,3.0,1.0,
FDX9L3Z-17E810-B ,2024-07-01,False,3.0,0.0,
FDX9L3Z-17E810-B ,2024-08-01,False,1.0,2.0,
FDX9L3Z-17E810-B ,2024-09-01,False,0.0,1.0,
FDX9L3Z-17E810-B ,2024-10-01,True,10.0,0.0,
FDX9L3Z-17E810-B ,2024-11-01,False,9.0,1.0,
FDX9L3Z-17E810-B ,2024-12-01,False,5.0,4.0,
FDX9L3Z-17E810-B ,2025-01-01,False,5.0,0.0,
FDX9L3Z-17E810-B ,2025-02-01,False,5.0,0.0,
FDX9L3Z-17E810-B ,2025-03-01,False,4.0,1.0,
FDX9L3Z-17E810-B ,2025-04-01,False,3.0,1.0,
FDX9L3Z-17E810-B ,2025-05-01,False,11.0,2.0,2.0
FDX9L3Z-17E810-B ,2025-06-01,False,11.0,0.0,1.0
FDX9L3Z-17E811-A ,2024-06-01,False,8.0,0.0,
FDX9L3Z-17E811-A ,2024-07-01,False,8.0,0.0,
FDX9L3Z-17E811-A ,2024-08-01,False,8.0,0.0,
FDX9L3Z-17E811-A ,2024-09-01,False,8.0,0.0,
FDX9L3Z-17E811-A ,2024-10-01,False,8.0,0.0,
FDX9L3Z-17E811-A ,2024-11-01,False,7.0,1.0,
FDX9L3Z-17E811-A ,2024-12-01,False,5.0,2.0,
FDX9L3Z-17E811-A ,2025-01-01,False,4.0,1.0,
FDX9L3Z-17E811-A ,2025-02-01,False,4.0,0.0,
FDX9L3Z-17E811-A ,2025-03-01,False,4.0,0.0,
FDX9L3Z-17E811-A ,2025-04-01,False,2.0,2.0,
FDX9L3Z-17E811-A ,2025-05-01,False,2.0,0.0,1.0
FDX9L3Z-17E811-A ,2025-06-01,False,1.0,1.0,0.0
FDX9L3Z-3078-A ,2024-06-01,False,9.0,0.0,
FDX9L3Z-3078-A ,2024-07-01,False,8.0,1.0,
FDX9L3Z-3078-A ,2024-08-01,False,8.0,0.0,
FDX9L3Z-3078-A ,2024-09-01,False,8.0,0.0,
FDX9L3Z-3078-A ,2024-10-01,False,8.0,0.0,
FDX9L3Z-3078-A ,2024-11-01,False,8.0,0.0,
FDX9L3Z-3078-A ,2024-12-01,False,7.0,1.0,
FDX9L3Z-3078-A ,2025-01-01,False,7.0,0.0,
FDX9L3Z-3078-A ,2025-02-01,False,7.0,0.0,
FDX9L3Z-3078-A ,2025-03-01,False,6.0,1.0,
FDX9L3Z-3078-A ,2025-04-01,False,6.0,0.0,
FDX9L3Z-3078-A ,2025-05-01,False,6.0,0.0,0.0
FDX9L3Z-3078-A ,2025-06-01,False,5.0,1.0,1.0
FDX9L3Z-3079-A ,2024-06-01,False,3.0,1.0,
FDX9L3Z-3079-A ,2024-07-01,False,2.0,1.0,
FDX9L3Z-3079-A ,2024-08-01,False,2.0,0.0,
FDX9L3Z-3079-A ,2024-09-01,False,2.0,0.0,
FDX9L3Z-3079-A ,2024-10-01,False,2.0,0.0,
FDX9L3Z-3079-A ,2024-11-01,False,2.0,0.0,
FDX9L3Z-3079-A ,2024-12-01,False,2.0,0.0,
FDX9L3Z-3079-A ,2025-01-01,False,2.0,0.0,
FDX9L3Z-3079-A ,2025-02-01,False,2.0,0.0,
FDX9L3Z-3079-A ,2025-03-01,False,1.0,1.0,
FDX9L3Z-3079-A ,2025-04-01,False,13.0,0.0,
FDX9L3Z-3079-A ,2025-05-01,False,13.0,0.0,0.0
FDX9L3Z-3079-A ,2025-06-01,False,12.0,1.0,1.0
FDX9R3Z-15200-B ,2024-06-01,True,0.0,0.0,
FDX9R3Z-15200-B ,2024-07-01,True,0.0,0.0,
FDX9R3Z-15200-B ,2024-08-01,True,0.0,0.0,
FDX9R3Z-15200-B ,2024-09-01,True,0.0,0.0,
FDX9R3Z-15200-B ,2024-10-01,True,0.0,0.0,
FDX9R3Z-15200-B ,2024-11-01,True,1.0,1.0,
FDX9R3Z-15200-B ,2024-12-01,False,1.0,0.0,
FDX9R3Z-15200-B ,2025-01-01,False,1.0,0.0,
FDX9R3Z-15200-B ,2025-02-01,False,1.0,0.0,
FDX9R3Z-15200-B ,2025-03-01,False,1.0,0.0,
FDX9R3Z-15200-B ,2025-04-01,False,1.0,0.0,
FDX9R3Z-15200-B ,2025-05-01,False,1.0,0.0,0.0
FDX9R3Z-15200-B ,2025-06-01,False,1.0,0.0,0.0
FDX9R3Z-5A649-B ,2024-06-01,False,11.0,0.0,
FDX9R3Z-5A649-B ,2024-07-01,False,11.0,0.0,
FDX9R3Z-5A649-B ,2024-08-01,False,9.0,2.0,
FDX9R3Z-5A649-B ,2024-09-01,False,7.0,2.0,
FDX9R3Z-5A649-B ,2024-10-01,False,7.0,0.0,
FDX9R3Z-5A649-B ,2024-11-01,False,5.0,2.0,
FDX9R3Z-5A649-B ,2024-12-01,False,3.0,2.0,
FDX9R3Z-5A649-B ,2025-01-01,False,3.0,0.0,
FDX9R3Z-5A649-B ,2025-02-01,False,3.0,0.0,
FDX9R3Z-5A649-B ,2025-03-01,False,3.0,0.0,
FDX9R3Z-5A649-B ,2025-04-01,False,3.0,0.0,
FDX9R3Z-5A649-B ,2025-05-01,False,3.0,0.0,0.0
FDX9R3Z-5A649-B ,2025-06-01,False,1.0,2.0,0.0
FDX9T4Z-8A080-A ,2024-06-01,False,7.0,2.0,
FDX9T4Z-8A080-A ,2024-07-01,False,19.0,0.0,
FDX9T4Z-8A080-A ,2024-08-01,False,17.0,2.0,
FDX9T4Z-8A080-A ,2024-09-01,False,17.0,0.0,
FDX9T4Z-8A080-A ,2024-10-01,False,15.0,2.0,
FDX9T4Z-8A080-A ,2024-11-01,False,11.0,4.0,
FDX9T4Z-8A080-A ,2024-12-01,False,10.0,1.0,
FDX9T4Z-8A080-A ,2025-01-01,False,6.0,4.0,
FDX9T4Z-8A080-A ,2025-02-01,False,2.0,4.0,
FDX9T4Z-8A080-A ,2025-03-01,False,1.0,1.0,
FDX9T4Z-8A080-A ,2025-04-01,True,19.0,0.0,
FDX9T4Z-8A080-A ,2025-05-01,False,17.0,2.0,3.0
FDX9T4Z-8A080-A ,2025-06-01,False,15.0,2.0,2.0
FDXAD-1044 ,2024-06-01,False,24.0,0.0,
FDXAD-1044 ,2024-07-01,False,24.0,0.0,
FDXAD-1044 ,2024-08-01,False,24.0,0.0,
FDXAD-1044 ,2024-09-01,False,24.0,0.0,
FDXAD-1044 ,2024-10-01,False,24.0,0.0,
FDXAD-1044 ,2024-11-01,False,24.0,0.0,
FDXAD-1044 ,2024-12-01,False,23.0,1.0,
FDXAD-1044 ,2025-01-01,False,23.0,0.0,
FDXAD-1044 ,2025-02-01,False,23.0,0.0,
FDXAD-1044 ,2025-03-01,False,23.0,0.0,
FDXAD-1044 ,2025-04-01,False,23.0,0.0,
FDXAD-1044 ,2025-05-01,False,23.0,0.0,0.0
FDXAD-1044 ,2025-06-01,False,23.0,0.0,0.0
FDXAD-1050 ,2024-06-01,False,36.0,4.0,
FDXAD-1050 ,2024-07-01,False,34.0,2.0,
FDXAD-1050 ,2024-08-01,False,29.0,5.0,
FDXAD-1050 ,2024-09-01,False,25.0,4.0,
FDXAD-1050 ,2024-10-01,False,23.0,2.0,
FDXAD-1050 ,2024-11-01,False,23.0,0.0,
FDXAD-1050 ,2024-12-01,False,23.0,0.0,
FDXAD-1050 ,2025-01-01,False,23.0,0.0,
FDXAD-1050 ,2025-02-01,False,19.0,4.0,
FDXAD-1050 ,2025-03-01,False,14.0,5.0,
FDXAD-1050 ,2025-04-01,False,14.0,0.0,
FDXAD-1050 ,2025-05-01,False,11.0,3.0,3.0
FDXAD-1050 ,2025-06-01,False,45.0,2.0,2.0
FDXAD-1059 ,2024-06-01,False,45.0,5.0,
FDXAD-1059 ,2024-07-01,False,33.0,12.0,
FDXAD-1059 ,2024-08-01,False,22.0,11.0,
FDXAD-1059 ,2024-09-01,False,21.0,1.0,
FDXAD-1059 ,2024-10-01,False,21.0,0.0,
FDXAD-1059 ,2024-11-01,False,15.0,6.0,
FDXAD-1059 ,2024-12-01,False,46.0,9.0,
FDXAD-1059 ,2025-01-01,False,42.0,4.0,
FDXAD-1059 ,2025-02-01,False,34.0,8.0,
FDXAD-1059 ,2025-03-01,False,30.0,4.0,
FDXAD-1059 ,2025-04-01,False,25.0,5.0,
FDXAD-1059 ,2025-05-01,False,25.0,0.0,4.0
FDXAD-1059 ,2025-06-01,False,25.0,0.0,3.0
FDXAD-1066 ,2024-06-01,False,30.0,3.0,
FDXAD-1066 ,2024-07-01,False,19.0,11.0,
FDXAD-1066 ,2024-08-01,False,18.0,1.0,
FDXAD-1066 ,2024-09-01,False,10.0,8.0,
FDXAD-1066 ,2024-10-01,False,6.0,4.0,
FDXAD-1066 ,2024-11-01,False,30.0,0.0,
FDXAD-1066 ,2024-12-01,False,30.0,0.0,
FDXAD-1066 ,2025-01-01,False,28.0,2.0,
FDXAD-1066 ,2025-02-01,False,27.0,1.0,
FDXAD-1066 ,2025-03-01,False,26.0,1.0,
FDXAD-1066 ,2025-04-01,False,24.0,2.0,
FDXAD-1066 ,2025-05-01,False,22.0,2.0,3.0
FDXAD-1066 ,2025-06-01,False,46.0,0.0,2.0
FDXAD-1100 ,2024-06-01,False,34.0,1.0,
FDXAD-1100 ,2024-07-01,False,32.0,2.0,
FDXAD-1100 ,2024-08-01,False,27.0,5.0,
FDXAD-1100 ,2024-09-01,False,27.0,0.0,
FDXAD-1100 ,2024-10-01,False,23.0,4.0,
FDXAD-1100 ,2024-11-01,False,21.0,2.0,
FDXAD-1100 ,2024-12-01,False,21.0,0.0,
FDXAD-1100 ,2025-01-01,False,19.0,2.0,
FDXAD-1100 ,2025-02-01,False,17.0,2.0,
FDXAD-1100 ,2025-03-01,False,15.0,2.0,
FDXAD-1100 ,2025-04-01,False,36.0,3.0,
FDXAD-1100 ,2025-05-01,False,36.0,0.0,2.0
FDXAD-1100 ,2025-06-01,False,36.0,0.0,2.0
FDXAD-1147 ,2024-06-01,False,2.0,0.0,
FDXAD-1147 ,2024-07-01,False,1.0,1.0,
FDXAD-1147 ,2024-08-01,True,0.0,1.0,
FDXAD-1147 ,2024-09-01,True,0.0,0.0,
FDXAD-1147 ,2024-10-01,True,24.0,0.0,
FDXAD-1147 ,2024-11-01,False,21.0,3.0,
FDXAD-1147 ,2024-12-01,False,19.0,2.0,
FDXAD-1147 ,2025-01-01,False,17.0,2.0,
FDXAD-1147 ,2025-02-01,False,15.0,2.0,
FDXAD-1147 ,2025-03-01,False,15.0,0.0,
FDXAD-1147 ,2025-04-01,False,37.0,2.0,
FDXAD-1147 ,2025-05-01,False,33.0,4.0,3.0
FDXAD-1147 ,2025-06-01,False,33.0,0.0,2.0
FDXAG1Z-16C826-A ,2024-06-01,False,18.0,2.0,
FDXAG1Z-16C826-A ,2024-07-01,False,27.0,6.0,
FDXAG1Z-16C826-A ,2024-08-01,False,25.0,2.0,
FDXAG1Z-16C826-A ,2024-09-01,False,21.0,4.0,
FDXAG1Z-16C826-A ,2024-10-01,False,19.0,2.0,
FDXAG1Z-16C826-A ,2024-11-01,False,15.0,4.0,
FDXAG1Z-16C826-A ,2024-12-01,False,11.0,4.0,
FDXAG1Z-16C826-A ,2025-01-01,False,7.0,4.0,
FDXAG1Z-16C826-A ,2025-02-01,False,7.0,0.0,
FDXAG1Z-16C826-A ,2025-03-01,False,7.0,0.0,
FDXAG1Z-16C826-A ,2025-04-01,False,7.0,0.0,
FDXAG1Z-16C826-A ,2025-05-01,False,20.0,0.0,1.0
FDXAG1Z-16C826-A ,2025-06-01,False,20.0,0.0,3.0
FDXAG1Z-16C826-B ,2024-06-01,False,31.0,0.0,
FDXAG1Z-16C826-B ,2024-07-01,False,29.0,2.0,
FDXAG1Z-16C826-B ,2024-08-01,False,27.0,2.0,
FDXAG1Z-16C826-B ,2024-09-01,False,27.0,0.0,
FDXAG1Z-16C826-B ,2024-10-01,False,25.0,2.0,
FDXAG1Z-16C826-B ,2024-11-01,False,21.0,4.0,
FDXAG1Z-16C826-B ,2024-12-01,False,19.0,2.0,
FDXAG1Z-16C826-B ,2025-01-01,False,17.0,2.0,
FDXAG1Z-16C826-B ,2025-02-01,False,17.0,0.0,
FDXAG1Z-16C826-B ,2025-03-01,False,17.0,0.0,
FDXAG1Z-16C826-B ,2025-04-01,False,15.0,2.0,
FDXAG1Z-16C826-B ,2025-05-01,False,25.0,2.0,2.0
FDXAG1Z-16C826-B ,2025-06-01,False,23.0,2.0,2.0
FDXAG1Z-54406A10-A ,2024-06-01,False,4.0,0.0,
FDXAG1Z-54406A10-A ,2024-07-01,False,4.0,0.0,
FDXAG1Z-54406A10-A ,2024-08-01,False,2.0,2.0,
FDXAG1Z-54406A10-A ,2024-09-01,False,2.0,0.0,
FDXAG1Z-54406A10-A ,2024-10-01,False,2.0,0.0,
FDXAG1Z-54406A10-A ,2024-11-01,False,0.0,2.0,
FDXAG1Z-54406A10-A ,2024-12-01,True,0.0,0.0,
FDXAG1Z-54406A10-A ,2025-01-01,True,0.0,0.0,
FDXAG1Z-54406A10-A ,2025-02-01,True,0.0,0.0,
FDXAG1Z-54406A10-A ,2025-03-01,True,0.0,0.0,
FDXAG1Z-54406A10-A ,2025-04-01,True,10.0,0.0,
FDXAG1Z-54406A10-A ,2025-05-01,False,10.0,0.0,1.0
FDXAG1Z-54406A10-A ,2025-06-01,False,10.0,0.0,1.0
FDXAG1Z-8A080-S ,2024-06-01,False,15.0,4.0,
FDXAG1Z-8A080-S ,2024-07-01,False,13.0,2.0,
FDXAG1Z-8A080-S ,2024-08-01,False,9.0,4.0,
FDXAG1Z-8A080-S ,2024-09-01,False,9.0,0.0,
FDXAG1Z-8A080-S ,2024-10-01,False,5.0,4.0,
FDXAG1Z-8A080-S ,2024-11-01,False,19.0,2.0,
FDXAG1Z-8A080-S ,2024-12-01,False,13.0,6.0,
FDXAG1Z-8A080-S ,2025-01-01,False,11.0,2.0,
FDXAG1Z-8A080-S ,2025-02-01,False,6.0,5.0,
FDXAG1Z-8A080-S ,2025-03-01,False,6.0,0.0,
FDXAG1Z-8A080-S ,2025-04-01,False,4.0,2.0,
FDXAG1Z-8A080-S ,2025-05-01,False,15.0,1.0,2.0
FDXAG1Z-8A080-S ,2025-06-01,False,37.0,2.0,2.0
FDXAL1Z-15200-A ,2024-06-01,False,12.0,0.0,
FDXAL1Z-15200-A ,2024-07-01,False,12.0,0.0,
FDXAL1Z-15200-A ,2024-08-01,False,12.0,0.0,
FDXAL1Z-15200-A ,2024-09-01,False,12.0,0.0,
FDXAL1Z-15200-A ,2024-10-01,False,28.0,4.0,
FDXAL1Z-15200-A ,2024-11-01,False,28.0,0.0,
FDXAL1Z-15200-A ,2024-12-01,False,26.0,2.0,
FDXAL1Z-15200-A ,2025-01-01,False,24.0,2.0,
FDXAL1Z-15200-A ,2025-02-01,False,22.0,2.0,
FDXAL1Z-15200-A ,2025-03-01,False,19.0,3.0,
FDXAL1Z-15200-A ,2025-04-01,False,14.0,5.0,
FDXAL1Z-15200-A ,2025-05-01,False,12.0,2.0,3.0
FDXAL1Z-15200-A ,2025-06-01,False,11.0,1.0,2.0
FDXAL3Z-3084-B ,2024-06-01,False,10.0,1.0,
FDXAL3Z-3084-B ,2024-07-01,False,6.0,4.0,
FDXAL3Z-3084-B ,2024-08-01,False,6.0,0.0,
FDXAL3Z-3084-B ,2024-09-01,False,6.0,0.0,
FDXAL3Z-3084-B ,2024-10-01,False,4.0,2.0,
FDXAL3Z-3084-B ,2024-11-01,False,13.0,1.0,
FDXAL3Z-3084-B ,2024-12-01,False,12.0,1.0,
FDXAL3Z-3084-B ,2025-01-01,False,12.0,0.0,
FDXAL3Z-3084-B ,2025-02-01,False,12.0,0.0,
FDXAL3Z-3084-B ,2025-03-01,False,12.0,0.0,
FDXAL3Z-3084-B ,2025-04-01,False,12.0,0.0,
FDXAL3Z-3084-B ,2025-05-01,False,12.0,0.0,0.0
FDXAL3Z-3084-B ,2025-06-01,False,12.0,0.0,1.0
FDXAL3Z-3085-B ,2024-06-01,False,10.0,1.0,
FDXAL3Z-3085-B ,2024-07-01,False,6.0,4.0,
FDXAL3Z-3085-B ,2024-08-01,False,6.0,0.0,
FDXAL3Z-3085-B ,2024-09-01,False,6.0,0.0,
FDXAL3Z-3085-B ,2024-10-01,False,5.0,1.0,
FDXAL3Z-3085-B ,2024-11-01,False,14.0,1.0,
FDXAL3Z-3085-B ,2024-12-01,False,13.0,1.0,
FDXAL3Z-3085-B ,2025-01-01,False,13.0,0.0,
FDXAL3Z-3085-B ,2025-02-01,False,13.0,0.0,
FDXAL3Z-3085-B ,2025-03-01,False,13.0,0.0,
FDXAL3Z-3085-B ,2025-04-01,False,13.0,0.0,
FDXAL3Z-3085-B ,2025-05-01,False,13.0,0.0,1.0
FDXAL3Z-3085-B ,2025-06-01,False,13.0,0.0,1.0
FDXAR3Z-16005-A ,2024-06-01,False,1.0,0.0,
FDXAR3Z-16005-A ,2024-07-01,False,1.0,0.0,
FDXAR3Z-16005-A ,2024-08-01,False,1.0,0.0,
FDXAR3Z-16005-A ,2024-09-01,False,1.0,0.0,
FDXAR3Z-16005-A ,2024-10-01,False,2.0,1.0,
FDXAR3Z-16005-A ,2024-11-01,False,2.0,0.0,
FDXAR3Z-16005-A ,2024-12-01,False,2.0,0.0,
FDXAR3Z-16005-A ,2025-01-01,False,2.0,0.0,
FDXAR3Z-16005-A ,2025-02-01,False,2.0,0.0,
FDXAR3Z-16005-A ,2025-03-01,False,2.0,0.0,
FDXAR3Z-16005-A ,2025-04-01,False,2.0,0.0,
FDXAR3Z-16005-A ,2025-05-01,False,2.0,0.0,0.0
FDXAR3Z-16005-A ,2025-06-01,False,2.0,0.0,0.0
FDXAR3Z-16102-A ,2024-06-01,False,7.0,0.0,
FDXAR3Z-16102-A ,2024-07-01,False,7.0,0.0,
FDXAR3Z-16102-A ,2024-08-01,False,7.0,0.0,
FDXAR3Z-16102-A ,2024-09-01,False,7.0,0.0,
FDXAR3Z-16102-A ,2024-10-01,False,6.0,1.0,
FDXAR3Z-16102-A ,2024-11-01,False,6.0,0.0,
FDXAR3Z-16102-A ,2024-12-01,False,6.0,0.0,
FDXAR3Z-16102-A ,2025-01-01,False,6.0,0.0,
FDXAR3Z-16102-A ,2025-02-01,False,6.0,0.0,
FDXAR3Z-16102-A ,2025-03-01,False,6.0,0.0,
FDXAR3Z-16102-A ,2025-04-01,False,6.0,0.0,
FDXAR3Z-16102-A ,2025-05-01,False,6.0,0.0,0.0
FDXAR3Z-16102-A ,2025-06-01,False,4.0,2.0,0.0
FDXAR3Z-16102-B ,2024-06-01,False,5.0,0.0,
FDXAR3Z-16102-B ,2024-07-01,False,5.0,0.0,
FDXAR3Z-16102-B ,2024-08-01,False,5.0,0.0,
FDXAR3Z-16102-B ,2024-09-01,False,5.0,0.0,
FDXAR3Z-16102-B ,2024-10-01,False,4.0,1.0,
FDXAR3Z-16102-B ,2024-11-01,False,4.0,0.0,
FDXAR3Z-16102-B ,2024-12-01,False,4.0,0.0,
FDXAR3Z-16102-B ,2025-01-01,False,4.0,0.0,
FDXAR3Z-16102-B ,2025-02-01,False,4.0,0.0,
FDXAR3Z-16102-B ,2025-03-01,False,4.0,0.0,
FDXAR3Z-16102-B ,2025-04-01,False,4.0,0.0,
FDXAR3Z-16102-B ,2025-05-01,False,4.0,0.0,0.0
FDXAR3Z-16102-B ,2025-06-01,False,3.0,1.0,0.0
FDXAR3Z-16103-A ,2024-06-01,False,7.0,0.0,
FDXAR3Z-16103-A ,2024-07-01,False,7.0,0.0,
FDXAR3Z-16103-A ,2024-08-01,False,7.0,0.0,
FDXAR3Z-16103-A ,2024-09-01,False,6.0,1.0,
FDXAR3Z-16103-A ,2024-10-01,False,5.0,1.0,
FDXAR3Z-16103-A ,2024-11-01,False,5.0,0.0,
FDXAR3Z-16103-A ,2024-12-01,False,5.0,0.0,
FDXAR3Z-16103-A ,2025-01-01,False,5.0,0.0,
FDXAR3Z-16103-A ,2025-02-01,False,5.0,0.0,
FDXAR3Z-16103-A ,2025-03-01,False,5.0,0.0,
FDXAR3Z-16103-A ,2025-04-01,False,5.0,0.0,
FDXAR3Z-16103-A ,2025-05-01,False,5.0,0.0,0.0
FDXAR3Z-16103-A ,2025-06-01,False,4.0,1.0,0.0
FDXAR3Z-16103-B ,2024-06-01,False,3.0,0.0,
FDXAR3Z-16103-B ,2024-07-01,False,3.0,0.0,
FDXAR3Z-16103-B ,2024-08-01,False,3.0,0.0,
FDXAR3Z-16103-B ,2024-09-01,False,2.0,1.0,
FDXAR3Z-16103-B ,2024-10-01,False,1.0,1.0,
FDXAR3Z-16103-B ,2024-11-01,False,1.0,0.0,
FDXAR3Z-16103-B ,2024-12-01,False,1.0,0.0,
FDXAR3Z-16103-B ,2025-01-01,False,1.0,0.0,
FDXAR3Z-16103-B ,2025-02-01,False,1.0,0.0,
FDXAR3Z-16103-B ,2025-03-01,False,1.0,0.0,
FDXAR3Z-16103-B ,2025-04-01,False,6.0,0.0,
FDXAR3Z-16103-B ,2025-05-01,False,6.0,0.0,0.0
FDXAR3Z-16103-B ,2025-06-01,False,5.0,1.0,0.0
FDXAR3Z-17618-A ,2024-06-01,False,2.0,0.0,
FDXAR3Z-17618-A ,2024-07-01,False,7.0,0.0,
FDXAR3Z-17618-A ,2024-08-01,False,7.0,0.0,
FDXAR3Z-17618-A ,2024-09-01,False,7.0,0.0,
FDXAR3Z-17618-A ,2024-10-01,False,4.0,3.0,
FDXAR3Z-17618-A ,2024-11-01,False,4.0,0.0,
FDXAR3Z-17618-A ,2024-12-01,False,4.0,0.0,
FDXAR3Z-17618-A ,2025-01-01,False,4.0,0.0,
FDXAR3Z-17618-A ,2025-02-01,False,4.0,0.0,
FDXAR3Z-17618-A ,2025-03-01,False,4.0,0.0,
FDXAR3Z-17618-A ,2025-04-01,False,3.0,1.0,
FDXAR3Z-17618-A ,2025-05-01,False,3.0,0.0,0.0
FDXAR3Z-17618-A ,2025-06-01,False,8.0,0.0,1.0
FDXAR3Z-3078-B ,2024-06-01,False,8.0,0.0,
FDXAR3Z-3078-B ,2024-07-01,False,8.0,0.0,
FDXAR3Z-3078-B ,2024-08-01,False,6.0,2.0,
FDXAR3Z-3078-B ,2024-09-01,False,6.0,0.0,
FDXAR3Z-3078-B ,2024-10-01,False,6.0,0.0,
FDXAR3Z-3078-B ,2024-11-01,False,5.0,1.0,
FDXAR3Z-3078-B ,2024-12-01,False,5.0,0.0,
FDXAR3Z-3078-B ,2025-01-01,False,5.0,0.0,
FDXAR3Z-3078-B ,2025-02-01,False,5.0,0.0,
FDXAR3Z-3078-B ,2025-03-01,False,5.0,0.0,
FDXAR3Z-3078-B ,2025-04-01,False,5.0,0.0,
FDXAR3Z-3078-B ,2025-05-01,False,5.0,0.0,0.0
FDXAR3Z-3078-B ,2025-06-01,False,5.0,0.0,0.0
FDXAR3Z-3079-B ,2024-06-01,False,7.0,0.0,
FDXAR3Z-3079-B ,2024-07-01,False,7.0,0.0,
FDXAR3Z-3079-B ,2024-08-01,False,6.0,1.0,
FDXAR3Z-3079-B ,2024-09-01,False,6.0,0.0,
FDXAR3Z-3079-B ,2024-10-01,False,6.0,0.0,
FDXAR3Z-3079-B ,2024-11-01,False,6.0,0.0,
FDXAR3Z-3079-B ,2024-12-01,False,6.0,0.0,
FDXAR3Z-3079-B ,2025-01-01,False,6.0,0.0,
FDXAR3Z-3079-B ,2025-02-01,False,6.0,0.0,
FDXAR3Z-3079-B ,2025-03-01,False,6.0,0.0,
FDXAR3Z-3079-B ,2025-04-01,False,6.0,0.0,
FDXAR3Z-3079-B ,2025-05-01,False,6.0,0.0,0.0
FDXAR3Z-3079-B ,2025-06-01,False,6.0,0.0,0.0
FDXAT4Z-17682-AA ,2024-06-01,False,23.0,1.0,
FDXAT4Z-17682-AA ,2024-07-01,False,21.0,2.0,
FDXAT4Z-17682-AA ,2024-08-01,False,20.0,1.0,
FDXAT4Z-17682-AA ,2024-09-01,False,15.0,5.0,
FDXAT4Z-17682-AA ,2024-10-01,False,15.0,0.0,
FDXAT4Z-17682-AA ,2024-11-01,False,14.0,1.0,
FDXAT4Z-17682-AA ,2024-12-01,False,13.0,1.0,
FDXAT4Z-17682-AA ,2025-01-01,False,9.0,4.0,
FDXAT4Z-17682-AA ,2025-02-01,False,9.0,0.0,
FDXAT4Z-17682-AA ,2025-03-01,False,6.0,3.0,
FDXAT4Z-17682-AA ,2025-04-01,False,4.0,2.0,
FDXAT4Z-17682-AA ,2025-05-01,False,2.0,2.0,1.0
FDXAT4Z-17682-AA ,2025-06-01,False,18.0,0.0,2.0
FDXAT4Z-17683-AA ,2024-06-01,False,14.0,1.0,
FDXAT4Z-17683-AA ,2024-07-01,False,13.0,1.0,
FDXAT4Z-17683-AA ,2024-08-01,False,13.0,0.0,
FDXAT4Z-17683-AA ,2024-09-01,False,12.0,1.0,
FDXAT4Z-17683-AA ,2024-10-01,False,12.0,0.0,
FDXAT4Z-17683-AA ,2024-11-01,False,21.0,3.0,
FDXAT4Z-17683-AA ,2024-12-01,False,21.0,0.0,
FDXAT4Z-17683-AA ,2025-01-01,False,21.0,0.0,
FDXAT4Z-17683-AA ,2025-02-01,False,21.0,0.0,
FDXAT4Z-17683-AA ,2025-03-01,False,20.0,1.0,
FDXAT4Z-17683-AA ,2025-04-01,False,17.0,3.0,
FDXAT4Z-17683-AA ,2025-05-01,False,16.0,1.0,1.0
FDXAT4Z-17683-AA ,2025-06-01,False,16.0,0.0,1.0
FDXBA5Z-3C377-C ,2024-06-01,False,5.0,0.0,
FDXBA5Z-3C377-C ,2024-07-01,False,5.0,0.0,
FDXBA5Z-3C377-C ,2024-08-01,False,13.0,0.0,
FDXBA5Z-3C377-C ,2024-09-01,False,13.0,0.0,
FDXBA5Z-3C377-C ,2024-10-01,False,23.0,0.0,
FDXBA5Z-3C377-C ,2024-11-01,False,23.0,0.0,
FDXBA5Z-3C377-C ,2024-12-01,False,22.0,1.0,
FDXBA5Z-3C377-C ,2025-01-01,False,20.0,2.0,
FDXBA5Z-3C377-C ,2025-02-01,False,20.0,0.0,
FDXBA5Z-3C377-C ,2025-03-01,False,18.0,2.0,
FDXBA5Z-3C377-C ,2025-04-01,False,18.0,0.0,
FDXBA5Z-3C377-C ,2025-05-01,False,16.0,2.0,1.0
FDXBA5Z-3C377-C ,2025-06-01,False,14.0,2.0,1.0
FDXBB5Z-13008-J ,2024-06-01,False,3.0,0.0,
FDXBB5Z-13008-J ,2024-07-01,False,3.0,0.0,
FDXBB5Z-13008-J ,2024-08-01,False,3.0,0.0,
FDXBB5Z-13008-J ,2024-09-01,False,3.0,0.0,
FDXBB5Z-13008-J ,2024-10-01,False,2.0,1.0,
FDXBB5Z-13008-J ,2024-11-01,False,2.0,0.0,
FDXBB5Z-13008-J ,2024-12-01,False,2.0,0.0,
FDXBB5Z-13008-J ,2025-01-01,False,2.0,0.0,
FDXBB5Z-13008-J ,2025-02-01,False,2.0,0.0,
FDXBB5Z-13008-J ,2025-03-01,False,2.0,0.0,
FDXBB5Z-13008-J ,2025-04-01,False,2.0,0.0,
FDXBB5Z-13008-J ,2025-05-01,False,2.0,0.0,0.0
FDXBB5Z-13008-J ,2025-06-01,False,2.0,0.0,0.0
FDXBB5Z-13404-C ,2024-06-01,False,7.0,1.0,
FDXBB5Z-13404-C ,2024-07-01,False,7.0,0.0,
FDXBB5Z-13404-C ,2024-08-01,False,7.0,0.0,
FDXBB5Z-13404-C ,2024-09-01,False,7.0,0.0,
FDXBB5Z-13404-C ,2024-10-01,False,7.0,0.0,
FDXBB5Z-13404-C ,2024-11-01,False,7.0,0.0,
FDXBB5Z-13404-C ,2024-12-01,False,7.0,0.0,
FDXBB5Z-13404-C ,2025-01-01,False,6.0,1.0,
FDXBB5Z-13404-C ,2025-02-01,False,6.0,0.0,
FDXBB5Z-13404-C ,2025-03-01,False,6.0,0.0,
FDXBB5Z-13404-C ,2025-04-01,False,6.0,0.0,
FDXBB5Z-13404-C ,2025-05-01,False,6.0,0.0,0.0
FDXBB5Z-13404-C ,2025-06-01,False,6.0,0.0,0.0
FDXBB5Z-13405-C ,2024-06-01,False,11.0,0.0,
FDXBB5Z-13405-C ,2024-07-01,False,9.0,2.0,
FDXBB5Z-13405-C ,2024-08-01,False,9.0,0.0,
FDXBB5Z-13405-C ,2024-09-01,False,8.0,1.0,
FDXBB5Z-13405-C ,2024-10-01,False,7.0,1.0,
FDXBB5Z-13405-C ,2024-11-01,False,7.0,0.0,
FDXBB5Z-13405-C ,2024-12-01,False,7.0,0.0,
FDXBB5Z-13405-C ,2025-01-01,False,7.0,0.0,
FDXBB5Z-13405-C ,2025-02-01,False,7.0,0.0,
FDXBB5Z-13405-C ,2025-03-01,False,6.0,1.0,
FDXBB5Z-13405-C ,2025-04-01,False,6.0,0.0,
FDXBB5Z-13405-C ,2025-05-01,False,6.0,0.0,0.0
FDXBB5Z-13405-C ,2025-06-01,False,6.0,0.0,1.0
FDXBB5Z-17618-A ,2024-06-01,False,10.0,0.0,
FDXBB5Z-17618-A ,2024-07-01,False,10.0,0.0,
FDXBB5Z-17618-A ,2024-08-01,False,10.0,0.0,
FDXBB5Z-17618-A ,2024-09-01,False,10.0,0.0,
FDXBB5Z-17618-A ,2024-10-01,False,10.0,0.0,
FDXBB5Z-17618-A ,2024-11-01,False,9.0,1.0,
FDXBB5Z-17618-A ,2024-12-01,False,7.0,2.0,
FDXBB5Z-17618-A ,2025-01-01,False,6.0,1.0,
FDXBB5Z-17618-A ,2025-02-01,False,5.0,1.0,
FDXBB5Z-17618-A ,2025-03-01,False,6.0,1.0,
FDXBB5Z-17618-A ,2025-04-01,False,6.0,0.0,
FDXBB5Z-17618-A ,2025-05-01,False,6.0,0.0,0.0
FDXBB5Z-17618-A ,2025-06-01,False,6.0,0.0,0.0
FDXBB5Z-17682-NA ,2024-06-01,False,8.0,0.0,
FDXBB5Z-17682-NA ,2024-07-01,False,7.0,1.0,
FDXBB5Z-17682-NA ,2024-08-01,False,6.0,1.0,
FDXBB5Z-17682-NA ,2024-09-01,False,6.0,0.0,
FDXBB5Z-17682-NA ,2024-10-01,False,4.0,2.0,
FDXBB5Z-17682-NA ,2024-11-01,False,4.0,0.0,
FDXBB5Z-17682-NA ,2024-12-01,False,4.0,0.0,
FDXBB5Z-17682-NA ,2025-01-01,False,4.0,0.0,
FDXBB5Z-17682-NA ,2025-02-01,False,4.0,0.0,
FDXBB5Z-17682-NA ,2025-03-01,False,4.0,0.0,
FDXBB5Z-17682-NA ,2025-04-01,False,4.0,0.0,
FDXBB5Z-17682-NA ,2025-05-01,False,4.0,0.0,1.0
FDXBB5Z-17682-NA ,2025-06-01,False,4.0,0.0,1.0
FDXBB5Z-17683-NA ,2024-06-01,False,8.0,0.0,
FDXBB5Z-17683-NA ,2024-07-01,False,8.0,0.0,
FDXBB5Z-17683-NA ,2024-08-01,False,8.0,0.0,
FDXBB5Z-17683-NA ,2024-09-01,False,8.0,0.0,
FDXBB5Z-17683-NA ,2024-10-01,False,8.0,0.0,
FDXBB5Z-17683-NA ,2024-11-01,False,8.0,0.0,
FDXBB5Z-17683-NA ,2024-12-01,False,8.0,0.0,
FDXBB5Z-17683-NA ,2025-01-01,False,8.0,0.0,
FDXBB5Z-17683-NA ,2025-02-01,False,8.0,0.0,
FDXBB5Z-17683-NA ,2025-03-01,False,8.0,0.0,
FDXBB5Z-17683-NA ,2025-04-01,False,8.0,0.0,
FDXBB5Z-17683-NA ,2025-05-01,False,6.0,2.0,0.0
FDXBB5Z-17683-NA ,2025-06-01,False,5.0,1.0,1.0
FDXBB5Z-3078-A ,2024-06-01,False,3.0,3.0,
FDXBB5Z-3078-A ,2024-07-01,False,2.0,1.0,
FDXBB5Z-3078-A ,2024-08-01,False,2.0,0.0,
FDXBB5Z-3078-A ,2024-09-01,False,2.0,0.0,
FDXBB5Z-3078-A ,2024-10-01,False,2.0,0.0,
FDXBB5Z-3078-A ,2024-11-01,False,14.0,0.0,
FDXBB5Z-3078-A ,2024-12-01,False,11.0,3.0,
FDXBB5Z-3078-A ,2025-01-01,False,11.0,0.0,
FDXBB5Z-3078-A ,2025-02-01,False,10.0,1.0,
FDXBB5Z-3078-A ,2025-03-01,False,8.0,2.0,
FDXBB5Z-3078-A ,2025-04-01,False,8.0,0.0,
FDXBB5Z-3078-A ,2025-05-01,False,7.0,1.0,1.0
FDXBB5Z-3078-A ,2025-06-01,False,7.0,0.0,2.0
FDXBB5Z-3078-B ,2024-06-01,True,-1.0,1.0,
FDXBB5Z-3078-B ,2024-07-01,True,0.0,0.0,
FDXBB5Z-3078-B ,2024-08-01,True,0.0,0.0,
FDXBB5Z-3078-B ,2024-09-01,True,0.0,0.0,
FDXBB5Z-3078-B ,2024-10-01,True,0.0,0.0,
FDXBB5Z-3078-B ,2024-11-01,True,0.0,0.0,
FDXBB5Z-3078-B ,2024-12-01,True,0.0,0.0,
FDXBB5Z-3078-B ,2025-01-01,True,0.0,0.0,
FDXBB5Z-3078-B ,2025-02-01,True,0.0,0.0,
FDXBB5Z-3078-B ,2025-03-01,True,0.0,0.0,
FDXBB5Z-3078-B ,2025-04-01,True,0.0,0.0,
FDXBB5Z-3078-B ,2025-05-01,True,0.0,0.0,0.0
FDXBB5Z-3078-B ,2025-06-01,True,0.0,0.0,0.0
FDXBB5Z-3079-A ,2024-06-01,False,6.0,3.0,
FDXBB5Z-3079-A ,2024-07-01,False,5.0,1.0,
FDXBB5Z-3079-A ,2024-08-01,False,5.0,0.0,
FDXBB5Z-3079-A ,2024-09-01,False,5.0,0.0,
FDXBB5Z-3079-A ,2024-10-01,False,5.0,0.0,
FDXBB5Z-3079-A ,2024-11-01,False,17.0,0.0,
FDXBB5Z-3079-A ,2024-12-01,False,14.0,3.0,
FDXBB5Z-3079-A ,2025-01-01,False,14.0,0.0,
FDXBB5Z-3079-A ,2025-02-01,False,13.0,1.0,
FDXBB5Z-3079-A ,2025-03-01,False,11.0,2.0,
FDXBB5Z-3079-A ,2025-04-01,False,11.0,0.0,
FDXBB5Z-3079-A ,2025-05-01,False,10.0,1.0,1.0
FDXBB5Z-3079-A ,2025-06-01,False,10.0,0.0,1.0
FDXBB5Z-3C377-B ,2024-06-01,False,4.0,4.0,
FDXBB5Z-3C377-B ,2024-07-01,False,4.0,0.0,
FDXBB5Z-3C377-B ,2024-08-01,False,0.0,4.0,
FDXBB5Z-3C377-B ,2024-09-01,True,0.0,0.0,
FDXBB5Z-3C377-B ,2024-10-01,True,0.0,0.0,
FDXBB5Z-3C377-B ,2024-11-01,True,0.0,0.0,
FDXBB5Z-3C377-B ,2024-12-01,True,0.0,0.0,
FDXBB5Z-3C377-B ,2025-01-01,True,0.0,0.0,
FDXBB5Z-3C377-B ,2025-02-01,True,0.0,0.0,
FDXBB5Z-3C377-B ,2025-03-01,True,0.0,0.0,
FDXBB5Z-3C377-B ,2025-04-01,True,0.0,0.0,
FDXBB5Z-3C377-B ,2025-05-01,True,0.0,0.0,0.0
FDXBB5Z-3C377-B ,2025-06-01,True,0.0,0.0,0.0
FDXBB5Z-78406A10-A ,2024-06-01,False,8.0,0.0,
FDXBB5Z-78406A10-A ,2024-07-01,False,8.0,0.0,
FDXBB5Z-78406A10-A ,2024-08-01,False,7.0,1.0,
FDXBB5Z-78406A10-A ,2024-09-01,False,7.0,0.0,
FDXBB5Z-78406A10-A ,2024-10-01,False,7.0,0.0,
FDXBB5Z-78406A10-A ,2024-11-01,False,7.0,0.0,
FDXBB5Z-78406A10-A ,2024-12-01,False,4.0,3.0,
FDXBB5Z-78406A10-A ,2025-01-01,False,1.0,3.0,
FDXBB5Z-78406A10-A ,2025-02-01,False,0.0,1.0,
FDXBB5Z-78406A10-A ,2025-03-01,True,0.0,0.0,
FDXBB5Z-78406A10-A ,2025-04-01,True,24.0,0.0,
FDXBB5Z-78406A10-A ,2025-05-01,False,24.0,0.0,1.0
FDXBB5Z-78406A10-A ,2025-06-01,False,22.0,2.0,1.0
FDXBB5Z-78406A10-B ,2024-06-01,False,2.0,0.0,
FDXBB5Z-78406A10-B ,2024-07-01,False,2.0,0.0,
FDXBB5Z-78406A10-B ,2024-08-01,False,2.0,0.0,
FDXBB5Z-78406A10-B ,2024-09-01,False,2.0,0.0,
FDXBB5Z-78406A10-B ,2024-10-01,False,2.0,0.0,
FDXBB5Z-78406A10-B ,2024-11-01,False,1.0,1.0,
FDXBB5Z-78406A10-B ,2024-12-01,False,1.0,0.0,
FDXBB5Z-78406A10-B ,2025-01-01,False,1.0,0.0,
FDXBB5Z-78406A10-B ,2025-02-01,False,0.0,1.0,
FDXBB5Z-78406A10-B ,2025-03-01,True,0.0,0.0,
FDXBB5Z-78406A10-B ,2025-04-01,True,0.0,0.0,
FDXBB5Z-78406A10-B ,2025-05-01,True,0.0,0.0,0.0
FDXBB5Z-78406A10-B ,2025-06-01,True,0.0,0.0,0.0
FDXBB5Z-78406A11-AA ,2024-06-01,True,6.0,0.0,
FDXBB5Z-78406A11-AA ,2024-07-01,False,6.0,0.0,
FDXBB5Z-78406A11-AA ,2024-08-01,False,5.0,1.0,
FDXBB5Z-78406A11-AA ,2024-09-01,False,5.0,0.0,
FDXBB5Z-78406A11-AA ,2024-10-01,False,5.0,0.0,
FDXBB5Z-78406A11-AA ,2024-11-01,False,4.0,1.0,
FDXBB5Z-78406A11-AA ,2024-12-01,False,1.0,3.0,
FDXBB5Z-78406A11-AA ,2025-01-01,False,0.0,1.0,
FDXBB5Z-78406A11-AA ,2025-02-01,True,0.0,0.0,
FDXBB5Z-78406A11-AA ,2025-03-01,True,0.0,0.0,
FDXBB5Z-78406A11-AA ,2025-04-01,True,0.0,0.0,
FDXBB5Z-78406A11-AA ,2025-05-01,True,0.0,0.0,0.0
FDXBB5Z-78406A11-AA ,2025-06-01,True,0.0,0.0,0.0
FDXBB5Z-8200-AA ,2024-06-01,True,4.0,1.0,
FDXBB5Z-8200-AA ,2024-07-01,False,3.0,1.0,
FDXBB5Z-8200-AA ,2024-08-01,False,0.0,3.0,
FDXBB5Z-8200-AA ,2024-09-01,True,0.0,0.0,
FDXBB5Z-8200-AA ,2024-10-01,True,0.0,0.0,
FDXBB5Z-8200-AA ,2024-11-01,True,0.0,0.0,
FDXBB5Z-8200-AA ,2024-12-01,True,0.0,0.0,
FDXBB5Z-8200-AA ,2025-01-01,True,0.0,0.0,
FDXBB5Z-8200-AA ,2025-02-01,True,0.0,0.0,
FDXBB5Z-8200-AA ,2025-03-01,True,4.0,1.0,
FDXBB5Z-8200-AA ,2025-04-01,False,0.0,4.0,
FDXBB5Z-8200-AA ,2025-05-01,True,0.0,0.0,1.0
FDXBB5Z-8200-AA ,2025-06-01,True,0.0,0.0,0.0
FDXBG1Z-13008-A ,2024-06-01,False,4.0,0.0,
FDXBG1Z-13008-A ,2024-07-01,False,4.0,0.0,
FDXBG1Z-13008-A ,2024-08-01,False,1.0,3.0,
FDXBG1Z-13008-A ,2024-09-01,False,1.0,0.0,
FDXBG1Z-13008-A ,2024-10-01,False,1.0,0.0,
FDXBG1Z-13008-A ,2024-11-01,False,0.0,1.0,
FDXBG1Z-13008-A ,2024-12-01,True,4.0,0.0,
FDXBG1Z-13008-A ,2025-01-01,False,3.0,1.0,
FDXBG1Z-13008-A ,2025-02-01,False,3.0,0.0,
FDXBG1Z-13008-A ,2025-03-01,False,3.0,0.0,
FDXBG1Z-13008-A ,2025-04-01,False,2.0,1.0,
FDXBG1Z-13008-A ,2025-05-01,False,1.0,1.0,0.0
FDXBG1Z-13008-A ,2025-06-01,False,1.0,0.0,0.0
FDXBG1Z-13008-B ,2024-06-01,False,3.0,0.0,
FDXBG1Z-13008-B ,2024-07-01,False,3.0,0.0,
FDXBG1Z-13008-B ,2024-08-01,False,2.0,1.0,
FDXBG1Z-13008-B ,2024-09-01,False,2.0,0.0,
FDXBG1Z-13008-B ,2024-10-01,False,2.0,0.0,
FDXBG1Z-13008-B ,2024-11-01,False,1.0,1.0,
FDXBG1Z-13008-B ,2024-12-01,False,5.0,0.0,
FDXBG1Z-13008-B ,2025-01-01,False,5.0,0.0,
FDXBG1Z-13008-B ,2025-02-01,False,5.0,0.0,
FDXBG1Z-13008-B ,2025-03-01,False,5.0,0.0,
FDXBG1Z-13008-B ,2025-04-01,False,5.0,0.0,
FDXBG1Z-13008-B ,2025-05-01,False,4.0,1.0,0.0
FDXBG1Z-13008-B ,2025-06-01,False,4.0,0.0,1.0
FDXBG1Z-16102-A ,2024-06-01,False,4.0,1.0,
FDXBG1Z-16102-A ,2024-07-01,False,3.0,1.0,
FDXBG1Z-16102-A ,2024-08-01,False,2.0,1.0,
FDXBG1Z-16102-A ,2024-09-01,False,2.0,0.0,
FDXBG1Z-16102-A ,2024-10-01,False,1.0,1.0,
FDXBG1Z-16102-A ,2024-11-01,False,1.0,0.0,
FDXBG1Z-16102-A ,2024-12-01,False,1.0,0.0,
FDXBG1Z-16102-A ,2025-01-01,False,1.0,0.0,
FDXBG1Z-16102-A ,2025-02-01,False,1.0,0.0,
FDXBG1Z-16102-A ,2025-03-01,False,1.0,0.0,
FDXBG1Z-16102-A ,2025-04-01,False,1.0,0.0,
FDXBG1Z-16102-A ,2025-05-01,False,1.0,0.0,0.0
FDXBG1Z-16102-A ,2025-06-01,False,1.0,0.0,0.0
FDXBG1Z-16103-A ,2024-06-01,False,10.0,1.0,
FDXBG1Z-16103-A ,2024-07-01,False,9.0,1.0,
FDXBG1Z-16103-A ,2024-08-01,False,8.0,1.0,
FDXBG1Z-16103-A ,2024-09-01,False,8.0,0.0,
FDXBG1Z-16103-A ,2024-10-01,False,8.0,0.0,
FDXBG1Z-16103-A ,2024-11-01,False,8.0,0.0,
FDXBG1Z-16103-A ,2024-12-01,False,8.0,0.0,
FDXBG1Z-16103-A ,2025-01-01,False,8.0,0.0,
FDXBG1Z-16103-A ,2025-02-01,False,8.0,0.0,
FDXBG1Z-16103-A ,2025-03-01,False,8.0,0.0,
FDXBG1Z-16103-A ,2025-04-01,False,8.0,0.0,
FDXBG1Z-16103-A ,2025-05-01,False,8.0,0.0,0.0
FDXBG1Z-16103-A ,2025-06-01,False,8.0,0.0,0.0
FDXBL1Z-17K835-HA ,2024-06-01,True,0.0,0.0,
FDXBL1Z-17K835-HA ,2024-07-01,True,0.0,0.0,
FDXBL1Z-17K835-HA ,2024-08-01,True,0.0,0.0,
FDXBL1Z-17K835-HA ,2024-09-01,True,0.0,0.0,
FDXBL1Z-17K835-HA ,2024-10-01,True,2.0,0.0,
FDXBL1Z-17K835-HA ,2024-11-01,False,2.0,0.0,
FDXBL1Z-17K835-HA ,2024-12-01,False,1.0,1.0,
FDXBL1Z-17K835-HA ,2025-01-01,False,1.0,0.0,
FDXBL1Z-17K835-HA ,2025-02-01,False,1.0,0.0,
FDXBL1Z-17K835-HA ,2025-03-01,False,0.0,1.0,
FDXBL1Z-17K835-HA ,2025-04-01,True,0.0,0.0,
FDXBL1Z-17K835-HA ,2025-05-01,True,2.0,0.0,0.0
FDXBL1Z-17K835-HA ,2025-06-01,False,2.0,0.0,0.0
FDXBL3Z-13404-AB ,2024-06-01,False,9.0,0.0,
FDXBL3Z-13404-AB ,2024-07-01,False,6.0,3.0,
FDXBL3Z-13404-AB ,2024-08-01,False,6.0,0.0,
FDXBL3Z-13404-AB ,2024-09-01,False,6.0,0.0,
FDXBL3Z-13404-AB ,2024-10-01,False,6.0,0.0,
FDXBL3Z-13404-AB ,2024-11-01,False,17.0,1.0,
FDXBL3Z-13404-AB ,2024-12-01,False,17.0,0.0,
FDXBL3Z-13404-AB ,2025-01-01,False,17.0,0.0,
FDXBL3Z-13404-AB ,2025-02-01,False,17.0,0.0,
FDXBL3Z-13404-AB ,2025-03-01,False,16.0,1.0,
FDXBL3Z-13404-AB ,2025-04-01,False,16.0,0.0,
FDXBL3Z-13404-AB ,2025-05-01,False,15.0,1.0,1.0
FDXBL3Z-13404-AB ,2025-06-01,False,15.0,0.0,1.0
FDXBL3Z-13404-B ,2024-06-01,False,13.0,0.0,
FDXBL3Z-13404-B ,2024-07-01,False,12.0,1.0,
FDXBL3Z-13404-B ,2024-08-01,False,11.0,1.0,
FDXBL3Z-13404-B ,2024-09-01,False,8.0,3.0,
FDXBL3Z-13404-B ,2024-10-01,False,5.0,3.0,
FDXBL3Z-13404-B ,2024-11-01,False,15.0,2.0,
FDXBL3Z-13404-B ,2024-12-01,False,11.0,4.0,
FDXBL3Z-13404-B ,2025-01-01,False,20.0,3.0,
FDXBL3Z-13404-B ,2025-02-01,False,20.0,0.0,
FDXBL3Z-13404-B ,2025-03-01,False,16.0,4.0,
FDXBL3Z-13404-B ,2025-04-01,False,15.0,1.0,
FDXBL3Z-13404-B ,2025-05-01,False,15.0,0.0,1.0
FDXBL3Z-13404-B ,2025-06-01,False,27.0,0.0,2.0
FDXBL3Z-13405-AB ,2024-06-01,False,17.0,0.0,
FDXBL3Z-13405-AB ,2024-07-01,False,16.0,1.0,
FDXBL3Z-13405-AB ,2024-08-01,False,15.0,1.0,
FDXBL3Z-13405-AB ,2024-09-01,False,15.0,0.0,
FDXBL3Z-13405-AB ,2024-10-01,False,15.0,0.0,
FDXBL3Z-13405-AB ,2024-11-01,False,14.0,1.0,
FDXBL3Z-13405-AB ,2024-12-01,False,13.0,1.0,
FDXBL3Z-13405-AB ,2025-01-01,False,13.0,0.0,
FDXBL3Z-13405-AB ,2025-02-01,False,13.0,0.0,
FDXBL3Z-13405-AB ,2025-03-01,False,12.0,1.0,
FDXBL3Z-13405-AB ,2025-04-01,False,11.0,1.0,
FDXBL3Z-13405-AB ,2025-05-01,False,10.0,1.0,2.0
FDXBL3Z-13405-AB ,2025-06-01,False,10.0,0.0,2.0
FDXBL3Z-13405-B ,2024-06-01,False,15.0,1.0,
FDXBL3Z-13405-B ,2024-07-01,False,14.0,1.0,
FDXBL3Z-13405-B ,2024-08-01,False,14.0,0.0,
FDXBL3Z-13405-B ,2024-09-01,False,8.0,6.0,
FDXBL3Z-13405-B ,2024-10-01,False,3.0,5.0,
FDXBL3Z-13405-B ,2024-11-01,False,13.0,2.0,
FDXBL3Z-13405-B ,2024-12-01,False,6.0,7.0,
FDXBL3Z-13405-B ,2025-01-01,False,12.0,6.0,
FDXBL3Z-13405-B ,2025-02-01,False,12.0,0.0,
FDXBL3Z-13405-B ,2025-03-01,False,9.0,3.0,
FDXBL3Z-13405-B ,2025-04-01,False,19.0,2.0,
FDXBL3Z-13405-B ,2025-05-01,False,18.0,1.0,3.0
FDXBL3Z-13405-B ,2025-06-01,False,42.0,0.0,2.0
FDXBL3Z-15200-A ,2024-06-01,False,21.0,2.0,
FDXBL3Z-15200-A ,2024-07-01,False,21.0,0.0,
FDXBL3Z-15200-A ,2024-08-01,False,21.0,0.0,
FDXBL3Z-15200-A ,2024-09-01,False,21.0,0.0,
FDXBL3Z-15200-A ,2024-10-01,False,21.0,0.0,
FDXBL3Z-15200-A ,2024-11-01,False,21.0,0.0,
FDXBL3Z-15200-A ,2024-12-01,False,21.0,0.0,
FDXBL3Z-15200-A ,2025-01-01,False,21.0,0.0,
FDXBL3Z-15200-A ,2025-02-01,False,19.0,2.0,
FDXBL3Z-15200-A ,2025-03-01,False,19.0,0.0,
FDXBL3Z-15200-A ,2025-04-01,False,19.0,0.0,
FDXBL3Z-15200-A ,2025-05-01,False,19.0,0.0,0.0
FDXBL3Z-15200-A ,2025-06-01,False,19.0,0.0,0.0
FDXBL3Z-17682-CA ,2024-06-01,False,8.0,3.0,
FDXBL3Z-17682-CA ,2024-07-01,False,7.0,1.0,
FDXBL3Z-17682-CA ,2024-08-01,False,7.0,0.0,
FDXBL3Z-17682-CA ,2024-09-01,False,7.0,0.0,
FDXBL3Z-17682-CA ,2024-10-01,False,25.0,2.0,
FDXBL3Z-17682-CA ,2024-11-01,False,25.0,0.0,
FDXBL3Z-17682-CA ,2024-12-01,False,21.0,4.0,
FDXBL3Z-17682-CA ,2025-01-01,False,16.0,5.0,
FDXBL3Z-17682-CA ,2025-02-01,False,16.0,0.0,
FDXBL3Z-17682-CA ,2025-03-01,False,16.0,0.0,
FDXBL3Z-17682-CA ,2025-04-01,False,16.0,0.0,
FDXBL3Z-17682-CA ,2025-05-01,False,22.0,0.0,3.0
FDXBL3Z-17682-CA ,2025-06-01,False,22.0,0.0,2.0
FDXBL3Z-17683-CA ,2024-06-01,False,3.0,4.0,
FDXBL3Z-17683-CA ,2024-07-01,False,3.0,0.0,
FDXBL3Z-17683-CA ,2024-08-01,False,3.0,0.0,
FDXBL3Z-17683-CA ,2024-09-01,False,3.0,0.0,
FDXBL3Z-17683-CA ,2024-10-01,False,22.0,1.0,
FDXBL3Z-17683-CA ,2024-11-01,False,22.0,0.0,
FDXBL3Z-17683-CA ,2024-12-01,False,17.0,5.0,
FDXBL3Z-17683-CA ,2025-01-01,False,7.0,10.0,
FDXBL3Z-17683-CA ,2025-02-01,False,3.0,4.0,
FDXBL3Z-17683-CA ,2025-03-01,False,2.0,1.0,
FDXBL3Z-17683-CA ,2025-04-01,True,2.0,0.0,
FDXBL3Z-17683-CA ,2025-05-01,True,34.0,0.0,4.0
FDXBL3Z-17683-CA ,2025-06-01,False,32.0,2.0,3.0
FDXBR3Z-17682-AA ,2024-06-01,False,6.0,0.0,
FDXBR3Z-17682-AA ,2024-07-01,False,6.0,0.0,
FDXBR3Z-17682-AA ,2024-08-01,False,6.0,0.0,
FDXBR3Z-17682-AA ,2024-09-01,False,6.0,0.0,
FDXBR3Z-17682-AA ,2024-10-01,False,6.0,0.0,
FDXBR3Z-17682-AA ,2024-11-01,False,6.0,0.0,
FDXBR3Z-17682-AA ,2024-12-01,False,6.0,0.0,
FDXBR3Z-17682-AA ,2025-01-01,False,5.0,1.0,
FDXBR3Z-17682-AA ,2025-02-01,False,5.0,0.0,
FDXBR3Z-17682-AA ,2025-03-01,False,5.0,0.0,
FDXBR3Z-17682-AA ,2025-04-01,False,4.0,1.0,
FDXBR3Z-17682-AA ,2025-05-01,False,4.0,0.0,1.0
FDXBR3Z-17682-AA ,2025-06-01,False,4.0,0.0,1.0
FDXBR3Z-17683-AA ,2024-06-01,False,5.0,0.0,
FDXBR3Z-17683-AA ,2024-07-01,False,5.0,0.0,
FDXBR3Z-17683-AA ,2024-08-01,False,5.0,0.0,
FDXBR3Z-17683-AA ,2024-09-01,False,5.0,0.0,
FDXBR3Z-17683-AA ,2024-10-01,False,5.0,0.0,
FDXBR3Z-17683-AA ,2024-11-01,False,5.0,0.0,
FDXBR3Z-17683-AA ,2024-12-01,False,5.0,0.0,
FDXBR3Z-17683-AA ,2025-01-01,False,5.0,0.0,
FDXBR3Z-17683-AA ,2025-02-01,False,5.0,0.0,
FDXBR3Z-17683-AA ,2025-03-01,False,5.0,0.0,
FDXBR3Z-17683-AA ,2025-04-01,False,4.0,1.0,
FDXBR3Z-17683-AA ,2025-05-01,False,4.0,0.0,0.0
FDXBR3Z-17683-AA ,2025-06-01,False,4.0,0.0,0.0
FDXBRG-13 ,2024-06-01,True,25.0,0.0,
FDXBRG-13 ,2024-07-01,False,23.0,2.0,
FDXBRG-13 ,2024-08-01,False,22.0,1.0,
FDXBRG-13 ,2024-09-01,False,22.0,0.0,
FDXBRG-13 ,2024-10-01,False,19.0,3.0,
FDXBRG-13 ,2024-11-01,False,17.0,2.0,
FDXBRG-13 ,2024-12-01,False,16.0,1.0,
FDXBRG-13 ,2025-01-01,False,11.0,5.0,
FDXBRG-13 ,2025-02-01,False,5.0,3.0,
FDXBRG-13 ,2025-03-01,False,5.0,1.0,
FDXBRG-13 ,2025-04-01,False,4.0,2.0,
FDXBRG-13 ,2025-05-01,False,4.0,1.0,1.0
FDXBRG-13 ,2025-06-01,False,4.0,0.0,2.0
FDXBRG-4 ,2024-06-01,False,10.0,0.0,
FDXBRG-4 ,2024-07-01,False,9.0,1.0,
FDXBRG-4 ,2024-08-01,False,8.0,1.0,
FDXBRG-4 ,2024-09-01,False,8.0,0.0,
FDXBRG-4 ,2024-10-01,False,7.0,1.0,
FDXBRG-4 ,2024-11-01,False,6.0,1.0,
FDXBRG-4 ,2024-12-01,False,6.0,0.0,
FDXBRG-4 ,2025-01-01,False,5.0,1.0,
FDXBRG-4 ,2025-02-01,False,5.0,0.0,
FDXBRG-4 ,2025-03-01,False,5.0,0.0,
FDXBRG-4 ,2025-04-01,False,4.0,1.0,
FDXBRG-4 ,2025-05-01,False,4.0,0.0,0.0
FDXBRG-4 ,2025-06-01,False,4.0,0.0,0.0
FDXBT4Z-13008-A ,2024-06-01,False,12.0,1.0,
FDXBT4Z-13008-A ,2024-07-01,False,18.0,0.0,
FDXBT4Z-13008-A ,2024-08-01,False,18.0,0.0,
FDXBT4Z-13008-A ,2024-09-01,False,18.0,0.0,
FDXBT4Z-13008-A ,2024-10-01,False,18.0,0.0,
FDXBT4Z-13008-A ,2024-11-01,False,18.0,0.0,
FDXBT4Z-13008-A ,2024-12-01,False,18.0,0.0,
FDXBT4Z-13008-A ,2025-01-01,False,17.0,1.0,
FDXBT4Z-13008-A ,2025-02-01,False,17.0,0.0,
FDXBT4Z-13008-A ,2025-03-01,False,17.0,0.0,
FDXBT4Z-13008-A ,2025-04-01,False,17.0,0.0,
FDXBT4Z-13008-A ,2025-05-01,False,17.0,0.0,1.0
FDXBT4Z-13008-A ,2025-06-01,False,17.0,0.0,1.0
FDXBT4Z-13008-B ,2024-06-01,False,13.0,0.0,
FDXBT4Z-13008-B ,2024-07-01,False,13.0,0.0,
FDXBT4Z-13008-B ,2024-08-01,False,13.0,0.0,
FDXBT4Z-13008-B ,2024-09-01,False,13.0,0.0,
FDXBT4Z-13008-B ,2024-10-01,False,13.0,0.0,
FDXBT4Z-13008-B ,2024-11-01,False,13.0,0.0,
FDXBT4Z-13008-B ,2024-12-01,False,12.0,1.0,
FDXBT4Z-13008-B ,2025-01-01,False,12.0,0.0,
FDXBT4Z-13008-B ,2025-02-01,False,12.0,0.0,
FDXBT4Z-13008-B ,2025-03-01,False,12.0,0.0,
FDXBT4Z-13008-B ,2025-04-01,False,12.0,0.0,
FDXBT4Z-13008-B ,2025-05-01,False,12.0,0.0,0.0
FDXBT4Z-13008-B ,2025-06-01,False,12.0,0.0,0.0
FDXBT4Z-13404-B ,2024-06-01,False,5.0,0.0,
FDXBT4Z-13404-B ,2024-07-01,False,5.0,0.0,
FDXBT4Z-13404-B ,2024-08-01,False,5.0,0.0,
FDXBT4Z-13404-B ,2024-09-01,False,5.0,0.0,
FDXBT4Z-13404-B ,2024-10-01,False,5.0,0.0,
FDXBT4Z-13404-B ,2024-11-01,False,5.0,0.0,
FDXBT4Z-13404-B ,2024-12-01,False,5.0,0.0,
FDXBT4Z-13404-B ,2025-01-01,False,5.0,0.0,
FDXBT4Z-13404-B ,2025-02-01,False,5.0,0.0,
FDXBT4Z-13404-B ,2025-03-01,False,5.0,0.0,
FDXBT4Z-13404-B ,2025-04-01,False,5.0,0.0,
FDXBT4Z-13404-B ,2025-05-01,False,4.0,1.0,0.0
FDXBT4Z-13404-B ,2025-06-01,False,4.0,0.0,0.0
FDXBT4Z-13405-B ,2024-06-01,False,1.0,0.0,
FDXBT4Z-13405-B ,2024-07-01,False,7.0,0.0,
FDXBT4Z-13405-B ,2024-08-01,False,7.0,0.0,
FDXBT4Z-13405-B ,2024-09-01,False,7.0,0.0,
FDXBT4Z-13405-B ,2024-10-01,False,5.0,2.0,
FDXBT4Z-13405-B ,2024-11-01,False,5.0,0.0,
FDXBT4Z-13405-B ,2024-12-01,False,5.0,0.0,
FDXBT4Z-13405-B ,2025-01-01,False,5.0,0.0,
FDXBT4Z-13405-B ,2025-02-01,False,5.0,0.0,
FDXBT4Z-13405-B ,2025-03-01,False,5.0,0.0,
FDXBT4Z-13405-B ,2025-04-01,False,5.0,0.0,
FDXBT4Z-13405-B ,2025-05-01,False,5.0,0.0,0.0
FDXBT4Z-13405-B ,2025-06-01,False,5.0,0.0,0.0
FDXBT4Z-17618-A ,2024-06-01,True,0.0,0.0,
FDXBT4Z-17618-A ,2024-07-01,True,0.0,0.0,
FDXBT4Z-17618-A ,2024-08-01,True,4.0,0.0,
FDXBT4Z-17618-A ,2024-09-01,False,4.0,0.0,
FDXBT4Z-17618-A ,2024-10-01,False,4.0,0.0,
FDXBT4Z-17618-A ,2024-11-01,False,3.0,1.0,
FDXBT4Z-17618-A ,2024-12-01,False,3.0,0.0,
FDXBT4Z-17618-A ,2025-01-01,False,3.0,0.0,
FDXBT4Z-17618-A ,2025-02-01,False,3.0,0.0,
FDXBT4Z-17618-A ,2025-03-01,False,2.0,1.0,
FDXBT4Z-17618-A ,2025-04-01,False,2.0,0.0,
FDXBT4Z-17618-A ,2025-05-01,False,1.0,1.0,0.0
FDXBT4Z-17618-A ,2025-06-01,False,1.0,0.0,0.0
FDXBT4Z-17D957-APTM ,2024-06-01,False,4.0,0.0,
FDXBT4Z-17D957-APTM ,2024-07-01,False,4.0,0.0,
FDXBT4Z-17D957-APTM ,2024-08-01,False,4.0,0.0,
FDXBT4Z-17D957-APTM ,2024-09-01,False,3.0,1.0,
FDXBT4Z-17D957-APTM ,2024-10-01,False,3.0,0.0,
FDXBT4Z-17D957-APTM ,2024-11-01,False,3.0,0.0,
FDXBT4Z-17D957-APTM ,2024-12-01,False,3.0,0.0,
FDXBT4Z-17D957-APTM ,2025-01-01,False,3.0,0.0,
FDXBT4Z-17D957-APTM ,2025-02-01,False,3.0,0.0,
FDXBT4Z-17D957-APTM ,2025-03-01,False,3.0,0.0,
FDXBT4Z-17D957-APTM ,2025-04-01,False,3.0,0.0,
FDXBT4Z-17D957-APTM ,2025-05-01,False,3.0,0.0,0.0
FDXBT4Z-17D957-APTM ,2025-06-01,False,3.0,0.0,0.0
FDXBT4Z-17D957-BPTM ,2024-06-01,True,0.0,0.0,
FDXBT4Z-17D957-BPTM ,2024-07-01,True,3.0,0.0,
FDXBT4Z-17D957-BPTM ,2024-08-01,False,3.0,0.0,
FDXBT4Z-17D957-BPTM ,2024-09-01,False,1.0,2.0,
FDXBT4Z-17D957-BPTM ,2024-10-01,False,0.0,1.0,
FDXBT4Z-17D957-BPTM ,2024-11-01,True,0.0,0.0,
FDXBT4Z-17D957-BPTM ,2024-12-01,True,0.0,0.0,
FDXBT4Z-17D957-BPTM ,2025-01-01,True,0.0,0.0,
FDXBT4Z-17D957-BPTM ,2025-02-01,True,0.0,0.0,
FDXBT4Z-17D957-BPTM ,2025-03-01,True,0.0,0.0,
FDXBT4Z-17D957-BPTM ,2025-04-01,True,5.0,0.0,
FDXBT4Z-17D957-BPTM ,2025-05-01,False,5.0,0.0,1.0
FDXBT4Z-17D957-BPTM ,2025-06-01,False,5.0,0.0,0.0
FDXBT4Z-5500-B ,2024-06-01,False,3.0,1.0,
FDXBT4Z-5500-B ,2024-07-01,False,3.0,0.0,
FDXBT4Z-5500-B ,2024-08-01,False,3.0,0.0,
FDXBT4Z-5500-B ,2024-09-01,False,3.0,0.0,
FDXBT4Z-5500-B ,2024-10-01,False,3.0,0.0,
FDXBT4Z-5500-B ,2024-11-01,False,13.0,0.0,
FDXBT4Z-5500-B ,2024-12-01,False,11.0,2.0,
FDXBT4Z-5500-B ,2025-01-01,False,10.0,1.0,
FDXBT4Z-5500-B ,2025-02-01,False,9.0,1.0,
FDXBT4Z-5500-B ,2025-03-01,False,9.0,0.0,
FDXBT4Z-5500-B ,2025-04-01,False,9.0,0.0,
FDXBT4Z-5500-B ,2025-05-01,False,9.0,0.0,1.0
FDXBT4Z-5500-B ,2025-06-01,False,19.0,0.0,1.0
FDXBT4Z-5500-C ,2024-06-01,False,5.0,1.0,
FDXBT4Z-5500-C ,2024-07-01,False,5.0,0.0,
FDXBT4Z-5500-C ,2024-08-01,False,5.0,0.0,
FDXBT4Z-5500-C ,2024-09-01,False,5.0,0.0,
FDXBT4Z-5500-C ,2024-10-01,False,5.0,0.0,
FDXBT4Z-5500-C ,2024-11-01,False,5.0,0.0,
FDXBT4Z-5500-C ,2024-12-01,False,3.0,2.0,
FDXBT4Z-5500-C ,2025-01-01,False,2.0,1.0,
FDXBT4Z-5500-C ,2025-02-01,False,1.0,1.0,
FDXBT4Z-5500-C ,2025-03-01,False,1.0,0.0,
FDXBT4Z-5500-C ,2025-04-01,False,1.0,0.0,
FDXBT4Z-5500-C ,2025-05-01,False,1.0,0.0,0.0
FDXBT4Z-5500-C ,2025-06-01,False,11.0,0.0,0.0
FDXBT4Z-5A649-A ,2024-06-01,False,5.0,1.0,
FDXBT4Z-5A649-A ,2024-07-01,False,10.0,0.0,
FDXBT4Z-5A649-A ,2024-08-01,False,10.0,0.0,
FDXBT4Z-5A649-A ,2024-09-01,False,10.0,0.0,
FDXBT4Z-5A649-A ,2024-10-01,False,10.0,0.0,
FDXBT4Z-5A649-A ,2024-11-01,False,10.0,0.0,
FDXBT4Z-5A649-A ,2024-12-01,False,6.0,4.0,
FDXBT4Z-5A649-A ,2025-01-01,False,1.0,5.0,
FDXBT4Z-5A649-A ,2025-02-01,False,0.0,1.0,
FDXBT4Z-5A649-A ,2025-03-01,True,0.0,0.0,
FDXBT4Z-5A649-A ,2025-04-01,True,15.0,0.0,
FDXBT4Z-5A649-A ,2025-05-01,False,15.0,0.0,1.0
FDXBT4Z-5A649-A ,2025-06-01,False,15.0,0.0,3.0
FDXBT4Z-5A649-B ,2024-06-01,True,4.0,1.0,
FDXBT4Z-5A649-B ,2024-07-01,False,4.0,0.0,
FDXBT4Z-5A649-B ,2024-08-01,False,4.0,0.0,
FDXBT4Z-5A649-B ,2024-09-01,False,4.0,0.0,
FDXBT4Z-5A649-B ,2024-10-01,False,9.0,0.0,
FDXBT4Z-5A649-B ,2024-11-01,False,9.0,0.0,
FDXBT4Z-5A649-B ,2024-12-01,False,5.0,4.0,
FDXBT4Z-5A649-B ,2025-01-01,False,0.0,5.0,
FDXBT4Z-5A649-B ,2025-02-01,True,0.0,0.0,
FDXBT4Z-5A649-B ,2025-03-01,True,0.0,0.0,
FDXBT4Z-5A649-B ,2025-04-01,True,15.0,0.0,
FDXBT4Z-5A649-B ,2025-05-01,False,15.0,0.0,3.0
FDXBT4Z-5A649-B ,2025-06-01,False,15.0,0.0,1.0
FDXCA8Z-13404-A ,2024-06-01,False,8.0,1.0,
FDXCA8Z-13404-A ,2024-07-01,False,7.0,1.0,
FDXCA8Z-13404-A ,2024-08-01,False,7.0,0.0,
FDXCA8Z-13404-A ,2024-09-01,False,7.0,0.0,
FDXCA8Z-13404-A ,2024-10-01,False,7.0,0.0,
FDXCA8Z-13404-A ,2024-11-01,False,7.0,0.0,
FDXCA8Z-13404-A ,2024-12-01,False,6.0,1.0,
FDXCA8Z-13404-A ,2025-01-01,False,6.0,0.0,
FDXCA8Z-13404-A ,2025-02-01,False,6.0,0.0,
FDXCA8Z-13404-A ,2025-03-01,False,6.0,0.0,
FDXCA8Z-13404-A ,2025-04-01,False,6.0,0.0,
FDXCA8Z-13404-A ,2025-05-01,False,6.0,0.0,0.0
FDXCA8Z-13404-A ,2025-06-01,False,6.0,0.0,0.0
FDXCA8Z-13405-A ,2024-06-01,False,6.0,0.0,
FDXCA8Z-13405-A ,2024-07-01,False,5.0,1.0,
FDXCA8Z-13405-A ,2024-08-01,False,5.0,0.0,
FDXCA8Z-13405-A ,2024-09-01,False,5.0,0.0,
FDXCA8Z-13405-A ,2024-10-01,False,5.0,0.0,
FDXCA8Z-13405-A ,2024-11-01,False,4.0,1.0,
FDXCA8Z-13405-A ,2024-12-01,False,4.0,0.0,
FDXCA8Z-13405-A ,2025-01-01,False,4.0,0.0,
FDXCA8Z-13405-A ,2025-02-01,False,1.0,3.0,
FDXCA8Z-13405-A ,2025-03-01,False,1.0,0.0,
FDXCA8Z-13405-A ,2025-04-01,False,1.0,0.0,
FDXCA8Z-13405-A ,2025-05-01,False,1.0,0.0,0.0
FDXCA8Z-13405-A ,2025-06-01,False,4.0,1.0,0.0
FDXCA8Z-8A080-A ,2024-06-01,False,1.0,4.0,
FDXCA8Z-8A080-A ,2024-07-01,True,1.0,0.0,
FDXCA8Z-8A080-A ,2024-08-01,True,1.0,0.0,
FDXCA8Z-8A080-A ,2024-09-01,True,1.0,0.0,
FDXCA8Z-8A080-A ,2024-10-01,True,1.0,0.0,
FDXCA8Z-8A080-A ,2024-11-01,True,13.0,0.0,
FDXCA8Z-8A080-A ,2024-12-01,False,9.0,4.0,
FDXCA8Z-8A080-A ,2025-01-01,False,8.0,1.0,
FDXCA8Z-8A080-A ,2025-02-01,False,3.0,5.0,
FDXCA8Z-8A080-A ,2025-03-01,False,1.0,2.0,
FDXCA8Z-8A080-A ,2025-04-01,True,1.0,0.0,
FDXCA8Z-8A080-A ,2025-05-01,True,0.0,1.0,1.0
FDXCA8Z-8A080-A ,2025-06-01,True,12.0,0.0,2.0
FDXCG1Z-17682-B ,2024-06-01,False,5.0,0.0,
FDXCG1Z-17682-B ,2024-07-01,False,5.0,0.0,
FDXCG1Z-17682-B ,2024-08-01,False,5.0,0.0,
FDXCG1Z-17682-B ,2024-09-01,False,5.0,0.0,
FDXCG1Z-17682-B ,2024-10-01,False,5.0,0.0,
FDXCG1Z-17682-B ,2024-11-01,False,5.0,0.0,
FDXCG1Z-17682-B ,2024-12-01,False,5.0,0.0,
FDXCG1Z-17682-B ,2025-01-01,False,5.0,0.0,
FDXCG1Z-17682-B ,2025-02-01,False,5.0,0.0,
FDXCG1Z-17682-B ,2025-03-01,False,5.0,0.0,
FDXCG1Z-17682-B ,2025-04-01,False,5.0,0.0,
FDXCG1Z-17682-B ,2025-05-01,False,5.0,0.0,1.0
FDXCG1Z-17682-B ,2025-06-01,False,4.0,1.0,0.0
FDXCG1Z-17683-B ,2024-06-01,False,3.0,0.0,
FDXCG1Z-17683-B ,2024-07-01,False,3.0,0.0,
FDXCG1Z-17683-B ,2024-08-01,False,3.0,0.0,
FDXCG1Z-17683-B ,2024-09-01,False,3.0,0.0,
FDXCG1Z-17683-B ,2024-10-01,False,3.0,0.0,
FDXCG1Z-17683-B ,2024-11-01,False,2.0,1.0,
FDXCG1Z-17683-B ,2024-12-01,False,2.0,0.0,
FDXCG1Z-17683-B ,2025-01-01,False,1.0,1.0,
FDXCG1Z-17683-B ,2025-02-01,False,1.0,0.0,
FDXCG1Z-17683-B ,2025-03-01,False,1.0,0.0,
FDXCG1Z-17683-B ,2025-04-01,False,1.0,0.0,
FDXCG1Z-17683-B ,2025-05-01,False,1.0,0.0,0.0
FDXCG1Z-17683-B ,2025-06-01,False,0.0,1.0,0.0
FDXCL1Z-17682-AA ,2024-06-01,False,11.0,2.0,
FDXCL1Z-17682-AA ,2024-07-01,False,10.0,1.0,
FDXCL1Z-17682-AA ,2024-08-01,False,9.0,1.0,
FDXCL1Z-17682-AA ,2024-09-01,False,8.0,1.0,
FDXCL1Z-17682-AA ,2024-10-01,False,8.0,0.0,
FDXCL1Z-17682-AA ,2024-11-01,False,7.0,1.0,
FDXCL1Z-17682-AA ,2024-12-01,False,6.0,1.0,
FDXCL1Z-17682-AA ,2025-01-01,False,6.0,0.0,
FDXCL1Z-17682-AA ,2025-02-01,False,5.0,1.0,
FDXCL1Z-17682-AA ,2025-03-01,False,4.0,1.0,
FDXCL1Z-17682-AA ,2025-04-01,False,4.0,0.0,
FDXCL1Z-17682-AA ,2025-05-01,False,4.0,0.0,1.0
FDXCL1Z-17682-AA ,2025-06-01,False,4.0,0.0,1.0
FDXCL1Z-17683-AA ,2024-06-01,False,5.0,0.0,
FDXCL1Z-17683-AA ,2024-07-01,False,4.0,1.0,
FDXCL1Z-17683-AA ,2024-08-01,False,4.0,0.0,
FDXCL1Z-17683-AA ,2024-09-01,False,4.0,0.0,
FDXCL1Z-17683-AA ,2024-10-01,False,16.0,0.0,
FDXCL1Z-17683-AA ,2024-11-01,False,16.0,0.0,
FDXCL1Z-17683-AA ,2024-12-01,False,15.0,1.0,
FDXCL1Z-17683-AA ,2025-01-01,False,15.0,0.0,
FDXCL1Z-17683-AA ,2025-02-01,False,14.0,1.0,
FDXCL1Z-17683-AA ,2025-03-01,False,14.0,0.0,
FDXCL1Z-17683-AA ,2025-04-01,False,12.0,2.0,
FDXCL1Z-17683-AA ,2025-05-01,False,12.0,0.0,1.0
FDXCL1Z-17683-AA ,2025-06-01,False,12.0,0.0,1.0
FDXCR3Z-3079-D ,2024-06-01,False,6.0,0.0,
FDXCR3Z-3079-D ,2024-07-01,False,5.0,1.0,
FDXCR3Z-3079-D ,2024-08-01,False,5.0,0.0,
FDXCR3Z-3079-D ,2024-09-01,False,4.0,1.0,
FDXCR3Z-3079-D ,2024-10-01,False,4.0,0.0,
FDXCR3Z-3079-D ,2024-11-01,False,4.0,0.0,
FDXCR3Z-3079-D ,2024-12-01,False,4.0,0.0,
FDXCR3Z-3079-D ,2025-01-01,False,4.0,0.0,
FDXCR3Z-3079-D ,2025-02-01,False,4.0,0.0,
FDXCR3Z-3079-D ,2025-03-01,False,4.0,0.0,
FDXCR3Z-3079-D ,2025-04-01,False,4.0,0.0,
FDXCR3Z-3079-D ,2025-05-01,False,4.0,0.0,0.0
FDXCR3Z-3079-D ,2025-06-01,False,4.0,0.0,0.0
FDXCR3Z-8A080-A ,2024-06-01,False,3.0,0.0,
FDXCR3Z-8A080-A ,2024-07-01,False,3.0,0.0,
FDXCR3Z-8A080-A ,2024-08-01,False,3.0,0.0,
FDXCR3Z-8A080-A ,2024-09-01,False,3.0,0.0,
FDXCR3Z-8A080-A ,2024-10-01,False,2.0,1.0,
FDXCR3Z-8A080-A ,2024-11-01,False,2.0,0.0,
FDXCR3Z-8A080-A ,2024-12-01,False,2.0,0.0,
FDXCR3Z-8A080-A ,2025-01-01,False,2.0,0.0,
FDXCR3Z-8A080-A ,2025-02-01,False,2.0,0.0,
FDXCR3Z-8A080-A ,2025-03-01,False,2.0,0.0,
FDXCR3Z-8A080-A ,2025-04-01,False,2.0,0.0,
FDXCR3Z-8A080-A ,2025-05-01,False,2.0,0.0,0.0
FDXCR3Z-8A080-A ,2025-06-01,False,2.0,0.0,0.0
FDXCT4Z-16138-A ,2024-06-01,False,3.0,0.0,
FDXCT4Z-16138-A ,2024-07-01,False,7.0,0.0,
FDXCT4Z-16138-A ,2024-08-01,False,6.0,1.0,
FDXCT4Z-16138-A ,2024-09-01,False,5.0,2.0,
FDXCT4Z-16138-A ,2024-10-01,False,4.0,1.0,
FDXCT4Z-16138-A ,2024-11-01,False,4.0,0.0,
FDXCT4Z-16138-A ,2024-12-01,False,9.0,1.0,
FDXCT4Z-16138-A ,2025-01-01,False,7.0,2.0,
FDXCT4Z-16138-A ,2025-02-01,False,7.0,0.0,
FDXCT4Z-16138-A ,2025-03-01,False,7.0,0.0,
FDXCT4Z-16138-A ,2025-04-01,False,6.0,1.0,
FDXCT4Z-16138-A ,2025-05-01,False,9.0,0.0,0.0
FDXCT4Z-16138-A ,2025-06-01,False,10.0,0.0,1.0
FDXCT4Z-5500-A ,2024-06-01,True,1.0,0.0,
FDXCT4Z-5500-A ,2024-07-01,True,14.0,2.0,
FDXCT4Z-5500-A ,2024-08-01,False,12.0,2.0,
FDXCT4Z-5500-A ,2024-09-01,False,12.0,0.0,
FDXCT4Z-5500-A ,2024-10-01,False,12.0,0.0,
FDXCT4Z-5500-A ,2024-11-01,False,12.0,0.0,
FDXCT4Z-5500-A ,2024-12-01,False,6.0,6.0,
FDXCT4Z-5500-A ,2025-01-01,False,0.0,6.0,
FDXCT4Z-5500-A ,2025-02-01,True,0.0,6.0,
FDXCT4Z-5500-A ,2025-03-01,True,0.0,0.0,
FDXCT4Z-5500-A ,2025-04-01,True,25.0,0.0,
FDXCT4Z-5500-A ,2025-05-01,False,25.0,0.0,4.0
FDXCT4Z-5500-A ,2025-06-01,False,25.0,0.0,2.0
FDXCT4Z-5500-B ,2024-06-01,False,18.0,2.0,
FDXCT4Z-5500-B ,2024-07-01,False,18.0,0.0,
FDXCT4Z-5500-B ,2024-08-01,False,16.0,2.0,
FDXCT4Z-5500-B ,2024-09-01,False,16.0,0.0,
FDXCT4Z-5500-B ,2024-10-01,False,16.0,0.0,
FDXCT4Z-5500-B ,2024-11-01,False,28.0,0.0,
FDXCT4Z-5500-B ,2024-12-01,False,20.0,8.0,
FDXCT4Z-5500-B ,2025-01-01,False,18.0,2.0,
FDXCT4Z-5500-B ,2025-02-01,False,6.0,12.0,
FDXCT4Z-5500-B ,2025-03-01,False,6.0,0.0,
FDXCT4Z-5500-B ,2025-04-01,False,28.0,2.0,
FDXCT4Z-5500-B ,2025-05-01,False,28.0,0.0,2.0
FDXCT4Z-5500-B ,2025-06-01,False,27.0,1.0,2.0
FDXDA5Z-3078-A ,2024-06-01,False,5.0,0.0,
FDXDA5Z-3078-A ,2024-07-01,False,4.0,1.0,
FDXDA5Z-3078-A ,2024-08-01,False,3.0,1.0,
FDXDA5Z-3078-A ,2024-09-01,False,3.0,0.0,
FDXDA5Z-3078-A ,2024-10-01,False,15.0,0.0,
FDXDA5Z-3078-A ,2024-11-01,False,15.0,0.0,
FDXDA5Z-3078-A ,2024-12-01,False,13.0,2.0,
FDXDA5Z-3078-A ,2025-01-01,False,11.0,2.0,
FDXDA5Z-3078-A ,2025-02-01,False,11.0,0.0,
FDXDA5Z-3078-A ,2025-03-01,False,10.0,1.0,
FDXDA5Z-3078-A ,2025-04-01,False,8.0,2.0,
FDXDA5Z-3078-A ,2025-05-01,False,8.0,0.0,3.0
FDXDA5Z-3078-A ,2025-06-01,False,8.0,0.0,1.0
FDXDA5Z-3079-A ,2024-06-01,False,6.0,0.0,
FDXDA5Z-3079-A ,2024-07-01,False,5.0,1.0,
FDXDA5Z-3079-A ,2024-08-01,False,4.0,1.0,
FDXDA5Z-3079-A ,2024-09-01,False,4.0,0.0,
FDXDA5Z-3079-A ,2024-10-01,False,16.0,0.0,
FDXDA5Z-3079-A ,2024-11-01,False,16.0,0.0,
FDXDA5Z-3079-A ,2024-12-01,False,15.0,1.0,
FDXDA5Z-3079-A ,2025-01-01,False,13.0,2.0,
FDXDA5Z-3079-A ,2025-02-01,False,13.0,0.0,
FDXDA5Z-3079-A ,2025-03-01,False,12.0,1.0,
FDXDA5Z-3079-A ,2025-04-01,False,10.0,2.0,
FDXDA5Z-3079-A ,2025-05-01,False,10.0,0.0,3.0
FDXDA5Z-3079-A ,2025-06-01,False,10.0,0.0,1.0
FDXDA5Z-3C339-A ,2024-06-01,False,12.0,0.0,
FDXDA5Z-3C339-A ,2024-07-01,False,12.0,0.0,
FDXDA5Z-3C339-A ,2024-08-01,False,11.0,1.0,
FDXDA5Z-3C339-A ,2024-09-01,False,11.0,0.0,
FDXDA5Z-3C339-A ,2024-10-01,False,10.0,1.0,
FDXDA5Z-3C339-A ,2024-11-01,False,9.0,1.0,
FDXDA5Z-3C339-A ,2024-12-01,False,8.0,1.0,
FDXDA5Z-3C339-A ,2025-01-01,False,8.0,0.0,
FDXDA5Z-3C339-A ,2025-02-01,False,8.0,0.0,
FDXDA5Z-3C339-A ,2025-03-01,False,8.0,0.0,
FDXDA5Z-3C339-A ,2025-04-01,False,7.0,1.0,
FDXDA5Z-3C339-A ,2025-05-01,False,6.0,1.0,1.0
FDXDA5Z-3C339-A ,2025-06-01,False,6.0,0.0,0.0
FDXDA5Z-3C403-A ,2024-06-01,False,9.0,0.0,
FDXDA5Z-3C403-A ,2024-07-01,False,9.0,0.0,
FDXDA5Z-3C403-A ,2024-08-01,False,8.0,1.0,
FDXDA5Z-3C403-A ,2024-09-01,False,8.0,0.0,
FDXDA5Z-3C403-A ,2024-10-01,False,7.0,1.0,
FDXDA5Z-3C403-A ,2024-11-01,False,6.0,1.0,
FDXDA5Z-3C403-A ,2024-12-01,False,4.0,2.0,
FDXDA5Z-3C403-A ,2025-01-01,False,4.0,0.0,
FDXDA5Z-3C403-A ,2025-02-01,False,4.0,0.0,
FDXDA5Z-3C403-A ,2025-03-01,False,4.0,0.0,
FDXDA5Z-3C403-A ,2025-04-01,False,3.0,1.0,
FDXDA5Z-3C403-A ,2025-05-01,False,2.0,1.0,0.0
FDXDA5Z-3C403-A ,2025-06-01,False,2.0,0.0,0.0
FDXDA8Z-13008-A ,2024-06-01,False,2.0,0.0,
FDXDA8Z-13008-A ,2024-07-01,False,2.0,0.0,
FDXDA8Z-13008-A ,2024-08-01,False,2.0,0.0,
FDXDA8Z-13008-A ,2024-09-01,False,2.0,0.0,
FDXDA8Z-13008-A ,2024-10-01,False,2.0,0.0,
FDXDA8Z-13008-A ,2024-11-01,False,2.0,0.0,
FDXDA8Z-13008-A ,2024-12-01,False,2.0,0.0,
FDXDA8Z-13008-A ,2025-01-01,False,2.0,0.0,
FDXDA8Z-13008-A ,2025-02-01,False,2.0,0.0,
FDXDA8Z-13008-A ,2025-03-01,False,2.0,0.0,
FDXDA8Z-13008-A ,2025-04-01,False,2.0,0.0,
FDXDA8Z-13008-A ,2025-05-01,False,2.0,0.0,1.0
FDXDA8Z-13008-A ,2025-06-01,False,1.0,1.0,0.0
FDXDA8Z-13008-C ,2024-06-01,False,1.0,1.0,
FDXDA8Z-13008-C ,2024-07-01,False,1.0,0.0,
FDXDA8Z-13008-C ,2024-08-01,False,1.0,0.0,
FDXDA8Z-13008-C ,2024-09-01,False,1.0,0.0,
FDXDA8Z-13008-C ,2024-10-01,False,1.0,0.0,
FDXDA8Z-13008-C ,2024-11-01,False,0.0,1.0,
FDXDA8Z-13008-C ,2024-12-01,True,0.0,0.0,
FDXDA8Z-13008-C ,2025-01-01,True,0.0,0.0,
FDXDA8Z-13008-C ,2025-02-01,True,0.0,0.0,
FDXDA8Z-13008-C ,2025-03-01,True,0.0,0.0,
FDXDA8Z-13008-C ,2025-04-01,True,2.0,0.0,
FDXDA8Z-13008-C ,2025-05-01,False,2.0,0.0,0.0
FDXDA8Z-13008-C ,2025-06-01,False,2.0,0.0,0.0
FDXDA8Z-17682-BA ,2024-06-01,False,5.0,0.0,
FDXDA8Z-17682-BA ,2024-07-01,False,4.0,1.0,
FDXDA8Z-17682-BA ,2024-08-01,False,4.0,0.0,
FDXDA8Z-17682-BA ,2024-09-01,False,4.0,0.0,
FDXDA8Z-17682-BA ,2024-10-01,False,4.0,0.0,
FDXDA8Z-17682-BA ,2024-11-01,False,4.0,0.0,
FDXDA8Z-17682-BA ,2024-12-01,False,4.0,0.0,
FDXDA8Z-17682-BA ,2025-01-01,False,4.0,0.0,
FDXDA8Z-17682-BA ,2025-02-01,False,3.0,1.0,
FDXDA8Z-17682-BA ,2025-03-01,False,3.0,0.0,
FDXDA8Z-17682-BA ,2025-04-01,False,3.0,0.0,
FDXDA8Z-17682-BA ,2025-05-01,False,9.0,0.0,1.0
FDXDA8Z-17682-BA ,2025-06-01,False,9.0,0.0,0.0
FDXDA8Z-17683-BA ,2024-06-01,False,0.0,1.0,
FDXDA8Z-17683-BA ,2024-07-01,True,0.0,0.0,
FDXDA8Z-17683-BA ,2024-08-01,True,0.0,0.0,
FDXDA8Z-17683-BA ,2024-09-01,True,0.0,0.0,
FDXDA8Z-17683-BA ,2024-10-01,True,6.0,0.0,
FDXDA8Z-17683-BA ,2024-11-01,False,6.0,0.0,
FDXDA8Z-17683-BA ,2024-12-01,False,6.0,0.0,
FDXDA8Z-17683-BA ,2025-01-01,False,6.0,0.0,
FDXDA8Z-17683-BA ,2025-02-01,False,6.0,0.0,
FDXDA8Z-17683-BA ,2025-03-01,False,6.0,0.0,
FDXDA8Z-17683-BA ,2025-04-01,False,6.0,0.0,
FDXDA8Z-17683-BA ,2025-05-01,False,6.0,0.0,0.0
FDXDA8Z-17683-BA ,2025-06-01,False,6.0,0.0,0.0
FDXDG-491 ,2024-06-01,True,389.0,25.0,
FDXDG-491 ,2024-07-01,False,358.0,31.0,
FDXDG-491 ,2024-08-01,False,313.0,45.0,
FDXDG-491 ,2024-09-01,False,299.0,14.0,
FDXDG-491 ,2024-10-01,False,277.0,22.0,
FDXDG-491 ,2024-11-01,False,262.0,15.0,
FDXDG-491 ,2024-12-01,False,239.0,23.0,
FDXDG-491 ,2025-01-01,False,213.0,26.0,
FDXDG-491 ,2025-02-01,False,186.0,27.0,
FDXDG-491 ,2025-03-01,False,159.0,27.0,
FDXDG-491 ,2025-04-01,False,113.0,46.0,
FDXDG-491 ,2025-05-01,False,217.0,96.0,38.0
FDXDG-491 ,2025-06-01,False,136.0,81.0,51.0
FDXDG-511 ,2024-06-01,False,18.0,0.0,
FDXDG-511 ,2024-07-01,False,15.0,3.0,
FDXDG-511 ,2024-08-01,False,15.0,0.0,
FDXDG-511 ,2024-09-01,False,15.0,0.0,
FDXDG-511 ,2024-10-01,False,65.0,0.0,
FDXDG-511 ,2024-11-01,False,65.0,0.0,
FDXDG-511 ,2024-12-01,False,65.0,0.0,
FDXDG-511 ,2025-01-01,False,55.0,10.0,
FDXDG-511 ,2025-02-01,False,52.0,3.0,
FDXDG-511 ,2025-03-01,False,52.0,0.0,
FDXDG-511 ,2025-04-01,False,48.0,4.0,
FDXDG-511 ,2025-05-01,False,37.0,11.0,10.0
FDXDG-511 ,2025-06-01,False,36.0,1.0,5.0
FDXDG-521 ,2024-06-01,True,48.0,2.0,
FDXDG-521 ,2024-07-01,False,47.0,1.0,
FDXDG-521 ,2024-08-01,False,47.0,0.0,
FDXDG-521 ,2024-09-01,False,43.0,4.0,
FDXDG-521 ,2024-10-01,False,30.0,13.0,
FDXDG-521 ,2024-11-01,False,28.0,2.0,
FDXDG-521 ,2024-12-01,False,28.0,0.0,
FDXDG-521 ,2025-01-01,False,28.0,0.0,
FDXDG-521 ,2025-02-01,False,28.0,0.0,
FDXDG-521 ,2025-03-01,False,28.0,0.0,
FDXDG-521 ,2025-04-01,False,26.0,2.0,
FDXDG-521 ,2025-05-01,False,16.0,10.0,4.0
FDXDG-521 ,2025-06-01,False,15.0,1.0,3.0
FDXDG1Z-13008-A ,2024-06-01,False,3.0,0.0,
FDXDG1Z-13008-A ,2024-07-01,False,2.0,1.0,
FDXDG1Z-13008-A ,2024-08-01,False,2.0,0.0,
FDXDG1Z-13008-A ,2024-09-01,False,2.0,0.0,
FDXDG1Z-13008-A ,2024-10-01,False,2.0,0.0,
FDXDG1Z-13008-A ,2024-11-01,False,2.0,0.0,
FDXDG1Z-13008-A ,2024-12-01,False,2.0,0.0,
FDXDG1Z-13008-A ,2025-01-01,False,2.0,0.0,
FDXDG1Z-13008-A ,2025-02-01,False,2.0,0.0,
FDXDG1Z-13008-A ,2025-03-01,False,1.0,1.0,
FDXDG1Z-13008-A ,2025-04-01,False,1.0,0.0,
FDXDG1Z-13008-A ,2025-05-01,False,1.0,0.0,0.0
FDXDG1Z-13008-A ,2025-06-01,False,1.0,0.0,0.0
FDXDG1Z-13008-C ,2024-06-01,False,4.0,0.0,
FDXDG1Z-13008-C ,2024-07-01,False,3.0,1.0,
FDXDG1Z-13008-C ,2024-08-01,False,3.0,0.0,
FDXDG1Z-13008-C ,2024-09-01,False,3.0,0.0,
FDXDG1Z-13008-C ,2024-10-01,False,3.0,0.0,
FDXDG1Z-13008-C ,2024-11-01,False,3.0,0.0,
FDXDG1Z-13008-C ,2024-12-01,False,3.0,0.0,
FDXDG1Z-13008-C ,2025-01-01,False,2.0,1.0,
FDXDG1Z-13008-C ,2025-02-01,False,2.0,0.0,
FDXDG1Z-13008-C ,2025-03-01,False,1.0,1.0,
FDXDG1Z-13008-C ,2025-04-01,False,1.0,0.0,
FDXDG1Z-13008-C ,2025-05-01,False,1.0,0.0,0.0
FDXDG1Z-13008-C ,2025-06-01,False,1.0,0.0,0.0
FDXDG1Z-16138-A ,2024-06-01,True,0.0,0.0,
FDXDG1Z-16138-A ,2024-07-01,True,0.0,0.0,
FDXDG1Z-16138-A ,2024-08-01,True,0.0,0.0,
FDXDG1Z-16138-A ,2024-09-01,True,1.0,0.0,
FDXDG1Z-16138-A ,2024-10-01,False,1.0,0.0,
FDXDG1Z-16138-A ,2024-11-01,False,1.0,0.0,
FDXDG1Z-16138-A ,2024-12-01,False,1.0,0.0,
FDXDG1Z-16138-A ,2025-01-01,False,1.0,0.0,
FDXDG1Z-16138-A ,2025-02-01,False,1.0,0.0,
FDXDG1Z-16138-A ,2025-03-01,False,0.0,1.0,
FDXDG1Z-16138-A ,2025-04-01,True,0.0,0.0,
FDXDG1Z-16138-A ,2025-05-01,True,0.0,0.0,0.0
FDXDG1Z-16138-A ,2025-06-01,True,0.0,0.0,0.0
FDXDG1Z-54406A10-A ,2024-06-01,True,0.0,0.0,
FDXDG1Z-54406A10-A ,2024-07-01,True,0.0,0.0,
FDXDG1Z-54406A10-A ,2024-08-01,True,0.0,0.0,
FDXDG1Z-54406A10-A ,2024-09-01,True,0.0,0.0,
FDXDG1Z-54406A10-A ,2024-10-01,True,0.0,0.0,
FDXDG1Z-54406A10-A ,2024-11-01,True,0.0,0.0,
FDXDG1Z-54406A10-A ,2024-12-01,True,0.0,0.0,
FDXDG1Z-54406A10-A ,2025-01-01,True,0.0,0.0,
FDXDG1Z-54406A10-A ,2025-02-01,True,0.0,0.0,
FDXDG1Z-54406A10-A ,2025-03-01,True,0.0,0.0,
FDXDG1Z-54406A10-A ,2025-04-01,True,0.0,0.0,
FDXDG1Z-54406A10-A ,2025-05-01,True,10.0,0.0,0.0
FDXDG1Z-54406A10-A ,2025-06-01,False,8.0,2.0,5.0
FDXDL3Z-13008-A ,2024-06-01,False,2.0,1.0,
FDXDL3Z-13008-A ,2024-07-01,False,1.0,1.0,
FDXDL3Z-13008-A ,2024-08-01,False,0.0,1.0,
FDXDL3Z-13008-A ,2024-09-01,True,0.0,0.0,
FDXDL3Z-13008-A ,2024-10-01,True,0.0,0.0,
FDXDL3Z-13008-A ,2024-11-01,True,6.0,0.0,
FDXDL3Z-13008-A ,2024-12-01,False,6.0,0.0,
FDXDL3Z-13008-A ,2025-01-01,False,6.0,0.0,
FDXDL3Z-13008-A ,2025-02-01,False,6.0,0.0,
FDXDL3Z-13008-A ,2025-03-01,False,4.0,2.0,
FDXDL3Z-13008-A ,2025-04-01,False,2.0,2.0,
FDXDL3Z-13008-A ,2025-05-01,False,2.0,0.0,0.0
FDXDL3Z-13008-A ,2025-06-01,False,2.0,0.0,0.0
FDXDL3Z-13008-B ,2024-06-01,False,3.0,1.0,
FDXDL3Z-13008-B ,2024-07-01,False,3.0,0.0,
FDXDL3Z-13008-B ,2024-08-01,False,2.0,1.0,
FDXDL3Z-13008-B ,2024-09-01,False,2.0,0.0,
FDXDL3Z-13008-B ,2024-10-01,False,2.0,0.0,
FDXDL3Z-13008-B ,2024-11-01,False,8.0,0.0,
FDXDL3Z-13008-B ,2024-12-01,False,8.0,0.0,
FDXDL3Z-13008-B ,2025-01-01,False,8.0,0.0,
FDXDL3Z-13008-B ,2025-02-01,False,8.0,0.0,
FDXDL3Z-13008-B ,2025-03-01,False,6.0,2.0,
FDXDL3Z-13008-B ,2025-04-01,False,4.0,2.0,
FDXDL3Z-13008-B ,2025-05-01,False,4.0,0.0,0.0
FDXDL3Z-13008-B ,2025-06-01,False,4.0,0.0,0.0
FDXDL3Z-13008-FB ,2024-06-01,False,1.0,1.0,
FDXDL3Z-13008-FB ,2024-07-01,False,1.0,0.0,
FDXDL3Z-13008-FB ,2024-08-01,False,1.0,0.0,
FDXDL3Z-13008-FB ,2024-09-01,False,1.0,0.0,
FDXDL3Z-13008-FB ,2024-10-01,False,1.0,0.0,
FDXDL3Z-13008-FB ,2024-11-01,False,1.0,0.0,
FDXDL3Z-13008-FB ,2024-12-01,False,1.0,0.0,
FDXDL3Z-13008-FB ,2025-01-01,False,1.0,0.0,
FDXDL3Z-13008-FB ,2025-02-01,False,1.0,0.0,
FDXDL3Z-13008-FB ,2025-03-01,False,1.0,0.0,
FDXDL3Z-13008-FB ,2025-04-01,False,1.0,0.0,
FDXDL3Z-13008-FB ,2025-05-01,False,1.0,0.0,0.0
FDXDL3Z-13008-FB ,2025-06-01,False,1.0,0.0,0.0
FDXDL3Z-8200-DA ,2024-06-01,False,4.0,0.0,
FDXDL3Z-8200-DA ,2024-07-01,False,4.0,0.0,
FDXDL3Z-8200-DA ,2024-08-01,False,4.0,0.0,
FDXDL3Z-8200-DA ,2024-09-01,False,4.0,0.0,
FDXDL3Z-8200-DA ,2024-10-01,False,4.0,0.0,
FDXDL3Z-8200-DA ,2024-11-01,False,4.0,0.0,
FDXDL3Z-8200-DA ,2024-12-01,False,3.0,1.0,
FDXDL3Z-8200-DA ,2025-01-01,False,3.0,0.0,
FDXDL3Z-8200-DA ,2025-02-01,False,2.0,1.0,
FDXDL3Z-8200-DA ,2025-03-01,False,2.0,0.0,
FDXDL3Z-8200-DA ,2025-04-01,False,2.0,0.0,
FDXDL3Z-8200-DA ,2025-05-01,False,2.0,0.0,0.0
FDXDL3Z-8200-DA ,2025-06-01,False,2.0,0.0,0.0
FDXDR3Z-17626-B ,2024-06-01,False,2.0,1.0,
FDXDR3Z-17626-B ,2024-07-01,False,2.0,0.0,
FDXDR3Z-17626-B ,2024-08-01,False,2.0,0.0,
FDXDR3Z-17626-B ,2024-09-01,False,1.0,1.0,
FDXDR3Z-17626-B ,2024-10-01,False,1.0,0.0,
FDXDR3Z-17626-B ,2024-11-01,False,1.0,0.0,
FDXDR3Z-17626-B ,2024-12-01,False,11.0,0.0,
FDXDR3Z-17626-B ,2025-01-01,False,11.0,0.0,
FDXDR3Z-17626-B ,2025-02-01,False,11.0,0.0,
FDXDR3Z-17626-B ,2025-03-01,False,11.0,0.0,
FDXDR3Z-17626-B ,2025-04-01,False,11.0,0.0,
FDXDR3Z-17626-B ,2025-05-01,False,10.0,1.0,0.0
FDXDR3Z-17626-B ,2025-06-01,False,10.0,0.0,0.0
FDXDR3Z-17682-AA ,2024-06-01,False,7.0,0.0,
FDXDR3Z-17682-AA ,2024-07-01,False,7.0,0.0,
FDXDR3Z-17682-AA ,2024-08-01,False,7.0,0.0,
FDXDR3Z-17682-AA ,2024-09-01,False,7.0,0.0,
FDXDR3Z-17682-AA ,2024-10-01,False,7.0,0.0,
FDXDR3Z-17682-AA ,2024-11-01,False,7.0,0.0,
FDXDR3Z-17682-AA ,2024-12-01,False,7.0,0.0,
FDXDR3Z-17682-AA ,2025-01-01,False,7.0,0.0,
FDXDR3Z-17682-AA ,2025-02-01,False,7.0,0.0,
FDXDR3Z-17682-AA ,2025-03-01,False,7.0,0.0,
FDXDR3Z-17682-AA ,2025-04-01,False,5.0,2.0,
FDXDR3Z-17682-AA ,2025-05-01,False,4.0,1.0,1.0
FDXDR3Z-17682-AA ,2025-06-01,False,4.0,0.0,1.0
FDXDR3Z-17683-AA ,2024-06-01,False,5.0,0.0,
FDXDR3Z-17683-AA ,2024-07-01,False,5.0,0.0,
FDXDR3Z-17683-AA ,2024-08-01,False,5.0,0.0,
FDXDR3Z-17683-AA ,2024-09-01,False,5.0,0.0,
FDXDR3Z-17683-AA ,2024-10-01,False,5.0,0.0,
FDXDR3Z-17683-AA ,2024-11-01,False,5.0,0.0,
FDXDR3Z-17683-AA ,2024-12-01,False,5.0,0.0,
FDXDR3Z-17683-AA ,2025-01-01,False,5.0,0.0,
FDXDR3Z-17683-AA ,2025-02-01,False,5.0,0.0,
FDXDR3Z-17683-AA ,2025-03-01,False,5.0,0.0,
FDXDR3Z-17683-AA ,2025-04-01,False,5.0,0.0,
FDXDR3Z-17683-AA ,2025-05-01,False,5.0,0.0,1.0
FDXDR3Z-17683-AA ,2025-06-01,False,4.0,1.0,0.0
FDXE7ZZ-13200-A ,2024-06-01,True,0.0,0.0,
FDXE7ZZ-13200-A ,2024-07-01,True,20.0,0.0,
FDXE7ZZ-13200-A ,2024-08-01,False,19.0,1.0,
FDXE7ZZ-13200-A ,2024-09-01,False,19.0,0.0,
FDXE7ZZ-13200-A ,2024-10-01,False,19.0,0.0,
FDXE7ZZ-13200-A ,2024-11-01,False,17.0,2.0,
FDXE7ZZ-13200-A ,2024-12-01,False,17.0,0.0,
FDXE7ZZ-13200-A ,2025-01-01,False,16.0,1.0,
FDXE7ZZ-13200-A ,2025-02-01,False,11.0,5.0,
FDXE7ZZ-13200-A ,2025-03-01,False,11.0,0.0,
FDXE7ZZ-13200-A ,2025-04-01,False,10.0,1.0,
FDXE7ZZ-13200-A ,2025-05-01,False,9.0,1.0,1.0
FDXE7ZZ-13200-A ,2025-06-01,False,9.0,0.0,1.0
FDXE7ZZ-13201-A ,2024-06-01,False,12.0,0.0,
FDXE7ZZ-13201-A ,2024-07-01,False,12.0,0.0,
FDXE7ZZ-13201-A ,2024-08-01,False,12.0,0.0,
FDXE7ZZ-13201-A ,2024-09-01,False,12.0,0.0,
FDXE7ZZ-13201-A ,2024-10-01,False,12.0,0.0,
FDXE7ZZ-13201-A ,2024-11-01,False,11.0,1.0,
FDXE7ZZ-13201-A ,2024-12-01,False,10.0,1.0,
FDXE7ZZ-13201-A ,2025-01-01,False,8.0,2.0,
FDXE7ZZ-13201-A ,2025-02-01,False,2.0,6.0,
FDXE7ZZ-13201-A ,2025-03-01,False,2.0,0.0,
FDXE7ZZ-13201-A ,2025-04-01,False,1.0,1.0,
FDXE7ZZ-13201-A ,2025-05-01,False,1.0,0.0,0.0
FDXE7ZZ-13201-A ,2025-06-01,False,1.0,0.0,0.0
FDXE7ZZ-13404-A ,2024-06-01,True,0.0,12.0,
FDXE7ZZ-13404-A ,2024-07-01,True,0.0,0.0,
FDXE7ZZ-13404-A ,2024-08-01,True,0.0,0.0,
FDXE7ZZ-13404-A ,2024-09-01,True,0.0,0.0,
FDXE7ZZ-13404-A ,2024-10-01,True,0.0,0.0,
FDXE7ZZ-13404-A ,2024-11-01,True,0.0,0.0,
FDXE7ZZ-13404-A ,2024-12-01,True,1.0,5.0,
FDXE7ZZ-13404-A ,2025-01-01,True,1.0,0.0,
FDXE7ZZ-13404-A ,2025-02-01,True,1.0,0.0,
FDXE7ZZ-13404-A ,2025-03-01,True,1.0,0.0,
FDXE7ZZ-13404-A ,2025-04-01,True,1.0,0.0,
FDXE7ZZ-13404-A ,2025-05-01,True,1.0,6.0,4.0
FDXE7ZZ-13404-A ,2025-06-01,True,1.0,12.0,2.0
FDXE7ZZ-13405-A ,2024-06-01,True,0.0,12.0,
FDXE7ZZ-13405-A ,2024-07-01,True,0.0,0.0,
FDXE7ZZ-13405-A ,2024-08-01,True,0.0,0.0,
FDXE7ZZ-13405-A ,2024-09-01,True,0.0,0.0,
FDXE7ZZ-13405-A ,2024-10-01,True,0.0,0.0,
FDXE7ZZ-13405-A ,2024-11-01,True,0.0,0.0,
FDXE7ZZ-13405-A ,2024-12-01,True,1.0,5.0,
FDXE7ZZ-13405-A ,2025-01-01,True,1.0,0.0,
FDXE7ZZ-13405-A ,2025-02-01,True,1.0,0.0,
FDXE7ZZ-13405-A ,2025-03-01,True,1.0,0.0,
FDXE7ZZ-13405-A ,2025-04-01,True,1.0,0.0,
FDXE7ZZ-13405-A ,2025-05-01,True,1.0,6.0,4.0
FDXE7ZZ-13405-A ,2025-06-01,True,1.0,12.0,2.0
FDXE7ZZ-15A201-A ,2024-06-01,False,9.0,0.0,
FDXE7ZZ-15A201-A ,2024-07-01,False,9.0,0.0,
FDXE7ZZ-15A201-A ,2024-08-01,False,9.0,0.0,
FDXE7ZZ-15A201-A ,2024-09-01,False,9.0,0.0,
FDXE7ZZ-15A201-A ,2024-10-01,False,9.0,0.0,
FDXE7ZZ-15A201-A ,2024-11-01,False,8.0,1.0,
FDXE7ZZ-15A201-A ,2024-12-01,False,8.0,0.0,
FDXE7ZZ-15A201-A ,2025-01-01,False,7.0,1.0,
FDXE7ZZ-15A201-A ,2025-02-01,False,2.0,5.0,
FDXE7ZZ-15A201-A ,2025-03-01,False,2.0,0.0,
FDXE7ZZ-15A201-A ,2025-04-01,False,1.0,1.0,
FDXE7ZZ-15A201-A ,2025-05-01,False,1.0,0.0,0.0
FDXE7ZZ-15A201-A ,2025-06-01,False,1.0,0.0,0.0
FDXE7ZZ-15A201-B ,2024-06-01,False,9.0,0.0,
FDXE7ZZ-15A201-B ,2024-07-01,False,9.0,0.0,
FDXE7ZZ-15A201-B ,2024-08-01,False,9.0,0.0,
FDXE7ZZ-15A201-B ,2024-09-01,False,9.0,0.0,
FDXE7ZZ-15A201-B ,2024-10-01,False,9.0,0.0,
FDXE7ZZ-15A201-B ,2024-11-01,False,8.0,1.0,
FDXE7ZZ-15A201-B ,2024-12-01,False,8.0,0.0,
FDXE7ZZ-15A201-B ,2025-01-01,False,7.0,1.0,
FDXE7ZZ-15A201-B ,2025-02-01,False,2.0,5.0,
FDXE7ZZ-15A201-B ,2025-03-01,False,2.0,0.0,
FDXE7ZZ-15A201-B ,2025-04-01,False,1.0,1.0,
FDXE7ZZ-15A201-B ,2025-05-01,False,1.0,0.0,0.0
FDXE7ZZ-15A201-B ,2025-06-01,False,1.0,0.0,0.0
FDXE8AZ-15A201-B ,2024-06-01,False,0.0,0.0,
FDXE8AZ-15A201-B ,2024-07-01,True,10.0,0.0,
FDXE8AZ-15A201-B ,2024-08-01,False,10.0,0.0,
FDXE8AZ-15A201-B ,2024-09-01,False,10.0,0.0,
FDXE8AZ-15A201-B ,2024-10-01,False,10.0,0.0,
FDXE8AZ-15A201-B ,2024-11-01,False,9.0,1.0,
FDXE8AZ-15A201-B ,2024-12-01,False,9.0,0.0,
FDXE8AZ-15A201-B ,2025-01-01,False,9.0,0.0,
FDXE8AZ-15A201-B ,2025-02-01,False,9.0,0.0,
FDXE8AZ-15A201-B ,2025-03-01,False,9.0,0.0,
FDXE8AZ-15A201-B ,2025-04-01,False,9.0,0.0,
FDXE8AZ-15A201-B ,2025-05-01,False,9.0,0.0,0.0
FDXE8AZ-15A201-B ,2025-06-01,False,9.0,0.0,0.0
FDXE8LY-1012-A ,2024-06-01,False,47.0,0.0,
FDXE8LY-1012-A ,2024-07-01,False,47.0,0.0,
FDXE8LY-1012-A ,2024-08-01,False,47.0,0.0,
FDXE8LY-1012-A ,2024-09-01,False,47.0,0.0,
FDXE8LY-1012-A ,2024-10-01,False,47.0,0.0,
FDXE8LY-1012-A ,2024-11-01,False,47.0,0.0,
FDXE8LY-1012-A ,2024-12-01,False,47.0,0.0,
FDXE8LY-1012-A ,2025-01-01,False,2.0,46.0,
FDXE8LY-1012-A ,2025-02-01,True,2.0,0.0,
FDXE8LY-1012-A ,2025-03-01,True,2.0,0.0,
FDXE8LY-1012-A ,2025-04-01,True,2.0,0.0,
FDXE8LY-1012-A ,2025-05-01,True,2.0,0.0,1.0
FDXE8LY-1012-A ,2025-06-01,True,2.0,0.0,1.0
FDXE8MY-17997-A ,2024-06-01,False,0.0,0.0,
FDXE8MY-17997-A ,2024-07-01,True,1.0,0.0,
FDXE8MY-17997-A ,2024-08-01,False,1.0,0.0,
FDXE8MY-17997-A ,2024-09-01,False,1.0,0.0,
FDXE8MY-17997-A ,2024-10-01,False,1.0,0.0,
FDXE8MY-17997-A ,2024-11-01,False,0.0,1.0,
FDXE8MY-17997-A ,2024-12-01,True,0.0,0.0,
FDXE8MY-17997-A ,2025-01-01,True,0.0,0.0,
FDXE8MY-17997-A ,2025-02-01,True,0.0,0.0,
FDXE8MY-17997-A ,2025-03-01,True,0.0,0.0,
FDXE8MY-17997-A ,2025-04-01,True,0.0,0.0,
FDXE8MY-17997-A ,2025-05-01,True,0.0,0.0,0.0
FDXE8MY-17997-A ,2025-06-01,True,0.0,0.0,0.0
FDXE9SZ-13200-A ,2024-06-01,False,0.0,0.0,
FDXE9SZ-13200-A ,2024-07-01,True,1.0,0.0,
FDXE9SZ-13200-A ,2024-08-01,False,1.0,0.0,
FDXE9SZ-13200-A ,2024-09-01,False,1.0,0.0,
FDXE9SZ-13200-A ,2024-10-01,False,1.0,0.0,
FDXE9SZ-13200-A ,2024-11-01,False,0.0,1.0,
FDXE9SZ-13200-A ,2024-12-01,True,0.0,0.0,
FDXE9SZ-13200-A ,2025-01-01,True,0.0,0.0,
FDXE9SZ-13200-A ,2025-02-01,True,0.0,0.0,
FDXE9SZ-13200-A ,2025-03-01,True,0.0,0.0,
FDXE9SZ-13200-A ,2025-04-01,True,0.0,0.0,
FDXE9SZ-13200-A ,2025-05-01,True,0.0,0.0,0.0
FDXE9SZ-13200-A ,2025-06-01,True,0.0,0.0,0.0
FDXE9TZ-13008-C ,2024-06-01,False,3.0,0.0,
FDXE9TZ-13008-C ,2024-07-01,False,3.0,0.0,
FDXE9TZ-13008-C ,2024-08-01,False,3.0,0.0,
FDXE9TZ-13008-C ,2024-09-01,False,3.0,0.0,
FDXE9TZ-13008-C ,2024-10-01,False,3.0,0.0,
FDXE9TZ-13008-C ,2024-11-01,False,3.0,0.0,
FDXE9TZ-13008-C ,2024-12-01,False,3.0,0.0,
FDXE9TZ-13008-C ,2025-01-01,False,3.0,0.0,
FDXE9TZ-13008-C ,2025-02-01,False,3.0,0.0,
FDXE9TZ-13008-C ,2025-03-01,False,2.0,1.0,
FDXE9TZ-13008-C ,2025-04-01,False,2.0,0.0,
FDXE9TZ-13008-C ,2025-05-01,False,2.0,0.0,0.0
FDXE9TZ-13008-C ,2025-06-01,False,2.0,0.0,0.0
FDXE9TZ-13008-D ,2024-06-01,False,3.0,0.0,
FDXE9TZ-13008-D ,2024-07-01,False,3.0,0.0,
FDXE9TZ-13008-D ,2024-08-01,False,3.0,0.0,
FDXE9TZ-13008-D ,2024-09-01,False,3.0,0.0,
FDXE9TZ-13008-D ,2024-10-01,False,3.0,0.0,
FDXE9TZ-13008-D ,2024-11-01,False,3.0,0.0,
FDXE9TZ-13008-D ,2024-12-01,False,3.0,0.0,
FDXE9TZ-13008-D ,2025-01-01,False,3.0,0.0,
FDXE9TZ-13008-D ,2025-02-01,False,3.0,0.0,
FDXE9TZ-13008-D ,2025-03-01,False,2.0,1.0,
FDXE9TZ-13008-D ,2025-04-01,False,2.0,0.0,
FDXE9TZ-13008-D ,2025-05-01,False,2.0,0.0,0.0
FDXE9TZ-13008-D ,2025-06-01,False,2.0,0.0,0.0
FDXE9TZ-13404-C ,2024-06-01,False,5.0,0.0,
FDXE9TZ-13404-C ,2024-07-01,False,5.0,0.0,
FDXE9TZ-13404-C ,2024-08-01,False,5.0,0.0,
FDXE9TZ-13404-C ,2024-09-01,False,5.0,0.0,
FDXE9TZ-13404-C ,2024-10-01,False,5.0,0.0,
FDXE9TZ-13404-C ,2024-11-01,False,5.0,0.0,
FDXE9TZ-13404-C ,2024-12-01,False,5.0,0.0,
FDXE9TZ-13404-C ,2025-01-01,False,5.0,0.0,
FDXE9TZ-13404-C ,2025-02-01,False,5.0,0.0,
FDXE9TZ-13404-C ,2025-03-01,False,1.0,4.0,
FDXE9TZ-13404-C ,2025-04-01,False,1.0,0.0,
FDXE9TZ-13404-C ,2025-05-01,False,1.0,0.0,0.0
FDXE9TZ-13404-C ,2025-06-01,False,1.0,0.0,0.0
FDXE9TZ-13405-C ,2024-06-01,False,7.0,0.0,
FDXE9TZ-13405-C ,2024-07-01,False,7.0,0.0,
FDXE9TZ-13405-C ,2024-08-01,False,7.0,0.0,
FDXE9TZ-13405-C ,2024-09-01,False,7.0,0.0,
FDXE9TZ-13405-C ,2024-10-01,False,7.0,0.0,
FDXE9TZ-13405-C ,2024-11-01,False,7.0,0.0,
FDXE9TZ-13405-C ,2024-12-01,False,7.0,0.0,
FDXE9TZ-13405-C ,2025-01-01,False,7.0,0.0,
FDXE9TZ-13405-C ,2025-02-01,False,7.0,0.0,
FDXE9TZ-13405-C ,2025-03-01,False,3.0,4.0,
FDXE9TZ-13405-C ,2025-04-01,False,3.0,0.0,
FDXE9TZ-13405-C ,2025-05-01,False,3.0,0.0,0.0
FDXE9TZ-13405-C ,2025-06-01,False,3.0,0.0,0.0
FDXE9ZZ-13008-A ,2024-06-01,False,14.0,0.0,
FDXE9ZZ-13008-A ,2024-07-01,False,14.0,0.0,
FDXE9ZZ-13008-A ,2024-08-01,False,14.0,0.0,
FDXE9ZZ-13008-A ,2024-09-01,False,14.0,0.0,
FDXE9ZZ-13008-A ,2024-10-01,False,14.0,0.0,
FDXE9ZZ-13008-A ,2024-11-01,False,13.0,1.0,
FDXE9ZZ-13008-A ,2024-12-01,False,13.0,0.0,
FDXE9ZZ-13008-A ,2025-01-01,False,12.0,1.0,
FDXE9ZZ-13008-A ,2025-02-01,False,7.0,5.0,
FDXE9ZZ-13008-A ,2025-03-01,False,7.0,0.0,
FDXE9ZZ-13008-A ,2025-04-01,False,6.0,1.0,
FDXE9ZZ-13008-A ,2025-05-01,False,5.0,1.0,3.0
FDXE9ZZ-13008-A ,2025-06-01,False,5.0,0.0,1.0
FDXE9ZZ-13008-B ,2024-06-01,False,17.0,0.0,
FDXE9ZZ-13008-B ,2024-07-01,False,17.0,0.0,
FDXE9ZZ-13008-B ,2024-08-01,False,17.0,0.0,
FDXE9ZZ-13008-B ,2024-09-01,False,17.0,0.0,
FDXE9ZZ-13008-B ,2024-10-01,False,17.0,0.0,
FDXE9ZZ-13008-B ,2024-11-01,False,16.0,1.0,
FDXE9ZZ-13008-B ,2024-12-01,False,16.0,0.0,
FDXE9ZZ-13008-B ,2025-01-01,False,15.0,1.0,
FDXE9ZZ-13008-B ,2025-02-01,False,10.0,5.0,
FDXE9ZZ-13008-B ,2025-03-01,False,10.0,0.0,
FDXE9ZZ-13008-B ,2025-04-01,False,9.0,1.0,
FDXE9ZZ-13008-B ,2025-05-01,False,9.0,0.0,1.0
FDXE9ZZ-13008-B ,2025-06-01,False,9.0,0.0,1.0
FDXEL3Z-3084-A ,2024-06-01,False,26.0,0.0,
FDXEL3Z-3084-A ,2024-07-01,False,25.0,1.0,
FDXEL3Z-3084-A ,2024-08-01,False,21.0,4.0,
FDXEL3Z-3084-A ,2024-09-01,False,21.0,0.0,
FDXEL3Z-3084-A ,2024-10-01,False,19.0,2.0,
FDXEL3Z-3084-A ,2024-11-01,False,19.0,0.0,
FDXEL3Z-3084-A ,2024-12-01,False,14.0,5.0,
FDXEL3Z-3084-A ,2025-01-01,False,13.0,1.0,
FDXEL3Z-3084-A ,2025-02-01,False,12.0,1.0,
FDXEL3Z-3084-A ,2025-03-01,False,8.0,4.0,
FDXEL3Z-3084-A ,2025-04-01,False,8.0,0.0,
FDXEL3Z-3084-A ,2025-05-01,False,23.0,5.0,3.0
FDXEL3Z-3084-A ,2025-06-01,False,21.0,2.0,3.0
FDXEL3Z-3085-A ,2024-06-01,False,29.0,0.0,
FDXEL3Z-3085-A ,2024-07-01,False,28.0,1.0,
FDXEL3Z-3085-A ,2024-08-01,False,24.0,4.0,
FDXEL3Z-3085-A ,2024-09-01,False,24.0,0.0,
FDXEL3Z-3085-A ,2024-10-01,False,22.0,2.0,
FDXEL3Z-3085-A ,2024-11-01,False,22.0,0.0,
FDXEL3Z-3085-A ,2024-12-01,False,17.0,5.0,
FDXEL3Z-3085-A ,2025-01-01,False,16.0,1.0,
FDXEL3Z-3085-A ,2025-02-01,False,15.0,1.0,
FDXEL3Z-3085-A ,2025-03-01,False,12.0,3.0,
FDXEL3Z-3085-A ,2025-04-01,False,12.0,0.0,
FDXEL3Z-3085-A ,2025-05-01,False,27.0,5.0,2.0
FDXEL3Z-3085-A ,2025-06-01,False,25.0,2.0,3.0
FDXF0ZZ-8A284-A ,2024-06-01,False,4.0,0.0,
FDXF0ZZ-8A284-A ,2024-07-01,False,4.0,0.0,
FDXF0ZZ-8A284-A ,2024-08-01,False,4.0,0.0,
FDXF0ZZ-8A284-A ,2024-09-01,False,4.0,0.0,
FDXF0ZZ-8A284-A ,2024-10-01,False,4.0,0.0,
FDXF0ZZ-8A284-A ,2024-11-01,False,4.0,0.0,
FDXF0ZZ-8A284-A ,2024-12-01,False,4.0,0.0,
FDXF0ZZ-8A284-A ,2025-01-01,False,4.0,0.0,
FDXF0ZZ-8A284-A ,2025-02-01,False,4.0,0.0,
FDXF0ZZ-8A284-A ,2025-03-01,False,4.0,0.0,
FDXF0ZZ-8A284-A ,2025-04-01,False,4.0,0.0,
FDXF0ZZ-8A284-A ,2025-05-01,False,0.0,4.0,0.0
FDXF0ZZ-8A284-A ,2025-06-01,True,0.0,0.0,0.0
FDXF1AZ-13200-A ,2024-06-01,False,0.0,0.0,
FDXF1AZ-13200-A ,2024-07-01,True,1.0,0.0,
FDXF1AZ-13200-A ,2024-08-01,False,1.0,0.0,
FDXF1AZ-13200-A ,2024-09-01,False,1.0,0.0,
FDXF1AZ-13200-A ,2024-10-01,False,1.0,0.0,
FDXF1AZ-13200-A ,2024-11-01,False,0.0,1.0,
FDXF1AZ-13200-A ,2024-12-01,True,0.0,0.0,
FDXF1AZ-13200-A ,2025-01-01,True,0.0,0.0,
FDXF1AZ-13200-A ,2025-02-01,True,0.0,0.0,
FDXF1AZ-13200-A ,2025-03-01,True,0.0,0.0,
FDXF1AZ-13200-A ,2025-04-01,True,0.0,0.0,
FDXF1AZ-13200-A ,2025-05-01,True,0.0,0.0,0.0
FDXF1AZ-13200-A ,2025-06-01,True,0.0,0.0,0.0
FDXF1AZ-15A201-B ,2024-06-01,False,0.0,0.0,
FDXF1AZ-15A201-B ,2024-07-01,True,5.0,0.0,
FDXF1AZ-15A201-B ,2024-08-01,False,5.0,0.0,
FDXF1AZ-15A201-B ,2024-09-01,False,5.0,0.0,
FDXF1AZ-15A201-B ,2024-10-01,False,5.0,0.0,
FDXF1AZ-15A201-B ,2024-11-01,False,3.0,2.0,
FDXF1AZ-15A201-B ,2024-12-01,False,3.0,0.0,
FDXF1AZ-15A201-B ,2025-01-01,False,3.0,0.0,
FDXF1AZ-15A201-B ,2025-02-01,False,3.0,0.0,
FDXF1AZ-15A201-B ,2025-03-01,False,3.0,0.0,
FDXF1AZ-15A201-B ,2025-04-01,False,3.0,0.0,
FDXF1AZ-15A201-B ,2025-05-01,False,3.0,0.0,0.0
FDXF1AZ-15A201-B ,2025-06-01,False,3.0,0.0,0.0
FDXF2AZ-13007-A ,2024-06-01,False,0.0,0.0,
FDXF2AZ-13007-A ,2024-07-01,True,3.0,0.0,
FDXF2AZ-13007-A ,2024-08-01,False,3.0,0.0,
FDXF2AZ-13007-A ,2024-09-01,False,3.0,0.0,
FDXF2AZ-13007-A ,2024-10-01,False,3.0,0.0,
FDXF2AZ-13007-A ,2024-11-01,False,2.0,1.0,
FDXF2AZ-13007-A ,2024-12-01,False,2.0,0.0,
FDXF2AZ-13007-A ,2025-01-01,False,2.0,0.0,
FDXF2AZ-13007-A ,2025-02-01,False,2.0,0.0,
FDXF2AZ-13007-A ,2025-03-01,False,2.0,0.0,
FDXF2AZ-13007-A ,2025-04-01,False,2.0,0.0,
FDXF2AZ-13007-A ,2025-05-01,False,2.0,0.0,0.0
FDXF2AZ-13007-A ,2025-06-01,False,2.0,0.0,0.0
FDXF2AZ-13007-B ,2024-06-01,False,3.0,0.0,
FDXF2AZ-13007-B ,2024-07-01,False,3.0,0.0,
FDXF2AZ-13007-B ,2024-08-01,False,3.0,0.0,
FDXF2AZ-13007-B ,2024-09-01,False,3.0,0.0,
FDXF2AZ-13007-B ,2024-10-01,False,3.0,0.0,
FDXF2AZ-13007-B ,2024-11-01,False,1.0,2.0,
FDXF2AZ-13007-B ,2024-12-01,False,1.0,0.0,
FDXF2AZ-13007-B ,2025-01-01,False,1.0,0.0,
FDXF2AZ-13007-B ,2025-02-01,False,1.0,0.0,
FDXF2AZ-13007-B ,2025-03-01,False,1.0,0.0,
FDXF2AZ-13007-B ,2025-04-01,False,1.0,0.0,
FDXF2AZ-13007-B ,2025-05-01,False,1.0,0.0,0.0
FDXF2AZ-13007-B ,2025-06-01,False,1.0,0.0,0.0
FDXF2AZ-13008-A ,2024-06-01,False,14.0,0.0,
FDXF2AZ-13008-A ,2024-07-01,False,14.0,0.0,
FDXF2AZ-13008-A ,2024-08-01,False,14.0,0.0,
FDXF2AZ-13008-A ,2024-09-01,False,14.0,0.0,
FDXF2AZ-13008-A ,2024-10-01,False,14.0,0.0,
FDXF2AZ-13008-A ,2024-11-01,False,12.0,2.0,
FDXF2AZ-13008-A ,2024-12-01,False,12.0,0.0,
FDXF2AZ-13008-A ,2025-01-01,False,12.0,0.0,
FDXF2AZ-13008-A ,2025-02-01,False,12.0,0.0,
FDXF2AZ-13008-A ,2025-03-01,False,12.0,0.0,
FDXF2AZ-13008-A ,2025-04-01,False,12.0,0.0,
FDXF2AZ-13008-A ,2025-05-01,False,12.0,0.0,0.0
FDXF2AZ-13008-A ,2025-06-01,False,12.0,0.0,0.0
FDXF2AZ-13008-B ,2024-06-01,False,18.0,0.0,
FDXF2AZ-13008-B ,2024-07-01,False,18.0,0.0,
FDXF2AZ-13008-B ,2024-08-01,False,18.0,0.0,
FDXF2AZ-13008-B ,2024-09-01,False,18.0,0.0,
FDXF2AZ-13008-B ,2024-10-01,False,18.0,0.0,
FDXF2AZ-13008-B ,2024-11-01,False,15.0,3.0,
FDXF2AZ-13008-B ,2024-12-01,False,15.0,0.0,
FDXF2AZ-13008-B ,2025-01-01,False,15.0,0.0,
FDXF2AZ-13008-B ,2025-02-01,False,15.0,0.0,
FDXF2AZ-13008-B ,2025-03-01,False,15.0,0.0,
FDXF2AZ-13008-B ,2025-04-01,False,15.0,0.0,
FDXF2AZ-13008-B ,2025-05-01,False,15.0,0.0,0.0
FDXF2AZ-13008-B ,2025-06-01,False,15.0,0.0,0.0
FDXF2AZ-13200-B ,2024-06-01,False,4.0,0.0,
FDXF2AZ-13200-B ,2024-07-01,False,4.0,0.0,
FDXF2AZ-13200-B ,2024-08-01,False,4.0,0.0,
FDXF2AZ-13200-B ,2024-09-01,False,4.0,0.0,
FDXF2AZ-13200-B ,2024-10-01,False,4.0,0.0,
FDXF2AZ-13200-B ,2024-11-01,False,3.0,1.0,
FDXF2AZ-13200-B ,2024-12-01,False,3.0,0.0,
FDXF2AZ-13200-B ,2025-01-01,False,3.0,0.0,
FDXF2AZ-13200-B ,2025-02-01,False,3.0,0.0,
FDXF2AZ-13200-B ,2025-03-01,False,3.0,0.0,
FDXF2AZ-13200-B ,2025-04-01,False,3.0,0.0,
FDXF2AZ-13200-B ,2025-05-01,False,3.0,0.0,0.0
FDXF2AZ-13200-B ,2025-06-01,False,3.0,0.0,0.0
FDXF2AZ-13201-A ,2024-06-01,False,2.0,0.0,
FDXF2AZ-13201-A ,2024-07-01,False,2.0,0.0,
FDXF2AZ-13201-A ,2024-08-01,False,2.0,0.0,
FDXF2AZ-13201-A ,2024-09-01,False,2.0,0.0,
FDXF2AZ-13201-A ,2024-10-01,False,2.0,0.0,
FDXF2AZ-13201-A ,2024-11-01,False,1.0,1.0,
FDXF2AZ-13201-A ,2024-12-01,False,1.0,0.0,
FDXF2AZ-13201-A ,2025-01-01,False,1.0,0.0,
FDXF2AZ-13201-A ,2025-02-01,False,1.0,0.0,
FDXF2AZ-13201-A ,2025-03-01,False,1.0,0.0,
FDXF2AZ-13201-A ,2025-04-01,False,1.0,0.0,
FDXF2AZ-13201-A ,2025-05-01,False,1.0,0.0,0.0
FDXF2AZ-13201-A ,2025-06-01,False,1.0,0.0,0.0
FDXF2AZ-13201-B ,2024-06-01,False,4.0,0.0,
FDXF2AZ-13201-B ,2024-07-01,False,4.0,0.0,
FDXF2AZ-13201-B ,2024-08-01,False,4.0,0.0,
FDXF2AZ-13201-B ,2024-09-01,False,4.0,0.0,
FDXF2AZ-13201-B ,2024-10-01,False,4.0,0.0,
FDXF2AZ-13201-B ,2024-11-01,False,2.0,2.0,
FDXF2AZ-13201-B ,2024-12-01,False,2.0,0.0,
FDXF2AZ-13201-B ,2025-01-01,False,2.0,0.0,
FDXF2AZ-13201-B ,2025-02-01,False,2.0,0.0,
FDXF2AZ-13201-B ,2025-03-01,False,2.0,0.0,
FDXF2AZ-13201-B ,2025-04-01,False,2.0,0.0,
FDXF2AZ-13201-B ,2025-05-01,False,2.0,0.0,0.0
FDXF2AZ-13201-B ,2025-06-01,False,2.0,0.0,0.0
FDXF2AZ-5427008-A ,2024-06-01,False,11.0,0.0,
FDXF2AZ-5427008-A ,2024-07-01,False,10.0,1.0,
FDXF2AZ-5427008-A ,2024-08-01,False,8.0,2.0,
FDXF2AZ-5427008-A ,2024-09-01,False,6.0,2.0,
FDXF2AZ-5427008-A ,2024-10-01,False,4.0,2.0,
FDXF2AZ-5427008-A ,2024-11-01,False,4.0,0.0,
FDXF2AZ-5427008-A ,2024-12-01,False,4.0,0.0,
FDXF2AZ-5427008-A ,2025-01-01,False,3.0,1.0,
FDXF2AZ-5427008-A ,2025-02-01,False,3.0,0.0,
FDXF2AZ-5427008-A ,2025-03-01,False,3.0,0.0,
FDXF2AZ-5427008-A ,2025-04-01,False,3.0,0.0,
FDXF2AZ-5427008-A ,2025-05-01,False,3.0,0.0,0.0
FDXF2AZ-5427008-A ,2025-06-01,False,3.0,0.0,1.0
FDXF2AZ-5427009-A ,2024-06-01,False,11.0,0.0,
FDXF2AZ-5427009-A ,2024-07-01,False,11.0,0.0,
FDXF2AZ-5427009-A ,2024-08-01,False,9.0,2.0,
FDXF2AZ-5427009-A ,2024-09-01,False,9.0,0.0,
FDXF2AZ-5427009-A ,2024-10-01,False,8.0,1.0,
FDXF2AZ-5427009-A ,2024-11-01,False,7.0,1.0,
FDXF2AZ-5427009-A ,2024-12-01,False,7.0,0.0,
FDXF2AZ-5427009-A ,2025-01-01,False,6.0,1.0,
FDXF2AZ-5427009-A ,2025-02-01,False,6.0,0.0,
FDXF2AZ-5427009-A ,2025-03-01,False,6.0,0.0,
FDXF2AZ-5427009-A ,2025-04-01,False,6.0,0.0,
FDXF2AZ-5427009-A ,2025-05-01,False,6.0,0.0,0.0
FDXF2AZ-5427009-A ,2025-06-01,False,6.0,0.0,1.0
FDXF2GZ-8A080-A ,2024-06-01,True,0.0,0.0,
FDXF2GZ-8A080-A ,2024-07-01,True,0.0,0.0,
FDXF2GZ-8A080-A ,2024-08-01,True,0.0,0.0,
FDXF2GZ-8A080-A ,2024-09-01,True,0.0,0.0,
FDXF2GZ-8A080-A ,2024-10-01,True,0.0,0.0,
FDXF2GZ-8A080-A ,2024-11-01,True,0.0,0.0,
FDXF2GZ-8A080-A ,2024-12-01,True,6.0,0.0,
FDXF2GZ-8A080-A ,2025-01-01,False,5.0,1.0,
FDXF2GZ-8A080-A ,2025-02-01,False,5.0,0.0,
FDXF2GZ-8A080-A ,2025-03-01,False,5.0,0.0,
FDXF2GZ-8A080-A ,2025-04-01,False,5.0,0.0,
FDXF2GZ-8A080-A ,2025-05-01,False,5.0,0.0,0.0
FDXF2GZ-8A080-A ,2025-06-01,False,5.0,0.0,0.0
FDXF2MY-13008-B ,2024-06-01,False,15.0,0.0,
FDXF2MY-13008-B ,2024-07-01,False,15.0,0.0,
FDXF2MY-13008-B ,2024-08-01,False,15.0,0.0,
FDXF2MY-13008-B ,2024-09-01,False,15.0,0.0,
FDXF2MY-13008-B ,2024-10-01,False,15.0,0.0,
FDXF2MY-13008-B ,2024-11-01,False,14.0,1.0,
FDXF2MY-13008-B ,2024-12-01,False,14.0,0.0,
FDXF2MY-13008-B ,2025-01-01,False,14.0,0.0,
FDXF2MY-13008-B ,2025-02-01,False,14.0,0.0,
FDXF2MY-13008-B ,2025-03-01,False,14.0,0.0,
FDXF2MY-13008-B ,2025-04-01,False,14.0,0.0,
FDXF2MY-13008-B ,2025-05-01,False,14.0,0.0,0.0
FDXF2MY-13008-B ,2025-06-01,False,14.0,0.0,0.0
FDXF2MY-15A201-C ,2024-06-01,False,0.0,0.0,
FDXF2MY-15A201-C ,2024-07-01,True,6.0,0.0,
FDXF2MY-15A201-C ,2024-08-01,False,6.0,0.0,
FDXF2MY-15A201-C ,2024-09-01,False,6.0,0.0,
FDXF2MY-15A201-C ,2024-10-01,False,6.0,0.0,
FDXF2MY-15A201-C ,2024-11-01,False,5.0,1.0,
FDXF2MY-15A201-C ,2024-12-01,False,5.0,0.0,
FDXF2MY-15A201-C ,2025-01-01,False,5.0,0.0,
FDXF2MY-15A201-C ,2025-02-01,False,5.0,0.0,
FDXF2MY-15A201-C ,2025-03-01,False,5.0,0.0,
FDXF2MY-15A201-C ,2025-04-01,False,5.0,0.0,
FDXF2MY-15A201-C ,2025-05-01,False,5.0,0.0,0.0
FDXF2MY-15A201-C ,2025-06-01,False,5.0,0.0,0.0
FDXF2MY-15A201-D ,2024-06-01,False,14.0,0.0,
FDXF2MY-15A201-D ,2024-07-01,False,14.0,0.0,
FDXF2MY-15A201-D ,2024-08-01,False,14.0,0.0,
FDXF2MY-15A201-D ,2024-09-01,False,14.0,0.0,
FDXF2MY-15A201-D ,2024-10-01,False,14.0,0.0,
FDXF2MY-15A201-D ,2024-11-01,False,11.0,3.0,
FDXF2MY-15A201-D ,2024-12-01,False,11.0,0.0,
FDXF2MY-15A201-D ,2025-01-01,False,11.0,0.0,
FDXF2MY-15A201-D ,2025-02-01,False,11.0,0.0,
FDXF2MY-15A201-D ,2025-03-01,False,11.0,0.0,
FDXF2MY-15A201-D ,2025-04-01,False,11.0,0.0,
FDXF2MY-15A201-D ,2025-05-01,False,11.0,0.0,0.0
FDXF2MY-15A201-D ,2025-06-01,False,11.0,0.0,0.0
FDXF2TZ-13007-B ,2024-06-01,False,4.0,0.0,
FDXF2TZ-13007-B ,2024-07-01,False,4.0,0.0,
FDXF2TZ-13007-B ,2024-08-01,False,4.0,0.0,
FDXF2TZ-13007-B ,2024-09-01,False,4.0,0.0,
FDXF2TZ-13007-B ,2024-10-01,False,4.0,0.0,
FDXF2TZ-13007-B ,2024-11-01,False,3.0,1.0,
FDXF2TZ-13007-B ,2024-12-01,False,3.0,0.0,
FDXF2TZ-13007-B ,2025-01-01,False,3.0,0.0,
FDXF2TZ-13007-B ,2025-02-01,False,3.0,0.0,
FDXF2TZ-13007-B ,2025-03-01,False,3.0,0.0,
FDXF2TZ-13007-B ,2025-04-01,False,3.0,0.0,
FDXF2TZ-13007-B ,2025-05-01,False,3.0,0.0,0.0
FDXF2TZ-13007-B ,2025-06-01,False,3.0,0.0,0.0
FDXF37Z-13008-A ,2024-06-01,False,0.0,0.0,
FDXF37Z-13008-A ,2024-07-01,True,0.0,0.0,
FDXF37Z-13008-A ,2024-08-01,True,0.0,0.0,
FDXF37Z-13008-A ,2024-09-01,True,0.0,0.0,
FDXF37Z-13008-A ,2024-10-01,True,0.0,0.0,
FDXF37Z-13008-A ,2024-11-01,True,0.0,0.0,
FDXF37Z-13008-A ,2024-12-01,True,0.0,1.0,
FDXF37Z-13008-A ,2025-01-01,True,0.0,0.0,
FDXF37Z-13008-A ,2025-02-01,True,0.0,0.0,
FDXF37Z-13008-A ,2025-03-01,True,0.0,0.0,
FDXF37Z-13008-A ,2025-04-01,True,0.0,0.0,
FDXF37Z-13008-A ,2025-05-01,True,0.0,0.0,0.0
FDXF37Z-13008-A ,2025-06-01,True,0.0,0.0,0.0
FDXF37Z-13008-B ,2024-06-01,False,0.0,0.0,
FDXF37Z-13008-B ,2024-07-01,True,3.0,0.0,
FDXF37Z-13008-B ,2024-08-01,False,3.0,0.0,
FDXF37Z-13008-B ,2024-09-01,False,3.0,0.0,
FDXF37Z-13008-B ,2024-10-01,False,3.0,0.0,
FDXF37Z-13008-B ,2024-11-01,False,2.0,1.0,
FDXF37Z-13008-B ,2024-12-01,False,1.0,1.0,
FDXF37Z-13008-B ,2025-01-01,False,1.0,0.0,
FDXF37Z-13008-B ,2025-02-01,False,1.0,0.0,
FDXF37Z-13008-B ,2025-03-01,False,1.0,0.0,
FDXF37Z-13008-B ,2025-04-01,False,1.0,0.0,
FDXF37Z-13008-B ,2025-05-01,False,1.0,0.0,0.0
FDXF37Z-13008-B ,2025-06-01,False,1.0,0.0,0.0
FDXF3AZ-5423208-B ,2024-06-01,False,49.0,0.0,
FDXF3AZ-5423208-B ,2024-07-01,False,49.0,0.0,
FDXF3AZ-5423208-B ,2024-08-01,False,49.0,0.0,
FDXF3AZ-5423208-B ,2024-09-01,False,49.0,0.0,
FDXF3AZ-5423208-B ,2024-10-01,False,49.0,0.0,
FDXF3AZ-5423208-B ,2024-11-01,False,49.0,0.0,
FDXF3AZ-5423208-B ,2024-12-01,False,49.0,0.0,
FDXF3AZ-5423208-B ,2025-01-01,False,48.0,1.0,
FDXF3AZ-5423208-B ,2025-02-01,False,48.0,0.0,
FDXF3AZ-5423208-B ,2025-03-01,False,48.0,0.0,
FDXF3AZ-5423208-B ,2025-04-01,False,48.0,0.0,
FDXF3AZ-5423208-B ,2025-05-01,False,48.0,0.0,0.0
FDXF3AZ-5423208-B ,2025-06-01,False,48.0,0.0,0.0
FDXF3AZ-5423209-B ,2024-06-01,False,59.0,3.0,
FDXF3AZ-5423209-B ,2024-07-01,False,56.0,3.0,
FDXF3AZ-5423209-B ,2024-08-01,False,50.0,6.0,
FDXF3AZ-5423209-B ,2024-09-01,False,47.0,3.0,
FDXF3AZ-5423209-B ,2024-10-01,False,45.0,2.0,
FDXF3AZ-5423209-B ,2024-11-01,False,45.0,0.0,
FDXF3AZ-5423209-B ,2024-12-01,False,43.0,2.0,
FDXF3AZ-5423209-B ,2025-01-01,False,40.0,3.0,
FDXF3AZ-5423209-B ,2025-02-01,False,40.0,0.0,
FDXF3AZ-5423209-B ,2025-03-01,False,40.0,0.0,
FDXF3AZ-5423209-B ,2025-04-01,False,37.0,3.0,
FDXF3AZ-5423209-B ,2025-05-01,False,37.0,0.0,2.0
FDXF3AZ-5423209-B ,2025-06-01,False,37.0,0.0,2.0
FDXF3VY-5423208-A ,2024-06-01,False,3.0,0.0,
FDXF3VY-5423208-A ,2024-07-01,False,3.0,0.0,
FDXF3VY-5423208-A ,2024-08-01,False,3.0,0.0,
FDXF3VY-5423208-A ,2024-09-01,False,3.0,0.0,
FDXF3VY-5423208-A ,2024-10-01,False,3.0,0.0,
FDXF3VY-5423208-A ,2024-11-01,False,3.0,0.0,
FDXF3VY-5423208-A ,2024-12-01,False,3.0,0.0,
FDXF3VY-5423208-A ,2025-01-01,False,3.0,0.0,
FDXF3VY-5423208-A ,2025-02-01,False,3.0,0.0,
FDXF3VY-5423208-A ,2025-03-01,False,2.0,1.0,
FDXF3VY-5423208-A ,2025-04-01,False,2.0,0.0,
FDXF3VY-5423208-A ,2025-05-01,False,2.0,0.0,0.0
FDXF3VY-5423208-A ,2025-06-01,False,2.0,0.0,0.0
FDXF4DZ-13008-A ,2024-06-01,False,0.0,0.0,
FDXF4DZ-13008-A ,2024-07-01,True,9.0,0.0,
FDXF4DZ-13008-A ,2024-08-01,False,9.0,0.0,
FDXF4DZ-13008-A ,2024-09-01,False,9.0,0.0,
FDXF4DZ-13008-A ,2024-10-01,False,9.0,0.0,
FDXF4DZ-13008-A ,2024-11-01,False,8.0,1.0,
FDXF4DZ-13008-A ,2024-12-01,False,8.0,0.0,
FDXF4DZ-13008-A ,2025-01-01,False,8.0,0.0,
FDXF4DZ-13008-A ,2025-02-01,False,8.0,0.0,
FDXF4DZ-13008-A ,2025-03-01,False,8.0,0.0,
FDXF4DZ-13008-A ,2025-04-01,False,8.0,0.0,
FDXF4DZ-13008-A ,2025-05-01,False,8.0,0.0,0.0
FDXF4DZ-13008-A ,2025-06-01,False,8.0,0.0,0.0
FDXF4DZ-13008-B ,2024-06-01,False,0.0,0.0,
FDXF4DZ-13008-B ,2024-07-01,True,7.0,0.0,
FDXF4DZ-13008-B ,2024-08-01,False,7.0,0.0,
FDXF4DZ-13008-B ,2024-09-01,False,7.0,0.0,
FDXF4DZ-13008-B ,2024-10-01,False,7.0,0.0,
FDXF4DZ-13008-B ,2024-11-01,False,5.0,2.0,
FDXF4DZ-13008-B ,2024-12-01,False,5.0,0.0,
FDXF4DZ-13008-B ,2025-01-01,False,5.0,0.0,
FDXF4DZ-13008-B ,2025-02-01,False,5.0,0.0,
FDXF4DZ-13008-B ,2025-03-01,False,5.0,0.0,
FDXF4DZ-13008-B ,2025-04-01,False,5.0,0.0,
FDXF4DZ-13008-B ,2025-05-01,False,5.0,0.0,0.0
FDXF4DZ-13008-B ,2025-06-01,False,5.0,0.0,0.0
FDXF4ZZ-6038-C ,2024-06-01,True,0.0,0.0,
FDXF4ZZ-6038-C ,2024-07-01,True,0.0,0.0,
FDXF4ZZ-6038-C ,2024-08-01,True,0.0,0.0,
FDXF4ZZ-6038-C ,2024-09-01,True,0.0,0.0,
FDXF4ZZ-6038-C ,2024-10-01,True,0.0,0.0,
FDXF4ZZ-6038-C ,2024-11-01,True,0.0,0.0,
FDXF4ZZ-6038-C ,2024-12-01,True,0.0,0.0,
FDXF4ZZ-6038-C ,2025-01-01,True,0.0,0.0,
FDXF4ZZ-6038-C ,2025-02-01,True,0.0,0.0,
FDXF4ZZ-6038-C ,2025-03-01,True,0.0,0.0,
FDXF4ZZ-6038-C ,2025-04-01,True,0.0,0.0,
FDXF4ZZ-6038-C ,2025-05-01,True,1.0,1.0,0.0
FDXF4ZZ-6038-C ,2025-06-01,False,1.0,0.0,0.0
FDXF4ZZ-6038-D ,2024-06-01,True,0.0,0.0,
FDXF4ZZ-6038-D ,2024-07-01,True,0.0,0.0,
FDXF4ZZ-6038-D ,2024-08-01,True,0.0,0.0,
FDXF4ZZ-6038-D ,2024-09-01,True,0.0,0.0,
FDXF4ZZ-6038-D ,2024-10-01,True,0.0,0.0,
FDXF4ZZ-6038-D ,2024-11-01,True,0.0,0.0,
FDXF4ZZ-6038-D ,2024-12-01,True,0.0,0.0,
FDXF4ZZ-6038-D ,2025-01-01,True,0.0,0.0,
FDXF4ZZ-6038-D ,2025-02-01,True,0.0,0.0,
FDXF4ZZ-6038-D ,2025-03-01,True,0.0,0.0,
FDXF4ZZ-6038-D ,2025-04-01,True,0.0,0.0,
FDXF4ZZ-6038-D ,2025-05-01,True,1.0,1.0,0.0
FDXF4ZZ-6038-D ,2025-06-01,False,1.0,0.0,0.0
FDXF5MY-13008-B ,2024-06-01,False,4.0,0.0,
FDXF5MY-13008-B ,2024-07-01,False,4.0,0.0,
FDXF5MY-13008-B ,2024-08-01,False,4.0,0.0,
FDXF5MY-13008-B ,2024-09-01,False,4.0,0.0,
FDXF5MY-13008-B ,2024-10-01,False,4.0,0.0,
FDXF5MY-13008-B ,2024-11-01,False,3.0,1.0,
FDXF5MY-13008-B ,2024-12-01,False,3.0,0.0,
FDXF5MY-13008-B ,2025-01-01,False,3.0,0.0,
FDXF5MY-13008-B ,2025-02-01,False,3.0,0.0,
FDXF5MY-13008-B ,2025-03-01,False,3.0,0.0,
FDXF5MY-13008-B ,2025-04-01,False,3.0,0.0,
FDXF5MY-13008-B ,2025-05-01,False,3.0,0.0,0.0
FDXF5MY-13008-B ,2025-06-01,False,3.0,0.0,0.0
FDXF5MY-17D957-A ,2024-06-01,False,3.0,0.0,
FDXF5MY-17D957-A ,2024-07-01,False,3.0,0.0,
FDXF5MY-17D957-A ,2024-08-01,False,3.0,0.0,
FDXF5MY-17D957-A ,2024-09-01,False,3.0,0.0,
FDXF5MY-17D957-A ,2024-10-01,False,3.0,0.0,
FDXF5MY-17D957-A ,2024-11-01,False,3.0,0.0,
FDXF5MY-17D957-A ,2024-12-01,False,3.0,0.0,
FDXF5MY-17D957-A ,2025-01-01,False,1.0,2.0,
FDXF5MY-17D957-A ,2025-02-01,False,0.0,1.0,
FDXF5MY-17D957-A ,2025-03-01,True,0.0,0.0,
FDXF5MY-17D957-A ,2025-04-01,True,0.0,0.0,
FDXF5MY-17D957-A ,2025-05-01,True,0.0,0.0,0.0
FDXF5MY-17D957-A ,2025-06-01,True,0.0,0.0,0.0
FDXF5TZ-13008-A ,2024-06-01,False,3.0,0.0,
FDXF5TZ-13008-A ,2024-07-01,False,3.0,0.0,
FDXF5TZ-13008-A ,2024-08-01,False,3.0,0.0,
FDXF5TZ-13008-A ,2024-09-01,False,3.0,0.0,
FDXF5TZ-13008-A ,2024-10-01,False,3.0,0.0,
FDXF5TZ-13008-A ,2024-11-01,False,2.0,1.0,
FDXF5TZ-13008-A ,2024-12-01,False,2.0,0.0,
FDXF5TZ-13008-A ,2025-01-01,False,2.0,0.0,
FDXF5TZ-13008-A ,2025-02-01,False,2.0,0.0,
FDXF5TZ-13008-A ,2025-03-01,False,2.0,0.0,
FDXF5TZ-13008-A ,2025-04-01,False,2.0,0.0,
FDXF5TZ-13008-A ,2025-05-01,False,2.0,0.0,0.0
FDXF5TZ-13008-A ,2025-06-01,False,2.0,0.0,0.0
FDXF65Z-16C826-AA ,2024-06-01,False,21.0,0.0,
FDXF65Z-16C826-AA ,2024-07-01,False,21.0,0.0,
FDXF65Z-16C826-AA ,2024-08-01,False,19.0,2.0,
FDXF65Z-16C826-AA ,2024-09-01,False,19.0,0.0,
FDXF65Z-16C826-AA ,2024-10-01,False,19.0,0.0,
FDXF65Z-16C826-AA ,2024-11-01,False,17.0,2.0,
FDXF65Z-16C826-AA ,2024-12-01,False,17.0,0.0,
FDXF65Z-16C826-AA ,2025-01-01,False,17.0,0.0,
FDXF65Z-16C826-AA ,2025-02-01,False,17.0,0.0,
FDXF65Z-16C826-AA ,2025-03-01,False,17.0,0.0,
FDXF65Z-16C826-AA ,2025-04-01,False,17.0,0.0,
FDXF65Z-16C826-AA ,2025-05-01,False,17.0,0.0,0.0
FDXF65Z-16C826-AA ,2025-06-01,False,17.0,0.0,0.0
FDXF67Z-13405-AA ,2024-06-01,False,2.0,0.0,
FDXF67Z-13405-AA ,2024-07-01,False,2.0,0.0,
FDXF67Z-13405-AA ,2024-08-01,False,2.0,0.0,
FDXF67Z-13405-AA ,2024-09-01,False,2.0,0.0,
FDXF67Z-13405-AA ,2024-10-01,False,2.0,0.0,
FDXF67Z-13405-AA ,2024-11-01,False,1.0,1.0,
FDXF67Z-13405-AA ,2024-12-01,False,1.0,0.0,
FDXF67Z-13405-AA ,2025-01-01,False,1.0,0.0,
FDXF67Z-13405-AA ,2025-02-01,False,1.0,0.0,
FDXF67Z-13405-AA ,2025-03-01,False,1.0,0.0,
FDXF67Z-13405-AA ,2025-04-01,False,1.0,0.0,
FDXF67Z-13405-AA ,2025-05-01,False,1.0,0.0,0.0
FDXF67Z-13405-AA ,2025-06-01,False,1.0,0.0,0.0
FDXF6VZ-5A242-AA ,2024-06-01,False,10.0,3.0,
FDXF6VZ-5A242-AA ,2024-07-01,False,8.0,2.0,
FDXF6VZ-5A242-AA ,2024-08-01,False,1.0,7.0,
FDXF6VZ-5A242-AA ,2024-09-01,True,1.0,0.0,
FDXF6VZ-5A242-AA ,2024-10-01,True,1.0,0.0,
FDXF6VZ-5A242-AA ,2024-11-01,True,1.0,0.0,
FDXF6VZ-5A242-AA ,2024-12-01,True,1.0,0.0,
FDXF6VZ-5A242-AA ,2025-01-01,True,1.0,0.0,
FDXF6VZ-5A242-AA ,2025-02-01,True,1.0,0.0,
FDXF6VZ-5A242-AA ,2025-03-01,True,21.0,0.0,
FDXF6VZ-5A242-AA ,2025-04-01,False,21.0,0.0,
FDXF6VZ-5A242-AA ,2025-05-01,False,19.0,2.0,2.0
FDXF6VZ-5A242-AA ,2025-06-01,False,19.0,0.0,2.0
FDXF75Z-13200-AC ,2024-06-01,True,0.0,0.0,
FDXF75Z-13200-AC ,2024-07-01,True,6.0,0.0,
FDXF75Z-13200-AC ,2024-08-01,False,6.0,0.0,
FDXF75Z-13200-AC ,2024-09-01,False,6.0,0.0,
FDXF75Z-13200-AC ,2024-10-01,False,6.0,0.0,
FDXF75Z-13200-AC ,2024-11-01,False,6.0,0.0,
FDXF75Z-13200-AC ,2024-12-01,False,6.0,0.0,
FDXF75Z-13200-AC ,2025-01-01,False,6.0,0.0,
FDXF75Z-13200-AC ,2025-02-01,False,5.0,1.0,
FDXF75Z-13200-AC ,2025-03-01,False,4.0,1.0,
FDXF75Z-13200-AC ,2025-04-01,False,3.0,1.0,
FDXF75Z-13200-AC ,2025-05-01,False,3.0,0.0,0.0
FDXF75Z-13200-AC ,2025-06-01,False,3.0,0.0,0.0
FDXF75Z-13201-AC ,2024-06-01,True,0.0,0.0,
FDXF75Z-13201-AC ,2024-07-01,True,6.0,0.0,
FDXF75Z-13201-AC ,2024-08-01,False,6.0,0.0,
FDXF75Z-13201-AC ,2024-09-01,False,6.0,0.0,
FDXF75Z-13201-AC ,2024-10-01,False,6.0,0.0,
FDXF75Z-13201-AC ,2024-11-01,False,6.0,0.0,
FDXF75Z-13201-AC ,2024-12-01,False,6.0,0.0,
FDXF75Z-13201-AC ,2025-01-01,False,6.0,0.0,
FDXF75Z-13201-AC ,2025-02-01,False,4.0,2.0,
FDXF75Z-13201-AC ,2025-03-01,False,4.0,0.0,
FDXF75Z-13201-AC ,2025-04-01,False,3.0,1.0,
FDXF75Z-13201-AC ,2025-05-01,False,3.0,0.0,1.0
FDXF75Z-13201-AC ,2025-06-01,False,3.0,0.0,0.0
FDXF75Z-13404-AC ,2024-06-01,False,3.0,0.0,
FDXF75Z-13404-AC ,2024-07-01,False,2.0,1.0,
FDXF75Z-13404-AC ,2024-08-01,False,2.0,0.0,
FDXF75Z-13404-AC ,2024-09-01,False,2.0,0.0,
FDXF75Z-13404-AC ,2024-10-01,False,2.0,0.0,
FDXF75Z-13404-AC ,2024-11-01,False,2.0,0.0,
FDXF75Z-13404-AC ,2024-12-01,False,2.0,0.0,
FDXF75Z-13404-AC ,2025-01-01,False,1.0,1.0,
FDXF75Z-13404-AC ,2025-02-01,False,1.0,0.0,
FDXF75Z-13404-AC ,2025-03-01,False,1.0,0.0,
FDXF75Z-13404-AC ,2025-04-01,False,0.0,1.0,
FDXF75Z-13404-AC ,2025-05-01,True,6.0,0.0,0.0
FDXF75Z-13404-AC ,2025-06-01,False,6.0,0.0,0.0
FDXF75Z-13405-AC ,2024-06-01,False,7.0,0.0,
FDXF75Z-13405-AC ,2024-07-01,False,6.0,1.0,
FDXF75Z-13405-AC ,2024-08-01,False,5.0,1.0,
FDXF75Z-13405-AC ,2024-09-01,False,4.0,1.0,
FDXF75Z-13405-AC ,2024-10-01,False,4.0,0.0,
FDXF75Z-13405-AC ,2024-11-01,False,3.0,1.0,
FDXF75Z-13405-AC ,2024-12-01,False,3.0,0.0,
FDXF75Z-13405-AC ,2025-01-01,False,3.0,0.0,
FDXF75Z-13405-AC ,2025-02-01,False,3.0,0.0,
FDXF75Z-13405-AC ,2025-03-01,False,3.0,0.0,
FDXF75Z-13405-AC ,2025-04-01,False,3.0,0.0,
FDXF75Z-13405-AC ,2025-05-01,False,5.0,0.0,0.0
FDXF75Z-13405-AC ,2025-06-01,False,5.0,0.0,0.0
FDXF75Z-6730-BA ,2024-06-01,False,432.0,2.0,
FDXF75Z-6730-BA ,2024-07-01,False,432.0,0.0,
FDXF75Z-6730-BA ,2024-08-01,False,430.0,2.0,
FDXF75Z-6730-BA ,2024-09-01,False,428.0,2.0,
FDXF75Z-6730-BA ,2024-10-01,False,427.0,1.0,
FDXF75Z-6730-BA ,2024-11-01,False,417.0,10.0,
FDXF75Z-6730-BA ,2024-12-01,False,415.0,2.0,
FDXF75Z-6730-BA ,2025-01-01,False,372.0,43.0,
FDXF75Z-6730-BA ,2025-02-01,False,370.0,2.0,
FDXF75Z-6730-BA ,2025-03-01,False,367.0,3.0,
FDXF75Z-6730-BA ,2025-04-01,False,365.0,2.0,
FDXF75Z-6730-BA ,2025-05-01,False,365.0,0.0,5.0
FDXF75Z-6730-BA ,2025-06-01,False,365.0,0.0,4.0
FDXF85Z-13008-AA ,2024-06-01,False,1.0,0.0,
FDXF85Z-13008-AA ,2024-07-01,False,1.0,0.0,
FDXF85Z-13008-AA ,2024-08-01,False,1.0,0.0,
FDXF85Z-13008-AA ,2024-09-01,False,1.0,0.0,
FDXF85Z-13008-AA ,2024-10-01,False,1.0,0.0,
FDXF85Z-13008-AA ,2024-11-01,False,1.0,0.0,
FDXF85Z-13008-AA ,2024-12-01,False,1.0,0.0,
FDXF85Z-13008-AA ,2025-01-01,False,1.0,0.0,
FDXF85Z-13008-AA ,2025-02-01,False,1.0,0.0,
FDXF85Z-13008-AA ,2025-03-01,False,0.0,1.0,
FDXF85Z-13008-AA ,2025-04-01,True,0.0,0.0,
FDXF85Z-13008-AA ,2025-05-01,True,0.0,0.0,0.0
FDXF85Z-13008-AA ,2025-06-01,True,0.0,0.0,0.0
FDXF85Z-13404-CA ,2024-06-01,False,1.0,0.0,
FDXF85Z-13404-CA ,2024-07-01,False,0.0,1.0,
FDXF85Z-13404-CA ,2024-08-01,True,0.0,0.0,
FDXF85Z-13404-CA ,2024-09-01,True,0.0,0.0,
FDXF85Z-13404-CA ,2024-10-01,True,0.0,0.0,
FDXF85Z-13404-CA ,2024-11-01,True,0.0,0.0,
FDXF85Z-13404-CA ,2024-12-01,True,0.0,0.0,
FDXF85Z-13404-CA ,2025-01-01,True,0.0,0.0,
FDXF85Z-13404-CA ,2025-02-01,True,0.0,0.0,
FDXF85Z-13404-CA ,2025-03-01,True,0.0,0.0,
FDXF85Z-13404-CA ,2025-04-01,True,0.0,0.0,
FDXF85Z-13404-CA ,2025-05-01,True,0.0,0.0,0.0
FDXF85Z-13404-CA ,2025-06-01,True,0.0,0.0,0.0
FDXF85Z-13405-CA ,2024-06-01,False,5.0,0.0,
FDXF85Z-13405-CA ,2024-07-01,False,5.0,0.0,
FDXF85Z-13405-CA ,2024-08-01,False,5.0,0.0,
FDXF85Z-13405-CA ,2024-09-01,False,5.0,0.0,
FDXF85Z-13405-CA ,2024-10-01,False,5.0,0.0,
FDXF85Z-13405-CA ,2024-11-01,False,5.0,0.0,
FDXF85Z-13405-CA ,2024-12-01,False,5.0,0.0,
FDXF85Z-13405-CA ,2025-01-01,False,5.0,0.0,
FDXF85Z-13405-CA ,2025-02-01,False,5.0,0.0,
FDXF85Z-13405-CA ,2025-03-01,False,5.0,0.0,
FDXF85Z-13405-CA ,2025-04-01,False,5.0,0.0,
FDXF85Z-13405-CA ,2025-05-01,False,4.0,1.0,0.0
FDXF85Z-13405-CA ,2025-06-01,False,4.0,0.0,0.0
FDXF8AZ-13008-AA ,2024-06-01,False,130.0,19.0,
FDXF8AZ-13008-AA ,2024-07-01,False,120.0,10.0,
FDXF8AZ-13008-AA ,2024-08-01,False,107.0,13.0,
FDXF8AZ-13008-AA ,2024-09-01,False,102.0,5.0,
FDXF8AZ-13008-AA ,2024-10-01,False,95.0,7.0,
FDXF8AZ-13008-AA ,2024-11-01,False,87.0,8.0,
FDXF8AZ-13008-AA ,2024-12-01,False,76.0,13.0,
FDXF8AZ-13008-AA ,2025-01-01,False,70.0,6.0,
FDXF8AZ-13008-AA ,2025-02-01,False,47.0,23.0,
FDXF8AZ-13008-AA ,2025-03-01,False,29.0,18.0,
FDXF8AZ-13008-AA ,2025-04-01,False,50.0,25.0,
FDXF8AZ-13008-AA ,2025-05-01,False,64.0,10.0,13.0
FDXF8AZ-13008-AA ,2025-06-01,False,90.0,10.0,13.0
FDXF8AZ-13008-BA ,2024-06-01,False,116.0,19.0,
FDXF8AZ-13008-BA ,2024-07-01,False,105.0,11.0,
FDXF8AZ-13008-BA ,2024-08-01,False,98.0,7.0,
FDXF8AZ-13008-BA ,2024-09-01,False,94.0,4.0,
FDXF8AZ-13008-BA ,2024-10-01,False,88.0,6.0,
FDXF8AZ-13008-BA ,2024-11-01,False,77.0,11.0,
FDXF8AZ-13008-BA ,2024-12-01,False,63.0,16.0,
FDXF8AZ-13008-BA ,2025-01-01,False,57.0,6.0,
FDXF8AZ-13008-BA ,2025-02-01,False,36.0,21.0,
FDXF8AZ-13008-BA ,2025-03-01,False,15.0,21.0,
FDXF8AZ-13008-BA ,2025-04-01,False,37.0,25.0,
FDXF8AZ-13008-BA ,2025-05-01,False,50.0,11.0,13.0
FDXF8AZ-13008-BA ,2025-06-01,False,78.0,8.0,13.0
FDXF8AZ-13832-AA ,2024-06-01,False,34.0,3.0,
FDXF8AZ-13832-AA ,2024-07-01,False,34.0,0.0,
FDXF8AZ-13832-AA ,2024-08-01,False,28.0,6.0,
FDXF8AZ-13832-AA ,2024-09-01,False,26.0,2.0,
FDXF8AZ-13832-AA ,2024-10-01,False,15.0,11.0,
FDXF8AZ-13832-AA ,2024-11-01,False,9.0,6.0,
FDXF8AZ-13832-AA ,2024-12-01,False,9.0,0.0,
FDXF8AZ-13832-AA ,2025-01-01,False,9.0,0.0,
FDXF8AZ-13832-AA ,2025-02-01,False,9.0,0.0,
FDXF8AZ-13832-AA ,2025-03-01,False,46.0,3.0,
FDXF8AZ-13832-AA ,2025-04-01,False,69.0,7.0,
FDXF8AZ-13832-AA ,2025-05-01,False,69.0,0.0,3.0
FDXF8AZ-13832-AA ,2025-06-01,False,69.0,0.0,3.0
FDXF8AZ-15A201-AA ,2024-06-01,False,233.0,8.0,
FDXF8AZ-15A201-AA ,2024-07-01,False,223.0,10.0,
FDXF8AZ-15A201-AA ,2024-08-01,False,209.0,14.0,
FDXF8AZ-15A201-AA ,2024-09-01,False,206.0,3.0,
FDXF8AZ-15A201-AA ,2024-10-01,False,199.0,7.0,
FDXF8AZ-15A201-AA ,2024-11-01,False,189.0,10.0,
FDXF8AZ-15A201-AA ,2024-12-01,False,179.0,10.0,
FDXF8AZ-15A201-AA ,2025-01-01,False,173.0,6.0,
FDXF8AZ-15A201-AA ,2025-02-01,False,161.0,12.0,
FDXF8AZ-15A201-AA ,2025-03-01,False,148.0,13.0,
FDXF8AZ-15A201-AA ,2025-04-01,False,138.0,10.0,
FDXF8AZ-15A201-AA ,2025-05-01,False,128.0,10.0,10.0
FDXF8AZ-15A201-AA ,2025-06-01,False,125.0,3.0,15.0
FDXF8AZ-15A201-AB ,2024-06-01,False,187.0,10.0,
FDXF8AZ-15A201-AB ,2024-07-01,False,174.0,13.0,
FDXF8AZ-15A201-AB ,2024-08-01,False,162.0,12.0,
FDXF8AZ-15A201-AB ,2024-09-01,False,155.0,7.0,
FDXF8AZ-15A201-AB ,2024-10-01,False,151.0,4.0,
FDXF8AZ-15A201-AB ,2024-11-01,False,140.0,11.0,
FDXF8AZ-15A201-AB ,2024-12-01,False,129.0,11.0,
FDXF8AZ-15A201-AB ,2025-01-01,False,122.0,7.0,
FDXF8AZ-15A201-AB ,2025-02-01,False,111.0,11.0,
FDXF8AZ-15A201-AB ,2025-03-01,False,102.0,9.0,
FDXF8AZ-15A201-AB ,2025-04-01,False,92.0,10.0,
FDXF8AZ-15A201-AB ,2025-05-01,False,87.0,5.0,8.0
FDXF8AZ-15A201-AB ,2025-06-01,False,79.0,8.0,8.0
FDXF8AZ-16005-AA ,2024-06-01,False,5.0,1.0,
FDXF8AZ-16005-AA ,2024-07-01,False,2.0,3.0,
FDXF8AZ-16005-AA ,2024-08-01,False,1.0,1.0,
FDXF8AZ-16005-AA ,2024-09-01,True,1.0,0.0,
FDXF8AZ-16005-AA ,2024-10-01,True,5.0,1.0,
FDXF8AZ-16005-AA ,2024-11-01,False,4.0,1.0,
FDXF8AZ-16005-AA ,2024-12-01,False,3.0,1.0,
FDXF8AZ-16005-AA ,2025-01-01,False,7.0,2.0,
FDXF8AZ-16005-AA ,2025-02-01,False,7.0,0.0,
FDXF8AZ-16005-AA ,2025-03-01,False,6.0,1.0,
FDXF8AZ-16005-AA ,2025-04-01,False,2.0,4.0,
FDXF8AZ-16005-AA ,2025-05-01,False,6.0,2.0,2.0
FDXF8AZ-16005-AA ,2025-06-01,False,11.0,0.0,3.0
FDXF8AZ-16006-AA ,2024-06-01,False,9.0,0.0,
FDXF8AZ-16006-AA ,2024-07-01,False,9.0,0.0,
FDXF8AZ-16006-AA ,2024-08-01,False,8.0,1.0,
FDXF8AZ-16006-AA ,2024-09-01,False,8.0,0.0,
FDXF8AZ-16006-AA ,2024-10-01,False,7.0,1.0,
FDXF8AZ-16006-AA ,2024-11-01,False,7.0,0.0,
FDXF8AZ-16006-AA ,2024-12-01,False,7.0,0.0,
FDXF8AZ-16006-AA ,2025-01-01,False,6.0,1.0,
FDXF8AZ-16006-AA ,2025-02-01,False,6.0,0.0,
FDXF8AZ-16006-AA ,2025-03-01,False,6.0,0.0,
FDXF8AZ-16006-AA ,2025-04-01,False,3.0,3.0,
FDXF8AZ-16006-AA ,2025-05-01,False,5.0,2.0,2.0
FDXF8AZ-16006-AA ,2025-06-01,False,5.0,0.0,1.0
FDXF8AZ-16C826-AA ,2024-06-01,False,68.0,78.0,
FDXF8AZ-16C826-AA ,2024-07-01,True,293.0,25.0,
FDXF8AZ-16C826-AA ,2024-08-01,False,251.0,42.0,
FDXF8AZ-16C826-AA ,2024-09-01,False,191.0,60.0,
FDXF8AZ-16C826-AA ,2024-10-01,False,56.0,135.0,
FDXF8AZ-16C826-AA ,2024-11-01,True,166.0,90.0,
FDXF8AZ-16C826-AA ,2024-12-01,False,39.0,127.0,
FDXF8AZ-16C826-AA ,2025-01-01,True,19.0,22.0,
FDXF8AZ-16C826-AA ,2025-02-01,True,14.0,5.0,
FDXF8AZ-16C826-AA ,2025-03-01,True,12.0,2.0,
FDXF8AZ-16C826-AA ,2025-04-01,True,428.0,184.0,
FDXF8AZ-16C826-AA ,2025-05-01,False,211.0,217.0,135.0
FDXF8AZ-16C826-AA ,2025-06-01,False,138.0,79.0,99.0
FDXF8AZ-17A385-AA ,2024-06-01,False,109.0,11.0,
FDXF8AZ-17A385-AA ,2024-07-01,False,88.0,21.0,
FDXF8AZ-17A385-AA ,2024-08-01,False,82.0,6.0,
FDXF8AZ-17A385-AA ,2024-09-01,False,73.0,9.0,
FDXF8AZ-17A385-AA ,2024-10-01,False,66.0,7.0,
FDXF8AZ-17A385-AA ,2024-11-01,False,59.0,7.0,
FDXF8AZ-17A385-AA ,2024-12-01,False,114.0,5.0,
FDXF8AZ-17A385-AA ,2025-01-01,False,110.0,4.0,
FDXF8AZ-17A385-AA ,2025-02-01,False,102.0,8.0,
FDXF8AZ-17A385-AA ,2025-03-01,False,98.0,4.0,
FDXF8AZ-17A385-AA ,2025-04-01,False,118.0,20.0,
FDXF8AZ-17A385-AA ,2025-05-01,False,113.0,5.0,9.0
FDXF8AZ-17A385-AA ,2025-06-01,False,109.0,4.0,8.0
FDXF8AZ-17C829-AA ,2024-06-01,False,57.0,3.0,
FDXF8AZ-17C829-AA ,2024-07-01,False,58.0,1.0,
FDXF8AZ-17C829-AA ,2024-08-01,False,53.0,5.0,
FDXF8AZ-17C829-AA ,2024-09-01,False,51.0,2.0,
FDXF8AZ-17C829-AA ,2024-10-01,False,47.0,4.0,
FDXF8AZ-17C829-AA ,2024-11-01,False,47.0,0.0,
FDXF8AZ-17C829-AA ,2024-12-01,False,47.0,0.0,
FDXF8AZ-17C829-AA ,2025-01-01,False,45.0,2.0,
FDXF8AZ-17C829-AA ,2025-02-01,False,44.0,1.0,
FDXF8AZ-17C829-AA ,2025-03-01,False,41.0,3.0,
FDXF8AZ-17C829-AA ,2025-04-01,False,40.0,1.0,
FDXF8AZ-17C829-AA ,2025-05-01,False,40.0,0.0,1.0
FDXF8AZ-17C829-AA ,2025-06-01,False,38.0,2.0,3.0
FDXF8AZ-17C830-AA ,2024-06-01,False,13.0,1.0,
FDXF8AZ-17C830-AA ,2024-07-01,False,12.0,1.0,
FDXF8AZ-17C830-AA ,2024-08-01,False,10.0,2.0,
FDXF8AZ-17C830-AA ,2024-09-01,False,9.0,1.0,
FDXF8AZ-17C830-AA ,2024-10-01,False,7.0,2.0,
FDXF8AZ-17C830-AA ,2024-11-01,False,7.0,0.0,
FDXF8AZ-17C830-AA ,2024-12-01,False,7.0,0.0,
FDXF8AZ-17C830-AA ,2025-01-01,False,7.0,0.0,
FDXF8AZ-17C830-AA ,2025-02-01,False,6.0,1.0,
FDXF8AZ-17C830-AA ,2025-03-01,False,5.0,1.0,
FDXF8AZ-17C830-AA ,2025-04-01,False,4.0,1.0,
FDXF8AZ-17C830-AA ,2025-05-01,False,4.0,0.0,1.0
FDXF8AZ-17C830-AA ,2025-06-01,False,3.0,1.0,1.0
FDXF8AZ-17K835-AA ,2024-06-01,False,118.0,29.0,
FDXF8AZ-17K835-AA ,2024-07-01,False,115.0,37.0,
FDXF8AZ-17K835-AA ,2024-08-01,False,95.0,20.0,
FDXF8AZ-17K835-AA ,2024-09-01,False,75.0,20.0,
FDXF8AZ-17K835-AA ,2024-10-01,False,50.0,25.0,
FDXF8AZ-17K835-AA ,2024-11-01,False,16.0,34.0,
FDXF8AZ-17K835-AA ,2024-12-01,True,5.0,11.0,
FDXF8AZ-17K835-AA ,2025-01-01,True,5.0,0.0,
FDXF8AZ-17K835-AA ,2025-02-01,True,5.0,0.0,
FDXF8AZ-17K835-AA ,2025-03-01,True,47.0,18.0,
FDXF8AZ-17K835-AA ,2025-04-01,False,80.0,35.0,
FDXF8AZ-17K835-AA ,2025-05-01,False,58.0,22.0,38.0
FDXF8AZ-17K835-AA ,2025-06-01,False,53.0,13.0,16.0
FDXF8AZ-18B402-BA ,2024-06-01,False,29.0,0.0,
FDXF8AZ-18B402-BA ,2024-07-01,False,29.0,0.0,
FDXF8AZ-18B402-BA ,2024-08-01,False,28.0,1.0,
FDXF8AZ-18B402-BA ,2024-09-01,False,28.0,0.0,
FDXF8AZ-18B402-BA ,2024-10-01,False,28.0,0.0,
FDXF8AZ-18B402-BA ,2024-11-01,False,28.0,0.0,
FDXF8AZ-18B402-BA ,2024-12-01,False,28.0,0.0,
FDXF8AZ-18B402-BA ,2025-01-01,False,28.0,0.0,
FDXF8AZ-18B402-BA ,2025-02-01,False,28.0,0.0,
FDXF8AZ-18B402-BA ,2025-03-01,False,28.0,0.0,
FDXF8AZ-18B402-BA ,2025-04-01,False,28.0,0.0,
FDXF8AZ-18B402-BA ,2025-05-01,False,28.0,0.0,0.0
FDXF8AZ-18B402-BA ,2025-06-01,False,28.0,0.0,0.0
FDXF8AZ-4264-AA ,2024-06-01,False,21.0,0.0,
FDXF8AZ-4264-AA ,2024-07-01,False,19.0,2.0,
FDXF8AZ-4264-AA ,2024-08-01,False,19.0,0.0,
FDXF8AZ-4264-AA ,2024-09-01,False,19.0,0.0,
FDXF8AZ-4264-AA ,2024-10-01,False,15.0,4.0,
FDXF8AZ-4264-AA ,2024-11-01,False,13.0,2.0,
FDXF8AZ-4264-AA ,2024-12-01,False,10.0,3.0,
FDXF8AZ-4264-AA ,2025-01-01,False,10.0,0.0,
FDXF8AZ-4264-AA ,2025-02-01,False,10.0,0.0,
FDXF8AZ-4264-AA ,2025-03-01,False,9.0,1.0,
FDXF8AZ-4264-AA ,2025-04-01,False,28.0,1.0,
FDXF8AZ-4264-AA ,2025-05-01,False,28.0,0.0,2.0
FDXF8AZ-4264-AA ,2025-06-01,False,28.0,0.0,1.0
FDXF8AZ-5410177-AAA ,2024-06-01,False,3.0,0.0,
FDXF8AZ-5410177-AAA ,2024-07-01,False,3.0,0.0,
FDXF8AZ-5410177-AAA ,2024-08-01,False,3.0,0.0,
FDXF8AZ-5410177-AAA ,2024-09-01,False,2.0,1.0,
FDXF8AZ-5410177-AAA ,2024-10-01,False,2.0,0.0,
FDXF8AZ-5410177-AAA ,2024-11-01,False,2.0,0.0,
FDXF8AZ-5410177-AAA ,2024-12-01,False,2.0,0.0,
FDXF8AZ-5410177-AAA ,2025-01-01,False,2.0,0.0,
FDXF8AZ-5410177-AAA ,2025-02-01,False,2.0,0.0,
FDXF8AZ-5410177-AAA ,2025-03-01,False,2.0,0.0,
FDXF8AZ-5410177-AAA ,2025-04-01,False,2.0,0.0,
FDXF8AZ-5410177-AAA ,2025-05-01,False,1.0,1.0,0.0
FDXF8AZ-5410177-AAA ,2025-06-01,False,1.0,0.0,0.0
FDXF8AZ-5500-CA ,2024-06-01,False,26.0,0.0,
FDXF8AZ-5500-CA ,2024-07-01,False,54.0,2.0,
FDXF8AZ-5500-CA ,2024-08-01,False,50.0,4.0,
FDXF8AZ-5500-CA ,2024-09-01,False,50.0,0.0,
FDXF8AZ-5500-CA ,2024-10-01,False,46.0,4.0,
FDXF8AZ-5500-CA ,2024-11-01,False,42.0,4.0,
FDXF8AZ-5500-CA ,2024-12-01,False,32.0,10.0,
FDXF8AZ-5500-CA ,2025-01-01,False,28.0,4.0,
FDXF8AZ-5500-CA ,2025-02-01,False,28.0,0.0,
FDXF8AZ-5500-CA ,2025-03-01,False,26.0,2.0,
FDXF8AZ-5500-CA ,2025-04-01,False,24.0,2.0,
FDXF8AZ-5500-CA ,2025-05-01,False,22.0,2.0,4.0
FDXF8AZ-5500-CA ,2025-06-01,False,22.0,0.0,1.0
FDXF8AZ-5A649-AA ,2024-06-01,False,36.0,0.0,
FDXF8AZ-5A649-AA ,2024-07-01,False,34.0,2.0,
FDXF8AZ-5A649-AA ,2024-08-01,False,30.0,4.0,
FDXF8AZ-5A649-AA ,2024-09-01,False,30.0,0.0,
FDXF8AZ-5A649-AA ,2024-10-01,False,26.0,4.0,
FDXF8AZ-5A649-AA ,2024-11-01,False,18.0,8.0,
FDXF8AZ-5A649-AA ,2024-12-01,False,8.0,10.0,
FDXF8AZ-5A649-AA ,2025-01-01,False,12.0,4.0,
FDXF8AZ-5A649-AA ,2025-02-01,False,10.0,2.0,
FDXF8AZ-5A649-AA ,2025-03-01,False,5.0,5.0,
FDXF8AZ-5A649-AA ,2025-04-01,False,48.0,2.0,
FDXF8AZ-5A649-AA ,2025-05-01,False,43.0,5.0,3.0
FDXF8AZ-5A649-AA ,2025-06-01,False,41.0,2.0,3.0
FDXF8AZ-5K484-AA ,2024-06-01,False,37.0,2.0,
FDXF8AZ-5K484-AA ,2024-07-01,False,37.0,0.0,
FDXF8AZ-5K484-AA ,2024-08-01,False,37.0,0.0,
FDXF8AZ-5K484-AA ,2024-09-01,False,33.0,4.0,
FDXF8AZ-5K484-AA ,2024-10-01,False,31.0,2.0,
FDXF8AZ-5K484-AA ,2024-11-01,False,27.0,4.0,
FDXF8AZ-5K484-AA ,2024-12-01,False,26.0,1.0,
FDXF8AZ-5K484-AA ,2025-01-01,False,26.0,0.0,
FDXF8AZ-5K484-AA ,2025-02-01,False,22.0,4.0,
FDXF8AZ-5K484-AA ,2025-03-01,False,14.0,8.0,
FDXF8AZ-5K484-AA ,2025-04-01,False,14.0,0.0,
FDXF8AZ-5K484-AA ,2025-05-01,False,14.0,0.0,2.0
FDXF8AZ-5K484-AA ,2025-06-01,False,14.0,0.0,1.0
FDXF8AZ-8190-AA ,2024-06-01,True,0.0,0.0,
FDXF8AZ-8190-AA ,2024-07-01,True,0.0,0.0,
FDXF8AZ-8190-AA ,2024-08-01,True,0.0,0.0,
FDXF8AZ-8190-AA ,2024-09-01,True,10.0,0.0,
FDXF8AZ-8190-AA ,2024-10-01,False,6.0,4.0,
FDXF8AZ-8190-AA ,2024-11-01,False,6.0,1.0,
FDXF8AZ-8190-AA ,2024-12-01,False,6.0,0.0,
FDXF8AZ-8190-AA ,2025-01-01,False,4.0,2.0,
FDXF8AZ-8190-AA ,2025-02-01,False,4.0,0.0,
FDXF8AZ-8190-AA ,2025-03-01,False,1.0,3.0,
FDXF8AZ-8190-AA ,2025-04-01,False,0.0,1.0,
FDXF8AZ-8190-AA ,2025-05-01,True,0.0,0.0,0.0
FDXF8AZ-8190-AA ,2025-06-01,True,0.0,0.0,0.0
FDXF8AZ-8200-AA ,2024-06-01,False,50.0,13.0,
FDXF8AZ-8200-AA ,2024-07-01,False,32.0,18.0,
FDXF8AZ-8200-AA ,2024-08-01,False,12.0,20.0,
FDXF8AZ-8200-AA ,2024-09-01,False,6.0,6.0,
FDXF8AZ-8200-AA ,2024-10-01,True,2.0,4.0,
FDXF8AZ-8200-AA ,2024-11-01,True,55.0,7.0,
FDXF8AZ-8200-AA ,2024-12-01,False,45.0,11.0,
FDXF8AZ-8200-AA ,2025-01-01,False,34.0,11.0,
FDXF8AZ-8200-AA ,2025-02-01,False,28.0,6.0,
FDXF8AZ-8200-AA ,2025-03-01,False,23.0,5.0,
FDXF8AZ-8200-AA ,2025-04-01,False,72.0,10.0,
FDXF8AZ-8200-AA ,2025-05-01,False,93.0,4.0,8.0
FDXF8AZ-8200-AA ,2025-06-01,False,87.0,6.0,8.0
FDXF8MZ-13008-AA ,2024-06-01,False,6.0,3.0,
FDXF8MZ-13008-AA ,2024-07-01,False,6.0,0.0,
FDXF8MZ-13008-AA ,2024-08-01,False,3.0,3.0,
FDXF8MZ-13008-AA ,2024-09-01,False,2.0,1.0,
FDXF8MZ-13008-AA ,2024-10-01,False,22.0,0.0,
FDXF8MZ-13008-AA ,2024-11-01,False,20.0,2.0,
FDXF8MZ-13008-AA ,2024-12-01,False,19.0,1.0,
FDXF8MZ-13008-AA ,2025-01-01,False,19.0,0.0,
FDXF8MZ-13008-AA ,2025-02-01,False,18.0,1.0,
FDXF8MZ-13008-AA ,2025-03-01,False,18.0,0.0,
FDXF8MZ-13008-AA ,2025-04-01,False,17.0,1.0,
FDXF8MZ-13008-AA ,2025-05-01,False,16.0,1.0,2.0
FDXF8MZ-13008-AA ,2025-06-01,False,24.0,0.0,2.0
FDXF8MZ-13008-BA ,2024-06-01,False,11.0,2.0,
FDXF8MZ-13008-BA ,2024-07-01,False,10.0,1.0,
FDXF8MZ-13008-BA ,2024-08-01,False,7.0,3.0,
FDXF8MZ-13008-BA ,2024-09-01,False,6.0,1.0,
FDXF8MZ-13008-BA ,2024-10-01,False,17.0,1.0,
FDXF8MZ-13008-BA ,2024-11-01,False,14.0,3.0,
FDXF8MZ-13008-BA ,2024-12-01,False,16.0,2.0,
FDXF8MZ-13008-BA ,2025-01-01,False,15.0,1.0,
FDXF8MZ-13008-BA ,2025-02-01,False,14.0,1.0,
FDXF8MZ-13008-BA ,2025-03-01,False,14.0,0.0,
FDXF8MZ-13008-BA ,2025-04-01,False,12.0,2.0,
FDXF8MZ-13008-BA ,2025-05-01,False,11.0,1.0,2.0
FDXF8MZ-13008-BA ,2025-06-01,False,19.0,0.0,1.0
FDXF8MZ-13404-AA ,2024-06-01,True,4.0,0.0,
FDXF8MZ-13404-AA ,2024-07-01,False,3.0,1.0,
FDXF8MZ-13404-AA ,2024-08-01,False,3.0,0.0,
FDXF8MZ-13404-AA ,2024-09-01,False,3.0,0.0,
FDXF8MZ-13404-AA ,2024-10-01,False,3.0,0.0,
FDXF8MZ-13404-AA ,2024-11-01,False,6.0,1.0,
FDXF8MZ-13404-AA ,2024-12-01,False,5.0,1.0,
FDXF8MZ-13404-AA ,2025-01-01,False,5.0,0.0,
FDXF8MZ-13404-AA ,2025-02-01,False,5.0,0.0,
FDXF8MZ-13404-AA ,2025-03-01,False,5.0,0.0,
FDXF8MZ-13404-AA ,2025-04-01,False,4.0,1.0,
FDXF8MZ-13404-AA ,2025-05-01,False,4.0,0.0,1.0
FDXF8MZ-13404-AA ,2025-06-01,False,4.0,0.0,1.0
FDXF8MZ-13405-AA ,2024-06-01,False,4.0,0.0,
FDXF8MZ-13405-AA ,2024-07-01,False,4.0,0.0,
FDXF8MZ-13405-AA ,2024-08-01,False,4.0,0.0,
FDXF8MZ-13405-AA ,2024-09-01,False,3.0,1.0,
FDXF8MZ-13405-AA ,2024-10-01,False,3.0,0.0,
FDXF8MZ-13405-AA ,2024-11-01,False,2.0,1.0,
FDXF8MZ-13405-AA ,2024-12-01,False,1.0,1.0,
FDXF8MZ-13405-AA ,2025-01-01,False,1.0,0.0,
FDXF8MZ-13405-AA ,2025-02-01,False,1.0,0.0,
FDXF8MZ-13405-AA ,2025-03-01,False,1.0,0.0,
FDXF8MZ-13405-AA ,2025-04-01,False,4.0,1.0,
FDXF8MZ-13405-AA ,2025-05-01,False,4.0,0.0,1.0
FDXF8MZ-13405-AA ,2025-06-01,False,4.0,0.0,1.0
FDXF8MZ-15A201-AA ,2024-06-01,False,22.0,2.0,
FDXF8MZ-15A201-AA ,2024-07-01,False,19.0,3.0,
FDXF8MZ-15A201-AA ,2024-08-01,False,13.0,6.0,
FDXF8MZ-15A201-AA ,2024-09-01,False,11.0,2.0,
FDXF8MZ-15A201-AA ,2024-10-01,False,30.0,1.0,
FDXF8MZ-15A201-AA ,2024-11-01,False,29.0,1.0,
FDXF8MZ-15A201-AA ,2024-12-01,False,29.0,0.0,
FDXF8MZ-15A201-AA ,2025-01-01,False,28.0,1.0,
FDXF8MZ-15A201-AA ,2025-02-01,False,27.0,1.0,
FDXF8MZ-15A201-AA ,2025-03-01,False,27.0,0.0,
FDXF8MZ-15A201-AA ,2025-04-01,False,26.0,1.0,
FDXF8MZ-15A201-AA ,2025-05-01,False,24.0,2.0,2.0
FDXF8MZ-15A201-AA ,2025-06-01,False,22.0,2.0,3.0
FDXF8MZ-15A201-BA ,2024-06-01,False,7.0,2.0,
FDXF8MZ-15A201-BA ,2024-07-01,False,6.0,1.0,
FDXF8MZ-15A201-BA ,2024-08-01,False,3.0,3.0,
FDXF8MZ-15A201-BA ,2024-09-01,False,12.0,1.0,
FDXF8MZ-15A201-BA ,2024-10-01,False,31.0,1.0,
FDXF8MZ-15A201-BA ,2024-11-01,False,30.0,1.0,
FDXF8MZ-15A201-BA ,2024-12-01,False,29.0,1.0,
FDXF8MZ-15A201-BA ,2025-01-01,False,29.0,0.0,
FDXF8MZ-15A201-BA ,2025-02-01,False,28.0,1.0,
FDXF8MZ-15A201-BA ,2025-03-01,False,28.0,0.0,
FDXF8MZ-15A201-BA ,2025-04-01,False,27.0,1.0,
FDXF8MZ-15A201-BA ,2025-05-01,False,26.0,1.0,1.0
FDXF8MZ-15A201-BA ,2025-06-01,False,25.0,1.0,1.0
FDXF8MZ-17C829-AA ,2024-06-01,True,6.0,10.0,
FDXF8MZ-17C829-AA ,2024-07-01,True,130.0,26.0,
FDXF8MZ-17C829-AA ,2024-08-01,False,62.0,68.0,
FDXF8MZ-17C829-AA ,2024-09-01,False,38.0,24.0,
FDXF8MZ-17C829-AA ,2024-10-01,False,15.0,23.0,
FDXF8MZ-17C829-AA ,2024-11-01,True,11.0,4.0,
FDXF8MZ-17C829-AA ,2024-12-01,True,172.0,14.0,
FDXF8MZ-17C829-AA ,2025-01-01,False,158.0,14.0,
FDXF8MZ-17C829-AA ,2025-02-01,False,146.0,12.0,
FDXF8MZ-17C829-AA ,2025-03-01,False,138.0,8.0,
FDXF8MZ-17C829-AA ,2025-04-01,False,118.0,20.0,
FDXF8MZ-17C829-AA ,2025-05-01,False,104.0,14.0,12.0
FDXF8MZ-17C829-AA ,2025-06-01,False,94.0,10.0,12.0
FDXF8MZ-17C830-AA ,2024-06-01,False,44.0,16.0,
FDXF8MZ-17C830-AA ,2024-07-01,False,217.0,27.0,
FDXF8MZ-17C830-AA ,2024-08-01,False,151.0,66.0,
FDXF8MZ-17C830-AA ,2024-09-01,False,127.0,24.0,
FDXF8MZ-17C830-AA ,2024-10-01,False,67.0,60.0,
FDXF8MZ-17C830-AA ,2024-11-01,False,45.0,22.0,
FDXF8MZ-17C830-AA ,2024-12-01,False,212.0,8.0,
FDXF8MZ-17C830-AA ,2025-01-01,False,173.0,39.0,
FDXF8MZ-17C830-AA ,2025-02-01,False,161.0,12.0,
FDXF8MZ-17C830-AA ,2025-03-01,False,155.0,6.0,
FDXF8MZ-17C830-AA ,2025-04-01,False,135.0,20.0,
FDXF8MZ-17C830-AA ,2025-05-01,False,227.0,8.0,20.0
FDXF8MZ-17C830-AA ,2025-06-01,False,216.0,11.0,23.0
FDXF8MZ-17D957-AA ,2024-06-01,False,0.0,2.0,
FDXF8MZ-17D957-AA ,2024-07-01,True,0.0,0.0,
FDXF8MZ-17D957-AA ,2024-08-01,True,0.0,0.0,
FDXF8MZ-17D957-AA ,2024-09-01,True,5.0,0.0,
FDXF8MZ-17D957-AA ,2024-10-01,False,14.0,1.0,
FDXF8MZ-17D957-AA ,2024-11-01,False,14.0,0.0,
FDXF8MZ-17D957-AA ,2024-12-01,False,14.0,0.0,
FDXF8MZ-17D957-AA ,2025-01-01,False,13.0,1.0,
FDXF8MZ-17D957-AA ,2025-02-01,False,12.0,1.0,
FDXF8MZ-17D957-AA ,2025-03-01,False,12.0,0.0,
FDXF8MZ-17D957-AA ,2025-04-01,False,12.0,0.0,
FDXF8MZ-17D957-AA ,2025-05-01,False,12.0,0.0,0.0
FDXF8MZ-17D957-AA ,2025-06-01,False,9.0,3.0,1.0
FDXF8MZ-17K835-AA ,2024-06-01,False,47.0,21.0,
FDXF8MZ-17K835-AA ,2024-07-01,False,33.0,14.0,
FDXF8MZ-17K835-AA ,2024-08-01,False,30.0,3.0,
FDXF8MZ-17K835-AA ,2024-09-01,False,30.0,0.0,
FDXF8MZ-17K835-AA ,2024-10-01,False,30.0,0.0,
FDXF8MZ-17K835-AA ,2024-11-01,False,29.0,1.0,
FDXF8MZ-17K835-AA ,2024-12-01,False,50.0,15.0,
FDXF8MZ-17K835-AA ,2025-01-01,False,42.0,17.0,
FDXF8MZ-17K835-AA ,2025-02-01,False,24.0,18.0,
FDXF8MZ-17K835-AA ,2025-03-01,False,22.0,8.0,
FDXF8MZ-17K835-AA ,2025-04-01,False,22.0,0.0,
FDXF8MZ-17K835-AA ,2025-05-01,False,21.0,1.0,5.0
FDXF8MZ-17K835-AA ,2025-06-01,False,81.0,14.0,5.0
FDXF8MZ-8190-AA ,2024-06-01,False,10.0,2.0,
FDXF8MZ-8190-AA ,2024-07-01,False,10.0,0.0,
FDXF8MZ-8190-AA ,2024-08-01,False,9.0,1.0,
FDXF8MZ-8190-AA ,2024-09-01,False,8.0,1.0,
FDXF8MZ-8190-AA ,2024-10-01,False,8.0,0.0,
FDXF8MZ-8190-AA ,2024-11-01,False,7.0,1.0,
FDXF8MZ-8190-AA ,2024-12-01,False,7.0,0.0,
FDXF8MZ-8190-AA ,2025-01-01,False,7.0,0.0,
FDXF8MZ-8190-AA ,2025-02-01,False,7.0,0.0,
FDXF8MZ-8190-AA ,2025-03-01,False,7.0,0.0,
FDXF8MZ-8190-AA ,2025-04-01,False,7.0,0.0,
FDXF8MZ-8190-AA ,2025-05-01,False,7.0,0.0,0.0
FDXF8MZ-8190-AA ,2025-06-01,False,7.0,0.0,0.0
FDXF8MZ-8200-AA ,2024-06-01,False,15.0,1.0,
FDXF8MZ-8200-AA ,2024-07-01,False,14.0,1.0,
FDXF8MZ-8200-AA ,2024-08-01,False,13.0,1.0,
FDXF8MZ-8200-AA ,2024-09-01,False,13.0,0.0,
FDXF8MZ-8200-AA ,2024-10-01,False,12.0,1.0,
FDXF8MZ-8200-AA ,2024-11-01,False,12.0,0.0,
FDXF8MZ-8200-AA ,2024-12-01,False,11.0,1.0,
FDXF8MZ-8200-AA ,2025-01-01,False,10.0,1.0,
FDXF8MZ-8200-AA ,2025-02-01,False,10.0,0.0,
FDXF8MZ-8200-AA ,2025-03-01,False,10.0,0.0,
FDXF8MZ-8200-AA ,2025-04-01,False,8.0,2.0,
FDXF8MZ-8200-AA ,2025-05-01,False,8.0,0.0,1.0
FDXF8MZ-8200-AA ,2025-06-01,False,7.0,1.0,2.0
FDXF8VZ-16916-AA ,2024-06-01,False,5.0,1.0,
FDXF8VZ-16916-AA ,2024-07-01,False,5.0,0.0,
FDXF8VZ-16916-AA ,2024-08-01,False,5.0,0.0,
FDXF8VZ-16916-AA ,2024-09-01,False,4.0,1.0,
FDXF8VZ-16916-AA ,2024-10-01,False,3.0,1.0,
FDXF8VZ-16916-AA ,2024-11-01,False,1.0,2.0,
FDXF8VZ-16916-AA ,2024-12-01,False,0.0,1.0,
FDXF8VZ-16916-AA ,2025-01-01,True,0.0,0.0,
FDXF8VZ-16916-AA ,2025-02-01,True,0.0,0.0,
FDXF8VZ-16916-AA ,2025-03-01,True,0.0,0.0,
FDXF8VZ-16916-AA ,2025-04-01,True,5.0,0.0,
FDXF8VZ-16916-AA ,2025-05-01,False,5.0,0.0,0.0
FDXF8VZ-16916-AA ,2025-06-01,False,5.0,1.0,0.0
FDXFB5Z-13404-A ,2024-06-01,False,4.0,0.0,
FDXFB5Z-13404-A ,2024-07-01,False,4.0,0.0,
FDXFB5Z-13404-A ,2024-08-01,False,4.0,0.0,
FDXFB5Z-13404-A ,2024-09-01,False,4.0,0.0,
FDXFB5Z-13404-A ,2024-10-01,False,3.0,1.0,
FDXFB5Z-13404-A ,2024-11-01,False,3.0,0.0,
FDXFB5Z-13404-A ,2024-12-01,False,3.0,0.0,
FDXFB5Z-13404-A ,2025-01-01,False,3.0,0.0,
FDXFB5Z-13404-A ,2025-02-01,False,3.0,0.0,
FDXFB5Z-13404-A ,2025-03-01,False,3.0,0.0,
FDXFB5Z-13404-A ,2025-04-01,False,3.0,0.0,
FDXFB5Z-13404-A ,2025-05-01,False,3.0,0.0,0.0
FDXFB5Z-13404-A ,2025-06-01,False,3.0,0.0,0.0
FDXFB5Z-13405-A ,2024-06-01,False,4.0,0.0,
FDXFB5Z-13405-A ,2024-07-01,False,4.0,0.0,
FDXFB5Z-13405-A ,2024-08-01,False,4.0,0.0,
FDXFB5Z-13405-A ,2024-09-01,False,4.0,0.0,
FDXFB5Z-13405-A ,2024-10-01,False,4.0,0.0,
FDXFB5Z-13405-A ,2024-11-01,False,4.0,0.0,
FDXFB5Z-13405-A ,2024-12-01,False,4.0,0.0,
FDXFB5Z-13405-A ,2025-01-01,False,4.0,0.0,
FDXFB5Z-13405-A ,2025-02-01,False,3.0,1.0,
FDXFB5Z-13405-A ,2025-03-01,False,3.0,0.0,
FDXFB5Z-13405-A ,2025-04-01,False,3.0,0.0,
FDXFB5Z-13405-A ,2025-05-01,False,3.0,0.0,0.0
FDXFB5Z-13405-A ,2025-06-01,False,3.0,0.0,0.0
FDXFB5Z-16006-A ,2024-06-01,False,1.0,0.0,
FDXFB5Z-16006-A ,2024-07-01,False,0.0,1.0,
FDXFB5Z-16006-A ,2024-08-01,True,0.0,0.0,
FDXFB5Z-16006-A ,2024-09-01,True,0.0,0.0,
FDXFB5Z-16006-A ,2024-10-01,True,0.0,0.0,
FDXFB5Z-16006-A ,2024-11-01,True,0.0,0.0,
FDXFB5Z-16006-A ,2024-12-01,True,0.0,0.0,
FDXFB5Z-16006-A ,2025-01-01,True,0.0,0.0,
FDXFB5Z-16006-A ,2025-02-01,True,0.0,0.0,
FDXFB5Z-16006-A ,2025-03-01,True,0.0,0.0,
FDXFB5Z-16006-A ,2025-04-01,True,0.0,0.0,
FDXFB5Z-16006-A ,2025-05-01,True,0.0,0.0,0.0
FDXFB5Z-16006-A ,2025-06-01,True,0.0,0.0,0.0
FDXFB5Z-17618-C ,2024-06-01,False,7.0,0.0,
FDXFB5Z-17618-C ,2024-07-01,False,7.0,0.0,
FDXFB5Z-17618-C ,2024-08-01,False,7.0,0.0,
FDXFB5Z-17618-C ,2024-09-01,False,7.0,0.0,
FDXFB5Z-17618-C ,2024-10-01,False,7.0,0.0,
FDXFB5Z-17618-C ,2024-11-01,False,7.0,0.0,
FDXFB5Z-17618-C ,2024-12-01,False,6.0,1.0,
FDXFB5Z-17618-C ,2025-01-01,False,6.0,0.0,
FDXFB5Z-17618-C ,2025-02-01,False,6.0,0.0,
FDXFB5Z-17618-C ,2025-03-01,False,6.0,0.0,
FDXFB5Z-17618-C ,2025-04-01,False,6.0,0.0,
FDXFB5Z-17618-C ,2025-05-01,False,6.0,0.0,0.0
FDXFB5Z-17618-C ,2025-06-01,False,6.0,0.0,0.0
FDXFB5Z-8200-AB ,2024-06-01,False,4.0,0.0,
FDXFB5Z-8200-AB ,2024-07-01,False,4.0,0.0,
FDXFB5Z-8200-AB ,2024-08-01,False,4.0,0.0,
FDXFB5Z-8200-AB ,2024-09-01,False,4.0,0.0,
FDXFB5Z-8200-AB ,2024-10-01,False,4.0,0.0,
FDXFB5Z-8200-AB ,2024-11-01,False,4.0,0.0,
FDXFB5Z-8200-AB ,2024-12-01,False,4.0,0.0,
FDXFB5Z-8200-AB ,2025-01-01,False,4.0,0.0,
FDXFB5Z-8200-AB ,2025-02-01,False,4.0,0.0,
FDXFB5Z-8200-AB ,2025-03-01,False,4.0,0.0,
FDXFB5Z-8200-AB ,2025-04-01,False,3.0,1.0,
FDXFB5Z-8200-AB ,2025-05-01,False,3.0,0.0,0.0
FDXFB5Z-8200-AB ,2025-06-01,False,3.0,0.0,0.0
FDXFG-1036 ,2024-06-01,False,66.0,1.0,
FDXFG-1036 ,2024-07-01,False,60.0,6.0,
FDXFG-1036 ,2024-08-01,False,57.0,3.0,
FDXFG-1036 ,2024-09-01,False,56.0,1.0,
FDXFG-1036 ,2024-10-01,False,54.0,2.0,
FDXFG-1036 ,2024-11-01,False,50.0,4.0,
FDXFG-1036 ,2024-12-01,False,48.0,2.0,
FDXFG-1036 ,2025-01-01,False,48.0,0.0,
FDXFG-1036 ,2025-02-01,False,46.0,2.0,
FDXFG-1036 ,2025-03-01,False,44.0,2.0,
FDXFG-1036 ,2025-04-01,False,41.0,3.0,
FDXFG-1036 ,2025-05-01,False,39.0,2.0,2.0
FDXFG-1036 ,2025-06-01,False,38.0,1.0,1.0
FDXFG-1083 ,2024-06-01,False,97.0,0.0,
FDXFG-1083 ,2024-07-01,False,93.0,4.0,
FDXFG-1083 ,2024-08-01,False,90.0,3.0,
FDXFG-1083 ,2024-09-01,False,87.0,3.0,
FDXFG-1083 ,2024-10-01,False,80.0,7.0,
FDXFG-1083 ,2024-11-01,False,73.0,7.0,
FDXFG-1083 ,2024-12-01,False,68.0,5.0,
FDXFG-1083 ,2025-01-01,False,68.0,0.0,
FDXFG-1083 ,2025-02-01,False,61.0,7.0,
FDXFG-1083 ,2025-03-01,False,59.0,2.0,
FDXFG-1083 ,2025-04-01,False,59.0,0.0,
FDXFG-1083 ,2025-05-01,False,57.0,2.0,3.0
FDXFG-1083 ,2025-06-01,False,57.0,0.0,1.0
FDXFG-800-A ,2024-06-01,False,34.0,1.0,
FDXFG-800-A ,2024-07-01,False,23.0,11.0,
FDXFG-800-A ,2024-08-01,False,11.0,12.0,
FDXFG-800-A ,2024-09-01,False,11.0,0.0,
FDXFG-800-A ,2024-10-01,False,9.0,2.0,
FDXFG-800-A ,2024-11-01,False,109.0,0.0,
FDXFG-800-A ,2024-12-01,False,101.0,8.0,
FDXFG-800-A ,2025-01-01,False,75.0,26.0,
FDXFG-800-A ,2025-02-01,False,67.0,8.0,
FDXFG-800-A ,2025-03-01,False,63.0,4.0,
FDXFG-800-A ,2025-04-01,False,60.0,3.0,
FDXFG-800-A ,2025-05-01,False,60.0,0.0,3.0
FDXFG-800-A ,2025-06-01,False,157.0,3.0,12.0
FDXFG-986-B ,2024-06-01,False,604.0,0.0,
FDXFG-986-B ,2024-07-01,False,592.0,12.0,
FDXFG-986-B ,2024-08-01,False,558.0,34.0,
FDXFG-986-B ,2024-09-01,False,534.0,24.0,
FDXFG-986-B ,2024-10-01,False,500.0,34.0,
FDXFG-986-B ,2024-11-01,False,475.0,25.0,
FDXFG-986-B ,2024-12-01,False,440.0,35.0,
FDXFG-986-B ,2025-01-01,False,375.0,65.0,
FDXFG-986-B ,2025-02-01,False,348.0,27.0,
FDXFG-986-B ,2025-03-01,False,302.0,46.0,
FDXFG-986-B ,2025-04-01,False,265.0,37.0,
FDXFG-986-B ,2025-05-01,False,232.0,33.0,47.0
FDXFG-986-B ,2025-06-01,False,219.0,18.0,35.0
FDXFL1Z-13008-K ,2024-06-01,False,1.0,0.0,
FDXFL1Z-13008-K ,2024-07-01,False,1.0,0.0,
FDXFL1Z-13008-K ,2024-08-01,False,5.0,0.0,
FDXFL1Z-13008-K ,2024-09-01,False,5.0,0.0,
FDXFL1Z-13008-K ,2024-10-01,False,4.0,1.0,
FDXFL1Z-13008-K ,2024-11-01,False,4.0,0.0,
FDXFL1Z-13008-K ,2024-12-01,False,4.0,0.0,
FDXFL1Z-13008-K ,2025-01-01,False,4.0,0.0,
FDXFL1Z-13008-K ,2025-02-01,False,4.0,0.0,
FDXFL1Z-13008-K ,2025-03-01,False,4.0,0.0,
FDXFL1Z-13008-K ,2025-04-01,False,4.0,0.0,
FDXFL1Z-13008-K ,2025-05-01,False,4.0,0.0,0.0
FDXFL1Z-13008-K ,2025-06-01,False,4.0,0.0,0.0
FDXFL1Z-8200-EPTM ,2024-06-01,True,0.0,0.0,
FDXFL1Z-8200-EPTM ,2024-07-01,True,0.0,0.0,
FDXFL1Z-8200-EPTM ,2024-08-01,True,3.0,0.0,
FDXFL1Z-8200-EPTM ,2024-09-01,False,3.0,0.0,
FDXFL1Z-8200-EPTM ,2024-10-01,False,3.0,0.0,
FDXFL1Z-8200-EPTM ,2024-11-01,False,3.0,0.0,
FDXFL1Z-8200-EPTM ,2024-12-01,False,3.0,0.0,
FDXFL1Z-8200-EPTM ,2025-01-01,False,3.0,0.0,
FDXFL1Z-8200-EPTM ,2025-02-01,False,3.0,0.0,
FDXFL1Z-8200-EPTM ,2025-03-01,False,3.0,0.0,
FDXFL1Z-8200-EPTM ,2025-04-01,False,3.0,0.0,
FDXFL1Z-8200-EPTM ,2025-05-01,False,2.0,1.0,0.0
FDXFL1Z-8200-EPTM ,2025-06-01,False,1.0,1.0,1.0
FDXFL3Z-13008-J ,2024-06-01,False,2.0,1.0,
FDXFL3Z-13008-J ,2024-07-01,False,2.0,0.0,
FDXFL3Z-13008-J ,2024-08-01,False,2.0,0.0,
FDXFL3Z-13008-J ,2024-09-01,False,2.0,0.0,
FDXFL3Z-13008-J ,2024-10-01,False,2.0,0.0,
FDXFL3Z-13008-J ,2024-11-01,False,2.0,0.0,
FDXFL3Z-13008-J ,2024-12-01,False,2.0,0.0,
FDXFL3Z-13008-J ,2025-01-01,False,2.0,0.0,
FDXFL3Z-13008-J ,2025-02-01,False,2.0,0.0,
FDXFL3Z-13008-J ,2025-03-01,False,2.0,0.0,
FDXFL3Z-13008-J ,2025-04-01,False,2.0,0.0,
FDXFL3Z-13008-J ,2025-05-01,False,2.0,0.0,0.0
FDXFL3Z-13008-J ,2025-06-01,False,2.0,0.0,0.0
FDXFL3Z-13404-A ,2024-06-01,False,11.0,0.0,
FDXFL3Z-13404-A ,2024-07-01,False,11.0,0.0,
FDXFL3Z-13404-A ,2024-08-01,False,10.0,1.0,
FDXFL3Z-13404-A ,2024-09-01,False,9.0,1.0,
FDXFL3Z-13404-A ,2024-10-01,False,9.0,0.0,
FDXFL3Z-13404-A ,2024-11-01,False,9.0,0.0,
FDXFL3Z-13404-A ,2024-12-01,False,9.0,0.0,
FDXFL3Z-13404-A ,2025-01-01,False,9.0,0.0,
FDXFL3Z-13404-A ,2025-02-01,False,9.0,0.0,
FDXFL3Z-13404-A ,2025-03-01,False,9.0,0.0,
FDXFL3Z-13404-A ,2025-04-01,False,9.0,0.0,
FDXFL3Z-13404-A ,2025-05-01,False,9.0,0.0,0.0
FDXFL3Z-13404-A ,2025-06-01,False,9.0,0.0,0.0
FDXFL3Z-13405-A ,2024-06-01,False,6.0,0.0,
FDXFL3Z-13405-A ,2024-07-01,False,6.0,0.0,
FDXFL3Z-13405-A ,2024-08-01,False,6.0,0.0,
FDXFL3Z-13405-A ,2024-09-01,False,5.0,1.0,
FDXFL3Z-13405-A ,2024-10-01,False,5.0,0.0,
FDXFL3Z-13405-A ,2024-11-01,False,5.0,0.0,
FDXFL3Z-13405-A ,2024-12-01,False,5.0,0.0,
FDXFL3Z-13405-A ,2025-01-01,False,4.0,1.0,
FDXFL3Z-13405-A ,2025-02-01,False,4.0,0.0,
FDXFL3Z-13405-A ,2025-03-01,False,3.0,1.0,
FDXFL3Z-13405-A ,2025-04-01,False,3.0,0.0,
FDXFL3Z-13405-A ,2025-05-01,False,2.0,1.0,0.0
FDXFL3Z-13405-A ,2025-06-01,False,2.0,0.0,0.0
FDXFL3Z-15200-A ,2024-06-01,False,9.0,1.0,
FDXFL3Z-15200-A ,2024-07-01,False,9.0,0.0,
FDXFL3Z-15200-A ,2024-08-01,False,9.0,0.0,
FDXFL3Z-15200-A ,2024-09-01,False,6.0,3.0,
FDXFL3Z-15200-A ,2024-10-01,False,6.0,0.0,
FDXFL3Z-15200-A ,2024-11-01,False,6.0,0.0,
FDXFL3Z-15200-A ,2024-12-01,False,6.0,0.0,
FDXFL3Z-15200-A ,2025-01-01,False,6.0,0.0,
FDXFL3Z-15200-A ,2025-02-01,False,6.0,0.0,
FDXFL3Z-15200-A ,2025-03-01,False,12.0,0.0,
FDXFL3Z-15200-A ,2025-04-01,False,12.0,0.0,
FDXFL3Z-15200-A ,2025-05-01,False,12.0,0.0,0.0
FDXFL3Z-15200-A ,2025-06-01,False,12.0,0.0,1.0
FDXFL3Z-15200-B ,2024-06-01,False,10.0,0.0,
FDXFL3Z-15200-B ,2024-07-01,False,10.0,0.0,
FDXFL3Z-15200-B ,2024-08-01,False,10.0,0.0,
FDXFL3Z-15200-B ,2024-09-01,False,10.0,0.0,
FDXFL3Z-15200-B ,2024-10-01,False,10.0,0.0,
FDXFL3Z-15200-B ,2024-11-01,False,10.0,0.0,
FDXFL3Z-15200-B ,2024-12-01,False,10.0,0.0,
FDXFL3Z-15200-B ,2025-01-01,False,10.0,0.0,
FDXFL3Z-15200-B ,2025-02-01,False,10.0,0.0,
FDXFL3Z-15200-B ,2025-03-01,False,10.0,0.0,
FDXFL3Z-15200-B ,2025-04-01,False,10.0,0.0,
FDXFL3Z-15200-B ,2025-05-01,False,9.0,1.0,0.0
FDXFL3Z-15200-B ,2025-06-01,False,9.0,0.0,0.0
FDXFL3Z-15201-A ,2024-06-01,False,1.0,1.0,
FDXFL3Z-15201-A ,2024-07-01,False,1.0,0.0,
FDXFL3Z-15201-A ,2024-08-01,False,1.0,0.0,
FDXFL3Z-15201-A ,2024-09-01,False,0.0,1.0,
FDXFL3Z-15201-A ,2024-10-01,True,0.0,0.0,
FDXFL3Z-15201-A ,2024-11-01,True,0.0,0.0,
FDXFL3Z-15201-A ,2024-12-01,True,0.0,0.0,
FDXFL3Z-15201-A ,2025-01-01,True,0.0,0.0,
FDXFL3Z-15201-A ,2025-02-01,True,0.0,0.0,
FDXFL3Z-15201-A ,2025-03-01,True,4.0,0.0,
FDXFL3Z-15201-A ,2025-04-01,False,4.0,0.0,
FDXFL3Z-15201-A ,2025-05-01,False,4.0,0.0,1.0
FDXFL3Z-15201-A ,2025-06-01,False,4.0,0.0,0.0
FDXFL3Z-15201-B ,2024-06-01,False,2.0,0.0,
FDXFL3Z-15201-B ,2024-07-01,False,2.0,0.0,
FDXFL3Z-15201-B ,2024-08-01,False,2.0,0.0,
FDXFL3Z-15201-B ,2024-09-01,False,2.0,0.0,
FDXFL3Z-15201-B ,2024-10-01,False,2.0,0.0,
FDXFL3Z-15201-B ,2024-11-01,False,2.0,0.0,
FDXFL3Z-15201-B ,2024-12-01,False,2.0,0.0,
FDXFL3Z-15201-B ,2025-01-01,False,2.0,0.0,
FDXFL3Z-15201-B ,2025-02-01,False,2.0,0.0,
FDXFL3Z-15201-B ,2025-03-01,False,2.0,0.0,
FDXFL3Z-15201-B ,2025-04-01,False,2.0,0.0,
FDXFL3Z-15201-B ,2025-05-01,False,0.0,2.0,2.0
FDXFL3Z-15201-B ,2025-06-01,True,0.0,0.0,0.0
FDXFL3Z-16612-A ,2024-06-01,False,5.0,1.0,
FDXFL3Z-16612-A ,2024-07-01,False,5.0,0.0,
FDXFL3Z-16612-A ,2024-08-01,False,4.0,1.0,
FDXFL3Z-16612-A ,2024-09-01,False,4.0,0.0,
FDXFL3Z-16612-A ,2024-10-01,False,4.0,0.0,
FDXFL3Z-16612-A ,2024-11-01,False,4.0,0.0,
FDXFL3Z-16612-A ,2024-12-01,False,4.0,0.0,
FDXFL3Z-16612-A ,2025-01-01,False,4.0,0.0,
FDXFL3Z-16612-A ,2025-02-01,False,4.0,0.0,
FDXFL3Z-16612-A ,2025-03-01,False,3.0,1.0,
FDXFL3Z-16612-A ,2025-04-01,False,2.0,1.0,
FDXFL3Z-16612-A ,2025-05-01,False,2.0,0.0,0.0
FDXFL3Z-16612-A ,2025-06-01,False,2.0,0.0,0.0
FDXFL3Z-16C826-A ,2024-06-01,False,5.0,1.0,
FDXFL3Z-16C826-A ,2024-07-01,False,5.0,0.0,
FDXFL3Z-16C826-A ,2024-08-01,False,5.0,0.0,
FDXFL3Z-16C826-A ,2024-09-01,False,5.0,0.0,
FDXFL3Z-16C826-A ,2024-10-01,False,4.0,1.0,
FDXFL3Z-16C826-A ,2024-11-01,False,4.0,0.0,
FDXFL3Z-16C826-A ,2024-12-01,False,4.0,0.0,
FDXFL3Z-16C826-A ,2025-01-01,False,4.0,0.0,
FDXFL3Z-16C826-A ,2025-02-01,False,3.0,1.0,
FDXFL3Z-16C826-A ,2025-03-01,False,1.0,2.0,
FDXFL3Z-16C826-A ,2025-04-01,False,0.0,1.0,
FDXFL3Z-16C826-A ,2025-05-01,True,0.0,0.0,0.0
FDXFL3Z-16C826-A ,2025-06-01,True,0.0,0.0,0.0
FDXFL3Z-16C826-B ,2024-06-01,False,5.0,1.0,
FDXFL3Z-16C826-B ,2024-07-01,False,5.0,0.0,
FDXFL3Z-16C826-B ,2024-08-01,False,5.0,0.0,
FDXFL3Z-16C826-B ,2024-09-01,False,5.0,0.0,
FDXFL3Z-16C826-B ,2024-10-01,False,4.0,1.0,
FDXFL3Z-16C826-B ,2024-11-01,False,4.0,0.0,
FDXFL3Z-16C826-B ,2024-12-01,False,4.0,0.0,
FDXFL3Z-16C826-B ,2025-01-01,False,4.0,0.0,
FDXFL3Z-16C826-B ,2025-02-01,False,3.0,1.0,
FDXFL3Z-16C826-B ,2025-03-01,False,3.0,0.0,
FDXFL3Z-16C826-B ,2025-04-01,False,2.0,1.0,
FDXFL3Z-16C826-B ,2025-05-01,False,2.0,0.0,0.0
FDXFL3Z-16C826-B ,2025-06-01,False,2.0,0.0,0.0
FDXFL3Z-17626-AA ,2024-06-01,True,10.0,0.0,
FDXFL3Z-17626-AA ,2024-07-01,False,10.0,0.0,
FDXFL3Z-17626-AA ,2024-08-01,False,10.0,0.0,
FDXFL3Z-17626-AA ,2024-09-01,False,10.0,0.0,
FDXFL3Z-17626-AA ,2024-10-01,False,0.0,10.0,
FDXFL3Z-17626-AA ,2024-11-01,True,0.0,0.0,
FDXFL3Z-17626-AA ,2024-12-01,True,0.0,0.0,
FDXFL3Z-17626-AA ,2025-01-01,True,0.0,0.0,
FDXFL3Z-17626-AA ,2025-02-01,True,0.0,0.0,
FDXFL3Z-17626-AA ,2025-03-01,True,0.0,0.0,
FDXFL3Z-17626-AA ,2025-04-01,True,0.0,0.0,
FDXFL3Z-17626-AA ,2025-05-01,True,0.0,0.0,1.0
FDXFL3Z-17626-AA ,2025-06-01,True,10.0,0.0,0.0
FDXFL3Z-17682-BB ,2024-06-01,False,5.0,1.0,
FDXFL3Z-17682-BB ,2024-07-01,False,5.0,0.0,
FDXFL3Z-17682-BB ,2024-08-01,False,4.0,1.0,
FDXFL3Z-17682-BB ,2024-09-01,False,4.0,0.0,
FDXFL3Z-17682-BB ,2024-10-01,False,4.0,0.0,
FDXFL3Z-17682-BB ,2024-11-01,False,6.0,2.0,
FDXFL3Z-17682-BB ,2024-12-01,False,6.0,0.0,
FDXFL3Z-17682-BB ,2025-01-01,False,6.0,0.0,
FDXFL3Z-17682-BB ,2025-02-01,False,5.0,1.0,
FDXFL3Z-17682-BB ,2025-03-01,False,5.0,0.0,
FDXFL3Z-17682-BB ,2025-04-01,False,3.0,2.0,
FDXFL3Z-17682-BB ,2025-05-01,False,3.0,0.0,0.0
FDXFL3Z-17682-BB ,2025-06-01,False,3.0,0.0,0.0
FDXFL3Z-17682-DA ,2024-06-01,False,14.0,1.0,
FDXFL3Z-17682-DA ,2024-07-01,False,13.0,1.0,
FDXFL3Z-17682-DA ,2024-08-01,False,13.0,0.0,
FDXFL3Z-17682-DA ,2024-09-01,False,13.0,0.0,
FDXFL3Z-17682-DA ,2024-10-01,False,13.0,0.0,
FDXFL3Z-17682-DA ,2024-11-01,False,12.0,1.0,
FDXFL3Z-17682-DA ,2024-12-01,False,19.0,5.0,
FDXFL3Z-17682-DA ,2025-01-01,False,18.0,1.0,
FDXFL3Z-17682-DA ,2025-02-01,False,18.0,0.0,
FDXFL3Z-17682-DA ,2025-03-01,False,18.0,0.0,
FDXFL3Z-17682-DA ,2025-04-01,False,17.0,1.0,
FDXFL3Z-17682-DA ,2025-05-01,False,15.0,2.0,1.0
FDXFL3Z-17682-DA ,2025-06-01,False,14.0,1.0,2.0
FDXFL3Z-17683-BB ,2024-06-01,False,4.0,1.0,
FDXFL3Z-17683-BB ,2024-07-01,False,2.0,2.0,
FDXFL3Z-17683-BB ,2024-08-01,False,1.0,1.0,
FDXFL3Z-17683-BB ,2024-09-01,False,1.0,0.0,
FDXFL3Z-17683-BB ,2024-10-01,False,1.0,0.0,
FDXFL3Z-17683-BB ,2024-11-01,False,9.0,0.0,
FDXFL3Z-17683-BB ,2024-12-01,False,6.0,3.0,
FDXFL3Z-17683-BB ,2025-01-01,False,6.0,0.0,
FDXFL3Z-17683-BB ,2025-02-01,False,5.0,1.0,
FDXFL3Z-17683-BB ,2025-03-01,False,5.0,0.0,
FDXFL3Z-17683-BB ,2025-04-01,False,4.0,1.0,
FDXFL3Z-17683-BB ,2025-05-01,False,2.0,2.0,0.0
FDXFL3Z-17683-BB ,2025-06-01,False,2.0,0.0,1.0
FDXFL3Z-17683-DA ,2024-06-01,True,0.0,0.0,
FDXFL3Z-17683-DA ,2024-07-01,True,0.0,0.0,
FDXFL3Z-17683-DA ,2024-08-01,True,0.0,0.0,
FDXFL3Z-17683-DA ,2024-09-01,True,0.0,0.0,
FDXFL3Z-17683-DA ,2024-10-01,True,0.0,0.0,
FDXFL3Z-17683-DA ,2024-11-01,True,0.0,0.0,
FDXFL3Z-17683-DA ,2024-12-01,True,12.0,4.0,
FDXFL3Z-17683-DA ,2025-01-01,False,12.0,0.0,
FDXFL3Z-17683-DA ,2025-02-01,False,10.0,2.0,
FDXFL3Z-17683-DA ,2025-03-01,False,10.0,0.0,
FDXFL3Z-17683-DA ,2025-04-01,False,10.0,0.0,
FDXFL3Z-17683-DA ,2025-05-01,False,7.0,3.0,1.0
FDXFL3Z-17683-DA ,2025-06-01,False,7.0,0.0,2.0
FDXFL3Z-17683-DC ,2024-06-01,False,11.0,2.0,
FDXFL3Z-17683-DC ,2024-07-01,False,9.0,2.0,
FDXFL3Z-17683-DC ,2024-08-01,False,9.0,0.0,
FDXFL3Z-17683-DC ,2024-09-01,False,8.0,1.0,
FDXFL3Z-17683-DC ,2024-10-01,False,8.0,0.0,
FDXFL3Z-17683-DC ,2024-11-01,False,6.0,2.0,
FDXFL3Z-17683-DC ,2024-12-01,False,5.0,1.0,
FDXFL3Z-17683-DC ,2025-01-01,False,4.0,1.0,
FDXFL3Z-17683-DC ,2025-02-01,False,4.0,0.0,
FDXFL3Z-17683-DC ,2025-03-01,False,4.0,0.0,
FDXFL3Z-17683-DC ,2025-04-01,False,12.0,0.0,
FDXFL3Z-17683-DC ,2025-05-01,False,12.0,0.0,0.0
FDXFL3Z-17683-DC ,2025-06-01,False,11.0,1.0,1.0
FDXFL3Z-17757-A ,2024-06-01,False,0.0,1.0,
FDXFL3Z-17757-A ,2024-07-01,True,6.0,0.0,
FDXFL3Z-17757-A ,2024-08-01,False,6.0,0.0,
FDXFL3Z-17757-A ,2024-09-01,False,6.0,0.0,
FDXFL3Z-17757-A ,2024-10-01,False,14.0,0.0,
FDXFL3Z-17757-A ,2024-11-01,False,14.0,0.0,
FDXFL3Z-17757-A ,2024-12-01,False,14.0,0.0,
FDXFL3Z-17757-A ,2025-01-01,False,14.0,0.0,
FDXFL3Z-17757-A ,2025-02-01,False,14.0,0.0,
FDXFL3Z-17757-A ,2025-03-01,False,12.0,2.0,
FDXFL3Z-17757-A ,2025-04-01,False,11.0,1.0,
FDXFL3Z-17757-A ,2025-05-01,False,11.0,0.0,1.0
FDXFL3Z-17757-A ,2025-06-01,False,11.0,0.0,0.0
FDXFL3Z-17A385-A ,2024-06-01,False,6.0,0.0,
FDXFL3Z-17A385-A ,2024-07-01,False,5.0,1.0,
FDXFL3Z-17A385-A ,2024-08-01,False,5.0,0.0,
FDXFL3Z-17A385-A ,2024-09-01,False,5.0,0.0,
FDXFL3Z-17A385-A ,2024-10-01,False,4.0,1.0,
FDXFL3Z-17A385-A ,2024-11-01,False,3.0,1.0,
FDXFL3Z-17A385-A ,2024-12-01,False,2.0,1.0,
FDXFL3Z-17A385-A ,2025-01-01,False,2.0,0.0,
FDXFL3Z-17A385-A ,2025-02-01,False,2.0,0.0,
FDXFL3Z-17A385-A ,2025-03-01,False,0.0,2.0,
FDXFL3Z-17A385-A ,2025-04-01,True,10.0,0.0,
FDXFL3Z-17A385-A ,2025-05-01,False,10.0,0.0,1.0
FDXFL3Z-17A385-A ,2025-06-01,False,10.0,0.0,1.0
FDXFL3Z-17B984-A ,2024-06-01,True,1.0,1.0,
FDXFL3Z-17B984-A ,2024-07-01,False,1.0,0.0,
FDXFL3Z-17B984-A ,2024-08-01,False,1.0,0.0,
FDXFL3Z-17B984-A ,2024-09-01,False,1.0,0.0,
FDXFL3Z-17B984-A ,2024-10-01,False,1.0,0.0,
FDXFL3Z-17B984-A ,2024-11-01,False,1.0,0.0,
FDXFL3Z-17B984-A ,2024-12-01,False,1.0,0.0,
FDXFL3Z-17B984-A ,2025-01-01,False,1.0,0.0,
FDXFL3Z-17B984-A ,2025-02-01,False,1.0,0.0,
FDXFL3Z-17B984-A ,2025-03-01,False,1.0,0.0,
FDXFL3Z-17B984-A ,2025-04-01,False,1.0,0.0,
FDXFL3Z-17B984-A ,2025-05-01,False,1.0,0.0,0.0
FDXFL3Z-17B984-A ,2025-06-01,False,1.0,0.0,0.0
FDXFL3Z-17B985-A ,2024-06-01,True,1.0,1.0,
FDXFL3Z-17B985-A ,2024-07-01,False,1.0,0.0,
FDXFL3Z-17B985-A ,2024-08-01,False,1.0,0.0,
FDXFL3Z-17B985-A ,2024-09-01,False,1.0,0.0,
FDXFL3Z-17B985-A ,2024-10-01,False,1.0,0.0,
FDXFL3Z-17B985-A ,2024-11-01,False,1.0,0.0,
FDXFL3Z-17B985-A ,2024-12-01,False,1.0,0.0,
FDXFL3Z-17B985-A ,2025-01-01,False,1.0,0.0,
FDXFL3Z-17B985-A ,2025-02-01,False,1.0,0.0,
FDXFL3Z-17B985-A ,2025-03-01,False,1.0,0.0,
FDXFL3Z-17B985-A ,2025-04-01,False,1.0,0.0,
FDXFL3Z-17B985-A ,2025-05-01,False,1.0,0.0,0.0
FDXFL3Z-17B985-A ,2025-06-01,False,1.0,0.0,0.0
FDXFL3Z-17E810-AA ,2024-06-01,False,6.0,2.0,
FDXFL3Z-17E810-AA ,2024-07-01,False,5.0,1.0,
FDXFL3Z-17E810-AA ,2024-08-01,False,5.0,0.0,
FDXFL3Z-17E810-AA ,2024-09-01,False,2.0,3.0,
FDXFL3Z-17E810-AA ,2024-10-01,False,2.0,0.0,
FDXFL3Z-17E810-AA ,2024-11-01,False,1.0,1.0,
FDXFL3Z-17E810-AA ,2024-12-01,True,19.0,2.0,
FDXFL3Z-17E810-AA ,2025-01-01,False,18.0,1.0,
FDXFL3Z-17E810-AA ,2025-02-01,False,18.0,0.0,
FDXFL3Z-17E810-AA ,2025-03-01,False,17.0,1.0,
FDXFL3Z-17E810-AA ,2025-04-01,False,16.0,1.0,
FDXFL3Z-17E810-AA ,2025-05-01,False,14.0,2.0,1.0
FDXFL3Z-17E810-AA ,2025-06-01,False,14.0,0.0,2.0
FDXFL3Z-3078-B ,2024-06-01,True,0.0,0.0,
FDXFL3Z-3078-B ,2024-07-01,True,0.0,1.0,
FDXFL3Z-3078-B ,2024-08-01,True,0.0,0.0,
FDXFL3Z-3078-B ,2024-09-01,True,18.0,0.0,
FDXFL3Z-3078-B ,2024-10-01,False,30.0,0.0,
FDXFL3Z-3078-B ,2024-11-01,False,30.0,0.0,
FDXFL3Z-3078-B ,2024-12-01,False,25.0,5.0,
FDXFL3Z-3078-B ,2025-01-01,False,23.0,2.0,
FDXFL3Z-3078-B ,2025-02-01,False,23.0,0.0,
FDXFL3Z-3078-B ,2025-03-01,False,23.0,0.0,
FDXFL3Z-3078-B ,2025-04-01,False,23.0,0.0,
FDXFL3Z-3078-B ,2025-05-01,False,23.0,0.0,1.0
FDXFL3Z-3078-B ,2025-06-01,False,23.0,0.0,1.0
FDXFL3Z-3079-B ,2024-06-01,True,0.0,0.0,
FDXFL3Z-3079-B ,2024-07-01,True,0.0,0.0,
FDXFL3Z-3079-B ,2024-08-01,True,0.0,0.0,
FDXFL3Z-3079-B ,2024-09-01,True,18.0,0.0,
FDXFL3Z-3079-B ,2024-10-01,False,30.0,0.0,
FDXFL3Z-3079-B ,2024-11-01,False,30.0,0.0,
FDXFL3Z-3079-B ,2024-12-01,False,27.0,3.0,
FDXFL3Z-3079-B ,2025-01-01,False,25.0,2.0,
FDXFL3Z-3079-B ,2025-02-01,False,25.0,0.0,
FDXFL3Z-3079-B ,2025-03-01,False,25.0,0.0,
FDXFL3Z-3079-B ,2025-04-01,False,25.0,0.0,
FDXFL3Z-3079-B ,2025-05-01,False,25.0,0.0,1.0
FDXFL3Z-3079-B ,2025-06-01,False,25.0,0.0,1.0
FDXFL3Z-3084-B ,2024-06-01,True,0.0,0.0,
FDXFL3Z-3084-B ,2024-07-01,True,8.0,10.0,
FDXFL3Z-3084-B ,2024-08-01,False,8.0,0.0,
FDXFL3Z-3084-B ,2024-09-01,False,5.0,3.0,
FDXFL3Z-3084-B ,2024-10-01,False,4.0,1.0,
FDXFL3Z-3084-B ,2024-11-01,False,4.0,0.0,
FDXFL3Z-3084-B ,2024-12-01,False,22.0,0.0,
FDXFL3Z-3084-B ,2025-01-01,False,21.0,1.0,
FDXFL3Z-3084-B ,2025-02-01,False,21.0,0.0,
FDXFL3Z-3084-B ,2025-03-01,False,20.0,1.0,
FDXFL3Z-3084-B ,2025-04-01,False,20.0,0.0,
FDXFL3Z-3084-B ,2025-05-01,False,20.0,0.0,1.0
FDXFL3Z-3084-B ,2025-06-01,False,18.0,2.0,1.0
FDXFL3Z-3085-B ,2024-06-01,False,3.0,0.0,
FDXFL3Z-3085-B ,2024-07-01,False,12.0,9.0,
FDXFL3Z-3085-B ,2024-08-01,False,12.0,0.0,
FDXFL3Z-3085-B ,2024-09-01,False,9.0,3.0,
FDXFL3Z-3085-B ,2024-10-01,False,8.0,1.0,
FDXFL3Z-3085-B ,2024-11-01,False,8.0,0.0,
FDXFL3Z-3085-B ,2024-12-01,False,26.0,0.0,
FDXFL3Z-3085-B ,2025-01-01,False,25.0,1.0,
FDXFL3Z-3085-B ,2025-02-01,False,25.0,0.0,
FDXFL3Z-3085-B ,2025-03-01,False,24.0,1.0,
FDXFL3Z-3085-B ,2025-04-01,False,24.0,0.0,
FDXFL3Z-3085-B ,2025-05-01,False,24.0,0.0,1.0
FDXFL3Z-3085-B ,2025-06-01,False,22.0,2.0,1.0
FDXFL3Z-8475-F ,2024-06-01,True,0.0,0.0,
FDXFL3Z-8475-F ,2024-07-01,True,0.0,0.0,
FDXFL3Z-8475-F ,2024-08-01,True,0.0,0.0,
FDXFL3Z-8475-F ,2024-09-01,True,0.0,0.0,
FDXFL3Z-8475-F ,2024-10-01,True,0.0,0.0,
FDXFL3Z-8475-F ,2024-11-01,True,0.0,0.0,
FDXFL3Z-8475-F ,2024-12-01,True,0.0,0.0,
FDXFL3Z-8475-F ,2025-01-01,True,1.0,0.0,
FDXFL3Z-8475-F ,2025-02-01,False,1.0,0.0,
FDXFL3Z-8475-F ,2025-03-01,False,1.0,0.0,
FDXFL3Z-8475-F ,2025-04-01,False,0.0,1.0,
FDXFL3Z-8475-F ,2025-05-01,True,0.0,0.0,0.0
FDXFL3Z-8475-F ,2025-06-01,True,0.0,0.0,0.0
FDXFP-65 ,2024-06-01,False,27.0,2.0,
FDXFP-65 ,2024-07-01,False,24.0,3.0,
FDXFP-65 ,2024-08-01,False,23.0,1.0,
FDXFP-65 ,2024-09-01,False,23.0,0.0,
FDXFP-65 ,2024-10-01,False,23.0,0.0,
FDXFP-65 ,2024-11-01,False,23.0,0.0,
FDXFP-65 ,2024-12-01,False,23.0,0.0,
FDXFP-65 ,2025-01-01,False,23.0,0.0,
FDXFP-65 ,2025-02-01,False,23.0,0.0,
FDXFP-65 ,2025-03-01,False,23.0,0.0,
FDXFP-65 ,2025-04-01,False,22.0,1.0,
FDXFP-65 ,2025-05-01,False,21.0,1.0,1.0
FDXFP-65 ,2025-06-01,False,21.0,0.0,1.0
FDXFP-68 ,2024-06-01,False,35.0,0.0,
FDXFP-68 ,2024-07-01,False,34.0,1.0,
FDXFP-68 ,2024-08-01,False,33.0,1.0,
FDXFP-68 ,2024-09-01,False,32.0,1.0,
FDXFP-68 ,2024-10-01,False,31.0,1.0,
FDXFP-68 ,2024-11-01,False,31.0,0.0,
FDXFP-68 ,2024-12-01,False,31.0,0.0,
FDXFP-68 ,2025-01-01,False,31.0,0.0,
FDXFP-68 ,2025-02-01,False,31.0,0.0,
FDXFP-68 ,2025-03-01,False,31.0,0.0,
FDXFP-68 ,2025-04-01,False,30.0,1.0,
FDXFP-68 ,2025-05-01,False,26.0,4.0,1.0
FDXFP-68 ,2025-06-01,False,24.0,2.0,1.0
FDXFP-92 ,2024-06-01,True,0.0,0.0,
FDXFP-92 ,2024-07-01,True,0.0,0.0,
FDXFP-92 ,2024-08-01,True,0.0,0.0,
FDXFP-92 ,2024-09-01,True,0.0,0.0,
FDXFP-92 ,2024-10-01,True,0.0,0.0,
FDXFP-92 ,2024-11-01,True,36.0,0.0,
FDXFP-92 ,2024-12-01,False,36.0,0.0,
FDXFP-92 ,2025-01-01,False,36.0,0.0,
FDXFP-92 ,2025-02-01,False,36.0,0.0,
FDXFP-92 ,2025-03-01,False,36.0,0.0,
FDXFP-92 ,2025-04-01,False,36.0,0.0,
FDXFP-92 ,2025-05-01,False,35.0,1.0,0.0
FDXFP-92 ,2025-06-01,False,34.0,1.0,0.0
FDXFR3Z-16102-A ,2024-06-01,False,12.0,0.0,
FDXFR3Z-16102-A ,2024-07-01,False,12.0,0.0,
FDXFR3Z-16102-A ,2024-08-01,False,12.0,0.0,
FDXFR3Z-16102-A ,2024-09-01,False,10.0,2.0,
FDXFR3Z-16102-A ,2024-10-01,False,10.0,0.0,
FDXFR3Z-16102-A ,2024-11-01,False,10.0,0.0,
FDXFR3Z-16102-A ,2024-12-01,False,10.0,0.0,
FDXFR3Z-16102-A ,2025-01-01,False,8.0,2.0,
FDXFR3Z-16102-A ,2025-02-01,False,4.0,4.0,
FDXFR3Z-16102-A ,2025-03-01,False,0.0,4.0,
FDXFR3Z-16102-A ,2025-04-01,True,0.0,0.0,
FDXFR3Z-16102-A ,2025-05-01,True,0.0,0.0,0.0
FDXFR3Z-16102-A ,2025-06-01,True,10.0,0.0,0.0
FDXFR3Z-16103-A ,2024-06-01,False,9.0,0.0,
FDXFR3Z-16103-A ,2024-07-01,False,9.0,0.0,
FDXFR3Z-16103-A ,2024-08-01,False,9.0,0.0,
FDXFR3Z-16103-A ,2024-09-01,False,1.0,8.0,
FDXFR3Z-16103-A ,2024-10-01,True,1.0,0.0,
FDXFR3Z-16103-A ,2024-11-01,True,1.0,0.0,
FDXFR3Z-16103-A ,2024-12-01,True,11.0,0.0,
FDXFR3Z-16103-A ,2025-01-01,False,10.0,1.0,
FDXFR3Z-16103-A ,2025-02-01,False,4.0,6.0,
FDXFR3Z-16103-A ,2025-03-01,False,0.0,4.0,
FDXFR3Z-16103-A ,2025-04-01,True,0.0,0.0,
FDXFR3Z-16103-A ,2025-05-01,True,0.0,0.0,0.0
FDXFR3Z-16103-A ,2025-06-01,True,10.0,0.0,2.0
FDXFR3Z-17D957-AAPTM ,2024-06-01,False,2.0,0.0,
FDXFR3Z-17D957-AAPTM ,2024-07-01,False,2.0,0.0,
FDXFR3Z-17D957-AAPTM ,2024-08-01,False,2.0,0.0,
FDXFR3Z-17D957-AAPTM ,2024-09-01,False,1.0,1.0,
FDXFR3Z-17D957-AAPTM ,2024-10-01,False,1.0,0.0,
FDXFR3Z-17D957-AAPTM ,2024-11-01,False,1.0,0.0,
FDXFR3Z-17D957-AAPTM ,2024-12-01,False,5.0,0.0,
FDXFR3Z-17D957-AAPTM ,2025-01-01,False,5.0,0.0,
FDXFR3Z-17D957-AAPTM ,2025-02-01,False,5.0,0.0,
FDXFR3Z-17D957-AAPTM ,2025-03-01,False,5.0,0.0,
FDXFR3Z-17D957-AAPTM ,2025-04-01,False,5.0,0.0,
FDXFR3Z-17D957-AAPTM ,2025-05-01,False,4.0,1.0,0.0
FDXFR3Z-17D957-AAPTM ,2025-06-01,False,4.0,0.0,1.0
FDXFR3Z-17K835-BB ,2024-06-01,True,0.0,0.0,
FDXFR3Z-17K835-BB ,2024-07-01,True,2.0,0.0,
FDXFR3Z-17K835-BB ,2024-08-01,False,2.0,0.0,
FDXFR3Z-17K835-BB ,2024-09-01,False,2.0,0.0,
FDXFR3Z-17K835-BB ,2024-10-01,False,2.0,0.0,
FDXFR3Z-17K835-BB ,2024-11-01,False,2.0,0.0,
FDXFR3Z-17K835-BB ,2024-12-01,False,2.0,0.0,
FDXFR3Z-17K835-BB ,2025-01-01,False,2.0,0.0,
FDXFR3Z-17K835-BB ,2025-02-01,False,2.0,0.0,
FDXFR3Z-17K835-BB ,2025-03-01,False,2.0,0.0,
FDXFR3Z-17K835-BB ,2025-04-01,False,2.0,0.0,
FDXFR3Z-17K835-BB ,2025-05-01,False,2.0,0.0,1.0
FDXFR3Z-17K835-BB ,2025-06-01,False,1.0,1.0,0.0
FDXFR3Z-8A080-A ,2024-06-01,False,6.0,1.0,
FDXFR3Z-8A080-A ,2024-07-01,False,6.0,0.0,
FDXFR3Z-8A080-A ,2024-08-01,False,6.0,0.0,
FDXFR3Z-8A080-A ,2024-09-01,False,5.0,1.0,
FDXFR3Z-8A080-A ,2024-10-01,False,4.0,1.0,
FDXFR3Z-8A080-A ,2024-11-01,False,4.0,0.0,
FDXFR3Z-8A080-A ,2024-12-01,False,4.0,0.0,
FDXFR3Z-8A080-A ,2025-01-01,False,4.0,0.0,
FDXFR3Z-8A080-A ,2025-02-01,False,4.0,0.0,
FDXFR3Z-8A080-A ,2025-03-01,False,4.0,0.0,
FDXFR3Z-8A080-A ,2025-04-01,False,3.0,1.0,
FDXFR3Z-8A080-A ,2025-05-01,False,1.0,2.0,1.0
FDXFR3Z-8A080-A ,2025-06-01,False,2.0,1.0,0.0
FDXFT-105 ,2024-06-01,False,46.0,2.0,
FDXFT-105 ,2024-07-01,False,44.0,2.0,
FDXFT-105 ,2024-08-01,False,44.0,0.0,
FDXFT-105 ,2024-09-01,False,43.0,1.0,
FDXFT-105 ,2024-10-01,False,43.0,0.0,
FDXFT-105 ,2024-11-01,False,42.0,1.0,
FDXFT-105 ,2024-12-01,False,41.0,1.0,
FDXFT-105 ,2025-01-01,False,41.0,0.0,
FDXFT-105 ,2025-02-01,False,40.0,1.0,
FDXFT-105 ,2025-03-01,False,40.0,0.0,
FDXFT-105 ,2025-04-01,False,40.0,0.0,
FDXFT-105 ,2025-05-01,False,40.0,0.0,0.0
FDXFT-105 ,2025-06-01,False,39.0,1.0,1.0
FDXGB5Z-17682-AB ,2024-06-01,False,6.0,0.0,
FDXGB5Z-17682-AB ,2024-07-01,False,6.0,0.0,
FDXGB5Z-17682-AB ,2024-08-01,False,6.0,0.0,
FDXGB5Z-17682-AB ,2024-09-01,False,6.0,0.0,
FDXGB5Z-17682-AB ,2024-10-01,False,6.0,0.0,
FDXGB5Z-17682-AB ,2024-11-01,False,6.0,0.0,
FDXGB5Z-17682-AB ,2024-12-01,False,5.0,1.0,
FDXGB5Z-17682-AB ,2025-01-01,False,5.0,0.0,
FDXGB5Z-17682-AB ,2025-02-01,False,5.0,0.0,
FDXGB5Z-17682-AB ,2025-03-01,False,5.0,0.0,
FDXGB5Z-17682-AB ,2025-04-01,False,5.0,0.0,
FDXGB5Z-17682-AB ,2025-05-01,False,5.0,0.0,0.0
FDXGB5Z-17682-AB ,2025-06-01,False,5.0,0.0,0.0
FDXGB5Z-17683-AB ,2024-06-01,False,6.0,0.0,
FDXGB5Z-17683-AB ,2024-07-01,False,6.0,0.0,
FDXGB5Z-17683-AB ,2024-08-01,False,6.0,0.0,
FDXGB5Z-17683-AB ,2024-09-01,False,6.0,0.0,
FDXGB5Z-17683-AB ,2024-10-01,False,6.0,0.0,
FDXGB5Z-17683-AB ,2024-11-01,False,6.0,0.0,
FDXGB5Z-17683-AB ,2024-12-01,False,6.0,0.0,
FDXGB5Z-17683-AB ,2025-01-01,False,5.0,1.0,
FDXGB5Z-17683-AB ,2025-02-01,False,5.0,0.0,
FDXGB5Z-17683-AB ,2025-03-01,False,4.0,1.0,
FDXGB5Z-17683-AB ,2025-04-01,False,3.0,1.0,
FDXGB5Z-17683-AB ,2025-05-01,False,2.0,1.0,0.0
FDXGB5Z-17683-AB ,2025-06-01,False,2.0,0.0,0.0
FDXGT4Z-16005-A ,2024-06-01,False,1.0,0.0,
FDXGT4Z-16005-A ,2024-07-01,False,1.0,0.0,
FDXGT4Z-16005-A ,2024-08-01,False,1.0,0.0,
FDXGT4Z-16005-A ,2024-09-01,False,1.0,0.0,
FDXGT4Z-16005-A ,2024-10-01,False,1.0,0.0,
FDXGT4Z-16005-A ,2024-11-01,False,1.0,0.0,
FDXGT4Z-16005-A ,2024-12-01,False,0.0,1.0,
FDXGT4Z-16005-A ,2025-01-01,True,0.0,0.0,
FDXGT4Z-16005-A ,2025-02-01,True,0.0,0.0,
FDXGT4Z-16005-A ,2025-03-01,True,0.0,0.0,
FDXGT4Z-16005-A ,2025-04-01,True,0.0,0.0,
FDXGT4Z-16005-A ,2025-05-01,True,0.0,0.0,0.0
FDXGT4Z-16005-A ,2025-06-01,True,0.0,0.0,0.0
FDXGT4Z-16006-A ,2024-06-01,False,1.0,0.0,
FDXGT4Z-16006-A ,2024-07-01,False,1.0,0.0,
FDXGT4Z-16006-A ,2024-08-01,False,1.0,0.0,
FDXGT4Z-16006-A ,2024-09-01,False,1.0,0.0,
FDXGT4Z-16006-A ,2024-10-01,False,0.0,1.0,
FDXGT4Z-16006-A ,2024-11-01,True,0.0,0.0,
FDXGT4Z-16006-A ,2024-12-01,True,0.0,0.0,
FDXGT4Z-16006-A ,2025-01-01,True,0.0,0.0,
FDXGT4Z-16006-A ,2025-02-01,True,0.0,0.0,
FDXGT4Z-16006-A ,2025-03-01,True,0.0,0.0,
FDXGT4Z-16006-A ,2025-04-01,True,1.0,0.0,
FDXGT4Z-16006-A ,2025-05-01,False,1.0,0.0,0.0
FDXGT4Z-16006-A ,2025-06-01,False,1.0,0.0,0.0
FDXHL3Z-17626-BB ,2024-06-01,False,4.0,0.0,
FDXHL3Z-17626-BB ,2024-07-01,False,4.0,0.0,
FDXHL3Z-17626-BB ,2024-08-01,False,4.0,0.0,
FDXHL3Z-17626-BB ,2024-09-01,False,3.0,1.0,
FDXHL3Z-17626-BB ,2024-10-01,False,0.0,3.0,
FDXHL3Z-17626-BB ,2024-11-01,True,0.0,0.0,
FDXHL3Z-17626-BB ,2024-12-01,True,0.0,0.0,
FDXHL3Z-17626-BB ,2025-01-01,True,0.0,0.0,
FDXHL3Z-17626-BB ,2025-02-01,True,0.0,0.0,
FDXHL3Z-17626-BB ,2025-03-01,True,0.0,0.0,
FDXHL3Z-17626-BB ,2025-04-01,True,10.0,0.0,
FDXHL3Z-17626-BB ,2025-05-01,False,10.0,0.0,2.0
FDXHL3Z-17626-BB ,2025-06-01,False,10.0,0.0,2.0
FDXJB5Z-13008-J ,2024-06-01,False,2.0,0.0,
FDXJB5Z-13008-J ,2024-07-01,False,2.0,0.0,
FDXJB5Z-13008-J ,2024-08-01,False,2.0,0.0,
FDXJB5Z-13008-J ,2024-09-01,False,1.0,1.0,
FDXJB5Z-13008-J ,2024-10-01,False,1.0,0.0,
FDXJB5Z-13008-J ,2024-11-01,False,1.0,0.0,
FDXJB5Z-13008-J ,2024-12-01,False,0.0,1.0,
FDXJB5Z-13008-J ,2025-01-01,True,0.0,0.0,
FDXJB5Z-13008-J ,2025-02-01,True,0.0,0.0,
FDXJB5Z-13008-J ,2025-03-01,True,0.0,0.0,
FDXJB5Z-13008-J ,2025-04-01,True,0.0,0.0,
FDXJB5Z-13008-J ,2025-05-01,True,2.0,0.0,0.0
FDXJB5Z-13008-J ,2025-06-01,False,2.0,0.0,0.0
FDXJL1Z-13008-K ,2024-06-01,False,1.0,0.0,
FDXJL1Z-13008-K ,2024-07-01,False,1.0,0.0,
FDXJL1Z-13008-K ,2024-08-01,False,1.0,0.0,
FDXJL1Z-13008-K ,2024-09-01,False,0.0,1.0,
FDXJL1Z-13008-K ,2024-10-01,True,0.0,0.0,
FDXJL1Z-13008-K ,2024-11-01,True,0.0,0.0,
FDXJL1Z-13008-K ,2024-12-01,True,2.0,0.0,
FDXJL1Z-13008-K ,2025-01-01,False,2.0,0.0,
FDXJL1Z-13008-K ,2025-02-01,False,2.0,0.0,
FDXJL1Z-13008-K ,2025-03-01,False,2.0,0.0,
FDXJL1Z-13008-K ,2025-04-01,False,2.0,0.0,
FDXJL1Z-13008-K ,2025-05-01,False,2.0,0.0,0.0
FDXJL1Z-13008-K ,2025-06-01,False,2.0,0.0,0.0
FDXJL1Z-13404-G ,2024-06-01,False,1.0,0.0,
FDXJL1Z-13404-G ,2024-07-01,False,1.0,0.0,
FDXJL1Z-13404-G ,2024-08-01,False,1.0,0.0,
FDXJL1Z-13404-G ,2024-09-01,False,1.0,0.0,
FDXJL1Z-13404-G ,2024-10-01,False,1.0,0.0,
FDXJL1Z-13404-G ,2024-11-01,False,1.0,0.0,
FDXJL1Z-13404-G ,2024-12-01,False,0.0,1.0,
FDXJL1Z-13404-G ,2025-01-01,True,0.0,0.0,
FDXJL1Z-13404-G ,2025-02-01,True,0.0,0.0,
FDXJL1Z-13404-G ,2025-03-01,True,0.0,0.0,
FDXJL1Z-13404-G ,2025-04-01,True,0.0,0.0,
FDXJL1Z-13404-G ,2025-05-01,True,0.0,0.0,0.0
FDXJL1Z-13404-G ,2025-06-01,True,0.0,0.0,0.0
FDXJL1Z-13405-G ,2024-06-01,True,0.0,0.0,
FDXJL1Z-13405-G ,2024-07-01,True,2.0,0.0,
FDXJL1Z-13405-G ,2024-08-01,False,2.0,0.0,
FDXJL1Z-13405-G ,2024-09-01,False,2.0,0.0,
FDXJL1Z-13405-G ,2024-10-01,False,2.0,0.0,
FDXJL1Z-13405-G ,2024-11-01,False,2.0,0.0,
FDXJL1Z-13405-G ,2024-12-01,False,2.0,0.0,
FDXJL1Z-13405-G ,2025-01-01,False,2.0,0.0,
FDXJL1Z-13405-G ,2025-02-01,False,0.0,2.0,
FDXJL1Z-13405-G ,2025-03-01,True,0.0,0.0,
FDXJL1Z-13405-G ,2025-04-01,True,0.0,0.0,
FDXJL1Z-13405-G ,2025-05-01,True,0.0,0.0,0.0
FDXJL1Z-13405-G ,2025-06-01,True,0.0,0.0,0.0
FDXJL1Z-15200-A ,2024-06-01,False,1.0,0.0,
FDXJL1Z-15200-A ,2024-07-01,False,1.0,0.0,
FDXJL1Z-15200-A ,2024-08-01,False,1.0,0.0,
FDXJL1Z-15200-A ,2024-09-01,False,1.0,0.0,
FDXJL1Z-15200-A ,2024-10-01,False,1.0,0.0,
FDXJL1Z-15200-A ,2024-11-01,False,1.0,0.0,
FDXJL1Z-15200-A ,2024-12-01,False,1.0,0.0,
FDXJL1Z-15200-A ,2025-01-01,False,1.0,0.0,
FDXJL1Z-15200-A ,2025-02-01,False,1.0,0.0,
FDXJL1Z-15200-A ,2025-03-01,False,0.0,1.0,
FDXJL1Z-15200-A ,2025-04-01,True,0.0,0.0,
FDXJL1Z-15200-A ,2025-05-01,True,0.0,0.0,0.0
FDXJL1Z-15200-A ,2025-06-01,True,0.0,0.0,0.0
FDXJL1Z-16005-A ,2024-06-01,False,2.0,0.0,
FDXJL1Z-16005-A ,2024-07-01,False,2.0,0.0,
FDXJL1Z-16005-A ,2024-08-01,False,2.0,0.0,
FDXJL1Z-16005-A ,2024-09-01,False,2.0,0.0,
FDXJL1Z-16005-A ,2024-10-01,False,1.0,1.0,
FDXJL1Z-16005-A ,2024-11-01,False,1.0,0.0,
FDXJL1Z-16005-A ,2024-12-01,False,0.0,1.0,
FDXJL1Z-16005-A ,2025-01-01,True,0.0,0.0,
FDXJL1Z-16005-A ,2025-02-01,True,0.0,0.0,
FDXJL1Z-16005-A ,2025-03-01,True,0.0,0.0,
FDXJL1Z-16005-A ,2025-04-01,True,2.0,0.0,
FDXJL1Z-16005-A ,2025-05-01,False,2.0,0.0,0.0
FDXJL1Z-16005-A ,2025-06-01,False,2.0,0.0,0.0
FDXJL1Z-16006-A ,2024-06-01,False,4.0,0.0,
FDXJL1Z-16006-A ,2024-07-01,False,3.0,1.0,
FDXJL1Z-16006-A ,2024-08-01,False,3.0,0.0,
FDXJL1Z-16006-A ,2024-09-01,False,3.0,0.0,
FDXJL1Z-16006-A ,2024-10-01,False,2.0,1.0,
FDXJL1Z-16006-A ,2024-11-01,False,2.0,0.0,
FDXJL1Z-16006-A ,2024-12-01,False,2.0,0.0,
FDXJL1Z-16006-A ,2025-01-01,False,2.0,0.0,
FDXJL1Z-16006-A ,2025-02-01,False,2.0,0.0,
FDXJL1Z-16006-A ,2025-03-01,False,2.0,0.0,
FDXJL1Z-16006-A ,2025-04-01,False,2.0,0.0,
FDXJL1Z-16006-A ,2025-05-01,False,2.0,0.0,0.0
FDXJL1Z-16006-A ,2025-06-01,False,2.0,0.0,0.0
FDXJL1Z-16C826-A ,2024-06-01,False,12.0,0.0,
FDXJL1Z-16C826-A ,2024-07-01,False,12.0,0.0,
FDXJL1Z-16C826-A ,2024-08-01,False,10.0,2.0,
FDXJL1Z-16C826-A ,2024-09-01,False,10.0,0.0,
FDXJL1Z-16C826-A ,2024-10-01,False,10.0,0.0,
FDXJL1Z-16C826-A ,2024-11-01,False,10.0,0.0,
FDXJL1Z-16C826-A ,2024-12-01,False,8.0,2.0,
FDXJL1Z-16C826-A ,2025-01-01,False,2.0,6.0,
FDXJL1Z-16C826-A ,2025-02-01,False,2.0,0.0,
FDXJL1Z-16C826-A ,2025-03-01,False,2.0,0.0,
FDXJL1Z-16C826-A ,2025-04-01,False,2.0,0.0,
FDXJL1Z-16C826-A ,2025-05-01,False,14.0,0.0,1.0
FDXJL1Z-16C826-A ,2025-06-01,False,12.0,2.0,1.0
FDXJL1Z-17618-B ,2024-06-01,False,2.0,0.0,
FDXJL1Z-17618-B ,2024-07-01,False,2.0,0.0,
FDXJL1Z-17618-B ,2024-08-01,False,2.0,0.0,
FDXJL1Z-17618-B ,2024-09-01,False,2.0,0.0,
FDXJL1Z-17618-B ,2024-10-01,False,2.0,0.0,
FDXJL1Z-17618-B ,2024-11-01,False,2.0,0.0,
FDXJL1Z-17618-B ,2024-12-01,False,1.0,1.0,
FDXJL1Z-17618-B ,2025-01-01,False,1.0,0.0,
FDXJL1Z-17618-B ,2025-02-01,False,1.0,0.0,
FDXJL1Z-17618-B ,2025-03-01,False,1.0,0.0,
FDXJL1Z-17618-B ,2025-04-01,False,1.0,0.0,
FDXJL1Z-17618-B ,2025-05-01,False,1.0,0.0,0.0
FDXJL1Z-17618-B ,2025-06-01,False,0.0,1.0,0.0
FDXJL1Z-17D957-BPTM ,2024-06-01,False,4.0,0.0,
FDXJL1Z-17D957-BPTM ,2024-07-01,False,4.0,0.0,
FDXJL1Z-17D957-BPTM ,2024-08-01,False,2.0,2.0,
FDXJL1Z-17D957-BPTM ,2024-09-01,False,2.0,0.0,
FDXJL1Z-17D957-BPTM ,2024-10-01,False,1.0,1.0,
FDXJL1Z-17D957-BPTM ,2024-11-01,False,1.0,0.0,
FDXJL1Z-17D957-BPTM ,2024-12-01,False,0.0,1.0,
FDXJL1Z-17D957-BPTM ,2025-01-01,True,2.0,1.0,
FDXJL1Z-17D957-BPTM ,2025-02-01,False,1.0,1.0,
FDXJL1Z-17D957-BPTM ,2025-03-01,False,1.0,0.0,
FDXJL1Z-17D957-BPTM ,2025-04-01,False,1.0,0.0,
FDXJL1Z-17D957-BPTM ,2025-05-01,False,4.0,0.0,0.0
FDXJL1Z-17D957-BPTM ,2025-06-01,False,2.0,2.0,0.0
FDXJL1Z-17D957-EPTM ,2024-06-01,False,2.0,0.0,
FDXJL1Z-17D957-EPTM ,2024-07-01,False,2.0,0.0,
FDXJL1Z-17D957-EPTM ,2024-08-01,False,2.0,0.0,
FDXJL1Z-17D957-EPTM ,2024-09-01,False,2.0,0.0,
FDXJL1Z-17D957-EPTM ,2024-10-01,False,2.0,0.0,
FDXJL1Z-17D957-EPTM ,2024-11-01,False,2.0,0.0,
FDXJL1Z-17D957-EPTM ,2024-12-01,False,2.0,0.0,
FDXJL1Z-17D957-EPTM ,2025-01-01,False,2.0,0.0,
FDXJL1Z-17D957-EPTM ,2025-02-01,False,2.0,0.0,
FDXJL1Z-17D957-EPTM ,2025-03-01,False,1.0,1.0,
FDXJL1Z-17D957-EPTM ,2025-04-01,False,1.0,0.0,
FDXJL1Z-17D957-EPTM ,2025-05-01,False,1.0,0.0,0.0
FDXJL1Z-17D957-EPTM ,2025-06-01,False,1.0,0.0,0.0
FDXJL1Z-17K835-APTM ,2024-06-01,False,1.0,0.0,
FDXJL1Z-17K835-APTM ,2024-07-01,False,1.0,1.0,
FDXJL1Z-17K835-APTM ,2024-08-01,False,2.0,0.0,
FDXJL1Z-17K835-APTM ,2024-09-01,False,2.0,0.0,
FDXJL1Z-17K835-APTM ,2024-10-01,False,2.0,0.0,
FDXJL1Z-17K835-APTM ,2024-11-01,False,2.0,0.0,
FDXJL1Z-17K835-APTM ,2024-12-01,False,1.0,1.0,
FDXJL1Z-17K835-APTM ,2025-01-01,False,3.0,0.0,
FDXJL1Z-17K835-APTM ,2025-02-01,False,3.0,0.0,
FDXJL1Z-17K835-APTM ,2025-03-01,False,3.0,0.0,
FDXJL1Z-17K835-APTM ,2025-04-01,False,3.0,0.0,
FDXJL1Z-17K835-APTM ,2025-05-01,False,3.0,0.0,0.0
FDXJL1Z-17K835-APTM ,2025-06-01,False,4.0,1.0,1.0
FDXJL3Z-13404-H ,2024-06-01,False,13.0,2.0,
FDXJL3Z-13404-H ,2024-07-01,False,12.0,1.0,
FDXJL3Z-13404-H ,2024-08-01,False,12.0,0.0,
FDXJL3Z-13404-H ,2024-09-01,False,10.0,2.0,
FDXJL3Z-13404-H ,2024-10-01,False,9.0,1.0,
FDXJL3Z-13404-H ,2024-11-01,False,2.0,7.0,
FDXJL3Z-13404-H ,2024-12-01,False,0.0,2.0,
FDXJL3Z-13404-H ,2025-01-01,True,0.0,0.0,
FDXJL3Z-13404-H ,2025-02-01,True,0.0,0.0,
FDXJL3Z-13404-H ,2025-03-01,True,0.0,0.0,
FDXJL3Z-13404-H ,2025-04-01,True,21.0,3.0,
FDXJL3Z-13404-H ,2025-05-01,False,17.0,4.0,5.0
FDXJL3Z-13404-H ,2025-06-01,False,14.0,3.0,3.0
FDXJL3Z-13405-H ,2024-06-01,False,9.0,1.0,
FDXJL3Z-13405-H ,2024-07-01,False,9.0,0.0,
FDXJL3Z-13405-H ,2024-08-01,False,9.0,0.0,
FDXJL3Z-13405-H ,2024-09-01,False,9.0,0.0,
FDXJL3Z-13405-H ,2024-10-01,False,15.0,0.0,
FDXJL3Z-13405-H ,2024-11-01,False,15.0,0.0,
FDXJL3Z-13405-H ,2024-12-01,False,11.0,4.0,
FDXJL3Z-13405-H ,2025-01-01,False,8.0,3.0,
FDXJL3Z-13405-H ,2025-02-01,False,8.0,0.0,
FDXJL3Z-13405-H ,2025-03-01,False,8.0,0.0,
FDXJL3Z-13405-H ,2025-04-01,False,4.0,4.0,
FDXJL3Z-13405-H ,2025-05-01,False,4.0,0.0,0.0
FDXJL3Z-13405-H ,2025-06-01,False,8.0,2.0,2.0
FDXJL3Z-15200-A ,2024-06-01,True,1.0,0.0,
FDXJL3Z-15200-A ,2024-07-01,True,2.0,11.0,
FDXJL3Z-15200-A ,2024-08-01,False,2.0,0.0,
FDXJL3Z-15200-A ,2024-09-01,False,2.0,0.0,
FDXJL3Z-15200-A ,2024-10-01,False,2.0,0.0,
FDXJL3Z-15200-A ,2024-11-01,False,2.0,0.0,
FDXJL3Z-15200-A ,2024-12-01,False,20.0,0.0,
FDXJL3Z-15200-A ,2025-01-01,False,20.0,0.0,
FDXJL3Z-15200-A ,2025-02-01,False,19.0,1.0,
FDXJL3Z-15200-A ,2025-03-01,False,19.0,0.0,
FDXJL3Z-15200-A ,2025-04-01,False,14.0,5.0,
FDXJL3Z-15200-A ,2025-05-01,False,11.0,3.0,2.0
FDXJL3Z-15200-A ,2025-06-01,False,10.0,1.0,3.0
FDXJL3Z-15201-A ,2024-06-01,True,0.0,0.0,
FDXJL3Z-15201-A ,2024-07-01,True,1.0,11.0,
FDXJL3Z-15201-A ,2024-08-01,True,1.0,0.0,
FDXJL3Z-15201-A ,2024-09-01,True,1.0,0.0,
FDXJL3Z-15201-A ,2024-10-01,True,1.0,0.0,
FDXJL3Z-15201-A ,2024-11-01,True,1.0,0.0,
FDXJL3Z-15201-A ,2024-12-01,True,19.0,0.0,
FDXJL3Z-15201-A ,2025-01-01,False,18.0,1.0,
FDXJL3Z-15201-A ,2025-02-01,False,16.0,2.0,
FDXJL3Z-15201-A ,2025-03-01,False,16.0,0.0,
FDXJL3Z-15201-A ,2025-04-01,False,16.0,0.0,
FDXJL3Z-15201-A ,2025-05-01,False,14.0,2.0,1.0
FDXJL3Z-15201-A ,2025-06-01,False,14.0,0.0,1.0
FDXJL3Z-16005-A ,2024-06-01,False,2.0,1.0,
FDXJL3Z-16005-A ,2024-07-01,False,2.0,0.0,
FDXJL3Z-16005-A ,2024-08-01,False,1.0,1.0,
FDXJL3Z-16005-A ,2024-09-01,False,0.0,1.0,
FDXJL3Z-16005-A ,2024-10-01,True,0.0,0.0,
FDXJL3Z-16005-A ,2024-11-01,True,0.0,0.0,
FDXJL3Z-16005-A ,2024-12-01,True,3.0,0.0,
FDXJL3Z-16005-A ,2025-01-01,False,3.0,0.0,
FDXJL3Z-16005-A ,2025-02-01,False,3.0,0.0,
FDXJL3Z-16005-A ,2025-03-01,False,2.0,1.0,
FDXJL3Z-16005-A ,2025-04-01,False,2.0,0.0,
FDXJL3Z-16005-A ,2025-05-01,False,2.0,0.0,0.0
FDXJL3Z-16005-A ,2025-06-01,False,1.0,1.0,0.0
FDXJL3Z-16006-A ,2024-06-01,False,4.0,0.0,
FDXJL3Z-16006-A ,2024-07-01,False,3.0,1.0,
FDXJL3Z-16006-A ,2024-08-01,False,3.0,0.0,
FDXJL3Z-16006-A ,2024-09-01,False,3.0,0.0,
FDXJL3Z-16006-A ,2024-10-01,False,3.0,0.0,
FDXJL3Z-16006-A ,2024-11-01,False,2.0,1.0,
FDXJL3Z-16006-A ,2024-12-01,False,2.0,0.0,
FDXJL3Z-16006-A ,2025-01-01,False,2.0,0.0,
FDXJL3Z-16006-A ,2025-02-01,False,2.0,0.0,
FDXJL3Z-16006-A ,2025-03-01,False,1.0,1.0,
FDXJL3Z-16006-A ,2025-04-01,False,1.0,0.0,
FDXJL3Z-16006-A ,2025-05-01,False,1.0,0.0,0.0
FDXJL3Z-16006-A ,2025-06-01,False,1.0,0.0,0.0
FDXJL3Z-17618-B ,2024-06-01,True,0.0,0.0,
FDXJL3Z-17618-B ,2024-07-01,True,0.0,0.0,
FDXJL3Z-17618-B ,2024-08-01,True,0.0,0.0,
FDXJL3Z-17618-B ,2024-09-01,True,0.0,0.0,
FDXJL3Z-17618-B ,2024-10-01,True,0.0,0.0,
FDXJL3Z-17618-B ,2024-11-01,True,0.0,0.0,
FDXJL3Z-17618-B ,2024-12-01,True,0.0,0.0,
FDXJL3Z-17618-B ,2025-01-01,True,0.0,0.0,
FDXJL3Z-17618-B ,2025-02-01,True,0.0,0.0,
FDXJL3Z-17618-B ,2025-03-01,True,0.0,0.0,
FDXJL3Z-17618-B ,2025-04-01,True,3.0,1.0,
FDXJL3Z-17618-B ,2025-05-01,False,3.0,0.0,0.0
FDXJL3Z-17618-B ,2025-06-01,False,2.0,1.0,1.0
FDXJL3Z-17682-DB ,2024-06-01,True,0.0,1.0,
FDXJL3Z-17682-DB ,2024-07-01,True,7.0,1.0,
FDXJL3Z-17682-DB ,2024-08-01,False,7.0,0.0,
FDXJL3Z-17682-DB ,2024-09-01,False,5.0,2.0,
FDXJL3Z-17682-DB ,2024-10-01,False,3.0,2.0,
FDXJL3Z-17682-DB ,2024-11-01,False,8.0,1.0,
FDXJL3Z-17682-DB ,2024-12-01,False,2.0,6.0,
FDXJL3Z-17682-DB ,2025-01-01,False,1.0,1.0,
FDXJL3Z-17682-DB ,2025-02-01,True,1.0,0.0,
FDXJL3Z-17682-DB ,2025-03-01,True,1.0,0.0,
FDXJL3Z-17682-DB ,2025-04-01,True,1.0,0.0,
FDXJL3Z-17682-DB ,2025-05-01,True,1.0,0.0,0.0
FDXJL3Z-17682-DB ,2025-06-01,True,25.0,0.0,1.0
FDXJL3Z-17683-DB ,2024-06-01,False,4.0,2.0,
FDXJL3Z-17683-DB ,2024-07-01,False,4.0,0.0,
FDXJL3Z-17683-DB ,2024-08-01,False,2.0,2.0,
FDXJL3Z-17683-DB ,2024-09-01,False,0.0,2.0,
FDXJL3Z-17683-DB ,2024-10-01,True,0.0,0.0,
FDXJL3Z-17683-DB ,2024-11-01,True,12.0,0.0,
FDXJL3Z-17683-DB ,2024-12-01,False,9.0,3.0,
FDXJL3Z-17683-DB ,2025-01-01,False,9.0,0.0,
FDXJL3Z-17683-DB ,2025-02-01,False,8.0,1.0,
FDXJL3Z-17683-DB ,2025-03-01,False,7.0,1.0,
FDXJL3Z-17683-DB ,2025-04-01,False,5.0,2.0,
FDXJL3Z-17683-DB ,2025-05-01,False,4.0,1.0,1.0
FDXJL3Z-17683-DB ,2025-06-01,False,10.0,0.0,1.0
FDXJL3Z-17757-A ,2024-06-01,False,5.0,3.0,
FDXJL3Z-17757-A ,2024-07-01,False,4.0,1.0,
FDXJL3Z-17757-A ,2024-08-01,False,3.0,1.0,
FDXJL3Z-17757-A ,2024-09-01,False,3.0,0.0,
FDXJL3Z-17757-A ,2024-10-01,False,3.0,0.0,
FDXJL3Z-17757-A ,2024-11-01,False,8.0,1.0,
FDXJL3Z-17757-A ,2024-12-01,False,8.0,0.0,
FDXJL3Z-17757-A ,2025-01-01,False,7.0,1.0,
FDXJL3Z-17757-A ,2025-02-01,False,6.0,1.0,
FDXJL3Z-17757-A ,2025-03-01,False,5.0,1.0,
FDXJL3Z-17757-A ,2025-04-01,False,4.0,1.0,
FDXJL3Z-17757-A ,2025-05-01,False,4.0,0.0,1.0
FDXJL3Z-17757-A ,2025-06-01,False,8.0,2.0,1.0
FDXJL3Z-17A385-AA ,2024-06-01,False,4.0,1.0,
FDXJL3Z-17A385-AA ,2024-07-01,False,1.0,3.0,
FDXJL3Z-17A385-AA ,2024-08-01,True,1.0,0.0,
FDXJL3Z-17A385-AA ,2024-09-01,True,0.0,1.0,
FDXJL3Z-17A385-AA ,2024-10-01,True,0.0,0.0,
FDXJL3Z-17A385-AA ,2024-11-01,True,0.0,0.0,
FDXJL3Z-17A385-AA ,2024-12-01,True,19.0,1.0,
FDXJL3Z-17A385-AA ,2025-01-01,False,17.0,2.0,
FDXJL3Z-17A385-AA ,2025-02-01,False,17.0,0.0,
FDXJL3Z-17A385-AA ,2025-03-01,False,17.0,0.0,
FDXJL3Z-17A385-AA ,2025-04-01,False,16.0,1.0,
FDXJL3Z-17A385-AA ,2025-05-01,False,13.0,3.0,1.0
FDXJL3Z-17A385-AA ,2025-06-01,False,11.0,2.0,1.0
FDXJL3Z-17B968-AB ,2024-06-01,True,0.0,0.0,
FDXJL3Z-17B968-AB ,2024-07-01,True,4.0,1.0,
FDXJL3Z-17B968-AB ,2024-08-01,False,4.0,0.0,
FDXJL3Z-17B968-AB ,2024-09-01,False,4.0,0.0,
FDXJL3Z-17B968-AB ,2024-10-01,False,4.0,0.0,
FDXJL3Z-17B968-AB ,2024-11-01,False,4.0,0.0,
FDXJL3Z-17B968-AB ,2024-12-01,False,4.0,0.0,
FDXJL3Z-17B968-AB ,2025-01-01,False,3.0,1.0,
FDXJL3Z-17B968-AB ,2025-02-01,False,0.0,3.0,
FDXJL3Z-17B968-AB ,2025-03-01,True,0.0,0.0,
FDXJL3Z-17B968-AB ,2025-04-01,True,10.0,0.0,
FDXJL3Z-17B968-AB ,2025-05-01,False,10.0,0.0,1.0
FDXJL3Z-17B968-AB ,2025-06-01,False,5.0,5.0,1.0
FDXJL3Z-17E810-AB ,2024-06-01,False,4.0,1.0,
FDXJL3Z-17E810-AB ,2024-07-01,False,3.0,1.0,
FDXJL3Z-17E810-AB ,2024-08-01,False,2.0,1.0,
FDXJL3Z-17E810-AB ,2024-09-01,False,2.0,0.0,
FDXJL3Z-17E810-AB ,2024-10-01,False,2.0,0.0,
FDXJL3Z-17E810-AB ,2024-11-01,False,1.0,1.0,
FDXJL3Z-17E810-AB ,2024-12-01,False,5.0,1.0,
FDXJL3Z-17E810-AB ,2025-01-01,False,0.0,5.0,
FDXJL3Z-17E810-AB ,2025-02-01,True,0.0,0.0,
FDXJL3Z-17E810-AB ,2025-03-01,True,0.0,0.0,
FDXJL3Z-17E810-AB ,2025-04-01,True,0.0,0.0,
FDXJL3Z-17E810-AB ,2025-05-01,True,15.0,0.0,0.0
FDXJL3Z-17E810-AB ,2025-06-01,False,13.0,2.0,2.0
FDXJL3Z-17E811-AB ,2024-06-01,False,3.0,2.0,
FDXJL3Z-17E811-AB ,2024-07-01,False,2.0,1.0,
FDXJL3Z-17E811-AB ,2024-08-01,False,1.0,1.0,
FDXJL3Z-17E811-AB ,2024-09-01,False,1.0,0.0,
FDXJL3Z-17E811-AB ,2024-10-01,False,1.0,0.0,
FDXJL3Z-17E811-AB ,2024-11-01,False,0.0,1.0,
FDXJL3Z-17E811-AB ,2024-12-01,True,4.0,1.0,
FDXJL3Z-17E811-AB ,2025-01-01,False,3.0,1.0,
FDXJL3Z-17E811-AB ,2025-02-01,False,2.0,1.0,
FDXJL3Z-17E811-AB ,2025-03-01,False,2.0,0.0,
FDXJL3Z-17E811-AB ,2025-04-01,False,2.0,0.0,
FDXJL3Z-17E811-AB ,2025-05-01,False,17.0,0.0,2.0
FDXJL3Z-17E811-AB ,2025-06-01,False,16.0,1.0,2.0
FDXJL3Z-8200-DA ,2024-06-01,False,0.0,1.0,
FDXJL3Z-8200-DA ,2024-07-01,True,0.0,0.0,
FDXJL3Z-8200-DA ,2024-08-01,True,0.0,0.0,
FDXJL3Z-8200-DA ,2024-09-01,True,0.0,0.0,
FDXJL3Z-8200-DA ,2024-10-01,True,3.0,0.0,
FDXJL3Z-8200-DA ,2024-11-01,False,2.0,1.0,
FDXJL3Z-8200-DA ,2024-12-01,False,2.0,0.0,
FDXJL3Z-8200-DA ,2025-01-01,False,2.0,0.0,
FDXJL3Z-8200-DA ,2025-02-01,False,1.0,1.0,
FDXJL3Z-8200-DA ,2025-03-01,False,0.0,1.0,
FDXJL3Z-8200-DA ,2025-04-01,True,0.0,0.0,
FDXJL3Z-8200-DA ,2025-05-01,True,0.0,0.0,0.0
FDXJL3Z-8200-DA ,2025-06-01,True,6.0,0.0,1.0
FDXJL3Z-8475-D ,2024-06-01,False,3.0,1.0,
FDXJL3Z-8475-D ,2024-07-01,False,2.0,1.0,
FDXJL3Z-8475-D ,2024-08-01,False,1.0,1.0,
FDXJL3Z-8475-D ,2024-09-01,False,1.0,0.0,
FDXJL3Z-8475-D ,2024-10-01,False,1.0,0.0,
FDXJL3Z-8475-D ,2024-11-01,False,7.0,0.0,
FDXJL3Z-8475-D ,2024-12-01,False,9.0,2.0,
FDXJL3Z-8475-D ,2025-01-01,False,9.0,0.0,
FDXJL3Z-8475-D ,2025-02-01,False,9.0,0.0,
FDXJL3Z-8475-D ,2025-03-01,False,8.0,1.0,
FDXJL3Z-8475-D ,2025-04-01,False,8.0,0.0,
FDXJL3Z-8475-D ,2025-05-01,False,7.0,1.0,1.0
FDXJL3Z-8475-D ,2025-06-01,False,7.0,0.0,0.0
FDXJR3Z-13008-A ,2024-06-01,False,2.0,0.0,
FDXJR3Z-13008-A ,2024-07-01,False,2.0,0.0,
FDXJR3Z-13008-A ,2024-08-01,False,2.0,0.0,
FDXJR3Z-13008-A ,2024-09-01,False,2.0,0.0,
FDXJR3Z-13008-A ,2024-10-01,False,1.0,1.0,
FDXJR3Z-13008-A ,2024-11-01,False,1.0,0.0,
FDXJR3Z-13008-A ,2024-12-01,False,1.0,0.0,
FDXJR3Z-13008-A ,2025-01-01,False,1.0,0.0,
FDXJR3Z-13008-A ,2025-02-01,False,1.0,0.0,
FDXJR3Z-13008-A ,2025-03-01,False,1.0,0.0,
FDXJR3Z-13008-A ,2025-04-01,False,0.0,1.0,
FDXJR3Z-13008-A ,2025-05-01,True,0.0,0.0,0.0
FDXJR3Z-13008-A ,2025-06-01,True,0.0,0.0,0.0
FDXJR3Z-13008-B ,2024-06-01,False,2.0,0.0,
FDXJR3Z-13008-B ,2024-07-01,False,2.0,0.0,
FDXJR3Z-13008-B ,2024-08-01,False,2.0,0.0,
FDXJR3Z-13008-B ,2024-09-01,False,2.0,0.0,
FDXJR3Z-13008-B ,2024-10-01,False,1.0,1.0,
FDXJR3Z-13008-B ,2024-11-01,False,1.0,0.0,
FDXJR3Z-13008-B ,2024-12-01,False,1.0,0.0,
FDXJR3Z-13008-B ,2025-01-01,False,1.0,0.0,
FDXJR3Z-13008-B ,2025-02-01,False,1.0,0.0,
FDXJR3Z-13008-B ,2025-03-01,False,1.0,0.0,
FDXJR3Z-13008-B ,2025-04-01,False,0.0,1.0,
FDXJR3Z-13008-B ,2025-05-01,True,0.0,0.0,0.0
FDXJR3Z-13008-B ,2025-06-01,True,0.0,0.0,0.0
FDXJR3Z-16612-A ,2024-06-01,True,0.0,0.0,
FDXJR3Z-16612-A ,2024-07-01,True,0.0,0.0,
FDXJR3Z-16612-A ,2024-08-01,True,1.0,0.0,
FDXJR3Z-16612-A ,2024-09-01,False,1.0,0.0,
FDXJR3Z-16612-A ,2024-10-01,False,0.0,1.0,
FDXJR3Z-16612-A ,2024-11-01,True,0.0,0.0,
FDXJR3Z-16612-A ,2024-12-01,True,0.0,0.0,
FDXJR3Z-16612-A ,2025-01-01,True,0.0,0.0,
FDXJR3Z-16612-A ,2025-02-01,True,0.0,0.0,
FDXJR3Z-16612-A ,2025-03-01,True,0.0,0.0,
FDXJR3Z-16612-A ,2025-04-01,True,1.0,0.0,
FDXJR3Z-16612-A ,2025-05-01,False,1.0,0.0,0.0
FDXJR3Z-16612-A ,2025-06-01,False,1.0,0.0,0.0
FDXJR3Z-17D957-CAPTM ,2024-06-01,False,2.0,0.0,
FDXJR3Z-17D957-CAPTM ,2024-07-01,False,2.0,0.0,
FDXJR3Z-17D957-CAPTM ,2024-08-01,False,2.0,0.0,
FDXJR3Z-17D957-CAPTM ,2024-09-01,False,1.0,1.0,
FDXJR3Z-17D957-CAPTM ,2024-10-01,False,0.0,1.0,
FDXJR3Z-17D957-CAPTM ,2024-11-01,True,0.0,0.0,
FDXJR3Z-17D957-CAPTM ,2024-12-01,True,0.0,0.0,
FDXJR3Z-17D957-CAPTM ,2025-01-01,True,0.0,0.0,
FDXJR3Z-17D957-CAPTM ,2025-02-01,True,0.0,0.0,
FDXJR3Z-17D957-CAPTM ,2025-03-01,True,0.0,0.0,
FDXJR3Z-17D957-CAPTM ,2025-04-01,True,2.0,0.0,
FDXJR3Z-17D957-CAPTM ,2025-05-01,False,2.0,0.0,0.0
FDXJR3Z-17D957-CAPTM ,2025-06-01,False,2.0,0.0,0.0
FDXK-200363 ,2024-06-01,False,17.0,0.0,
FDXK-200363 ,2024-07-01,False,16.0,1.0,
FDXK-200363 ,2024-08-01,False,16.0,0.0,
FDXK-200363 ,2024-09-01,False,15.0,1.0,
FDXK-200363 ,2024-10-01,False,13.0,2.0,
FDXK-200363 ,2024-11-01,False,13.0,0.0,
FDXK-200363 ,2024-12-01,False,13.0,0.0,
FDXK-200363 ,2025-01-01,False,13.0,0.0,
FDXK-200363 ,2025-02-01,False,12.0,1.0,
FDXK-200363 ,2025-03-01,False,12.0,0.0,
FDXK-200363 ,2025-04-01,False,12.0,0.0,
FDXK-200363 ,2025-05-01,False,12.0,0.0,0.0
FDXK-200363 ,2025-06-01,False,12.0,0.0,0.0
FDXK-200364 ,2024-06-01,False,10.0,0.0,
FDXK-200364 ,2024-07-01,False,10.0,0.0,
FDXK-200364 ,2024-08-01,False,10.0,0.0,
FDXK-200364 ,2024-09-01,False,9.0,1.0,
FDXK-200364 ,2024-10-01,False,7.0,2.0,
FDXK-200364 ,2024-11-01,False,7.0,0.0,
FDXK-200364 ,2024-12-01,False,7.0,0.0,
FDXK-200364 ,2025-01-01,False,7.0,0.0,
FDXK-200364 ,2025-02-01,False,7.0,0.0,
FDXK-200364 ,2025-03-01,False,7.0,0.0,
FDXK-200364 ,2025-04-01,False,7.0,0.0,
FDXK-200364 ,2025-05-01,False,7.0,0.0,0.0
FDXK-200364 ,2025-06-01,False,7.0,0.0,0.0
FDXK-200778 ,2024-06-01,False,6.0,0.0,
FDXK-200778 ,2024-07-01,False,6.0,0.0,
FDXK-200778 ,2024-08-01,False,5.0,1.0,
FDXK-200778 ,2024-09-01,False,5.0,0.0,
FDXK-200778 ,2024-10-01,False,5.0,0.0,
FDXK-200778 ,2024-11-01,False,5.0,0.0,
FDXK-200778 ,2024-12-01,False,5.0,0.0,
FDXK-200778 ,2025-01-01,False,4.0,1.0,
FDXK-200778 ,2025-02-01,False,4.0,0.0,
FDXK-200778 ,2025-03-01,False,4.0,0.0,
FDXK-200778 ,2025-04-01,False,6.0,0.0,
FDXK-200778 ,2025-05-01,False,6.0,0.0,0.0
FDXK-200778 ,2025-06-01,False,6.0,0.0,0.0
FDXK-200779 ,2024-06-01,False,6.0,0.0,
FDXK-200779 ,2024-07-01,False,6.0,0.0,
FDXK-200779 ,2024-08-01,False,5.0,1.0,
FDXK-200779 ,2024-09-01,False,5.0,0.0,
FDXK-200779 ,2024-10-01,False,5.0,0.0,
FDXK-200779 ,2024-11-01,False,5.0,0.0,
FDXK-200779 ,2024-12-01,False,5.0,0.0,
FDXK-200779 ,2025-01-01,False,4.0,1.0,
FDXK-200779 ,2025-02-01,False,4.0,0.0,
FDXK-200779 ,2025-03-01,False,4.0,0.0,
FDXK-200779 ,2025-04-01,False,6.0,0.0,
FDXK-200779 ,2025-05-01,False,6.0,0.0,0.0
FDXK-200779 ,2025-06-01,False,6.0,0.0,0.0
FDXKL3Z-13008-C ,2024-06-01,False,4.0,0.0,
FDXKL3Z-13008-C ,2024-07-01,False,4.0,0.0,
FDXKL3Z-13008-C ,2024-08-01,False,4.0,0.0,
FDXKL3Z-13008-C ,2024-09-01,False,2.0,2.0,
FDXKL3Z-13008-C ,2024-10-01,False,2.0,0.0,
FDXKL3Z-13008-C ,2024-11-01,False,1.0,1.0,
FDXKL3Z-13008-C ,2024-12-01,False,1.0,0.0,
FDXKL3Z-13008-C ,2025-01-01,False,0.0,1.0,
FDXKL3Z-13008-C ,2025-02-01,True,0.0,0.0,
FDXKL3Z-13008-C ,2025-03-01,True,0.0,0.0,
FDXKL3Z-13008-C ,2025-04-01,True,5.0,1.0,
FDXKL3Z-13008-C ,2025-05-01,False,5.0,0.0,0.0
FDXKL3Z-13008-C ,2025-06-01,False,3.0,2.0,0.0
FDXKL3Z-13008-D ,2024-06-01,False,2.0,0.0,
FDXKL3Z-13008-D ,2024-07-01,False,2.0,0.0,
FDXKL3Z-13008-D ,2024-08-01,False,2.0,0.0,
FDXKL3Z-13008-D ,2024-09-01,False,2.0,0.0,
FDXKL3Z-13008-D ,2024-10-01,False,1.0,1.0,
FDXKL3Z-13008-D ,2024-11-01,False,2.0,1.0,
FDXKL3Z-13008-D ,2024-12-01,False,4.0,0.0,
FDXKL3Z-13008-D ,2025-01-01,False,4.0,0.0,
FDXKL3Z-13008-D ,2025-02-01,False,4.0,0.0,
FDXKL3Z-13008-D ,2025-03-01,False,3.0,1.0,
FDXKL3Z-13008-D ,2025-04-01,False,5.0,0.0,
FDXKL3Z-13008-D ,2025-05-01,False,4.0,1.0,0.0
FDXKL3Z-13008-D ,2025-06-01,False,2.0,2.0,0.0
FDXMEF-352 ,2024-06-01,False,1.0,0.0,
FDXMEF-352 ,2024-07-01,False,1.0,0.0,
FDXMEF-352 ,2024-08-01,False,1.0,0.0,
FDXMEF-352 ,2024-09-01,False,1.0,0.0,
FDXMEF-352 ,2024-10-01,False,1.0,0.0,
FDXMEF-352 ,2024-11-01,False,11.0,0.0,
FDXMEF-352 ,2024-12-01,False,11.0,0.0,
FDXMEF-352 ,2025-01-01,False,11.0,0.0,
FDXMEF-352 ,2025-02-01,False,11.0,0.0,
FDXMEF-352 ,2025-03-01,False,10.0,1.0,
FDXMEF-352 ,2025-04-01,False,9.0,1.0,
FDXMEF-352 ,2025-05-01,False,9.0,0.0,0.0
FDXMEF-352 ,2025-06-01,False,9.0,0.0,0.0
FDXMEF-353 ,2024-06-01,False,1.0,0.0,
FDXMEF-353 ,2024-07-01,False,1.0,0.0,
FDXMEF-353 ,2024-08-01,False,1.0,0.0,
FDXMEF-353 ,2024-09-01,False,1.0,0.0,
FDXMEF-353 ,2024-10-01,False,1.0,0.0,
FDXMEF-353 ,2024-11-01,False,11.0,0.0,
FDXMEF-353 ,2024-12-01,False,11.0,0.0,
FDXMEF-353 ,2025-01-01,False,11.0,0.0,
FDXMEF-353 ,2025-02-01,False,11.0,0.0,
FDXMEF-353 ,2025-03-01,False,10.0,1.0,
FDXMEF-353 ,2025-04-01,False,9.0,1.0,
FDXMEF-353 ,2025-05-01,False,9.0,0.0,0.0
FDXMEF-353 ,2025-06-01,False,9.0,0.0,0.0
FDXML3Z-13008-E ,2024-06-01,False,1.0,0.0,
FDXML3Z-13008-E ,2024-07-01,False,1.0,0.0,
FDXML3Z-13008-E ,2024-08-01,False,1.0,0.0,
FDXML3Z-13008-E ,2024-09-01,False,1.0,0.0,
FDXML3Z-13008-E ,2024-10-01,False,1.0,0.0,
FDXML3Z-13008-E ,2024-11-01,False,1.0,0.0,
FDXML3Z-13008-E ,2024-12-01,False,1.0,0.0,
FDXML3Z-13008-E ,2025-01-01,False,1.0,0.0,
FDXML3Z-13008-E ,2025-02-01,False,1.0,0.0,
FDXML3Z-13008-E ,2025-03-01,False,1.0,0.0,
FDXML3Z-13008-E ,2025-04-01,False,1.0,0.0,
FDXML3Z-13008-E ,2025-05-01,False,1.0,0.0,0.0
FDXML3Z-13008-E ,2025-06-01,False,0.0,1.0,0.0
FDXML3Z-13008-J ,2024-06-01,False,2.0,0.0,
FDXML3Z-13008-J ,2024-07-01,False,2.0,0.0,
FDXML3Z-13008-J ,2024-08-01,False,2.0,0.0,
FDXML3Z-13008-J ,2024-09-01,False,2.0,0.0,
FDXML3Z-13008-J ,2024-10-01,False,2.0,0.0,
FDXML3Z-13008-J ,2024-11-01,False,2.0,0.0,
FDXML3Z-13008-J ,2024-12-01,False,2.0,0.0,
FDXML3Z-13008-J ,2025-01-01,False,2.0,0.0,
FDXML3Z-13008-J ,2025-02-01,False,2.0,0.0,
FDXML3Z-13008-J ,2025-03-01,False,2.0,0.0,
FDXML3Z-13008-J ,2025-04-01,False,1.0,1.0,
FDXML3Z-13008-J ,2025-05-01,False,1.0,0.0,0.0
FDXML3Z-13008-J ,2025-06-01,False,1.0,0.0,0.0
FDXML3Z-13404-C ,2024-06-01,False,1.0,0.0,
FDXML3Z-13404-C ,2024-07-01,False,1.0,0.0,
FDXML3Z-13404-C ,2024-08-01,False,1.0,0.0,
FDXML3Z-13404-C ,2024-09-01,False,0.0,1.0,
FDXML3Z-13404-C ,2024-10-01,True,0.0,0.0,
FDXML3Z-13404-C ,2024-11-01,True,0.0,0.0,
FDXML3Z-13404-C ,2024-12-01,True,4.0,0.0,
FDXML3Z-13404-C ,2025-01-01,False,4.0,0.0,
FDXML3Z-13404-C ,2025-02-01,False,4.0,0.0,
FDXML3Z-13404-C ,2025-03-01,False,3.0,1.0,
FDXML3Z-13404-C ,2025-04-01,False,2.0,1.0,
FDXML3Z-13404-C ,2025-05-01,False,2.0,0.0,0.0
FDXML3Z-13404-C ,2025-06-01,False,6.0,0.0,1.0
FDXML3Z-13405-C ,2024-06-01,True,0.0,0.0,
FDXML3Z-13405-C ,2024-07-01,True,0.0,0.0,
FDXML3Z-13405-C ,2024-08-01,True,0.0,0.0,
FDXML3Z-13405-C ,2024-09-01,True,0.0,0.0,
FDXML3Z-13405-C ,2024-10-01,True,0.0,0.0,
FDXML3Z-13405-C ,2024-11-01,True,0.0,0.0,
FDXML3Z-13405-C ,2024-12-01,True,1.0,3.0,
FDXML3Z-13405-C ,2025-01-01,False,1.0,0.0,
FDXML3Z-13405-C ,2025-02-01,False,1.0,0.0,
FDXML3Z-13405-C ,2025-03-01,False,0.0,1.0,
FDXML3Z-13405-C ,2025-04-01,True,0.0,0.0,
FDXML3Z-13405-C ,2025-05-01,True,0.0,0.0,0.0
FDXML3Z-13405-C ,2025-06-01,True,8.0,0.0,0.0
FDXML3Z-15200-A ,2024-06-01,False,0.0,1.0,
FDXML3Z-15200-A ,2024-07-01,True,0.0,0.0,
FDXML3Z-15200-A ,2024-08-01,True,4.0,0.0,
FDXML3Z-15200-A ,2024-09-01,False,3.0,1.0,
FDXML3Z-15200-A ,2024-10-01,False,4.0,1.0,
FDXML3Z-15200-A ,2024-11-01,False,0.0,4.0,
FDXML3Z-15200-A ,2024-12-01,True,0.0,0.0,
FDXML3Z-15200-A ,2025-01-01,True,0.0,0.0,
FDXML3Z-15200-A ,2025-02-01,True,0.0,0.0,
FDXML3Z-15200-A ,2025-03-01,True,0.0,0.0,
FDXML3Z-15200-A ,2025-04-01,True,6.0,2.0,
FDXML3Z-15200-A ,2025-05-01,False,5.0,1.0,2.0
FDXML3Z-15200-A ,2025-06-01,False,5.0,0.0,1.0
FDXML3Z-15201-A ,2024-06-01,True,0.0,0.0,
FDXML3Z-15201-A ,2024-07-01,True,0.0,0.0,
FDXML3Z-15201-A ,2024-08-01,True,4.0,0.0,
FDXML3Z-15201-A ,2024-09-01,False,4.0,0.0,
FDXML3Z-15201-A ,2024-10-01,False,4.0,0.0,
FDXML3Z-15201-A ,2024-11-01,False,0.0,4.0,
FDXML3Z-15201-A ,2024-12-01,True,0.0,0.0,
FDXML3Z-15201-A ,2025-01-01,True,0.0,0.0,
FDXML3Z-15201-A ,2025-02-01,True,0.0,0.0,
FDXML3Z-15201-A ,2025-03-01,True,0.0,0.0,
FDXML3Z-15201-A ,2025-04-01,True,8.0,0.0,
FDXML3Z-15201-A ,2025-05-01,False,7.0,1.0,1.0
FDXML3Z-15201-A ,2025-06-01,False,7.0,0.0,2.0
FDXML3Z-16005-A ,2024-06-01,False,1.0,0.0,
FDXML3Z-16005-A ,2024-07-01,False,0.0,1.0,
FDXML3Z-16005-A ,2024-08-01,True,0.0,0.0,
FDXML3Z-16005-A ,2024-09-01,True,0.0,0.0,
FDXML3Z-16005-A ,2024-10-01,True,0.0,0.0,
FDXML3Z-16005-A ,2024-11-01,True,2.0,0.0,
FDXML3Z-16005-A ,2024-12-01,False,2.0,0.0,
FDXML3Z-16005-A ,2025-01-01,False,2.0,0.0,
FDXML3Z-16005-A ,2025-02-01,False,2.0,0.0,
FDXML3Z-16005-A ,2025-03-01,False,1.0,1.0,
FDXML3Z-16005-A ,2025-04-01,False,0.0,1.0,
FDXML3Z-16005-A ,2025-05-01,True,0.0,0.0,0.0
FDXML3Z-16005-A ,2025-06-01,True,0.0,0.0,0.0
FDXML3Z-16006-A ,2024-06-01,False,1.0,0.0,
FDXML3Z-16006-A ,2024-07-01,False,1.0,0.0,
FDXML3Z-16006-A ,2024-08-01,False,1.0,0.0,
FDXML3Z-16006-A ,2024-09-01,False,1.0,0.0,
FDXML3Z-16006-A ,2024-10-01,False,1.0,0.0,
FDXML3Z-16006-A ,2024-11-01,False,1.0,0.0,
FDXML3Z-16006-A ,2024-12-01,False,1.0,0.0,
FDXML3Z-16006-A ,2025-01-01,False,1.0,0.0,
FDXML3Z-16006-A ,2025-02-01,False,1.0,0.0,
FDXML3Z-16006-A ,2025-03-01,False,1.0,0.0,
FDXML3Z-16006-A ,2025-04-01,False,0.0,1.0,
FDXML3Z-16006-A ,2025-05-01,True,0.0,0.0,0.0
FDXML3Z-16006-A ,2025-06-01,True,0.0,0.0,0.0
FDXML3Z-16612-D ,2024-06-01,False,1.0,0.0,
FDXML3Z-16612-D ,2024-07-01,False,1.0,0.0,
FDXML3Z-16612-D ,2024-08-01,False,1.0,0.0,
FDXML3Z-16612-D ,2024-09-01,False,1.0,0.0,
FDXML3Z-16612-D ,2024-10-01,False,0.0,1.0,
FDXML3Z-16612-D ,2024-11-01,True,0.0,0.0,
FDXML3Z-16612-D ,2024-12-01,True,0.0,0.0,
FDXML3Z-16612-D ,2025-01-01,True,0.0,0.0,
FDXML3Z-16612-D ,2025-02-01,True,0.0,0.0,
FDXML3Z-16612-D ,2025-03-01,True,0.0,0.0,
FDXML3Z-16612-D ,2025-04-01,True,1.0,1.0,
FDXML3Z-16612-D ,2025-05-01,False,1.0,0.0,0.0
FDXML3Z-16612-D ,2025-06-01,False,1.0,0.0,0.0
FDXML3Z-17618-C ,2024-06-01,False,3.0,0.0,
FDXML3Z-17618-C ,2024-07-01,False,3.0,0.0,
FDXML3Z-17618-C ,2024-08-01,False,3.0,0.0,
FDXML3Z-17618-C ,2024-09-01,False,2.0,1.0,
FDXML3Z-17618-C ,2024-10-01,False,1.0,1.0,
FDXML3Z-17618-C ,2024-11-01,False,1.0,0.0,
FDXML3Z-17618-C ,2024-12-01,False,0.0,1.0,
FDXML3Z-17618-C ,2025-01-01,True,0.0,0.0,
FDXML3Z-17618-C ,2025-02-01,True,0.0,0.0,
FDXML3Z-17618-C ,2025-03-01,True,0.0,0.0,
FDXML3Z-17618-C ,2025-04-01,True,5.0,0.0,
FDXML3Z-17618-C ,2025-05-01,False,5.0,0.0,0.0
FDXML3Z-17618-C ,2025-06-01,False,5.0,0.0,0.0
FDXML3Z-17682-SA ,2024-06-01,True,0.0,0.0,
FDXML3Z-17682-SA ,2024-07-01,True,0.0,0.0,
FDXML3Z-17682-SA ,2024-08-01,True,0.0,0.0,
FDXML3Z-17682-SA ,2024-09-01,True,0.0,0.0,
FDXML3Z-17682-SA ,2024-10-01,True,0.0,0.0,
FDXML3Z-17682-SA ,2024-11-01,True,2.0,0.0,
FDXML3Z-17682-SA ,2024-12-01,False,1.0,1.0,
FDXML3Z-17682-SA ,2025-01-01,False,1.0,0.0,
FDXML3Z-17682-SA ,2025-02-01,False,1.0,0.0,
FDXML3Z-17682-SA ,2025-03-01,False,1.0,0.0,
FDXML3Z-17682-SA ,2025-04-01,False,1.0,0.0,
FDXML3Z-17682-SA ,2025-05-01,False,3.0,0.0,0.0
FDXML3Z-17682-SA ,2025-06-01,False,3.0,0.0,0.0
FDXML3Z-17682-VA ,2024-06-01,True,0.0,0.0,
FDXML3Z-17682-VA ,2024-07-01,True,0.0,0.0,
FDXML3Z-17682-VA ,2024-08-01,True,0.0,0.0,
FDXML3Z-17682-VA ,2024-09-01,True,0.0,0.0,
FDXML3Z-17682-VA ,2024-10-01,True,0.0,0.0,
FDXML3Z-17682-VA ,2024-11-01,True,0.0,0.0,
FDXML3Z-17682-VA ,2024-12-01,True,2.0,0.0,
FDXML3Z-17682-VA ,2025-01-01,False,2.0,0.0,
FDXML3Z-17682-VA ,2025-02-01,False,2.0,0.0,
FDXML3Z-17682-VA ,2025-03-01,False,2.0,0.0,
FDXML3Z-17682-VA ,2025-04-01,False,1.0,1.0,
FDXML3Z-17682-VA ,2025-05-01,False,3.0,0.0,0.0
FDXML3Z-17682-VA ,2025-06-01,False,3.0,0.0,0.0
FDXML3Z-17683-VA ,2024-06-01,True,0.0,0.0,
FDXML3Z-17683-VA ,2024-07-01,True,0.0,0.0,
FDXML3Z-17683-VA ,2024-08-01,True,0.0,0.0,
FDXML3Z-17683-VA ,2024-09-01,True,0.0,0.0,
FDXML3Z-17683-VA ,2024-10-01,True,0.0,0.0,
FDXML3Z-17683-VA ,2024-11-01,True,0.0,0.0,
FDXML3Z-17683-VA ,2024-12-01,True,2.0,0.0,
FDXML3Z-17683-VA ,2025-01-01,False,2.0,0.0,
FDXML3Z-17683-VA ,2025-02-01,False,2.0,0.0,
FDXML3Z-17683-VA ,2025-03-01,False,1.0,1.0,
FDXML3Z-17683-VA ,2025-04-01,False,1.0,0.0,
FDXML3Z-17683-VA ,2025-05-01,False,3.0,0.0,0.0
FDXML3Z-17683-VA ,2025-06-01,False,3.0,0.0,0.0
FDXML3Z-17757-D ,2024-06-01,False,1.0,0.0,
FDXML3Z-17757-D ,2024-07-01,False,1.0,0.0,
FDXML3Z-17757-D ,2024-08-01,False,1.0,0.0,
FDXML3Z-17757-D ,2024-09-01,False,1.0,0.0,
FDXML3Z-17757-D ,2024-10-01,False,1.0,0.0,
FDXML3Z-17757-D ,2024-11-01,False,0.0,1.0,
FDXML3Z-17757-D ,2024-12-01,True,0.0,0.0,
FDXML3Z-17757-D ,2025-01-01,True,0.0,0.0,
FDXML3Z-17757-D ,2025-02-01,True,0.0,0.0,
FDXML3Z-17757-D ,2025-03-01,True,0.0,0.0,
FDXML3Z-17757-D ,2025-04-01,True,2.0,0.0,
FDXML3Z-17757-D ,2025-05-01,False,2.0,0.0,0.0
FDXML3Z-17757-D ,2025-06-01,False,1.0,1.0,1.0
FDXML3Z-17B968-AA ,2024-06-01,True,0.0,0.0,
FDXML3Z-17B968-AA ,2024-07-01,True,0.0,0.0,
FDXML3Z-17B968-AA ,2024-08-01,True,0.0,0.0,
FDXML3Z-17B968-AA ,2024-09-01,True,0.0,0.0,
FDXML3Z-17B968-AA ,2024-10-01,True,5.0,0.0,
FDXML3Z-17B968-AA ,2024-11-01,False,5.0,0.0,
FDXML3Z-17B968-AA ,2024-12-01,False,5.0,0.0,
FDXML3Z-17B968-AA ,2025-01-01,False,0.0,5.0,
FDXML3Z-17B968-AA ,2025-02-01,True,0.0,0.0,
FDXML3Z-17B968-AA ,2025-03-01,True,0.0,0.0,
FDXML3Z-17B968-AA ,2025-04-01,True,0.0,0.0,
FDXML3Z-17B968-AA ,2025-05-01,True,10.0,0.0,0.0
FDXML3Z-17B968-AA ,2025-06-01,False,10.0,0.0,1.0
FDXML3Z-17B968-AB ,2024-06-01,True,0.0,0.0,
FDXML3Z-17B968-AB ,2024-07-01,True,0.0,0.0,
FDXML3Z-17B968-AB ,2024-08-01,True,0.0,0.0,
FDXML3Z-17B968-AB ,2024-09-01,True,0.0,0.0,
FDXML3Z-17B968-AB ,2024-10-01,True,0.0,0.0,
FDXML3Z-17B968-AB ,2024-11-01,True,0.0,0.0,
FDXML3Z-17B968-AB ,2024-12-01,True,0.0,0.0,
FDXML3Z-17B968-AB ,2025-01-01,True,0.0,0.0,
FDXML3Z-17B968-AB ,2025-02-01,True,0.0,0.0,
FDXML3Z-17B968-AB ,2025-03-01,True,0.0,0.0,
FDXML3Z-17B968-AB ,2025-04-01,True,5.0,0.0,
FDXML3Z-17B968-AB ,2025-05-01,False,5.0,0.0,1.0
FDXML3Z-17B968-AB ,2025-06-01,False,3.0,2.0,1.0
FDXML3Z-17E810-AA ,2024-06-01,False,5.0,0.0,
FDXML3Z-17E810-AA ,2024-07-01,False,5.0,0.0,
FDXML3Z-17E810-AA ,2024-08-01,False,4.0,1.0,
FDXML3Z-17E810-AA ,2024-09-01,False,4.0,0.0,
FDXML3Z-17E810-AA ,2024-10-01,False,4.0,0.0,
FDXML3Z-17E810-AA ,2024-11-01,False,3.0,1.0,
FDXML3Z-17E810-AA ,2024-12-01,False,3.0,0.0,
FDXML3Z-17E810-AA ,2025-01-01,False,1.0,2.0,
FDXML3Z-17E810-AA ,2025-02-01,False,1.0,0.0,
FDXML3Z-17E810-AA ,2025-03-01,False,1.0,0.0,
FDXML3Z-17E810-AA ,2025-04-01,False,1.0,0.0,
FDXML3Z-17E810-AA ,2025-05-01,False,1.0,0.0,0.0
FDXML3Z-17E810-AA ,2025-06-01,False,0.0,1.0,0.0
FDXML3Z-17E811-AA ,2024-06-01,False,5.0,0.0,
FDXML3Z-17E811-AA ,2024-07-01,False,5.0,0.0,
FDXML3Z-17E811-AA ,2024-08-01,False,4.0,1.0,
FDXML3Z-17E811-AA ,2024-09-01,False,3.0,1.0,
FDXML3Z-17E811-AA ,2024-10-01,False,3.0,0.0,
FDXML3Z-17E811-AA ,2024-11-01,False,2.0,1.0,
FDXML3Z-17E811-AA ,2024-12-01,False,2.0,0.0,
FDXML3Z-17E811-AA ,2025-01-01,False,0.0,2.0,
FDXML3Z-17E811-AA ,2025-02-01,True,0.0,0.0,
FDXML3Z-17E811-AA ,2025-03-01,True,0.0,0.0,
FDXML3Z-17E811-AA ,2025-04-01,True,0.0,0.0,
FDXML3Z-17E811-AA ,2025-05-01,True,0.0,0.0,0.0
FDXML3Z-17E811-AA ,2025-06-01,True,0.0,0.0,0.0
FDXML3Z-8475-D ,2024-06-01,False,4.0,0.0,
FDXML3Z-8475-D ,2024-07-01,False,4.0,0.0,
FDXML3Z-8475-D ,2024-08-01,False,3.0,1.0,
FDXML3Z-8475-D ,2024-09-01,False,3.0,0.0,
FDXML3Z-8475-D ,2024-10-01,False,2.0,1.0,
FDXML3Z-8475-D ,2024-11-01,False,2.0,0.0,
FDXML3Z-8475-D ,2024-12-01,False,2.0,0.0,
FDXML3Z-8475-D ,2025-01-01,False,2.0,0.0,
FDXML3Z-8475-D ,2025-02-01,False,1.0,1.0,
FDXML3Z-8475-D ,2025-03-01,False,1.0,0.0,
FDXML3Z-8475-D ,2025-04-01,False,4.0,1.0,
FDXML3Z-8475-D ,2025-05-01,False,4.0,0.0,1.0
FDXML3Z-8475-D ,2025-06-01,False,4.0,0.0,1.0
FDXRF-118 ,2024-06-01,False,6.0,1.0,
FDXRF-118 ,2024-07-01,False,6.0,0.0,
FDXRF-118 ,2024-08-01,False,6.0,0.0,
FDXRF-118 ,2024-09-01,False,5.0,1.0,
FDXRF-118 ,2024-10-01,False,5.0,0.0,
FDXRF-118 ,2024-11-01,False,5.0,0.0,
FDXRF-118 ,2024-12-01,False,5.0,0.0,
FDXRF-118 ,2025-01-01,False,5.0,0.0,
FDXRF-118 ,2025-02-01,False,5.0,0.0,
FDXRF-118 ,2025-03-01,False,5.0,0.0,
FDXRF-118 ,2025-04-01,False,4.0,1.0,
FDXRF-118 ,2025-05-01,False,4.0,0.0,1.0
FDXRF-118 ,2025-06-01,False,4.0,0.0,1.0
FDXRF-131 ,2024-06-01,False,3.0,0.0,
FDXRF-131 ,2024-07-01,False,3.0,0.0,
FDXRF-131 ,2024-08-01,False,3.0,0.0,
FDXRF-131 ,2024-09-01,False,3.0,0.0,
FDXRF-131 ,2024-10-01,False,3.0,0.0,
FDXRF-131 ,2024-11-01,False,2.0,1.0,
FDXRF-131 ,2024-12-01,False,2.0,0.0,
FDXRF-131 ,2025-01-01,False,2.0,0.0,
FDXRF-131 ,2025-02-01,False,2.0,0.0,
FDXRF-131 ,2025-03-01,False,2.0,0.0,
FDXRF-131 ,2025-04-01,False,2.0,0.0,
FDXRF-131 ,2025-05-01,False,2.0,0.0,0.0
FDXRF-131 ,2025-06-01,False,2.0,0.0,0.0
FDXRF-137 ,2024-06-01,False,14.0,2.0,
FDXRF-137 ,2024-07-01,False,12.0,2.0,
FDXRF-137 ,2024-08-01,False,11.0,1.0,
FDXRF-137 ,2024-09-01,False,9.0,2.0,
FDXRF-137 ,2024-10-01,False,8.0,1.0,
FDXRF-137 ,2024-11-01,False,8.0,0.0,
FDXRF-137 ,2024-12-01,False,8.0,0.0,
FDXRF-137 ,2025-01-01,False,8.0,0.0,
FDXRF-137 ,2025-02-01,False,8.0,0.0,
FDXRF-137 ,2025-03-01,False,7.0,1.0,
FDXRF-137 ,2025-04-01,False,4.0,3.0,
FDXRF-137 ,2025-05-01,False,1.0,3.0,0.0
FDXRF-137 ,2025-06-01,True,1.0,0.0,1.0
FDXRF-163 ,2024-06-01,False,37.0,4.0,
FDXRF-163 ,2024-07-01,False,37.0,0.0,
FDXRF-163 ,2024-08-01,False,32.0,5.0,
FDXRF-163 ,2024-09-01,False,28.0,4.0,
FDXRF-163 ,2024-10-01,False,25.0,3.0,
FDXRF-163 ,2024-11-01,False,23.0,2.0,
FDXRF-163 ,2024-12-01,False,26.0,2.0,
FDXRF-163 ,2025-01-01,False,26.0,0.0,
FDXRF-163 ,2025-02-01,False,26.0,0.0,
FDXRF-163 ,2025-03-01,False,24.0,2.0,
FDXRF-163 ,2025-04-01,False,22.0,2.0,
FDXRF-163 ,2025-05-01,False,20.0,2.0,3.0
FDXRF-163 ,2025-06-01,False,19.0,1.0,1.0
FDXRF-166 ,2024-06-01,False,5.0,0.0,
FDXRF-166 ,2024-07-01,False,5.0,0.0,
FDXRF-166 ,2024-08-01,False,5.0,0.0,
FDXRF-166 ,2024-09-01,False,4.0,1.0,
FDXRF-166 ,2024-10-01,False,4.0,0.0,
FDXRF-166 ,2024-11-01,False,4.0,0.0,
FDXRF-166 ,2024-12-01,False,4.0,0.0,
FDXRF-166 ,2025-01-01,False,4.0,0.0,
FDXRF-166 ,2025-02-01,False,4.0,0.0,
FDXRF-166 ,2025-03-01,False,4.0,0.0,
FDXRF-166 ,2025-04-01,False,4.0,0.0,
FDXRF-166 ,2025-05-01,False,3.0,1.0,0.0
FDXRF-166 ,2025-06-01,False,3.0,0.0,0.0
FDXRF-220 ,2024-06-01,False,3.0,1.0,
FDXRF-220 ,2024-07-01,False,3.0,0.0,
FDXRF-220 ,2024-08-01,False,3.0,0.0,
FDXRF-220 ,2024-09-01,False,3.0,0.0,
FDXRF-220 ,2024-10-01,False,3.0,0.0,
FDXRF-220 ,2024-11-01,False,3.0,0.0,
FDXRF-220 ,2024-12-01,False,3.0,0.0,
FDXRF-220 ,2025-01-01,False,3.0,0.0,
FDXRF-220 ,2025-02-01,False,2.0,1.0,
FDXRF-220 ,2025-03-01,False,2.0,0.0,
FDXRF-220 ,2025-04-01,False,2.0,0.0,
FDXRF-220 ,2025-05-01,False,2.0,0.0,0.0
FDXRF-220 ,2025-06-01,False,1.0,1.0,0.0
FDXRF-223 ,2024-06-01,False,32.0,4.0,
FDXRF-223 ,2024-07-01,False,32.0,0.0,
FDXRF-223 ,2024-08-01,False,31.0,1.0,
FDXRF-223 ,2024-09-01,False,30.0,1.0,
FDXRF-223 ,2024-10-01,False,30.0,0.0,
FDXRF-223 ,2024-11-01,False,30.0,0.0,
FDXRF-223 ,2024-12-01,False,30.0,0.0,
FDXRF-223 ,2025-01-01,False,30.0,0.0,
FDXRF-223 ,2025-02-01,False,30.0,0.0,
FDXRF-223 ,2025-03-01,False,30.0,0.0,
FDXRF-223 ,2025-04-01,False,27.0,3.0,
FDXRF-223 ,2025-05-01,False,26.0,1.0,1.0
FDXRF-223 ,2025-06-01,False,24.0,2.0,1.0
FDXRF-225 ,2024-06-01,False,11.0,0.0,
FDXRF-225 ,2024-07-01,False,11.0,0.0,
FDXRF-225 ,2024-08-01,False,11.0,0.0,
FDXRF-225 ,2024-09-01,False,8.0,3.0,
FDXRF-225 ,2024-10-01,False,7.0,1.0,
FDXRF-225 ,2024-11-01,False,7.0,0.0,
FDXRF-225 ,2024-12-01,False,5.0,2.0,
FDXRF-225 ,2025-01-01,False,5.0,0.0,
FDXRF-225 ,2025-02-01,False,5.0,0.0,
FDXRF-225 ,2025-03-01,False,5.0,0.0,
FDXRF-225 ,2025-04-01,False,5.0,0.0,
FDXRF-225 ,2025-05-01,False,5.0,0.0,0.0
FDXRF-225 ,2025-06-01,False,5.0,0.0,0.0
FDXRF-231 ,2024-06-01,False,4.0,0.0,
FDXRF-231 ,2024-07-01,False,4.0,0.0,
FDXRF-231 ,2024-08-01,False,4.0,0.0,
FDXRF-231 ,2024-09-01,False,4.0,0.0,
FDXRF-231 ,2024-10-01,False,4.0,0.0,
FDXRF-231 ,2024-11-01,False,4.0,0.0,
FDXRF-231 ,2024-12-01,False,4.0,0.0,
FDXRF-231 ,2025-01-01,False,4.0,0.0,
FDXRF-231 ,2025-02-01,False,4.0,0.0,
FDXRF-231 ,2025-03-01,False,4.0,0.0,
FDXRF-231 ,2025-04-01,False,4.0,0.0,
FDXRF-231 ,2025-05-01,False,4.0,0.0,2.0
FDXRF-231 ,2025-06-01,False,3.0,1.0,0.0
FDXRF-252 ,2024-06-01,False,16.0,3.0,
FDXRF-252 ,2024-07-01,False,15.0,1.0,
FDXRF-252 ,2024-08-01,False,13.0,2.0,
FDXRF-252 ,2024-09-01,False,12.0,1.0,
FDXRF-252 ,2024-10-01,False,11.0,1.0,
FDXRF-252 ,2024-11-01,False,11.0,0.0,
FDXRF-252 ,2024-12-01,False,23.0,0.0,
FDXRF-252 ,2025-01-01,False,23.0,0.0,
FDXRF-252 ,2025-02-01,False,23.0,0.0,
FDXRF-252 ,2025-03-01,False,23.0,0.0,
FDXRF-252 ,2025-04-01,False,21.0,2.0,
FDXRF-252 ,2025-05-01,False,19.0,2.0,1.0
FDXRF-252 ,2025-06-01,False,19.0,0.0,1.0
FDXRF-272 ,2024-06-01,False,58.0,11.0,
FDXRF-272 ,2024-07-01,False,27.0,31.0,
FDXRF-272 ,2024-08-01,False,3.0,24.0,
FDXRF-272 ,2024-09-01,True,3.0,0.0,
FDXRF-272 ,2024-10-01,True,3.0,0.0,
FDXRF-272 ,2024-11-01,True,3.0,0.0,
FDXRF-272 ,2024-12-01,True,61.0,2.0,
FDXRF-272 ,2025-01-01,False,89.0,2.0,
FDXRF-272 ,2025-02-01,False,82.0,7.0,
FDXRF-272 ,2025-03-01,False,78.0,4.0,
FDXRF-272 ,2025-04-01,False,61.0,17.0,
FDXRF-272 ,2025-05-01,False,48.0,13.0,9.0
FDXRF-272 ,2025-06-01,False,44.0,4.0,7.0
FDXRF-279 ,2024-06-01,False,3.0,0.0,
FDXRF-279 ,2024-07-01,False,2.0,1.0,
FDXRF-279 ,2024-08-01,False,2.0,0.0,
FDXRF-279 ,2024-09-01,False,2.0,0.0,
FDXRF-279 ,2024-10-01,False,2.0,0.0,
FDXRF-279 ,2024-11-01,False,2.0,0.0,
FDXRF-279 ,2024-12-01,False,2.0,0.0,
FDXRF-279 ,2025-01-01,False,2.0,0.0,
FDXRF-279 ,2025-02-01,False,2.0,0.0,
FDXRF-279 ,2025-03-01,False,2.0,0.0,
FDXRF-279 ,2025-04-01,False,2.0,0.0,
FDXRF-279 ,2025-05-01,False,2.0,0.0,0.0
FDXRF-279 ,2025-06-01,False,2.0,0.0,0.0
FDXRF-295 ,2024-06-01,False,23.0,4.0,
FDXRF-295 ,2024-07-01,False,21.0,2.0,
FDXRF-295 ,2024-08-01,False,21.0,0.0,
FDXRF-295 ,2024-09-01,False,19.0,2.0,
FDXRF-295 ,2024-10-01,False,18.0,1.0,
FDXRF-295 ,2024-11-01,False,17.0,1.0,
FDXRF-295 ,2024-12-01,False,17.0,0.0,
FDXRF-295 ,2025-01-01,False,17.0,0.0,
FDXRF-295 ,2025-02-01,False,16.0,1.0,
FDXRF-295 ,2025-03-01,False,16.0,0.0,
FDXRF-295 ,2025-04-01,False,15.0,1.0,
FDXRF-295 ,2025-05-01,False,12.0,3.0,1.0
FDXRF-295 ,2025-06-01,False,10.0,2.0,2.0
FDXRF-310 ,2024-06-01,False,4.0,0.0,
FDXRF-310 ,2024-07-01,False,4.0,0.0,
FDXRF-310 ,2024-08-01,False,3.0,1.0,
FDXRF-310 ,2024-09-01,False,3.0,0.0,
FDXRF-310 ,2024-10-01,False,3.0,0.0,
FDXRF-310 ,2024-11-01,False,3.0,0.0,
FDXRF-310 ,2024-12-01,False,3.0,0.0,
FDXRF-310 ,2025-01-01,False,3.0,0.0,
FDXRF-310 ,2025-02-01,False,3.0,0.0,
FDXRF-310 ,2025-03-01,False,3.0,0.0,
FDXRF-310 ,2025-04-01,False,3.0,0.0,
FDXRF-310 ,2025-05-01,False,3.0,0.0,0.0
FDXRF-310 ,2025-06-01,False,3.0,0.0,0.0
FDXRF-318 ,2024-06-01,True,0.0,0.0,
FDXRF-318 ,2024-07-01,True,0.0,0.0,
FDXRF-318 ,2024-08-01,True,0.0,0.0,
FDXRF-318 ,2024-09-01,True,0.0,0.0,
FDXRF-318 ,2024-10-01,True,0.0,0.0,
FDXRF-318 ,2024-11-01,True,0.0,0.0,
FDXRF-318 ,2024-12-01,True,4.0,0.0,
FDXRF-318 ,2025-01-01,False,4.0,0.0,
FDXRF-318 ,2025-02-01,False,4.0,0.0,
FDXRF-318 ,2025-03-01,False,4.0,0.0,
FDXRF-318 ,2025-04-01,False,3.0,1.0,
FDXRF-318 ,2025-05-01,False,3.0,0.0,0.0
FDXRF-318 ,2025-06-01,False,3.0,0.0,0.0
FDXRF-344 ,2024-06-01,False,9.0,1.0,
FDXRF-344 ,2024-07-01,False,9.0,0.0,
FDXRF-344 ,2024-08-01,False,9.0,0.0,
FDXRF-344 ,2024-09-01,False,9.0,0.0,
FDXRF-344 ,2024-10-01,False,9.0,0.0,
FDXRF-344 ,2024-11-01,False,9.0,0.0,
FDXRF-344 ,2024-12-01,False,9.0,0.0,
FDXRF-344 ,2025-01-01,False,9.0,0.0,
FDXRF-344 ,2025-02-01,False,9.0,0.0,
FDXRF-344 ,2025-03-01,False,9.0,0.0,
FDXRF-344 ,2025-04-01,False,8.0,1.0,
FDXRF-344 ,2025-05-01,False,7.0,1.0,2.0
FDXRF-344 ,2025-06-01,False,7.0,0.0,0.0
FDXRF-349 ,2024-06-01,False,1.0,0.0,
FDXRF-349 ,2024-07-01,False,1.0,0.0,
FDXRF-349 ,2024-08-01,False,0.0,1.0,
FDXRF-349 ,2024-09-01,True,0.0,0.0,
FDXRF-349 ,2024-10-01,True,0.0,0.0,
FDXRF-349 ,2024-11-01,True,0.0,0.0,
FDXRF-349 ,2024-12-01,True,0.0,0.0,
FDXRF-349 ,2025-01-01,True,0.0,0.0,
FDXRF-349 ,2025-02-01,True,0.0,0.0,
FDXRF-349 ,2025-03-01,True,0.0,0.0,
FDXRF-349 ,2025-04-01,True,0.0,0.0,
FDXRF-349 ,2025-05-01,True,0.0,0.0,0.0
FDXRF-349 ,2025-06-01,True,0.0,0.0,0.0
FDXRF-366 ,2024-06-01,False,3.0,0.0,
FDXRF-366 ,2024-07-01,False,3.0,0.0,
FDXRF-366 ,2024-08-01,False,1.0,2.0,
FDXRF-366 ,2024-09-01,False,1.0,0.0,
FDXRF-366 ,2024-10-01,False,1.0,0.0,
FDXRF-366 ,2024-11-01,False,1.0,0.0,
FDXRF-366 ,2024-12-01,False,7.0,0.0,
FDXRF-366 ,2025-01-01,False,7.0,0.0,
FDXRF-366 ,2025-02-01,False,7.0,0.0,
FDXRF-366 ,2025-03-01,False,7.0,0.0,
FDXRF-366 ,2025-04-01,False,7.0,0.0,
FDXRF-366 ,2025-05-01,False,6.0,1.0,0.0
FDXRF-366 ,2025-06-01,False,6.0,0.0,0.0
FDXRF-43 ,2024-06-01,False,19.0,0.0,
FDXRF-43 ,2024-07-01,False,19.0,0.0,
FDXRF-43 ,2024-08-01,False,19.0,0.0,
FDXRF-43 ,2024-09-01,False,19.0,0.0,
FDXRF-43 ,2024-10-01,False,19.0,0.0,
FDXRF-43 ,2024-11-01,False,16.0,3.0,
FDXRF-43 ,2024-12-01,False,16.0,0.0,
FDXRF-43 ,2025-01-01,False,16.0,0.0,
FDXRF-43 ,2025-02-01,False,16.0,0.0,
FDXRF-43 ,2025-03-01,False,16.0,0.0,
FDXRF-43 ,2025-04-01,False,16.0,0.0,
FDXRF-43 ,2025-05-01,False,16.0,0.0,0.0
FDXRF-43 ,2025-06-01,False,16.0,0.0,0.0
FDXRF-68 ,2024-06-01,False,7.0,0.0,
FDXRF-68 ,2024-07-01,False,7.0,0.0,
FDXRF-68 ,2024-08-01,False,7.0,0.0,
FDXRF-68 ,2024-09-01,False,7.0,0.0,
FDXRF-68 ,2024-10-01,False,7.0,0.0,
FDXRF-68 ,2024-11-01,False,6.0,1.0,
FDXRF-68 ,2024-12-01,False,6.0,0.0,
FDXRF-68 ,2025-01-01,False,6.0,0.0,
FDXRF-68 ,2025-02-01,False,6.0,0.0,
FDXRF-68 ,2025-03-01,False,6.0,0.0,
FDXRF-68 ,2025-04-01,False,5.0,1.0,
FDXRF-68 ,2025-05-01,False,5.0,0.0,1.0
FDXRF-68 ,2025-06-01,False,5.0,0.0,1.0
FDXRG-571 ,2024-06-01,False,49.0,23.0,
FDXRG-571 ,2024-07-01,False,19.0,30.0,
FDXRG-571 ,2024-08-01,False,66.0,20.0,
FDXRG-571 ,2024-09-01,False,52.0,14.0,
FDXRG-571 ,2024-10-01,False,41.0,11.0,
FDXRG-571 ,2024-11-01,False,33.0,8.0,
FDXRG-571 ,2024-12-01,False,21.0,12.0,
FDXRG-571 ,2025-01-01,False,13.0,8.0,
FDXRG-571 ,2025-02-01,False,9.0,4.0,
FDXRG-571 ,2025-03-01,True,9.0,0.0,
FDXRG-571 ,2025-04-01,True,8.0,1.0,
FDXRG-571 ,2025-05-01,True,8.0,0.0,5.0
FDXRG-571 ,2025-06-01,True,8.0,0.0,6.0
FDXRG-630 ,2024-06-01,True,0.0,0.0,
FDXRG-630 ,2024-07-01,True,0.0,0.0,
FDXRG-630 ,2024-08-01,True,6.0,4.0,
FDXRG-630 ,2024-09-01,False,4.0,2.0,
FDXRG-630 ,2024-10-01,False,27.0,5.0,
FDXRG-630 ,2024-11-01,False,23.0,4.0,
FDXRG-630 ,2024-12-01,False,23.0,0.0,
FDXRG-630 ,2025-01-01,False,23.0,0.0,
FDXRG-630 ,2025-02-01,False,20.0,3.0,
FDXRG-630 ,2025-03-01,False,19.0,1.0,
FDXRG-630 ,2025-04-01,False,19.0,0.0,
FDXRG-630 ,2025-05-01,False,18.0,1.0,1.0
FDXRG-630 ,2025-06-01,False,17.0,1.0,1.0
FDXRR-28 ,2024-06-01,False,13.0,2.0,
FDXRR-28 ,2024-07-01,False,13.0,0.0,
FDXRR-28 ,2024-08-01,False,13.0,0.0,
FDXRR-28 ,2024-09-01,False,13.0,0.0,
FDXRR-28 ,2024-10-01,False,12.0,1.0,
FDXRR-28 ,2024-11-01,False,12.0,0.0,
FDXRR-28 ,2024-12-01,False,12.0,0.0,
FDXRR-28 ,2025-01-01,False,12.0,0.0,
FDXRR-28 ,2025-02-01,False,12.0,0.0,
FDXRR-28 ,2025-03-01,False,12.0,0.0,
FDXRR-28 ,2025-04-01,False,12.0,0.0,
FDXRR-28 ,2025-05-01,False,12.0,0.0,0.0
FDXRR-28 ,2025-06-01,False,12.0,0.0,0.0
FDXSB-337 ,2024-06-01,False,34.0,0.0,
FDXSB-337 ,2024-07-01,False,34.0,0.0,
FDXSB-337 ,2024-08-01,False,34.0,0.0,
FDXSB-337 ,2024-09-01,False,34.0,0.0,
FDXSB-337 ,2024-10-01,False,32.0,2.0,
FDXSB-337 ,2024-11-01,False,32.0,0.0,
FDXSB-337 ,2024-12-01,False,32.0,0.0,
FDXSB-337 ,2025-01-01,False,30.0,2.0,
FDXSB-337 ,2025-02-01,False,30.0,0.0,
FDXSB-337 ,2025-03-01,False,30.0,0.0,
FDXSB-337 ,2025-04-01,False,28.0,2.0,
FDXSB-337 ,2025-05-01,False,28.0,0.0,1.0
FDXSB-337 ,2025-06-01,False,28.0,0.0,1.0
FDXSW-2106 ,2024-06-01,False,14.0,0.0,
FDXSW-2106 ,2024-07-01,False,14.0,0.0,
FDXSW-2106 ,2024-08-01,False,14.0,0.0,
FDXSW-2106 ,2024-09-01,False,14.0,0.0,
FDXSW-2106 ,2024-10-01,False,14.0,0.0,
FDXSW-2106 ,2024-11-01,False,14.0,0.0,
FDXSW-2106 ,2024-12-01,False,14.0,0.0,
FDXSW-2106 ,2025-01-01,False,14.0,0.0,
FDXSW-2106 ,2025-02-01,False,14.0,0.0,
FDXSW-2106 ,2025-03-01,False,14.0,0.0,
FDXSW-2106 ,2025-04-01,False,14.0,0.0,
FDXSW-2106 ,2025-05-01,False,14.0,0.0,0.0
FDXSW-2106 ,2025-06-01,False,13.0,1.0,0.0
FDXSW-2294 ,2024-06-01,False,8.0,0.0,
FDXSW-2294 ,2024-07-01,False,8.0,0.0,
FDXSW-2294 ,2024-08-01,False,8.0,0.0,
FDXSW-2294 ,2024-09-01,False,8.0,0.0,
FDXSW-2294 ,2024-10-01,False,8.0,0.0,
FDXSW-2294 ,2024-11-01,False,8.0,0.0,
FDXSW-2294 ,2024-12-01,False,8.0,0.0,
FDXSW-2294 ,2025-01-01,False,8.0,0.0,
FDXSW-2294 ,2025-02-01,False,8.0,0.0,
FDXSW-2294 ,2025-03-01,False,8.0,0.0,
FDXSW-2294 ,2025-04-01,False,8.0,0.0,
FDXSW-2294 ,2025-05-01,False,8.0,0.0,1.0
FDXSW-2294 ,2025-06-01,False,7.0,1.0,1.0
FDXXF1Z-13008-AA ,2024-06-01,False,3.0,0.0,
FDXXF1Z-13008-AA ,2024-07-01,False,3.0,0.0,
FDXXF1Z-13008-AA ,2024-08-01,False,3.0,0.0,
FDXXF1Z-13008-AA ,2024-09-01,False,3.0,0.0,
FDXXF1Z-13008-AA ,2024-10-01,False,3.0,0.0,
FDXXF1Z-13008-AA ,2024-11-01,False,2.0,1.0,
FDXXF1Z-13008-AA ,2024-12-01,False,2.0,0.0,
FDXXF1Z-13008-AA ,2025-01-01,False,2.0,0.0,
FDXXF1Z-13008-AA ,2025-02-01,False,2.0,0.0,
FDXXF1Z-13008-AA ,2025-03-01,False,2.0,0.0,
FDXXF1Z-13008-AA ,2025-04-01,False,2.0,0.0,
FDXXF1Z-13008-AA ,2025-05-01,False,2.0,0.0,0.0
FDXXF1Z-13008-AA ,2025-06-01,False,2.0,0.0,0.0
FDXXF1Z-13008-BA ,2024-06-01,False,4.0,0.0,
FDXXF1Z-13008-BA ,2024-07-01,False,4.0,0.0,
FDXXF1Z-13008-BA ,2024-08-01,False,4.0,0.0,
FDXXF1Z-13008-BA ,2024-09-01,False,4.0,0.0,
FDXXF1Z-13008-BA ,2024-10-01,False,4.0,0.0,
FDXXF1Z-13008-BA ,2024-11-01,False,3.0,1.0,
FDXXF1Z-13008-BA ,2024-12-01,False,3.0,0.0,
FDXXF1Z-13008-BA ,2025-01-01,False,3.0,0.0,
FDXXF1Z-13008-BA ,2025-02-01,False,3.0,0.0,
FDXXF1Z-13008-BA ,2025-03-01,False,3.0,0.0,
FDXXF1Z-13008-BA ,2025-04-01,False,3.0,0.0,
FDXXF1Z-13008-BA ,2025-05-01,False,3.0,0.0,0.0
FDXXF1Z-13008-BA ,2025-06-01,False,3.0,0.0,0.0
FDXXR3Z-13008-BA ,2024-06-01,False,0.0,0.0,
FDXXR3Z-13008-BA ,2024-07-01,True,10.0,0.0,
FDXXR3Z-13008-BA ,2024-08-01,False,10.0,0.0,
FDXXR3Z-13008-BA ,2024-09-01,False,10.0,0.0,
FDXXR3Z-13008-BA ,2024-10-01,False,10.0,0.0,
FDXXR3Z-13008-BA ,2024-11-01,False,8.0,2.0,
FDXXR3Z-13008-BA ,2024-12-01,False,8.0,0.0,
FDXXR3Z-13008-BA ,2025-01-01,False,8.0,0.0,
FDXXR3Z-13008-BA ,2025-02-01,False,8.0,0.0,
FDXXR3Z-13008-BA ,2025-03-01,False,8.0,0.0,
FDXXR3Z-13008-BA ,2025-04-01,False,8.0,0.0,
FDXXR3Z-13008-BA ,2025-05-01,False,8.0,0.0,0.0
FDXXR3Z-13008-BA ,2025-06-01,False,8.0,0.0,0.0
FDXXR3Z-16005-AA ,2024-06-01,True,0.0,0.0,
FDXXR3Z-16005-AA ,2024-07-01,True,0.0,0.0,
FDXXR3Z-16005-AA ,2024-08-01,True,0.0,0.0,
FDXXR3Z-16005-AA ,2024-09-01,True,0.0,0.0,
FDXXR3Z-16005-AA ,2024-10-01,True,1.0,0.0,
FDXXR3Z-16005-AA ,2024-11-01,False,1.0,0.0,
FDXXR3Z-16005-AA ,2024-12-01,False,0.0,1.0,
FDXXR3Z-16005-AA ,2025-01-01,True,0.0,0.0,
FDXXR3Z-16005-AA ,2025-02-01,True,0.0,0.0,
FDXXR3Z-16005-AA ,2025-03-01,True,0.0,0.0,
FDXXR3Z-16005-AA ,2025-04-01,True,0.0,0.0,
FDXXR3Z-16005-AA ,2025-05-01,True,0.0,0.0,0.0
FDXXR3Z-16005-AA ,2025-06-01,True,1.0,0.0,0.0
FDXXR3Z-17682-AA ,2024-06-01,False,3.0,0.0,
FDXXR3Z-17682-AA ,2024-07-01,False,3.0,0.0,
FDXXR3Z-17682-AA ,2024-08-01,False,9.0,0.0,
FDXXR3Z-17682-AA ,2024-09-01,False,9.0,0.0,
FDXXR3Z-17682-AA ,2024-10-01,False,8.0,1.0,
FDXXR3Z-17682-AA ,2024-11-01,False,8.0,0.0,
FDXXR3Z-17682-AA ,2024-12-01,False,7.0,1.0,
FDXXR3Z-17682-AA ,2025-01-01,False,5.0,2.0,
FDXXR3Z-17682-AA ,2025-02-01,False,5.0,0.0,
FDXXR3Z-17682-AA ,2025-03-01,False,5.0,0.0,
FDXXR3Z-17682-AA ,2025-04-01,False,5.0,0.0,
FDXXR3Z-17682-AA ,2025-05-01,False,5.0,0.0,0.0
FDXXR3Z-17682-AA ,2025-06-01,False,5.0,0.0,0.0
FDXXR3Z-17682-BA ,2024-06-01,False,1.0,0.0,
FDXXR3Z-17682-BA ,2024-07-01,False,1.0,0.0,
FDXXR3Z-17682-BA ,2024-08-01,False,7.0,0.0,
FDXXR3Z-17682-BA ,2024-09-01,False,7.0,0.0,
FDXXR3Z-17682-BA ,2024-10-01,False,7.0,0.0,
FDXXR3Z-17682-BA ,2024-11-01,False,7.0,0.0,
FDXXR3Z-17682-BA ,2024-12-01,False,6.0,1.0,
FDXXR3Z-17682-BA ,2025-01-01,False,5.0,1.0,
FDXXR3Z-17682-BA ,2025-02-01,False,5.0,0.0,
FDXXR3Z-17682-BA ,2025-03-01,False,5.0,0.0,
FDXXR3Z-17682-BA ,2025-04-01,False,4.0,1.0,
FDXXR3Z-17682-BA ,2025-05-01,False,4.0,0.0,1.0
FDXXR3Z-17682-BA ,2025-06-01,False,4.0,0.0,1.0
FDXXR3Z-6B209-AA ,2024-06-01,False,8.0,2.0,
FDXXR3Z-6B209-AA ,2024-07-01,False,8.0,0.0,
FDXXR3Z-6B209-AA ,2024-08-01,False,7.0,1.0,
FDXXR3Z-6B209-AA ,2024-09-01,False,6.0,1.0,
FDXXR3Z-6B209-AA ,2024-10-01,False,6.0,0.0,
FDXXR3Z-6B209-AA ,2024-11-01,False,6.0,0.0,
FDXXR3Z-6B209-AA ,2024-12-01,False,24.0,1.0,
FDXXR3Z-6B209-AA ,2025-01-01,False,24.0,0.0,
FDXXR3Z-6B209-AA ,2025-02-01,False,24.0,0.0,
FDXXR3Z-6B209-AA ,2025-03-01,False,24.0,0.0,
FDXXR3Z-6B209-AA ,2025-04-01,False,23.0,0.0,
FDXXR3Z-6B209-AA ,2025-05-01,False,20.0,3.0,1.0
FDXXR3Z-6B209-AA ,2025-06-01,False,16.0,4.0,2.0
FDXXR3Z-8200-AA ,2024-06-01,False,2.0,0.0,
FDXXR3Z-8200-AA ,2024-07-01,False,2.0,0.0,
FDXXR3Z-8200-AA ,2024-08-01,False,2.0,0.0,
FDXXR3Z-8200-AA ,2024-09-01,False,2.0,0.0,
FDXXR3Z-8200-AA ,2024-10-01,False,1.0,1.0,
FDXXR3Z-8200-AA ,2024-11-01,False,1.0,0.0,
FDXXR3Z-8200-AA ,2024-12-01,False,1.0,0.0,
FDXXR3Z-8200-AA ,2025-01-01,False,1.0,0.0,
FDXXR3Z-8200-AA ,2025-02-01,False,1.0,0.0,
FDXXR3Z-8200-AA ,2025-03-01,False,1.0,0.0,
FDXXR3Z-8200-AA ,2025-04-01,False,1.0,0.0,
FDXXR3Z-8200-AA ,2025-05-01,False,1.0,0.0,0.0
FDXXR3Z-8200-AA ,2025-06-01,False,1.0,0.0,0.0
FDXXR3Z-8A284-AA ,2024-06-01,False,17.0,0.0,
FDXXR3Z-8A284-AA ,2024-07-01,False,17.0,0.0,
FDXXR3Z-8A284-AA ,2024-08-01,False,17.0,0.0,
FDXXR3Z-8A284-AA ,2024-09-01,False,17.0,0.0,
FDXXR3Z-8A284-AA ,2024-10-01,False,17.0,0.0,
FDXXR3Z-8A284-AA ,2024-11-01,False,17.0,0.0,
FDXXR3Z-8A284-AA ,2024-12-01,False,17.0,0.0,
FDXXR3Z-8A284-AA ,2025-01-01,False,17.0,0.0,
FDXXR3Z-8A284-AA ,2025-02-01,False,17.0,0.0,
FDXXR3Z-8A284-AA ,2025-03-01,False,17.0,0.0,
FDXXR3Z-8A284-AA ,2025-04-01,False,12.0,5.0,
FDXXR3Z-8A284-AA ,2025-05-01,False,12.0,0.0,1.0
FDXXR3Z-8A284-AA ,2025-06-01,False,12.0,0.0,1.0
FDXXW1Z-3078-BA ,2024-06-01,False,6.0,1.0,
FDXXW1Z-3078-BA ,2024-07-01,False,6.0,0.0,
FDXXW1Z-3078-BA ,2024-08-01,False,6.0,0.0,
FDXXW1Z-3078-BA ,2024-09-01,False,6.0,0.0,
FDXXW1Z-3078-BA ,2024-10-01,False,5.0,1.0,
FDXXW1Z-3078-BA ,2024-11-01,False,4.0,1.0,
FDXXW1Z-3078-BA ,2024-12-01,False,4.0,0.0,
FDXXW1Z-3078-BA ,2025-01-01,False,3.0,1.0,
FDXXW1Z-3078-BA ,2025-02-01,False,3.0,0.0,
FDXXW1Z-3078-BA ,2025-03-01,False,3.0,0.0,
FDXXW1Z-3078-BA ,2025-04-01,False,3.0,0.0,
FDXXW1Z-3078-BA ,2025-05-01,False,3.0,0.0,0.0
FDXXW1Z-3078-BA ,2025-06-01,False,2.0,1.0,0.0
FDXXW1Z-3079-BA ,2024-06-01,False,8.0,0.0,
FDXXW1Z-3079-BA ,2024-07-01,False,8.0,0.0,
FDXXW1Z-3079-BA ,2024-08-01,False,8.0,0.0,
FDXXW1Z-3079-BA ,2024-09-01,False,8.0,0.0,
FDXXW1Z-3079-BA ,2024-10-01,False,7.0,1.0,
FDXXW1Z-3079-BA ,2024-11-01,False,5.0,2.0,
FDXXW1Z-3079-BA ,2024-12-01,False,5.0,0.0,
FDXXW1Z-3079-BA ,2025-01-01,False,4.0,1.0,
FDXXW1Z-3079-BA ,2025-02-01,False,4.0,0.0,
FDXXW1Z-3079-BA ,2025-03-01,False,4.0,0.0,
FDXXW1Z-3079-BA ,2025-04-01,False,2.0,2.0,
FDXXW1Z-3079-BA ,2025-05-01,False,2.0,0.0,1.0
FDXXW1Z-3079-BA ,2025-06-01,False,2.0,0.0,0.0
FM 1020-25 ,2024-06-01,True,0.0,0.0,
FM 1020-25 ,2024-07-01,True,0.0,0.0,
FM 1020-25 ,2024-08-01,True,0.0,0.0,
FM 1020-25 ,2024-09-01,True,0.0,0.0,
FM 1020-25 ,2024-10-01,True,0.0,0.0,
FM 1020-25 ,2024-11-01,True,0.0,0.0,
FM 1020-25 ,2024-12-01,True,0.0,0.0,
FM 1020-25 ,2025-01-01,True,0.0,0.0,
FM 1020-25 ,2025-02-01,True,14.0,1.0,
FM 1020-25 ,2025-03-01,False,14.0,0.0,
FM 1020-25 ,2025-04-01,False,14.0,0.0,
FM 1020-25 ,2025-05-01,False,14.0,0.0,0.0
FM 1020-25 ,2025-06-01,False,14.0,0.0,0.0
FM 1020-STD ,2024-06-01,False,19.0,0.0,
FM 1020-STD ,2024-07-01,False,19.0,0.0,
FM 1020-STD ,2024-08-01,False,19.0,0.0,
FM 1020-STD ,2024-09-01,False,19.0,0.0,
FM 1020-STD ,2024-10-01,False,16.0,3.0,
FM 1020-STD ,2024-11-01,False,16.0,0.0,
FM 1020-STD ,2024-12-01,False,16.0,0.0,
FM 1020-STD ,2025-01-01,False,16.0,0.0,
FM 1020-STD ,2025-02-01,False,16.0,0.0,
FM 1020-STD ,2025-03-01,False,16.0,0.0,
FM 1020-STD ,2025-04-01,False,16.0,0.0,
FM 1020-STD ,2025-05-01,False,16.0,0.0,0.0
FM 1020-STD ,2025-06-01,False,16.0,0.0,0.0
FM 1128-50 ,2024-06-01,False,5.0,0.0,
FM 1128-50 ,2024-07-01,False,5.0,0.0,
FM 1128-50 ,2024-08-01,False,5.0,0.0,
FM 1128-50 ,2024-09-01,False,5.0,0.0,
FM 1128-50 ,2024-10-01,False,5.0,0.0,
FM 1128-50 ,2024-11-01,False,5.0,0.0,
FM 1128-50 ,2024-12-01,False,5.0,0.0,
FM 1128-50 ,2025-01-01,False,5.0,0.0,
FM 1128-50 ,2025-02-01,False,5.0,0.0,
FM 1128-50 ,2025-03-01,False,5.0,0.0,
FM 1128-50 ,2025-04-01,False,5.0,0.0,
FM 1128-50 ,2025-05-01,False,3.0,2.0,0.0
FM 1128-50 ,2025-06-01,False,3.0,0.0,0.0
FM 1132-50 ,2024-06-01,False,3.0,1.0,
FM 1132-50 ,2024-07-01,False,3.0,0.0,
FM 1132-50 ,2024-08-01,False,3.0,0.0,
FM 1132-50 ,2024-09-01,False,3.0,0.0,
FM 1132-50 ,2024-10-01,False,3.0,0.0,
FM 1132-50 ,2024-11-01,False,3.0,0.0,
FM 1132-50 ,2024-12-01,False,3.0,0.0,
FM 1132-50 ,2025-01-01,False,3.0,0.0,
FM 1132-50 ,2025-02-01,False,3.0,0.0,
FM 1132-50 ,2025-03-01,False,3.0,0.0,
FM 1132-50 ,2025-04-01,False,3.0,0.0,
FM 1132-50 ,2025-05-01,False,3.0,0.0,0.0
FM 1132-50 ,2025-06-01,False,3.0,0.0,0.0
FM 1404-STD ,2024-06-01,False,33.0,0.0,
FM 1404-STD ,2024-07-01,False,33.0,0.0,
FM 1404-STD ,2024-08-01,False,32.0,1.0,
FM 1404-STD ,2024-09-01,False,32.0,0.0,
FM 1404-STD ,2024-10-01,False,32.0,0.0,
FM 1404-STD ,2024-11-01,False,32.0,0.0,
FM 1404-STD ,2024-12-01,False,26.0,6.0,
FM 1404-STD ,2025-01-01,False,22.0,4.0,
FM 1404-STD ,2025-02-01,False,22.0,0.0,
FM 1404-STD ,2025-03-01,False,22.0,0.0,
FM 1404-STD ,2025-04-01,False,22.0,0.0,
FM 1404-STD ,2025-05-01,False,22.0,0.0,1.0
FM 1404-STD ,2025-06-01,False,22.0,0.0,2.0
FM 1466-STD ,2024-06-01,True,0.0,0.0,
FM 1466-STD ,2024-07-01,True,0.0,0.0,
FM 1466-STD ,2024-08-01,True,0.0,0.0,
FM 1466-STD ,2024-09-01,True,0.0,0.0,
FM 1466-STD ,2024-10-01,True,0.0,0.0,
FM 1466-STD ,2024-11-01,True,0.0,0.0,
FM 1466-STD ,2024-12-01,True,-15.0,15.0,
FM 1466-STD ,2025-01-01,True,-15.0,0.0,
FM 1466-STD ,2025-02-01,True,0.0,0.0,
FM 1466-STD ,2025-03-01,True,0.0,0.0,
FM 1466-STD ,2025-04-01,True,0.0,0.0,
FM 1466-STD ,2025-05-01,True,0.0,0.0,1.0
FM 1466-STD ,2025-06-01,True,0.0,0.0,2.0
FM 1557-STD ,2024-06-01,False,1.0,0.0,
FM 1557-STD ,2024-07-01,False,1.0,0.0,
FM 1557-STD ,2024-08-01,False,1.0,0.0,
FM 1557-STD ,2024-09-01,False,1.0,0.0,
FM 1557-STD ,2024-10-01,False,3.0,0.0,
FM 1557-STD ,2024-11-01,False,2.0,1.0,
FM 1557-STD ,2024-12-01,False,2.0,0.0,
FM 1557-STD ,2025-01-01,False,2.0,0.0,
FM 1557-STD ,2025-02-01,False,2.0,0.0,
FM 1557-STD ,2025-03-01,False,2.0,0.0,
FM 1557-STD ,2025-04-01,False,2.0,0.0,
FM 1557-STD ,2025-05-01,False,2.0,0.0,0.0
FM 1557-STD ,2025-06-01,False,2.0,0.0,0.0
FM 1923M ,2024-06-01,False,28.0,16.0,
FM 1923M ,2024-07-01,False,11.0,17.0,
FM 1923M ,2024-08-01,True,7.0,4.0,
FM 1923M ,2024-09-01,True,1.0,6.0,
FM 1923M ,2024-10-01,True,205.0,4.0,
FM 1923M ,2024-11-01,False,202.0,3.0,
FM 1923M ,2024-12-01,False,192.0,10.0,
FM 1923M ,2025-01-01,False,181.0,11.0,
FM 1923M ,2025-02-01,False,158.0,123.0,
FM 1923M ,2025-03-01,False,109.0,49.0,
FM 1923M ,2025-04-01,False,62.0,47.0,
FM 1923M ,2025-05-01,False,40.0,22.0,24.0
FM 1923M ,2025-06-01,False,25.0,15.0,13.0
FM 1985-25 ,2024-06-01,False,16.0,9.0,
FM 1985-25 ,2024-07-01,False,112.0,4.0,
FM 1985-25 ,2024-08-01,False,107.0,5.0,
FM 1985-25 ,2024-09-01,False,102.0,5.0,
FM 1985-25 ,2024-10-01,False,98.0,4.0,
FM 1985-25 ,2024-11-01,False,95.0,3.0,
FM 1985-25 ,2024-12-01,False,83.0,12.0,
FM 1985-25 ,2025-01-01,False,72.0,11.0,
FM 1985-25 ,2025-02-01,False,69.0,3.0,
FM 1985-25 ,2025-03-01,False,59.0,10.0,
FM 1985-25 ,2025-04-01,False,56.0,3.0,
FM 1985-25 ,2025-05-01,False,79.0,2.0,4.0
FM 1985-25 ,2025-06-01,False,79.0,0.0,4.0
FM 1985-50 ,2024-06-01,False,53.0,0.0,
FM 1985-50 ,2024-07-01,False,51.0,2.0,
FM 1985-50 ,2024-08-01,False,51.0,0.0,
FM 1985-50 ,2024-09-01,False,50.0,1.0,
FM 1985-50 ,2024-10-01,False,50.0,0.0,
FM 1985-50 ,2024-11-01,False,49.0,1.0,
FM 1985-50 ,2024-12-01,False,46.0,3.0,
FM 1985-50 ,2025-01-01,False,45.0,1.0,
FM 1985-50 ,2025-02-01,False,45.0,0.0,
FM 1985-50 ,2025-03-01,False,45.0,0.0,
FM 1985-50 ,2025-04-01,False,43.0,2.0,
FM 1985-50 ,2025-05-01,False,39.0,4.0,2.0
FM 1985-50 ,2025-06-01,False,36.0,3.0,4.0
FM 1985-75 ,2024-06-01,False,5.0,0.0,
FM 1985-75 ,2024-07-01,False,5.0,0.0,
FM 1985-75 ,2024-08-01,False,5.0,0.0,
FM 1985-75 ,2024-09-01,False,5.0,0.0,
FM 1985-75 ,2024-10-01,False,5.0,0.0,
FM 1985-75 ,2024-11-01,False,5.0,0.0,
FM 1985-75 ,2024-12-01,False,5.0,0.0,
FM 1985-75 ,2025-01-01,False,4.0,1.0,
FM 1985-75 ,2025-02-01,False,4.0,0.0,
FM 1985-75 ,2025-03-01,False,4.0,0.0,
FM 1985-75 ,2025-04-01,False,4.0,0.0,
FM 1985-75 ,2025-05-01,False,4.0,0.0,0.0
FM 1985-75 ,2025-06-01,False,4.0,0.0,0.0
FM 1985-STD ,2024-06-01,True,2.0,0.0,
FM 1985-STD ,2024-07-01,True,170.0,12.0,
FM 1985-STD ,2024-08-01,False,149.0,21.0,
FM 1985-STD ,2024-09-01,False,130.0,19.0,
FM 1985-STD ,2024-10-01,False,115.0,15.0,
FM 1985-STD ,2024-11-01,False,100.0,15.0,
FM 1985-STD ,2024-12-01,False,83.0,17.0,
FM 1985-STD ,2025-01-01,False,72.0,11.0,
FM 1985-STD ,2025-02-01,False,59.0,13.0,
FM 1985-STD ,2025-03-01,False,47.0,12.0,
FM 1985-STD ,2025-04-01,False,42.0,5.0,
FM 1985-STD ,2025-05-01,False,133.0,9.0,12.0
FM 1985-STD ,2025-06-01,False,126.0,7.0,15.0
FM 2020-010 ,2024-06-01,False,25.0,0.0,
FM 2020-010 ,2024-07-01,False,25.0,0.0,
FM 2020-010 ,2024-08-01,False,25.0,0.0,
FM 2020-010 ,2024-09-01,False,16.0,9.0,
FM 2020-010 ,2024-10-01,False,16.0,0.0,
FM 2020-010 ,2024-11-01,False,16.0,0.0,
FM 2020-010 ,2024-12-01,False,16.0,0.0,
FM 2020-010 ,2025-01-01,False,16.0,0.0,
FM 2020-010 ,2025-02-01,False,16.0,0.0,
FM 2020-010 ,2025-03-01,False,16.0,0.0,
FM 2020-010 ,2025-04-01,False,0.0,16.0,
FM 2020-010 ,2025-05-01,True,0.0,0.0,0.0
FM 2020-010 ,2025-06-01,True,0.0,0.0,1.0
FM 2020-020 ,2024-06-01,False,35.0,0.0,
FM 2020-020 ,2024-07-01,False,35.0,0.0,
FM 2020-020 ,2024-08-01,False,35.0,0.0,
FM 2020-020 ,2024-09-01,False,30.0,5.0,
FM 2020-020 ,2024-10-01,False,30.0,0.0,
FM 2020-020 ,2024-11-01,False,30.0,0.0,
FM 2020-020 ,2024-12-01,False,30.0,0.0,
FM 2020-020 ,2025-01-01,False,30.0,0.0,
FM 2020-020 ,2025-02-01,False,30.0,0.0,
FM 2020-020 ,2025-03-01,False,25.0,5.0,
FM 2020-020 ,2025-04-01,False,25.0,0.0,
FM 2020-020 ,2025-05-01,False,25.0,0.0,0.0
FM 2020-020 ,2025-06-01,False,25.0,0.0,1.0
FM 2020-030 ,2024-06-01,False,51.0,0.0,
FM 2020-030 ,2024-07-01,False,51.0,0.0,
FM 2020-030 ,2024-08-01,False,51.0,0.0,
FM 2020-030 ,2024-09-01,False,46.0,5.0,
FM 2020-030 ,2024-10-01,False,46.0,0.0,
FM 2020-030 ,2024-11-01,False,46.0,0.0,
FM 2020-030 ,2024-12-01,False,46.0,0.0,
FM 2020-030 ,2025-01-01,False,46.0,0.0,
FM 2020-030 ,2025-02-01,False,46.0,0.0,
FM 2020-030 ,2025-03-01,False,46.0,0.0,
FM 2020-030 ,2025-04-01,False,46.0,0.0,
FM 2020-030 ,2025-05-01,False,46.0,0.0,1.0
FM 2020-030 ,2025-06-01,False,46.0,0.0,1.0
FM 2020-040 ,2024-06-01,False,12.0,0.0,
FM 2020-040 ,2024-07-01,False,12.0,0.0,
FM 2020-040 ,2024-08-01,False,12.0,0.0,
FM 2020-040 ,2024-09-01,False,10.0,2.0,
FM 2020-040 ,2024-10-01,False,6.0,4.0,
FM 2020-040 ,2024-11-01,False,6.0,0.0,
FM 2020-040 ,2024-12-01,False,6.0,0.0,
FM 2020-040 ,2025-01-01,False,6.0,0.0,
FM 2020-040 ,2025-02-01,False,6.0,0.0,
FM 2020-040 ,2025-03-01,False,6.0,0.0,
FM 2020-040 ,2025-04-01,False,6.0,0.0,
FM 2020-040 ,2025-05-01,False,16.0,0.0,0.0
FM 2020-040 ,2025-06-01,False,16.0,0.0,1.0
FM 2020-STD ,2024-06-01,False,20.0,0.0,
FM 2020-STD ,2024-07-01,False,0.0,20.0,
FM 2020-STD ,2024-08-01,True,0.0,0.0,
FM 2020-STD ,2024-09-01,True,0.0,0.0,
FM 2020-STD ,2024-10-01,True,0.0,0.0,
FM 2020-STD ,2024-11-01,True,0.0,0.0,
FM 2020-STD ,2024-12-01,True,0.0,0.0,
FM 2020-STD ,2025-01-01,True,0.0,0.0,
FM 2020-STD ,2025-02-01,True,15.0,0.0,
FM 2020-STD ,2025-03-01,False,10.0,5.0,
FM 2020-STD ,2025-04-01,False,10.0,0.0,
FM 2020-STD ,2025-05-01,False,25.0,0.0,1.0
FM 2020-STD ,2025-06-01,False,25.0,0.0,3.0
FM 224-4146 ,2024-06-01,False,101.0,0.0,
FM 224-4146 ,2024-07-01,False,101.0,0.0,
FM 224-4146 ,2024-08-01,False,99.0,2.0,
FM 224-4146 ,2024-09-01,False,101.0,2.0,
FM 224-4146 ,2024-10-01,False,101.0,0.0,
FM 224-4146 ,2024-11-01,False,101.0,0.0,
FM 224-4146 ,2024-12-01,False,101.0,0.0,
FM 224-4146 ,2025-01-01,False,101.0,0.0,
FM 224-4146 ,2025-02-01,False,101.0,0.0,
FM 224-4146 ,2025-03-01,False,101.0,0.0,
FM 224-4146 ,2025-04-01,False,101.0,0.0,
FM 224-4146 ,2025-05-01,False,101.0,0.0,0.0
FM 224-4146 ,2025-06-01,False,101.0,0.0,0.0
FM 224-4147 ,2024-06-01,False,10.0,0.0,
FM 224-4147 ,2024-07-01,False,10.0,0.0,
FM 224-4147 ,2024-08-01,False,10.0,0.0,
FM 224-4147 ,2024-09-01,False,10.0,0.0,
FM 224-4147 ,2024-10-01,False,10.0,0.0,
FM 224-4147 ,2024-11-01,False,9.0,1.0,
FM 224-4147 ,2024-12-01,False,9.0,0.0,
FM 224-4147 ,2025-01-01,False,9.0,0.0,
FM 224-4147 ,2025-02-01,False,9.0,0.0,
FM 224-4147 ,2025-03-01,False,9.0,0.0,
FM 224-4147 ,2025-04-01,False,9.0,0.0,
FM 224-4147 ,2025-05-01,False,9.0,0.0,0.0
FM 224-4147 ,2025-06-01,False,9.0,0.0,0.0
FM 2555-010 ,2024-06-01,False,130.0,19.0,
FM 2555-010 ,2024-07-01,False,108.0,22.0,
FM 2555-010 ,2024-08-01,False,72.0,36.0,
FM 2555-010 ,2024-09-01,False,47.0,25.0,
FM 2555-010 ,2024-10-01,False,82.0,25.0,
FM 2555-010 ,2024-11-01,False,7.0,75.0,
FM 2555-010 ,2024-12-01,True,2.0,5.0,
FM 2555-010 ,2025-01-01,True,-3.0,5.0,
FM 2555-010 ,2025-02-01,True,75.0,62.0,
FM 2555-010 ,2025-03-01,False,36.0,39.0,
FM 2555-010 ,2025-04-01,False,8.0,28.0,
FM 2555-010 ,2025-05-01,True,139.0,29.0,29.0
FM 2555-010 ,2025-06-01,False,122.0,17.0,29.0
FM 2555-020 ,2024-06-01,False,101.0,19.0,
FM 2555-020 ,2024-07-01,False,95.0,6.0,
FM 2555-020 ,2024-08-01,False,88.0,7.0,
FM 2555-020 ,2024-09-01,False,85.0,3.0,
FM 2555-020 ,2024-10-01,False,50.0,35.0,
FM 2555-020 ,2024-11-01,False,14.0,36.0,
FM 2555-020 ,2024-12-01,False,12.0,3.0,
FM 2555-020 ,2025-01-01,False,9.0,3.0,
FM 2555-020 ,2025-02-01,True,19.0,14.0,
FM 2555-020 ,2025-03-01,False,6.0,13.0,
FM 2555-020 ,2025-04-01,True,4.0,2.0,
FM 2555-020 ,2025-05-01,True,210.0,14.0,19.0
FM 2555-020 ,2025-06-01,False,209.0,1.0,36.0
FM 2555-030 ,2024-06-01,False,15.0,0.0,
FM 2555-030 ,2024-07-01,False,114.0,1.0,
FM 2555-030 ,2024-08-01,False,111.0,3.0,
FM 2555-030 ,2024-09-01,False,110.0,1.0,
FM 2555-030 ,2024-10-01,False,103.0,7.0,
FM 2555-030 ,2024-11-01,False,102.0,1.0,
FM 2555-030 ,2024-12-01,False,102.0,0.0,
FM 2555-030 ,2025-01-01,False,101.0,1.0,
FM 2555-030 ,2025-02-01,False,101.0,0.0,
FM 2555-030 ,2025-03-01,False,83.0,18.0,
FM 2555-030 ,2025-04-01,False,76.0,7.0,
FM 2555-030 ,2025-05-01,False,67.0,9.0,9.0
FM 2555-030 ,2025-06-01,False,67.0,0.0,6.0
FM 2555-040 ,2024-06-01,False,30.0,0.0,
FM 2555-040 ,2024-07-01,False,29.0,1.0,
FM 2555-040 ,2024-08-01,False,29.0,0.0,
FM 2555-040 ,2024-09-01,False,29.0,0.0,
FM 2555-040 ,2024-10-01,False,29.0,0.0,
FM 2555-040 ,2024-11-01,False,29.0,0.0,
FM 2555-040 ,2024-12-01,False,19.0,10.0,
FM 2555-040 ,2025-01-01,False,18.0,1.0,
FM 2555-040 ,2025-02-01,False,18.0,0.0,
FM 2555-040 ,2025-03-01,False,18.0,0.0,
FM 2555-040 ,2025-04-01,False,18.0,0.0,
FM 2555-040 ,2025-05-01,False,22.0,11.0,3.0
FM 2555-040 ,2025-06-01,False,22.0,0.0,4.0
FM 2555-STD ,2024-06-01,False,126.0,16.0,
FM 2555-STD ,2024-07-01,False,98.0,28.0,
FM 2555-STD ,2024-08-01,False,55.0,43.0,
FM 2555-STD ,2024-09-01,False,42.0,13.0,
FM 2555-STD ,2024-10-01,False,15.0,27.0,
FM 2555-STD ,2024-11-01,True,6.0,9.0,
FM 2555-STD ,2024-12-01,True,3.0,3.0,
FM 2555-STD ,2025-01-01,True,1.0,2.0,
FM 2555-STD ,2025-02-01,True,108.0,43.0,
FM 2555-STD ,2025-03-01,False,40.0,68.0,
FM 2555-STD ,2025-04-01,False,9.0,31.0,
FM 2555-STD ,2025-05-01,True,0.0,10.0,8.0
FM 2555-STD ,2025-06-01,True,1.0,1.0,26.0
FM 3055-010 ,2024-06-01,False,2.0,0.0,
FM 3055-010 ,2024-07-01,False,2.0,0.0,
FM 3055-010 ,2024-08-01,False,2.0,0.0,
FM 3055-010 ,2024-09-01,False,2.0,0.0,
FM 3055-010 ,2024-10-01,False,2.0,0.0,
FM 3055-010 ,2024-11-01,False,1.0,1.0,
FM 3055-010 ,2024-12-01,False,1.0,0.0,
FM 3055-010 ,2025-01-01,False,1.0,0.0,
FM 3055-010 ,2025-02-01,False,3.0,0.0,
FM 3055-010 ,2025-03-01,False,3.0,0.0,
FM 3055-010 ,2025-04-01,False,3.0,0.0,
FM 3055-010 ,2025-05-01,False,3.0,0.0,0.0
FM 3055-010 ,2025-06-01,False,3.0,0.0,0.0
FM 3055-STD ,2024-06-01,False,1.0,0.0,
FM 3055-STD ,2024-07-01,False,11.0,0.0,
FM 3055-STD ,2024-08-01,False,11.0,0.0,
FM 3055-STD ,2024-09-01,False,11.0,0.0,
FM 3055-STD ,2024-10-01,False,11.0,0.0,
FM 3055-STD ,2024-11-01,False,11.0,0.0,
FM 3055-STD ,2024-12-01,False,11.0,0.0,
FM 3055-STD ,2025-01-01,False,10.0,1.0,
FM 3055-STD ,2025-02-01,False,10.0,0.0,
FM 3055-STD ,2025-03-01,False,10.0,0.0,
FM 3055-STD ,2025-04-01,False,10.0,0.0,
FM 3055-STD ,2025-05-01,False,10.0,0.0,0.0
FM 3055-STD ,2025-06-01,False,9.0,1.0,0.0
FM 3190-010 ,2024-06-01,False,29.0,1.0,
FM 3190-010 ,2024-07-01,False,29.0,0.0,
FM 3190-010 ,2024-08-01,False,27.0,2.0,
FM 3190-010 ,2024-09-01,False,26.0,1.0,
FM 3190-010 ,2024-10-01,False,24.0,2.0,
FM 3190-010 ,2024-11-01,False,24.0,0.0,
FM 3190-010 ,2024-12-01,False,19.0,5.0,
FM 3190-010 ,2025-01-01,False,15.0,4.0,
FM 3190-010 ,2025-02-01,False,15.0,0.0,
FM 3190-010 ,2025-03-01,False,14.0,1.0,
FM 3190-010 ,2025-04-01,False,13.0,1.0,
FM 3190-010 ,2025-05-01,False,12.0,1.0,1.0
FM 3190-010 ,2025-06-01,False,11.0,1.0,2.0
FM 3190-020 ,2024-06-01,False,8.0,0.0,
FM 3190-020 ,2024-07-01,False,8.0,0.0,
FM 3190-020 ,2024-08-01,False,8.0,0.0,
FM 3190-020 ,2024-09-01,False,7.0,1.0,
FM 3190-020 ,2024-10-01,False,32.0,0.0,
FM 3190-020 ,2024-11-01,False,27.0,5.0,
FM 3190-020 ,2024-12-01,False,26.0,1.0,
FM 3190-020 ,2025-01-01,False,25.0,1.0,
FM 3190-020 ,2025-02-01,False,24.0,1.0,
FM 3190-020 ,2025-03-01,False,23.0,1.0,
FM 3190-020 ,2025-04-01,False,23.0,0.0,
FM 3190-020 ,2025-05-01,False,23.0,0.0,1.0
FM 3190-020 ,2025-06-01,False,23.0,0.0,1.0
FM 3190-030 ,2024-06-01,True,0.0,0.0,
FM 3190-030 ,2024-07-01,True,20.0,0.0,
FM 3190-030 ,2024-08-01,False,20.0,0.0,
FM 3190-030 ,2024-09-01,False,20.0,0.0,
FM 3190-030 ,2024-10-01,False,20.0,0.0,
FM 3190-030 ,2024-11-01,False,19.0,1.0,
FM 3190-030 ,2024-12-01,False,16.0,3.0,
FM 3190-030 ,2025-01-01,False,16.0,0.0,
FM 3190-030 ,2025-02-01,False,16.0,0.0,
FM 3190-030 ,2025-03-01,False,16.0,0.0,
FM 3190-030 ,2025-04-01,False,16.0,0.0,
FM 3190-030 ,2025-05-01,False,16.0,0.0,0.0
FM 3190-030 ,2025-06-01,False,16.0,0.0,0.0
FM 3190-040 ,2024-06-01,False,7.0,0.0,
FM 3190-040 ,2024-07-01,False,7.0,0.0,
FM 3190-040 ,2024-08-01,False,7.0,0.0,
FM 3190-040 ,2024-09-01,False,7.0,0.0,
FM 3190-040 ,2024-10-01,False,7.0,0.0,
FM 3190-040 ,2024-11-01,False,6.0,1.0,
FM 3190-040 ,2024-12-01,False,5.0,1.0,
FM 3190-040 ,2025-01-01,False,5.0,0.0,
FM 3190-040 ,2025-02-01,False,15.0,0.0,
FM 3190-040 ,2025-03-01,False,14.0,1.0,
FM 3190-040 ,2025-04-01,False,14.0,0.0,
FM 3190-040 ,2025-05-01,False,14.0,0.0,0.0
FM 3190-040 ,2025-06-01,False,14.0,0.0,1.0
FM 3190-STD ,2024-06-01,False,23.0,0.0,
FM 3190-STD ,2024-07-01,False,23.0,0.0,
FM 3190-STD ,2024-08-01,False,22.0,1.0,
FM 3190-STD ,2024-09-01,False,19.0,3.0,
FM 3190-STD ,2024-10-01,False,19.0,0.0,
FM 3190-STD ,2024-11-01,False,15.0,4.0,
FM 3190-STD ,2024-12-01,False,15.0,0.0,
FM 3190-STD ,2025-01-01,False,15.0,0.0,
FM 3190-STD ,2025-02-01,False,10.0,5.0,
FM 3190-STD ,2025-03-01,False,8.0,2.0,
FM 3190-STD ,2025-04-01,False,7.0,1.0,
FM 3190-STD ,2025-05-01,False,26.0,1.0,1.0
FM 3190-STD ,2025-06-01,False,25.0,1.0,1.0
FM 3310-010 ,2024-06-01,False,52.0,1.0,
FM 3310-010 ,2024-07-01,False,52.0,0.0,
FM 3310-010 ,2024-08-01,False,51.0,1.0,
FM 3310-010 ,2024-09-01,False,51.0,0.0,
FM 3310-010 ,2024-10-01,False,51.0,0.0,
FM 3310-010 ,2024-11-01,False,51.0,0.0,
FM 3310-010 ,2024-12-01,False,51.0,0.0,
FM 3310-010 ,2025-01-01,False,51.0,0.0,
FM 3310-010 ,2025-02-01,False,51.0,0.0,
FM 3310-010 ,2025-03-01,False,51.0,0.0,
FM 3310-010 ,2025-04-01,False,51.0,0.0,
FM 3310-010 ,2025-05-01,False,51.0,0.0,0.0
FM 3310-010 ,2025-06-01,False,51.0,0.0,0.0
FM 3310-030 ,2024-06-01,False,32.0,0.0,
FM 3310-030 ,2024-07-01,False,32.0,0.0,
FM 3310-030 ,2024-08-01,False,32.0,0.0,
FM 3310-030 ,2024-09-01,False,32.0,0.0,
FM 3310-030 ,2024-10-01,False,31.0,1.0,
FM 3310-030 ,2024-11-01,False,31.0,0.0,
FM 3310-030 ,2024-12-01,False,31.0,0.0,
FM 3310-030 ,2025-01-01,False,31.0,0.0,
FM 3310-030 ,2025-02-01,False,31.0,0.0,
FM 3310-030 ,2025-03-01,False,31.0,0.0,
FM 3310-030 ,2025-04-01,False,31.0,0.0,
FM 3310-030 ,2025-05-01,False,31.0,0.0,0.0
FM 3310-030 ,2025-06-01,False,31.0,0.0,0.0
FM 3310-STD ,2024-06-01,False,29.0,1.0,
FM 3310-STD ,2024-07-01,False,28.0,1.0,
FM 3310-STD ,2024-08-01,False,28.0,0.0,
FM 3310-STD ,2024-09-01,False,27.0,1.0,
FM 3310-STD ,2024-10-01,False,27.0,0.0,
FM 3310-STD ,2024-11-01,False,27.0,0.0,
FM 3310-STD ,2024-12-01,False,2.0,25.0,
FM 3310-STD ,2025-01-01,True,2.0,0.0,
FM 3310-STD ,2025-02-01,True,2.0,0.0,
FM 3310-STD ,2025-03-01,True,2.0,0.0,
FM 3310-STD ,2025-04-01,True,2.0,0.0,
FM 3310-STD ,2025-05-01,True,27.0,0.0,2.0
FM 3310-STD ,2025-06-01,False,25.0,2.0,5.0
FM 345-020 ,2024-06-01,False,0.0,5.0,
FM 345-020 ,2024-07-01,True,0.0,0.0,
FM 345-020 ,2024-08-01,True,0.0,0.0,
FM 345-020 ,2024-09-01,True,0.0,0.0,
FM 345-020 ,2024-10-01,True,0.0,0.0,
FM 345-020 ,2024-11-01,True,0.0,0.0,
FM 345-020 ,2024-12-01,True,0.0,0.0,
FM 345-020 ,2025-01-01,True,0.0,0.0,
FM 345-020 ,2025-02-01,True,0.0,0.0,
FM 345-020 ,2025-03-01,True,0.0,0.0,
FM 345-020 ,2025-04-01,True,0.0,0.0,
FM 345-020 ,2025-05-01,True,0.0,0.0,0.0
FM 345-020 ,2025-06-01,True,0.0,0.0,0.0
FM 345-030 ,2024-06-01,False,6.0,0.0,
FM 345-030 ,2024-07-01,False,6.0,0.0,
FM 345-030 ,2024-08-01,False,6.0,0.0,
FM 345-030 ,2024-09-01,False,6.0,0.0,
FM 345-030 ,2024-10-01,False,6.0,0.0,
FM 345-030 ,2024-11-01,False,6.0,0.0,
FM 345-030 ,2024-12-01,False,6.0,0.0,
FM 345-030 ,2025-01-01,False,6.0,0.0,
FM 345-030 ,2025-02-01,False,4.0,2.0,
FM 345-030 ,2025-03-01,False,4.0,0.0,
FM 345-030 ,2025-04-01,False,4.0,0.0,
FM 345-030 ,2025-05-01,False,4.0,0.0,0.0
FM 345-030 ,2025-06-01,False,4.0,0.0,0.0
FM 345-040 ,2024-06-01,False,11.0,0.0,
FM 345-040 ,2024-07-01,False,11.0,0.0,
FM 345-040 ,2024-08-01,False,11.0,0.0,
FM 345-040 ,2024-09-01,False,11.0,0.0,
FM 345-040 ,2024-10-01,False,11.0,0.0,
FM 345-040 ,2024-11-01,False,11.0,0.0,
FM 345-040 ,2024-12-01,False,11.0,0.0,
FM 345-040 ,2025-01-01,False,11.0,0.0,
FM 345-040 ,2025-02-01,False,9.0,2.0,
FM 345-040 ,2025-03-01,False,8.0,1.0,
FM 345-040 ,2025-04-01,False,5.0,3.0,
FM 345-040 ,2025-05-01,False,5.0,0.0,0.0
FM 345-040 ,2025-06-01,False,5.0,0.0,0.0
FM 345-STD ,2024-06-01,False,0.0,6.0,
FM 345-STD ,2024-07-01,True,0.0,0.0,
FM 345-STD ,2024-08-01,True,0.0,0.0,
FM 345-STD ,2024-09-01,True,0.0,0.0,
FM 345-STD ,2024-10-01,True,0.0,0.0,
FM 345-STD ,2024-11-01,True,0.0,0.0,
FM 345-STD ,2024-12-01,True,0.0,0.0,
FM 345-STD ,2025-01-01,True,0.0,0.0,
FM 345-STD ,2025-02-01,True,0.0,0.0,
FM 345-STD ,2025-03-01,True,0.0,0.0,
FM 345-STD ,2025-04-01,True,0.0,0.0,
FM 345-STD ,2025-05-01,True,0.0,0.0,0.0
FM 345-STD ,2025-06-01,True,0.0,0.0,0.0
FM 4124-010 ,2024-06-01,False,29.0,0.0,
FM 4124-010 ,2024-07-01,False,29.0,0.0,
FM 4124-010 ,2024-08-01,False,29.0,0.0,
FM 4124-010 ,2024-09-01,False,24.0,5.0,
FM 4124-010 ,2024-10-01,False,24.0,0.0,
FM 4124-010 ,2024-11-01,False,24.0,0.0,
FM 4124-010 ,2024-12-01,False,24.0,0.0,
FM 4124-010 ,2025-01-01,False,4.0,20.0,
FM 4124-010 ,2025-02-01,False,4.0,0.0,
FM 4124-010 ,2025-03-01,False,0.0,4.0,
FM 4124-010 ,2025-04-01,True,0.0,0.0,
FM 4124-010 ,2025-05-01,True,0.0,0.0,1.0
FM 4124-010 ,2025-06-01,True,0.0,0.0,1.0
FM 4124-020 ,2024-06-01,False,37.0,0.0,
FM 4124-020 ,2024-07-01,False,37.0,0.0,
FM 4124-020 ,2024-08-01,False,37.0,0.0,
FM 4124-020 ,2024-09-01,False,27.0,10.0,
FM 4124-020 ,2024-10-01,False,27.0,0.0,
FM 4124-020 ,2024-11-01,False,27.0,0.0,
FM 4124-020 ,2024-12-01,False,27.0,0.0,
FM 4124-020 ,2025-01-01,False,7.0,20.0,
FM 4124-020 ,2025-02-01,False,7.0,0.0,
FM 4124-020 ,2025-03-01,False,7.0,0.0,
FM 4124-020 ,2025-04-01,False,-5.0,12.0,
FM 4124-020 ,2025-05-01,True,20.0,0.0,4.0
FM 4124-020 ,2025-06-01,False,20.0,0.0,4.0
FM 4124-030 ,2024-06-01,False,31.0,0.0,
FM 4124-030 ,2024-07-01,False,31.0,0.0,
FM 4124-030 ,2024-08-01,False,31.0,0.0,
FM 4124-030 ,2024-09-01,False,31.0,0.0,
FM 4124-030 ,2024-10-01,False,31.0,0.0,
FM 4124-030 ,2024-11-01,False,31.0,0.0,
FM 4124-030 ,2024-12-01,False,31.0,0.0,
FM 4124-030 ,2025-01-01,False,31.0,0.0,
FM 4124-030 ,2025-02-01,False,27.0,4.0,
FM 4124-030 ,2025-03-01,False,27.0,0.0,
FM 4124-030 ,2025-04-01,False,27.0,0.0,
FM 4124-030 ,2025-05-01,False,19.0,8.0,2.0
FM 4124-030 ,2025-06-01,False,19.0,0.0,1.0
FM 4124-040 ,2024-06-01,False,13.0,0.0,
FM 4124-040 ,2024-07-01,False,13.0,0.0,
FM 4124-040 ,2024-08-01,False,13.0,0.0,
FM 4124-040 ,2024-09-01,False,3.0,10.0,
FM 4124-040 ,2024-10-01,False,3.0,0.0,
FM 4124-040 ,2024-11-01,False,3.0,0.0,
FM 4124-040 ,2024-12-01,False,0.0,3.0,
FM 4124-040 ,2025-01-01,True,0.0,0.0,
FM 4124-040 ,2025-02-01,True,0.0,0.0,
FM 4124-040 ,2025-03-01,True,0.0,0.0,
FM 4124-040 ,2025-04-01,True,0.0,0.0,
FM 4124-040 ,2025-05-01,True,17.0,8.0,2.0
FM 4124-040 ,2025-06-01,False,17.0,0.0,2.0
FM 4124-STD ,2024-06-01,False,18.0,0.0,
FM 4124-STD ,2024-07-01,False,0.0,18.0,
FM 4124-STD ,2024-08-01,True,0.0,0.0,
FM 4124-STD ,2024-09-01,True,0.0,0.0,
FM 4124-STD ,2024-10-01,True,0.0,0.0,
FM 4124-STD ,2024-11-01,True,0.0,1.0,
FM 4124-STD ,2024-12-01,True,0.0,0.0,
FM 4124-STD ,2025-01-01,True,0.0,0.0,
FM 4124-STD ,2025-02-01,True,11.0,4.0,
FM 4124-STD ,2025-03-01,False,11.0,0.0,
FM 4124-STD ,2025-04-01,False,11.0,0.0,
FM 4124-STD ,2025-05-01,False,3.0,8.0,4.0
FM 4124-STD ,2025-06-01,False,3.0,0.0,3.0
FM 4125-020 ,2024-06-01,False,1.0,0.0,
FM 4125-020 ,2024-07-01,False,1.0,0.0,
FM 4125-020 ,2024-08-01,False,0.0,1.0,
FM 4125-020 ,2024-09-01,True,0.0,0.0,
FM 4125-020 ,2024-10-01,True,0.0,0.0,
FM 4125-020 ,2024-11-01,True,0.0,0.0,
FM 4125-020 ,2024-12-01,True,0.0,0.0,
FM 4125-020 ,2025-01-01,True,0.0,0.0,
FM 4125-020 ,2025-02-01,True,3.0,0.0,
FM 4125-020 ,2025-03-01,False,2.0,1.0,
FM 4125-020 ,2025-04-01,False,2.0,0.0,
FM 4125-020 ,2025-05-01,False,2.0,0.0,0.0
FM 4125-020 ,2025-06-01,False,2.0,0.0,0.0
FM 423-020 ,2024-06-01,False,4.0,0.0,
FM 423-020 ,2024-07-01,False,4.0,0.0,
FM 423-020 ,2024-08-01,False,1.0,3.0,
FM 423-020 ,2024-09-01,False,0.0,1.0,
FM 423-020 ,2024-10-01,True,0.0,0.0,
FM 423-020 ,2024-11-01,True,0.0,0.0,
FM 423-020 ,2024-12-01,True,0.0,0.0,
FM 423-020 ,2025-01-01,True,0.0,0.0,
FM 423-020 ,2025-02-01,True,0.0,0.0,
FM 423-020 ,2025-03-01,True,0.0,0.0,
FM 423-020 ,2025-04-01,True,0.0,0.0,
FM 423-020 ,2025-05-01,True,0.0,0.0,0.0
FM 423-020 ,2025-06-01,True,0.0,0.0,0.0
FM 423-030 ,2024-06-01,False,3.0,0.0,
FM 423-030 ,2024-07-01,False,3.0,0.0,
FM 423-030 ,2024-08-01,False,2.0,1.0,
FM 423-030 ,2024-09-01,False,2.0,0.0,
FM 423-030 ,2024-10-01,False,2.0,0.0,
FM 423-030 ,2024-11-01,False,2.0,0.0,
FM 423-030 ,2024-12-01,False,2.0,0.0,
FM 423-030 ,2025-01-01,False,2.0,0.0,
FM 423-030 ,2025-02-01,False,1.0,1.0,
FM 423-030 ,2025-03-01,False,1.0,0.0,
FM 423-030 ,2025-04-01,False,1.0,0.0,
FM 423-030 ,2025-05-01,False,1.0,0.0,0.0
FM 423-030 ,2025-06-01,False,1.0,0.0,0.0
FM 423-040 ,2024-06-01,False,3.0,0.0,
FM 423-040 ,2024-07-01,False,1.0,2.0,
FM 423-040 ,2024-08-01,False,1.0,0.0,
FM 423-040 ,2024-09-01,False,0.0,1.0,
FM 423-040 ,2024-10-01,True,0.0,0.0,
FM 423-040 ,2024-11-01,True,0.0,0.0,
FM 423-040 ,2024-12-01,True,0.0,0.0,
FM 423-040 ,2025-01-01,True,0.0,0.0,
FM 423-040 ,2025-02-01,True,0.0,0.0,
FM 423-040 ,2025-03-01,True,0.0,0.0,
FM 423-040 ,2025-04-01,True,0.0,0.0,
FM 423-040 ,2025-05-01,True,0.0,0.0,0.0
FM 423-040 ,2025-06-01,True,0.0,0.0,0.0
FM 423-STD ,2024-06-01,False,2.0,0.0,
FM 423-STD ,2024-07-01,False,2.0,0.0,
FM 423-STD ,2024-08-01,False,2.0,0.0,
FM 423-STD ,2024-09-01,False,2.0,0.0,
FM 423-STD ,2024-10-01,False,2.0,0.0,
FM 423-STD ,2024-11-01,False,1.0,1.0,
FM 423-STD ,2024-12-01,False,1.0,0.0,
FM 423-STD ,2025-01-01,False,1.0,0.0,
FM 423-STD ,2025-02-01,False,1.0,0.0,
FM 423-STD ,2025-03-01,False,1.0,0.0,
FM 423-STD ,2025-04-01,False,1.0,0.0,
FM 423-STD ,2025-05-01,False,1.0,0.0,0.0
FM 423-STD ,2025-06-01,False,1.0,0.0,0.0
FM 4400-010 ,2024-06-01,False,14.0,1.0,
FM 4400-010 ,2024-07-01,False,14.0,0.0,
FM 4400-010 ,2024-08-01,False,13.0,1.0,
FM 4400-010 ,2024-09-01,False,12.0,1.0,
FM 4400-010 ,2024-10-01,False,12.0,0.0,
FM 4400-010 ,2024-11-01,False,12.0,0.0,
FM 4400-010 ,2024-12-01,False,7.0,5.0,
FM 4400-010 ,2025-01-01,False,6.0,1.0,
FM 4400-010 ,2025-02-01,False,6.0,0.0,
FM 4400-010 ,2025-03-01,False,6.0,0.0,
FM 4400-010 ,2025-04-01,False,5.0,1.0,
FM 4400-010 ,2025-05-01,False,15.0,0.0,1.0
FM 4400-010 ,2025-06-01,False,15.0,0.0,2.0
FM 4400-020 ,2024-06-01,False,17.0,0.0,
FM 4400-020 ,2024-07-01,False,17.0,0.0,
FM 4400-020 ,2024-08-01,False,17.0,0.0,
FM 4400-020 ,2024-09-01,False,16.0,1.0,
FM 4400-020 ,2024-10-01,False,15.0,1.0,
FM 4400-020 ,2024-11-01,False,14.0,1.0,
FM 4400-020 ,2024-12-01,False,11.0,3.0,
FM 4400-020 ,2025-01-01,False,10.0,1.0,
FM 4400-020 ,2025-02-01,False,9.0,1.0,
FM 4400-020 ,2025-03-01,False,8.0,1.0,
FM 4400-020 ,2025-04-01,False,8.0,0.0,
FM 4400-020 ,2025-05-01,False,8.0,0.0,1.0
FM 4400-020 ,2025-06-01,False,8.0,0.0,1.0
FM 4400-030 ,2024-06-01,False,12.0,0.0,
FM 4400-030 ,2024-07-01,False,12.0,0.0,
FM 4400-030 ,2024-08-01,False,12.0,0.0,
FM 4400-030 ,2024-09-01,False,12.0,0.0,
FM 4400-030 ,2024-10-01,False,12.0,0.0,
FM 4400-030 ,2024-11-01,False,11.0,1.0,
FM 4400-030 ,2024-12-01,False,11.0,0.0,
FM 4400-030 ,2025-01-01,False,10.0,1.0,
FM 4400-030 ,2025-02-01,False,10.0,0.0,
FM 4400-030 ,2025-03-01,False,10.0,0.0,
FM 4400-030 ,2025-04-01,False,10.0,0.0,
FM 4400-030 ,2025-05-01,False,10.0,0.0,0.0
FM 4400-030 ,2025-06-01,False,10.0,0.0,0.0
FM 4400-040 ,2024-06-01,False,4.0,0.0,
FM 4400-040 ,2024-07-01,False,4.0,0.0,
FM 4400-040 ,2024-08-01,False,4.0,0.0,
FM 4400-040 ,2024-09-01,False,4.0,0.0,
FM 4400-040 ,2024-10-01,False,4.0,0.0,
FM 4400-040 ,2024-11-01,False,1.0,3.0,
FM 4400-040 ,2024-12-01,False,0.0,1.0,
FM 4400-040 ,2025-01-01,True,0.0,0.0,
FM 4400-040 ,2025-02-01,True,10.0,0.0,
FM 4400-040 ,2025-03-01,False,9.0,1.0,
FM 4400-040 ,2025-04-01,False,9.0,0.0,
FM 4400-040 ,2025-05-01,False,9.0,0.0,0.0
FM 4400-040 ,2025-06-01,False,9.0,0.0,1.0
FM 4400-STD ,2024-06-01,False,13.0,0.0,
FM 4400-STD ,2024-07-01,False,13.0,0.0,
FM 4400-STD ,2024-08-01,False,12.0,1.0,
FM 4400-STD ,2024-09-01,False,12.0,0.0,
FM 4400-STD ,2024-10-01,False,12.0,0.0,
FM 4400-STD ,2024-11-01,False,12.0,0.0,
FM 4400-STD ,2024-12-01,False,12.0,0.0,
FM 4400-STD ,2025-01-01,False,12.0,0.0,
FM 4400-STD ,2025-02-01,False,22.0,5.0,
FM 4400-STD ,2025-03-01,False,21.0,1.0,
FM 4400-STD ,2025-04-01,False,21.0,0.0,
FM 4400-STD ,2025-05-01,False,20.0,1.0,1.0
FM 4400-STD ,2025-06-01,False,20.0,0.0,1.0
FM 454-020 ,2024-06-01,False,5.0,0.0,
FM 454-020 ,2024-07-01,False,4.0,1.0,
FM 454-020 ,2024-08-01,False,4.0,0.0,
FM 454-020 ,2024-09-01,False,4.0,0.0,
FM 454-020 ,2024-10-01,False,4.0,0.0,
FM 454-020 ,2024-11-01,False,4.0,0.0,
FM 454-020 ,2024-12-01,False,4.0,0.0,
FM 454-020 ,2025-01-01,False,3.0,1.0,
FM 454-020 ,2025-02-01,False,3.0,0.0,
FM 454-020 ,2025-03-01,False,3.0,0.0,
FM 454-020 ,2025-04-01,False,3.0,0.0,
FM 454-020 ,2025-05-01,False,3.0,0.0,0.0
FM 454-020 ,2025-06-01,False,3.0,0.0,0.0
FM 454-040 ,2024-06-01,False,2.0,3.0,
FM 454-040 ,2024-07-01,False,2.0,0.0,
FM 454-040 ,2024-08-01,False,2.0,0.0,
FM 454-040 ,2024-09-01,False,2.0,0.0,
FM 454-040 ,2024-10-01,False,2.0,0.0,
FM 454-040 ,2024-11-01,False,2.0,0.0,
FM 454-040 ,2024-12-01,False,2.0,0.0,
FM 454-040 ,2025-01-01,False,1.0,1.0,
FM 454-040 ,2025-02-01,False,1.0,0.0,
FM 454-040 ,2025-03-01,False,1.0,0.0,
FM 454-040 ,2025-04-01,False,1.0,0.0,
FM 454-040 ,2025-05-01,False,1.0,0.0,0.0
FM 454-040 ,2025-06-01,False,0.0,1.0,0.0
FM 4663-010 ,2024-06-01,False,33.0,1.0,
FM 4663-010 ,2024-07-01,False,31.0,2.0,
FM 4663-010 ,2024-08-01,False,18.0,13.0,
FM 4663-010 ,2024-09-01,False,16.0,2.0,
FM 4663-010 ,2024-10-01,False,38.0,3.0,
FM 4663-010 ,2024-11-01,False,35.0,3.0,
FM 4663-010 ,2024-12-01,False,35.0,0.0,
FM 4663-010 ,2025-01-01,False,31.0,4.0,
FM 4663-010 ,2025-02-01,False,29.0,2.0,
FM 4663-010 ,2025-03-01,False,17.0,12.0,
FM 4663-010 ,2025-04-01,False,17.0,0.0,
FM 4663-010 ,2025-05-01,False,33.0,9.0,3.0
FM 4663-010 ,2025-06-01,False,32.0,1.0,4.0
FM 4663-020 ,2024-06-01,False,79.0,2.0,
FM 4663-020 ,2024-07-01,False,78.0,1.0,
FM 4663-020 ,2024-08-01,False,76.0,2.0,
FM 4663-020 ,2024-09-01,False,64.0,12.0,
FM 4663-020 ,2024-10-01,False,39.0,25.0,
FM 4663-020 ,2024-11-01,False,11.0,28.0,
FM 4663-020 ,2024-12-01,False,11.0,0.0,
FM 4663-020 ,2025-01-01,False,7.0,4.0,
FM 4663-020 ,2025-02-01,False,7.0,0.0,
FM 4663-020 ,2025-03-01,False,6.0,1.0,
FM 4663-020 ,2025-04-01,True,5.0,1.0,
FM 4663-020 ,2025-05-01,True,46.0,9.0,6.0
FM 4663-020 ,2025-06-01,False,46.0,0.0,7.0
FM 4663-030 ,2024-06-01,True,2.0,0.0,
FM 4663-030 ,2024-07-01,True,32.0,0.0,
FM 4663-030 ,2024-08-01,False,22.0,10.0,
FM 4663-030 ,2024-09-01,False,20.0,2.0,
FM 4663-030 ,2024-10-01,False,15.0,5.0,
FM 4663-030 ,2024-11-01,False,14.0,1.0,
FM 4663-030 ,2024-12-01,False,13.0,1.0,
FM 4663-030 ,2025-01-01,False,12.0,1.0,
FM 4663-030 ,2025-02-01,False,11.0,1.0,
FM 4663-030 ,2025-03-01,False,11.0,0.0,
FM 4663-030 ,2025-04-01,False,6.0,5.0,
FM 4663-030 ,2025-05-01,False,17.0,9.0,2.0
FM 4663-030 ,2025-06-01,False,17.0,0.0,5.0
FM 4663-040 ,2024-06-01,False,9.0,0.0,
FM 4663-040 ,2024-07-01,False,8.0,1.0,
FM 4663-040 ,2024-08-01,False,8.0,0.0,
FM 4663-040 ,2024-09-01,False,8.0,0.0,
FM 4663-040 ,2024-10-01,False,27.0,0.0,
FM 4663-040 ,2024-11-01,False,27.0,0.0,
FM 4663-040 ,2024-12-01,False,17.0,10.0,
FM 4663-040 ,2025-01-01,False,16.0,1.0,
FM 4663-040 ,2025-02-01,False,16.0,0.0,
FM 4663-040 ,2025-03-01,False,16.0,0.0,
FM 4663-040 ,2025-04-01,False,16.0,0.0,
FM 4663-040 ,2025-05-01,False,5.0,11.0,2.0
FM 4663-040 ,2025-06-01,False,5.0,0.0,2.0
FM 4663-STD ,2024-06-01,False,49.0,1.0,
FM 4663-STD ,2024-07-01,False,49.0,0.0,
FM 4663-STD ,2024-08-01,False,28.0,21.0,
FM 4663-STD ,2024-09-01,False,27.0,1.0,
FM 4663-STD ,2024-10-01,False,15.0,12.0,
FM 4663-STD ,2024-11-01,False,12.0,3.0,
FM 4663-STD ,2024-12-01,False,10.0,2.0,
FM 4663-STD ,2025-01-01,False,9.0,1.0,
FM 4663-STD ,2025-02-01,False,24.0,0.0,
FM 4663-STD ,2025-03-01,False,7.0,17.0,
FM 4663-STD ,2025-04-01,False,7.0,0.0,
FM 4663-STD ,2025-05-01,False,38.0,9.0,6.0
FM 4663-STD ,2025-06-01,False,35.0,3.0,4.0
FM 4960-25 ,2024-06-01,False,6.0,1.0,
FM 4960-25 ,2024-07-01,False,6.0,0.0,
FM 4960-25 ,2024-08-01,False,6.0,0.0,
FM 4960-25 ,2024-09-01,False,6.0,0.0,
FM 4960-25 ,2024-10-01,False,6.0,0.0,
FM 4960-25 ,2024-11-01,False,6.0,0.0,
FM 4960-25 ,2024-12-01,False,6.0,0.0,
FM 4960-25 ,2025-01-01,False,6.0,0.0,
FM 4960-25 ,2025-02-01,False,5.0,1.0,
FM 4960-25 ,2025-03-01,False,5.0,0.0,
FM 4960-25 ,2025-04-01,False,4.0,1.0,
FM 4960-25 ,2025-05-01,False,4.0,0.0,1.0
FM 4960-25 ,2025-06-01,False,4.0,0.0,1.0
FM 5080-25 ,2024-06-01,True,0.0,0.0,
FM 5080-25 ,2024-07-01,True,7.0,0.0,
FM 5080-25 ,2024-08-01,False,5.0,2.0,
FM 5080-25 ,2024-09-01,False,3.0,2.0,
FM 5080-25 ,2024-10-01,False,0.0,3.0,
FM 5080-25 ,2024-11-01,True,0.0,0.0,
FM 5080-25 ,2024-12-01,True,0.0,0.0,
FM 5080-25 ,2025-01-01,True,0.0,0.0,
FM 5080-25 ,2025-02-01,True,0.0,0.0,
FM 5080-25 ,2025-03-01,True,0.0,0.0,
FM 5080-25 ,2025-04-01,True,0.0,0.0,
FM 5080-25 ,2025-05-01,True,0.0,0.0,0.0
FM 5080-25 ,2025-06-01,True,0.0,0.0,0.0
FM 5080-STD ,2024-06-01,True,0.0,0.0,
FM 5080-STD ,2024-07-01,True,12.0,0.0,
FM 5080-STD ,2024-08-01,False,12.0,0.0,
FM 5080-STD ,2024-09-01,False,8.0,4.0,
FM 5080-STD ,2024-10-01,False,4.0,4.0,
FM 5080-STD ,2024-11-01,False,2.0,2.0,
FM 5080-STD ,2024-12-01,False,0.0,2.0,
FM 5080-STD ,2025-01-01,True,0.0,0.0,
FM 5080-STD ,2025-02-01,True,0.0,0.0,
FM 5080-STD ,2025-03-01,True,0.0,0.0,
FM 5080-STD ,2025-04-01,True,0.0,0.0,
FM 5080-STD ,2025-05-01,True,8.0,4.0,2.0
FM 5080-STD ,2025-06-01,False,6.0,2.0,2.0
FM 513099 ,2024-06-01,True,0.0,0.0,
FM 513099 ,2024-07-01,True,0.0,0.0,
FM 513099 ,2024-08-01,True,0.0,0.0,
FM 513099 ,2024-09-01,True,0.0,0.0,
FM 513099 ,2024-10-01,True,0.0,0.0,
FM 513099 ,2024-11-01,True,0.0,0.0,
FM 513099 ,2024-12-01,True,6.0,2.0,
FM 513099 ,2025-01-01,False,6.0,0.0,
FM 513099 ,2025-02-01,False,4.0,2.0,
FM 513099 ,2025-03-01,False,4.0,0.0,
FM 513099 ,2025-04-01,False,4.0,0.0,
FM 513099 ,2025-05-01,False,4.0,0.0,1.0
FM 513099 ,2025-06-01,False,4.0,0.0,1.0
FM 5819-020 ,2024-06-01,True,0.0,0.0,
FM 5819-020 ,2024-07-01,True,0.0,0.0,
FM 5819-020 ,2024-08-01,True,0.0,0.0,
FM 5819-020 ,2024-09-01,True,0.0,0.0,
FM 5819-020 ,2024-10-01,True,5.0,0.0,
FM 5819-020 ,2024-11-01,False,4.0,1.0,
FM 5819-020 ,2024-12-01,False,4.0,0.0,
FM 5819-020 ,2025-01-01,False,4.0,0.0,
FM 5819-020 ,2025-02-01,False,4.0,0.0,
FM 5819-020 ,2025-03-01,False,4.0,0.0,
FM 5819-020 ,2025-04-01,False,4.0,0.0,
FM 5819-020 ,2025-05-01,False,4.0,0.0,0.0
FM 5819-020 ,2025-06-01,False,4.0,0.0,0.0
FM 653-020 ,2024-06-01,False,0.0,0.0,
FM 653-020 ,2024-07-01,True,0.0,0.0,
FM 653-020 ,2024-08-01,True,0.0,0.0,
FM 653-020 ,2024-09-01,True,0.0,0.0,
FM 653-020 ,2024-10-01,True,0.0,0.0,
FM 653-020 ,2024-11-01,True,0.0,0.0,
FM 653-020 ,2024-12-01,True,0.0,0.0,
FM 653-020 ,2025-01-01,True,0.0,0.0,
FM 653-020 ,2025-02-01,True,0.0,0.0,
FM 653-020 ,2025-03-01,True,0.0,1.0,
FM 653-020 ,2025-04-01,True,0.0,0.0,
FM 653-020 ,2025-05-01,True,0.0,0.0,0.0
FM 653-020 ,2025-06-01,True,0.0,0.0,0.0
FM 661-020 ,2024-06-01,True,0.0,0.0,
FM 661-020 ,2024-07-01,True,2.0,0.0,
FM 661-020 ,2024-08-01,False,2.0,0.0,
FM 661-020 ,2024-09-01,False,2.0,0.0,
FM 661-020 ,2024-10-01,False,0.0,4.0,
FM 661-020 ,2024-11-01,True,0.0,0.0,
FM 661-020 ,2024-12-01,True,0.0,0.0,
FM 661-020 ,2025-01-01,True,0.0,0.0,
FM 661-020 ,2025-02-01,True,2.0,0.0,
FM 661-020 ,2025-03-01,False,2.0,0.0,
FM 661-020 ,2025-04-01,False,1.0,1.0,
FM 661-020 ,2025-05-01,False,5.0,0.0,1.0
FM 661-020 ,2025-06-01,False,5.0,0.0,0.0
FM 661-030 ,2024-06-01,True,0.0,0.0,
FM 661-030 ,2024-07-01,True,0.0,0.0,
FM 661-030 ,2024-08-01,True,0.0,0.0,
FM 661-030 ,2024-09-01,True,0.0,0.0,
FM 661-030 ,2024-10-01,True,0.0,2.0,
FM 661-030 ,2024-11-01,True,0.0,0.0,
FM 661-030 ,2024-12-01,True,0.0,0.0,
FM 661-030 ,2025-01-01,True,0.0,0.0,
FM 661-030 ,2025-02-01,True,2.0,0.0,
FM 661-030 ,2025-03-01,False,2.0,0.0,
FM 661-030 ,2025-04-01,False,2.0,0.0,
FM 661-030 ,2025-05-01,False,2.0,0.0,0.0
FM 661-030 ,2025-06-01,False,2.0,0.0,0.0
FM 661-040 ,2024-06-01,True,0.0,0.0,
FM 661-040 ,2024-07-01,True,0.0,0.0,
FM 661-040 ,2024-08-01,True,0.0,0.0,
FM 661-040 ,2024-09-01,True,0.0,0.0,
FM 661-040 ,2024-10-01,True,0.0,2.0,
FM 661-040 ,2024-11-01,True,0.0,0.0,
FM 661-040 ,2024-12-01,True,0.0,0.0,
FM 661-040 ,2025-01-01,True,0.0,0.0,
FM 661-040 ,2025-02-01,True,2.0,0.0,
FM 661-040 ,2025-03-01,False,2.0,0.0,
FM 661-040 ,2025-04-01,False,2.0,0.0,
FM 661-040 ,2025-05-01,False,2.0,0.0,0.0
FM 661-040 ,2025-06-01,False,2.0,0.0,0.0
FM 661-STD ,2024-06-01,True,0.0,0.0,
FM 661-STD ,2024-07-01,True,0.0,0.0,
FM 661-STD ,2024-08-01,True,0.0,0.0,
FM 661-STD ,2024-09-01,True,0.0,0.0,
FM 661-STD ,2024-10-01,True,2.0,0.0,
FM 661-STD ,2024-11-01,False,2.0,0.0,
FM 661-STD ,2024-12-01,False,1.0,1.0,
FM 661-STD ,2025-01-01,False,0.0,1.0,
FM 661-STD ,2025-02-01,True,0.0,0.0,
FM 661-STD ,2025-03-01,True,0.0,0.0,
FM 661-STD ,2025-04-01,True,0.0,0.0,
FM 661-STD ,2025-05-01,True,2.0,2.0,1.0
FM 661-STD ,2025-06-01,False,2.0,0.0,0.0
FM 672-STD ,2024-06-01,False,0.0,0.0,
FM 672-STD ,2024-07-01,True,0.0,0.0,
FM 672-STD ,2024-08-01,True,0.0,0.0,
FM 672-STD ,2024-09-01,True,0.0,0.0,
FM 672-STD ,2024-10-01,True,0.0,0.0,
FM 672-STD ,2024-11-01,True,0.0,0.0,
FM 672-STD ,2024-12-01,True,0.0,0.0,
FM 672-STD ,2025-01-01,True,0.0,0.0,
FM 672-STD ,2025-02-01,True,0.0,0.0,
FM 672-STD ,2025-03-01,True,0.0,1.0,
FM 672-STD ,2025-04-01,True,0.0,0.0,
FM 672-STD ,2025-05-01,True,0.0,0.0,0.0
FM 672-STD ,2025-06-01,True,0.0,0.0,0.0
FM 7141-25 ,2024-06-01,False,28.0,4.0,
FM 7141-25 ,2024-07-01,False,54.0,4.0,
FM 7141-25 ,2024-08-01,False,52.0,2.0,
FM 7141-25 ,2024-09-01,False,48.0,4.0,
FM 7141-25 ,2024-10-01,False,46.0,2.0,
FM 7141-25 ,2024-11-01,False,43.0,3.0,
FM 7141-25 ,2024-12-01,False,34.0,9.0,
FM 7141-25 ,2025-01-01,False,28.0,6.0,
FM 7141-25 ,2025-02-01,False,27.0,1.0,
FM 7141-25 ,2025-03-01,False,20.0,7.0,
FM 7141-25 ,2025-04-01,False,16.0,4.0,
FM 7141-25 ,2025-05-01,False,13.0,3.0,5.0
FM 7141-25 ,2025-06-01,False,12.0,1.0,3.0
FM 7141-50 ,2024-06-01,False,19.0,0.0,
FM 7141-50 ,2024-07-01,False,19.0,0.0,
FM 7141-50 ,2024-08-01,False,19.0,0.0,
FM 7141-50 ,2024-09-01,False,18.0,1.0,
FM 7141-50 ,2024-10-01,False,18.0,0.0,
FM 7141-50 ,2024-11-01,False,17.0,1.0,
FM 7141-50 ,2024-12-01,False,17.0,0.0,
FM 7141-50 ,2025-01-01,False,17.0,0.0,
FM 7141-50 ,2025-02-01,False,17.0,0.0,
FM 7141-50 ,2025-03-01,False,17.0,0.0,
FM 7141-50 ,2025-04-01,False,17.0,0.0,
FM 7141-50 ,2025-05-01,False,15.0,2.0,1.0
FM 7141-50 ,2025-06-01,False,15.0,0.0,0.0
FM 7141-STD ,2024-06-01,True,0.0,0.0,
FM 7141-STD ,2024-07-01,True,80.0,0.0,
FM 7141-STD ,2024-08-01,False,67.0,13.0,
FM 7141-STD ,2024-09-01,False,54.0,13.0,
FM 7141-STD ,2024-10-01,False,47.0,7.0,
FM 7141-STD ,2024-11-01,False,38.0,9.0,
FM 7141-STD ,2024-12-01,False,27.0,11.0,
FM 7141-STD ,2025-01-01,False,21.0,6.0,
FM 7141-STD ,2025-02-01,False,13.0,8.0,
FM 7141-STD ,2025-03-01,False,11.0,2.0,
FM 7141-STD ,2025-04-01,False,10.0,1.0,
FM 7141-STD ,2025-05-01,False,4.0,6.0,5.0
FM 7141-STD ,2025-06-01,True,2.0,3.0,5.0
FM 7211-010 ,2024-06-01,False,4.0,0.0,
FM 7211-010 ,2024-07-01,False,4.0,0.0,
FM 7211-010 ,2024-08-01,False,3.0,1.0,
FM 7211-010 ,2024-09-01,False,3.0,0.0,
FM 7211-010 ,2024-10-01,False,3.0,0.0,
FM 7211-010 ,2024-11-01,False,3.0,0.0,
FM 7211-010 ,2024-12-01,False,2.0,1.0,
FM 7211-010 ,2025-01-01,False,2.0,0.0,
FM 7211-010 ,2025-02-01,False,2.0,0.0,
FM 7211-010 ,2025-03-01,False,2.0,0.0,
FM 7211-010 ,2025-04-01,False,2.0,0.0,
FM 7211-010 ,2025-05-01,False,2.0,0.0,0.0
FM 7211-010 ,2025-06-01,False,2.0,0.0,0.0
FM 7250CH-STD ,2024-06-01,True,0.0,0.0,
FM 7250CH-STD ,2024-07-01,True,0.0,0.0,
FM 7250CH-STD ,2024-08-01,True,0.0,0.0,
FM 7250CH-STD ,2024-09-01,True,0.0,0.0,
FM 7250CH-STD ,2024-10-01,True,0.0,0.0,
FM 7250CH-STD ,2024-11-01,True,0.0,1.0,
FM 7250CH-STD ,2024-12-01,True,0.0,0.0,
FM 7250CH-STD ,2025-01-01,True,0.0,0.0,
FM 7250CH-STD ,2025-02-01,True,0.0,0.0,
FM 7250CH-STD ,2025-03-01,True,0.0,0.0,
FM 7250CH-STD ,2025-04-01,True,0.0,0.0,
FM 7250CH-STD ,2025-05-01,True,2.0,0.0,0.0
FM 7250CH-STD ,2025-06-01,False,2.0,0.0,0.0
FM 7289-25 ,2024-06-01,False,24.0,0.0,
FM 7289-25 ,2024-07-01,False,24.0,0.0,
FM 7289-25 ,2024-08-01,False,24.0,0.0,
FM 7289-25 ,2024-09-01,False,24.0,0.0,
FM 7289-25 ,2024-10-01,False,24.0,0.0,
FM 7289-25 ,2024-11-01,False,24.0,0.0,
FM 7289-25 ,2024-12-01,False,22.0,2.0,
FM 7289-25 ,2025-01-01,False,21.0,1.0,
FM 7289-25 ,2025-02-01,False,21.0,0.0,
FM 7289-25 ,2025-03-01,False,21.0,0.0,
FM 7289-25 ,2025-04-01,False,21.0,0.0,
FM 7289-25 ,2025-05-01,False,21.0,0.0,0.0
FM 7289-25 ,2025-06-01,False,21.0,0.0,0.0
FM 7289-STD ,2024-06-01,False,18.0,0.0,
FM 7289-STD ,2024-07-01,False,28.0,0.0,
FM 7289-STD ,2024-08-01,False,28.0,0.0,
FM 7289-STD ,2024-09-01,False,28.0,0.0,
FM 7289-STD ,2024-10-01,False,27.0,1.0,
FM 7289-STD ,2024-11-01,False,28.0,1.0,
FM 7289-STD ,2024-12-01,False,23.0,5.0,
FM 7289-STD ,2025-01-01,False,21.0,2.0,
FM 7289-STD ,2025-02-01,False,21.0,0.0,
FM 7289-STD ,2025-03-01,False,21.0,0.0,
FM 7289-STD ,2025-04-01,False,21.0,0.0,
FM 7289-STD ,2025-05-01,False,18.0,3.0,1.0
FM 7289-STD ,2025-06-01,False,18.0,0.0,1.0
FM 7296-25 ,2024-06-01,False,2.0,0.0,
FM 7296-25 ,2024-07-01,False,2.0,0.0,
FM 7296-25 ,2024-08-01,False,1.0,1.0,
FM 7296-25 ,2024-09-01,True,1.0,0.0,
FM 7296-25 ,2024-10-01,True,26.0,0.0,
FM 7296-25 ,2024-11-01,False,21.0,5.0,
FM 7296-25 ,2024-12-01,False,16.0,5.0,
FM 7296-25 ,2025-01-01,False,13.0,3.0,
FM 7296-25 ,2025-02-01,False,9.0,4.0,
FM 7296-25 ,2025-03-01,False,4.0,5.0,
FM 7296-25 ,2025-04-01,False,2.0,2.0,
FM 7296-25 ,2025-05-01,False,26.0,1.0,3.0
FM 7296-25 ,2025-06-01,False,26.0,0.0,2.0
FM 7296-50 ,2024-06-01,False,12.0,1.0,
FM 7296-50 ,2024-07-01,False,12.0,0.0,
FM 7296-50 ,2024-08-01,False,12.0,0.0,
FM 7296-50 ,2024-09-01,False,12.0,0.0,
FM 7296-50 ,2024-10-01,False,12.0,0.0,
FM 7296-50 ,2024-11-01,False,12.0,0.0,
FM 7296-50 ,2024-12-01,False,12.0,0.0,
FM 7296-50 ,2025-01-01,False,12.0,0.0,
FM 7296-50 ,2025-02-01,False,11.0,1.0,
FM 7296-50 ,2025-03-01,False,11.0,0.0,
FM 7296-50 ,2025-04-01,False,11.0,0.0,
FM 7296-50 ,2025-05-01,False,10.0,1.0,0.0
FM 7296-50 ,2025-06-01,False,10.0,0.0,0.0
FM 7296-STD ,2024-06-01,False,14.0,1.0,
FM 7296-STD ,2024-07-01,False,11.0,3.0,
FM 7296-STD ,2024-08-01,False,11.0,0.0,
FM 7296-STD ,2024-09-01,False,9.0,2.0,
FM 7296-STD ,2024-10-01,False,47.0,2.0,
FM 7296-STD ,2024-11-01,False,45.0,2.0,
FM 7296-STD ,2024-12-01,False,41.0,4.0,
FM 7296-STD ,2025-01-01,False,38.0,3.0,
FM 7296-STD ,2025-02-01,False,24.0,14.0,
FM 7296-STD ,2025-03-01,False,18.0,6.0,
FM 7296-STD ,2025-04-01,False,18.0,0.0,
FM 7296-STD ,2025-05-01,False,37.0,1.0,3.0
FM 7296-STD ,2025-06-01,False,37.0,0.0,2.0
FM 7298-010 ,2024-06-01,False,110.0,20.0,
FM 7298-010 ,2024-07-01,False,92.0,18.0,
FM 7298-010 ,2024-08-01,False,66.0,26.0,
FM 7298-010 ,2024-09-01,False,45.0,21.0,
FM 7298-010 ,2024-10-01,False,21.0,24.0,
FM 7298-010 ,2024-11-01,False,13.0,13.0,
FM 7298-010 ,2024-12-01,True,5.0,8.0,
FM 7298-010 ,2025-01-01,True,9.0,6.0,
FM 7298-010 ,2025-02-01,True,99.0,10.0,
FM 7298-010 ,2025-03-01,False,85.0,14.0,
FM 7298-010 ,2025-04-01,False,62.0,23.0,
FM 7298-010 ,2025-05-01,False,135.0,7.0,14.0
FM 7298-010 ,2025-06-01,False,130.0,5.0,12.0
FM 7298-020 ,2024-06-01,False,9.0,3.0,
FM 7298-020 ,2024-07-01,False,84.0,4.0,
FM 7298-020 ,2024-08-01,False,82.0,2.0,
FM 7298-020 ,2024-09-01,False,79.0,3.0,
FM 7298-020 ,2024-10-01,False,74.0,5.0,
FM 7298-020 ,2024-11-01,False,68.0,6.0,
FM 7298-020 ,2024-12-01,False,64.0,4.0,
FM 7298-020 ,2025-01-01,False,61.0,3.0,
FM 7298-020 ,2025-02-01,False,57.0,4.0,
FM 7298-020 ,2025-03-01,False,49.0,8.0,
FM 7298-020 ,2025-04-01,False,46.0,3.0,
FM 7298-020 ,2025-05-01,False,71.0,0.0,3.0
FM 7298-020 ,2025-06-01,False,71.0,0.0,3.0
FM 7298-STD ,2024-06-01,False,15.0,16.0,
FM 7298-STD ,2024-07-01,False,61.0,4.0,
FM 7298-STD ,2024-08-01,False,52.0,9.0,
FM 7298-STD ,2024-09-01,False,46.0,6.0,
FM 7298-STD ,2024-10-01,False,32.0,14.0,
FM 7298-STD ,2024-11-01,False,27.0,5.0,
FM 7298-STD ,2024-12-01,False,21.0,6.0,
FM 7298-STD ,2025-01-01,False,17.0,4.0,
FM 7298-STD ,2025-02-01,False,86.0,6.0,
FM 7298-STD ,2025-03-01,False,80.0,6.0,
FM 7298-STD ,2025-04-01,False,74.0,6.0,
FM 7298-STD ,2025-05-01,False,97.0,7.0,6.0
FM 7298-STD ,2025-06-01,False,96.0,1.0,6.0
FM 7385-010 ,2024-06-01,False,11.0,0.0,
FM 7385-010 ,2024-07-01,False,11.0,0.0,
FM 7385-010 ,2024-08-01,False,10.0,1.0,
FM 7385-010 ,2024-09-01,False,10.0,0.0,
FM 7385-010 ,2024-10-01,False,10.0,0.0,
FM 7385-010 ,2024-11-01,False,10.0,0.0,
FM 7385-010 ,2024-12-01,False,10.0,0.0,
FM 7385-010 ,2025-01-01,False,10.0,0.0,
FM 7385-010 ,2025-02-01,False,10.0,0.0,
FM 7385-010 ,2025-03-01,False,10.0,0.0,
FM 7385-010 ,2025-04-01,False,10.0,0.0,
FM 7385-010 ,2025-05-01,False,10.0,0.0,0.0
FM 7385-010 ,2025-06-01,False,10.0,0.0,0.0
FM 7388-010 ,2024-06-01,False,17.0,0.0,
FM 7388-010 ,2024-07-01,False,17.0,0.0,
FM 7388-010 ,2024-08-01,False,16.0,1.0,
FM 7388-010 ,2024-09-01,False,16.0,0.0,
FM 7388-010 ,2024-10-01,False,16.0,0.0,
FM 7388-010 ,2024-11-01,False,16.0,0.0,
FM 7388-010 ,2024-12-01,False,16.0,0.0,
FM 7388-010 ,2025-01-01,False,14.0,2.0,
FM 7388-010 ,2025-02-01,False,14.0,0.0,
FM 7388-010 ,2025-03-01,False,14.0,0.0,
FM 7388-010 ,2025-04-01,False,14.0,0.0,
FM 7388-010 ,2025-05-01,False,13.0,1.0,0.0
FM 7388-010 ,2025-06-01,False,13.0,0.0,1.0
FM 7388-020 ,2024-06-01,False,11.0,0.0,
FM 7388-020 ,2024-07-01,False,11.0,0.0,
FM 7388-020 ,2024-08-01,False,11.0,0.0,
FM 7388-020 ,2024-09-01,False,11.0,0.0,
FM 7388-020 ,2024-10-01,False,11.0,0.0,
FM 7388-020 ,2024-11-01,False,11.0,0.0,
FM 7388-020 ,2024-12-01,False,11.0,0.0,
FM 7388-020 ,2025-01-01,False,11.0,0.0,
FM 7388-020 ,2025-02-01,False,11.0,0.0,
FM 7388-020 ,2025-03-01,False,11.0,0.0,
FM 7388-020 ,2025-04-01,False,11.0,0.0,
FM 7388-020 ,2025-05-01,False,11.0,0.0,0.0
FM 7388-020 ,2025-06-01,False,10.0,1.0,1.0
FM 7388-STD ,2024-06-01,False,3.0,0.0,
FM 7388-STD ,2024-07-01,False,3.0,0.0,
FM 7388-STD ,2024-08-01,False,3.0,0.0,
FM 7388-STD ,2024-09-01,False,1.0,2.0,
FM 7388-STD ,2024-10-01,False,1.0,0.0,
FM 7388-STD ,2024-11-01,False,1.0,0.0,
FM 7388-STD ,2024-12-01,False,1.0,0.0,
FM 7388-STD ,2025-01-01,False,0.0,1.0,
FM 7388-STD ,2025-02-01,True,10.0,0.0,
FM 7388-STD ,2025-03-01,False,10.0,0.0,
FM 7388-STD ,2025-04-01,False,9.0,1.0,
FM 7388-STD ,2025-05-01,False,7.0,2.0,2.0
FM 7388-STD ,2025-06-01,False,6.0,1.0,1.0
FM 7445-25 ,2024-06-01,True,0.0,0.0,
FM 7445-25 ,2024-07-01,True,0.0,0.0,
FM 7445-25 ,2024-08-01,True,0.0,0.0,
FM 7445-25 ,2024-09-01,True,0.0,0.0,
FM 7445-25 ,2024-10-01,True,0.0,0.0,
FM 7445-25 ,2024-11-01,True,0.0,0.0,
FM 7445-25 ,2024-12-01,True,0.0,0.0,
FM 7445-25 ,2025-01-01,True,0.0,0.0,
FM 7445-25 ,2025-02-01,True,7.0,5.0,
FM 7445-25 ,2025-03-01,False,6.0,1.0,
FM 7445-25 ,2025-04-01,False,6.0,0.0,
FM 7445-25 ,2025-05-01,False,4.0,2.0,2.0
FM 7445-25 ,2025-06-01,False,3.0,1.0,1.0
FM 7445-STD ,2024-06-01,True,0.0,0.0,
FM 7445-STD ,2024-07-01,True,10.0,0.0,
FM 7445-STD ,2024-08-01,False,10.0,0.0,
FM 7445-STD ,2024-09-01,False,5.0,5.0,
FM 7445-STD ,2024-10-01,False,1.0,4.0,
FM 7445-STD ,2024-11-01,True,1.0,0.0,
FM 7445-STD ,2024-12-01,True,1.0,0.0,
FM 7445-STD ,2025-01-01,True,0.0,1.0,
FM 7445-STD ,2025-02-01,True,6.0,4.0,
FM 7445-STD ,2025-03-01,False,5.0,1.0,
FM 7445-STD ,2025-04-01,False,5.0,0.0,
FM 7445-STD ,2025-05-01,False,3.0,2.0,2.0
FM 7445-STD ,2025-06-01,False,1.0,2.0,1.0
FM 811-030 ,2024-06-01,False,4.0,0.0,
FM 811-030 ,2024-07-01,False,4.0,0.0,
FM 811-030 ,2024-08-01,False,3.0,1.0,
FM 811-030 ,2024-09-01,False,2.0,1.0,
FM 811-030 ,2024-10-01,False,2.0,0.0,
FM 811-030 ,2024-11-01,False,2.0,0.0,
FM 811-030 ,2024-12-01,False,1.0,1.0,
FM 811-030 ,2025-01-01,False,1.0,0.0,
FM 811-030 ,2025-02-01,False,1.0,0.0,
FM 811-030 ,2025-03-01,False,1.0,0.0,
FM 811-030 ,2025-04-01,False,1.0,0.0,
FM 811-030 ,2025-05-01,False,1.0,0.0,0.0
FM 811-030 ,2025-06-01,False,1.0,0.0,0.0
FM 811-040 ,2024-06-01,False,7.0,1.0,
FM 811-040 ,2024-07-01,False,11.0,0.0,
FM 811-040 ,2024-08-01,False,11.0,0.0,
FM 811-040 ,2024-09-01,False,11.0,0.0,
FM 811-040 ,2024-10-01,False,11.0,0.0,
FM 811-040 ,2024-11-01,False,11.0,0.0,
FM 811-040 ,2024-12-01,False,11.0,0.0,
FM 811-040 ,2025-01-01,False,11.0,0.0,
FM 811-040 ,2025-02-01,False,11.0,0.0,
FM 811-040 ,2025-03-01,False,11.0,0.0,
FM 811-040 ,2025-04-01,False,11.0,0.0,
FM 811-040 ,2025-05-01,False,11.0,0.0,0.0
FM 811-040 ,2025-06-01,False,11.0,0.0,0.0
FM 811-STD ,2024-06-01,False,6.0,0.0,
FM 811-STD ,2024-07-01,False,6.0,0.0,
FM 811-STD ,2024-08-01,False,6.0,0.0,
FM 811-STD ,2024-09-01,False,6.0,0.0,
FM 811-STD ,2024-10-01,False,6.0,0.0,
FM 811-STD ,2024-11-01,False,6.0,0.0,
FM 811-STD ,2024-12-01,False,5.0,1.0,
FM 811-STD ,2025-01-01,False,5.0,0.0,
FM 811-STD ,2025-02-01,False,5.0,0.0,
FM 811-STD ,2025-03-01,False,3.0,2.0,
FM 811-STD ,2025-04-01,False,3.0,0.0,
FM 811-STD ,2025-05-01,False,3.0,0.0,0.0
FM 811-STD ,2025-06-01,False,3.0,0.0,0.0
FM 815-020 ,2024-06-01,False,3.0,0.0,
FM 815-020 ,2024-07-01,False,3.0,0.0,
FM 815-020 ,2024-08-01,False,3.0,0.0,
FM 815-020 ,2024-09-01,False,3.0,0.0,
FM 815-020 ,2024-10-01,False,3.0,0.0,
FM 815-020 ,2024-11-01,False,3.0,0.0,
FM 815-020 ,2024-12-01,False,2.0,1.0,
FM 815-020 ,2025-01-01,False,1.0,1.0,
FM 815-020 ,2025-02-01,False,1.0,0.0,
FM 815-020 ,2025-03-01,False,0.0,1.0,
FM 815-020 ,2025-04-01,True,0.0,0.0,
FM 815-020 ,2025-05-01,True,0.0,0.0,0.0
FM 815-020 ,2025-06-01,True,0.0,0.0,0.0
FM 829-50 ,2024-06-01,False,1.0,0.0,
FM 829-50 ,2024-07-01,False,1.0,0.0,
FM 829-50 ,2024-08-01,False,1.0,0.0,
FM 829-50 ,2024-09-01,False,0.0,1.0,
FM 829-50 ,2024-10-01,True,0.0,0.0,
FM 829-50 ,2024-11-01,True,0.0,0.0,
FM 829-50 ,2024-12-01,True,0.0,0.0,
FM 829-50 ,2025-01-01,True,0.0,0.0,
FM 829-50 ,2025-02-01,True,0.0,0.0,
FM 829-50 ,2025-03-01,True,0.0,0.0,
FM 829-50 ,2025-04-01,True,0.0,0.0,
FM 829-50 ,2025-05-01,True,0.0,0.0,0.0
FM 829-50 ,2025-06-01,True,0.0,0.0,0.0
FM 857-75 ,2024-06-01,True,0.0,1.0,
FM 857-75 ,2024-07-01,True,0.0,0.0,
FM 857-75 ,2024-08-01,True,0.0,0.0,
FM 857-75 ,2024-09-01,True,0.0,0.0,
FM 857-75 ,2024-10-01,True,0.0,0.0,
FM 857-75 ,2024-11-01,True,0.0,1.0,
FM 857-75 ,2024-12-01,True,0.0,0.0,
FM 857-75 ,2025-01-01,True,0.0,0.0,
FM 857-75 ,2025-02-01,True,2.0,0.0,
FM 857-75 ,2025-03-01,False,2.0,0.0,
FM 857-75 ,2025-04-01,False,2.0,0.0,
FM 857-75 ,2025-05-01,False,2.0,0.0,0.0
FM 857-75 ,2025-06-01,False,2.0,0.0,0.0
FM 868-STD ,2024-06-01,False,2.0,0.0,
FM 868-STD ,2024-07-01,False,2.0,0.0,
FM 868-STD ,2024-08-01,False,2.0,0.0,
FM 868-STD ,2024-09-01,False,1.0,1.0,
FM 868-STD ,2024-10-01,False,1.0,0.0,
FM 868-STD ,2024-11-01,False,1.0,0.0,
FM 868-STD ,2024-12-01,False,1.0,0.0,
FM 868-STD ,2025-01-01,False,1.0,0.0,
FM 868-STD ,2025-02-01,False,1.0,0.0,
FM 868-STD ,2025-03-01,False,1.0,0.0,
FM 868-STD ,2025-04-01,False,1.0,0.0,
FM 868-STD ,2025-05-01,False,1.0,0.0,0.0
FM 868-STD ,2025-06-01,False,1.0,0.0,0.0
FM 889-50 ,2024-06-01,False,1.0,0.0,
FM 889-50 ,2024-07-01,False,1.0,0.0,
FM 889-50 ,2024-08-01,False,1.0,0.0,
FM 889-50 ,2024-09-01,False,1.0,0.0,
FM 889-50 ,2024-10-01,False,1.0,0.0,
FM 889-50 ,2024-11-01,False,1.0,0.0,
FM 889-50 ,2024-12-01,False,1.0,0.0,
FM 889-50 ,2025-01-01,False,1.0,0.0,
FM 889-50 ,2025-02-01,False,1.0,0.0,
FM 889-50 ,2025-03-01,False,1.0,0.0,
FM 889-50 ,2025-04-01,False,0.0,1.0,
FM 889-50 ,2025-05-01,True,0.0,0.0,0.0
FM 889-50 ,2025-06-01,True,0.0,0.0,0.0
FM 909-020 ,2024-06-01,False,4.0,0.0,
FM 909-020 ,2024-07-01,False,4.0,0.0,
FM 909-020 ,2024-08-01,False,4.0,0.0,
FM 909-020 ,2024-09-01,False,4.0,0.0,
FM 909-020 ,2024-10-01,False,4.0,1.0,
FM 909-020 ,2024-11-01,False,4.0,0.0,
FM 909-020 ,2024-12-01,False,4.0,0.0,
FM 909-020 ,2025-01-01,False,4.0,0.0,
FM 909-020 ,2025-02-01,False,4.0,0.0,
FM 909-020 ,2025-03-01,False,4.0,0.0,
FM 909-020 ,2025-04-01,False,4.0,0.0,
FM 909-020 ,2025-05-01,False,4.0,0.0,0.0
FM 909-020 ,2025-06-01,False,4.0,0.0,0.0
FM E-1023K-50 ,2024-06-01,False,3.0,0.0,
FM E-1023K-50 ,2024-07-01,False,2.0,1.0,
FM E-1023K-50 ,2024-08-01,False,2.0,0.0,
FM E-1023K-50 ,2024-09-01,False,2.0,0.0,
FM E-1023K-50 ,2024-10-01,False,2.0,0.0,
FM E-1023K-50 ,2024-11-01,False,2.0,0.0,
FM E-1023K-50 ,2024-12-01,False,2.0,0.0,
FM E-1023K-50 ,2025-01-01,False,2.0,0.0,
FM E-1023K-50 ,2025-02-01,False,2.0,0.0,
FM E-1023K-50 ,2025-03-01,False,2.0,0.0,
FM E-1023K-50 ,2025-04-01,False,2.0,0.0,
FM E-1023K-50 ,2025-05-01,False,2.0,0.0,0.0
FM E-1023K-50 ,2025-06-01,False,2.0,0.0,0.0
FM E-1023K-STD ,2024-06-01,False,1.0,5.0,
FM E-1023K-STD ,2024-07-01,True,1.0,0.0,
FM E-1023K-STD ,2024-08-01,True,0.0,1.0,
FM E-1023K-STD ,2024-09-01,True,1.0,2.0,
FM E-1023K-STD ,2024-10-01,True,0.0,1.0,
FM E-1023K-STD ,2024-11-01,True,0.0,0.0,
FM E-1023K-STD ,2024-12-01,True,0.0,0.0,
FM E-1023K-STD ,2025-01-01,True,0.0,0.0,
FM E-1023K-STD ,2025-02-01,True,12.0,13.0,
FM E-1023K-STD ,2025-03-01,False,10.0,2.0,
FM E-1023K-STD ,2025-04-01,False,10.0,0.0,
FM E-1023K-STD ,2025-05-01,False,9.0,1.0,2.0
FM E-1023K-STD ,2025-06-01,False,9.0,0.0,3.0
FM E-1034K-50 ,2024-06-01,False,2.0,0.0,
FM E-1034K-50 ,2024-07-01,False,2.0,0.0,
FM E-1034K-50 ,2024-08-01,False,2.0,0.0,
FM E-1034K-50 ,2024-09-01,False,2.0,0.0,
FM E-1034K-50 ,2024-10-01,False,2.0,0.0,
FM E-1034K-50 ,2024-11-01,False,2.0,0.0,
FM E-1034K-50 ,2024-12-01,False,2.0,0.0,
FM E-1034K-50 ,2025-01-01,False,2.0,0.0,
FM E-1034K-50 ,2025-02-01,False,2.0,0.0,
FM E-1034K-50 ,2025-03-01,False,2.0,0.0,
FM E-1034K-50 ,2025-04-01,False,2.0,0.0,
FM E-1034K-50 ,2025-05-01,False,2.0,0.0,1.0
FM E-1034K-50 ,2025-06-01,False,0.0,2.0,2.0
FM E-1034K-STD ,2024-06-01,True,0.0,0.0,
FM E-1034K-STD ,2024-07-01,True,10.0,0.0,
FM E-1034K-STD ,2024-08-01,False,9.0,1.0,
FM E-1034K-STD ,2024-09-01,False,9.0,0.0,
FM E-1034K-STD ,2024-10-01,False,9.0,0.0,
FM E-1034K-STD ,2024-11-01,False,9.0,0.0,
FM E-1034K-STD ,2024-12-01,False,8.0,1.0,
FM E-1034K-STD ,2025-01-01,False,1.0,7.0,
FM E-1034K-STD ,2025-02-01,False,0.0,1.0,
FM E-1034K-STD ,2025-03-01,True,0.0,0.0,
FM E-1034K-STD ,2025-04-01,True,0.0,0.0,
FM E-1034K-STD ,2025-05-01,True,0.0,0.0,1.0
FM E-1034K-STD ,2025-06-01,True,0.0,0.0,0.0
FM E-233-020 ,2024-06-01,False,9.0,0.0,
FM E-233-020 ,2024-07-01,False,9.0,0.0,
FM E-233-020 ,2024-08-01,False,9.0,0.0,
FM E-233-020 ,2024-09-01,False,9.0,0.0,
FM E-233-020 ,2024-10-01,False,3.0,5.0,
FM E-233-020 ,2024-11-01,False,3.0,0.0,
FM E-233-020 ,2024-12-01,False,2.0,1.0,
FM E-233-020 ,2025-01-01,False,2.0,0.0,
FM E-233-020 ,2025-02-01,False,4.0,0.0,
FM E-233-020 ,2025-03-01,False,4.0,0.0,
FM E-233-020 ,2025-04-01,False,0.0,4.0,
FM E-233-020 ,2025-05-01,True,10.0,0.0,0.0
FM E-233-020 ,2025-06-01,False,10.0,0.0,1.0
FM E-233-030 ,2024-06-01,False,9.0,0.0,
FM E-233-030 ,2024-07-01,False,9.0,0.0,
FM E-233-030 ,2024-08-01,False,9.0,0.0,
FM E-233-030 ,2024-09-01,False,9.0,0.0,
FM E-233-030 ,2024-10-01,False,7.0,2.0,
FM E-233-030 ,2024-11-01,False,7.0,0.0,
FM E-233-030 ,2024-12-01,False,6.0,1.0,
FM E-233-030 ,2025-01-01,False,6.0,0.0,
FM E-233-030 ,2025-02-01,False,12.0,0.0,
FM E-233-030 ,2025-03-01,False,12.0,0.0,
FM E-233-030 ,2025-04-01,False,10.0,2.0,
FM E-233-030 ,2025-05-01,False,10.0,0.0,1.0
FM E-233-030 ,2025-06-01,False,10.0,0.0,1.0
FM E-233-040 ,2024-06-01,False,8.0,0.0,
FM E-233-040 ,2024-07-01,False,8.0,0.0,
FM E-233-040 ,2024-08-01,False,8.0,0.0,
FM E-233-040 ,2024-09-01,False,8.0,0.0,
FM E-233-040 ,2024-10-01,False,6.0,2.0,
FM E-233-040 ,2024-11-01,False,6.0,0.0,
FM E-233-040 ,2024-12-01,False,6.0,0.0,
FM E-233-040 ,2025-01-01,False,6.0,0.0,
FM E-233-040 ,2025-02-01,False,14.0,0.0,
FM E-233-040 ,2025-03-01,False,14.0,0.0,
FM E-233-040 ,2025-04-01,False,13.0,1.0,
FM E-233-040 ,2025-05-01,False,13.0,0.0,0.0
FM E-233-040 ,2025-06-01,False,13.0,0.0,0.0
FM E-233-STD ,2024-06-01,True,0.0,0.0,
FM E-233-STD ,2024-07-01,True,0.0,0.0,
FM E-233-STD ,2024-08-01,True,0.0,0.0,
FM E-233-STD ,2024-09-01,True,0.0,0.0,
FM E-233-STD ,2024-10-01,True,0.0,0.0,
FM E-233-STD ,2024-11-01,True,0.0,0.0,
FM E-233-STD ,2024-12-01,True,0.0,0.0,
FM E-233-STD ,2025-01-01,True,0.0,0.0,
FM E-233-STD ,2025-02-01,True,4.0,0.0,
FM E-233-STD ,2025-03-01,False,3.0,1.0,
FM E-233-STD ,2025-04-01,False,3.0,0.0,
FM E-233-STD ,2025-05-01,False,3.0,0.0,0.0
FM E-233-STD ,2025-06-01,False,3.0,0.0,0.0
FM E-251-020 ,2024-06-01,False,8.0,1.0,
FM E-251-020 ,2024-07-01,False,27.0,1.0,
FM E-251-020 ,2024-08-01,False,25.0,2.0,
FM E-251-020 ,2024-09-01,False,24.0,1.0,
FM E-251-020 ,2024-10-01,False,23.0,1.0,
FM E-251-020 ,2024-11-01,False,21.0,2.0,
FM E-251-020 ,2024-12-01,False,20.0,1.0,
FM E-251-020 ,2025-01-01,False,18.0,2.0,
FM E-251-020 ,2025-02-01,False,18.0,0.0,
FM E-251-020 ,2025-03-01,False,16.0,2.0,
FM E-251-020 ,2025-04-01,False,16.0,0.0,
FM E-251-020 ,2025-05-01,False,14.0,2.0,1.0
FM E-251-020 ,2025-06-01,False,13.0,1.0,1.0
FM E-251-030 ,2024-06-01,False,5.0,0.0,
FM E-251-030 ,2024-07-01,False,5.0,0.0,
FM E-251-030 ,2024-08-01,False,4.0,1.0,
FM E-251-030 ,2024-09-01,False,4.0,0.0,
FM E-251-030 ,2024-10-01,False,9.0,0.0,
FM E-251-030 ,2024-11-01,False,8.0,1.0,
FM E-251-030 ,2024-12-01,False,8.0,0.0,
FM E-251-030 ,2025-01-01,False,7.0,1.0,
FM E-251-030 ,2025-02-01,False,11.0,1.0,
FM E-251-030 ,2025-03-01,False,9.0,2.0,
FM E-251-030 ,2025-04-01,False,9.0,0.0,
FM E-251-030 ,2025-05-01,False,2.0,7.0,2.0
FM E-251-030 ,2025-06-01,False,2.0,0.0,1.0
FM E-251-040 ,2024-06-01,True,0.0,0.0,
FM E-251-040 ,2024-07-01,True,20.0,0.0,
FM E-251-040 ,2024-08-01,False,20.0,0.0,
FM E-251-040 ,2024-09-01,False,18.0,2.0,
FM E-251-040 ,2024-10-01,False,18.0,0.0,
FM E-251-040 ,2024-11-01,False,18.0,0.0,
FM E-251-040 ,2024-12-01,False,18.0,0.0,
FM E-251-040 ,2025-01-01,False,18.0,0.0,
FM E-251-040 ,2025-02-01,False,17.0,1.0,
FM E-251-040 ,2025-03-01,False,13.0,4.0,
FM E-251-040 ,2025-04-01,False,10.0,3.0,
FM E-251-040 ,2025-05-01,False,9.0,1.0,2.0
FM E-251-040 ,2025-06-01,False,9.0,0.0,2.0
FM E-251-060 ,2024-06-01,True,0.0,0.0,
FM E-251-060 ,2024-07-01,True,0.0,0.0,
FM E-251-060 ,2024-08-01,True,0.0,0.0,
FM E-251-060 ,2024-09-01,True,0.0,0.0,
FM E-251-060 ,2024-10-01,True,4.0,0.0,
FM E-251-060 ,2024-11-01,False,4.0,0.0,
FM E-251-060 ,2024-12-01,False,4.0,0.0,
FM E-251-060 ,2025-01-01,False,4.0,0.0,
FM E-251-060 ,2025-02-01,False,4.0,0.0,
FM E-251-060 ,2025-03-01,False,4.0,0.0,
FM E-251-060 ,2025-04-01,False,4.0,0.0,
FM E-251-060 ,2025-05-01,False,2.0,2.0,0.0
FM E-251-060 ,2025-06-01,False,2.0,0.0,0.0
FM E-251-STD ,2024-06-01,False,16.0,0.0,
FM E-251-STD ,2024-07-01,False,36.0,0.0,
FM E-251-STD ,2024-08-01,False,36.0,0.0,
FM E-251-STD ,2024-09-01,False,36.0,0.0,
FM E-251-STD ,2024-10-01,False,36.0,0.0,
FM E-251-STD ,2024-11-01,False,36.0,0.0,
FM E-251-STD ,2024-12-01,False,36.0,0.0,
FM E-251-STD ,2025-01-01,False,36.0,0.0,
FM E-251-STD ,2025-02-01,False,36.0,0.0,
FM E-251-STD ,2025-03-01,False,36.0,0.0,
FM E-251-STD ,2025-04-01,False,36.0,0.0,
FM E-251-STD ,2025-05-01,False,35.0,1.0,0.0
FM E-251-STD ,2025-06-01,False,35.0,0.0,0.0
FM E-259-030 ,2024-06-01,False,5.0,0.0,
FM E-259-030 ,2024-07-01,False,5.0,0.0,
FM E-259-030 ,2024-08-01,False,5.0,0.0,
FM E-259-030 ,2024-09-01,False,5.0,0.0,
FM E-259-030 ,2024-10-01,False,5.0,0.0,
FM E-259-030 ,2024-11-01,False,5.0,0.0,
FM E-259-030 ,2024-12-01,False,5.0,0.0,
FM E-259-030 ,2025-01-01,False,5.0,0.0,
FM E-259-030 ,2025-02-01,False,5.0,0.0,
FM E-259-030 ,2025-03-01,False,4.0,1.0,
FM E-259-030 ,2025-04-01,False,4.0,0.0,
FM E-259-030 ,2025-05-01,False,4.0,0.0,0.0
FM E-259-030 ,2025-06-01,False,4.0,0.0,0.0
FM E-297-030 ,2024-06-01,True,0.0,0.0,
FM E-297-030 ,2024-07-01,True,0.0,10.0,
FM E-297-030 ,2024-08-01,True,0.0,0.0,
FM E-297-030 ,2024-09-01,True,0.0,0.0,
FM E-297-030 ,2024-10-01,True,0.0,0.0,
FM E-297-030 ,2024-11-01,True,0.0,0.0,
FM E-297-030 ,2024-12-01,True,0.0,0.0,
FM E-297-030 ,2025-01-01,True,0.0,0.0,
FM E-297-030 ,2025-02-01,True,0.0,0.0,
FM E-297-030 ,2025-03-01,True,0.0,0.0,
FM E-297-030 ,2025-04-01,True,0.0,0.0,
FM E-297-030 ,2025-05-01,True,0.0,0.0,1.0
FM E-297-030 ,2025-06-01,True,0.0,0.0,0.0
FM E-297-STD ,2024-06-01,True,0.0,0.0,
FM E-297-STD ,2024-07-01,True,0.0,10.0,
FM E-297-STD ,2024-08-01,True,0.0,0.0,
FM E-297-STD ,2024-09-01,True,0.0,0.0,
FM E-297-STD ,2024-10-01,True,0.0,0.0,
FM E-297-STD ,2024-11-01,True,0.0,0.0,
FM E-297-STD ,2024-12-01,True,0.0,0.0,
FM E-297-STD ,2025-01-01,True,0.0,0.0,
FM E-297-STD ,2025-02-01,True,0.0,0.0,
FM E-297-STD ,2025-03-01,True,0.0,0.0,
FM E-297-STD ,2025-04-01,True,0.0,0.0,
FM E-297-STD ,2025-05-01,True,0.0,0.0,1.0
FM E-297-STD ,2025-06-01,True,0.0,0.0,0.0
FM E-377-STD ,2024-06-01,False,2.0,0.0,
FM E-377-STD ,2024-07-01,False,7.0,0.0,
FM E-377-STD ,2024-08-01,False,6.0,1.0,
FM E-377-STD ,2024-09-01,False,6.0,0.0,
FM E-377-STD ,2024-10-01,False,5.0,1.0,
FM E-377-STD ,2024-11-01,False,5.0,0.0,
FM E-377-STD ,2024-12-01,False,5.0,0.0,
FM E-377-STD ,2025-01-01,False,5.0,0.0,
FM E-377-STD ,2025-02-01,False,4.0,1.0,
FM E-377-STD ,2025-03-01,False,3.0,1.0,
FM E-377-STD ,2025-04-01,False,3.0,0.0,
FM E-377-STD ,2025-05-01,False,3.0,0.0,0.0
FM E-377-STD ,2025-06-01,False,3.0,0.0,0.0
FM E-530-STD ,2024-06-01,False,2.0,0.0,
FM E-530-STD ,2024-07-01,False,2.0,0.0,
FM E-530-STD ,2024-08-01,False,2.0,0.0,
FM E-530-STD ,2024-09-01,False,2.0,0.0,
FM E-530-STD ,2024-10-01,False,2.0,0.0,
FM E-530-STD ,2024-11-01,False,2.0,0.0,
FM E-530-STD ,2024-12-01,False,2.0,0.0,
FM E-530-STD ,2025-01-01,False,2.0,0.0,
FM E-530-STD ,2025-02-01,False,2.0,0.0,
FM E-530-STD ,2025-03-01,False,2.0,0.0,
FM E-530-STD ,2025-04-01,False,2.0,0.0,
FM E-530-STD ,2025-05-01,False,2.0,0.0,1.0
FM E-530-STD ,2025-06-01,False,1.0,1.0,0.0
FM E-538-75 ,2024-06-01,False,0.0,0.0,
FM E-538-75 ,2024-07-01,True,0.0,0.0,
FM E-538-75 ,2024-08-01,True,0.0,0.0,
FM E-538-75 ,2024-09-01,True,0.0,0.0,
FM E-538-75 ,2024-10-01,True,0.0,0.0,
FM E-538-75 ,2024-11-01,True,0.0,0.0,
FM E-538-75 ,2024-12-01,True,0.0,0.0,
FM E-538-75 ,2025-01-01,True,0.0,0.0,
FM E-538-75 ,2025-02-01,True,0.0,0.0,
FM E-538-75 ,2025-03-01,True,0.0,1.0,
FM E-538-75 ,2025-04-01,True,0.0,0.0,
FM E-538-75 ,2025-05-01,True,0.0,0.0,0.0
FM E-538-75 ,2025-06-01,True,0.0,0.0,0.0
FM E-916-50 ,2024-06-01,False,5.0,0.0,
FM E-916-50 ,2024-07-01,False,5.0,0.0,
FM E-916-50 ,2024-08-01,False,5.0,0.0,
FM E-916-50 ,2024-09-01,False,5.0,0.0,
FM E-916-50 ,2024-10-01,False,5.0,0.0,
FM E-916-50 ,2024-11-01,False,5.0,0.0,
FM E-916-50 ,2024-12-01,False,5.0,0.0,
FM E-916-50 ,2025-01-01,False,5.0,0.0,
FM E-916-50 ,2025-02-01,False,5.0,0.0,
FM E-916-50 ,2025-03-01,False,5.0,0.0,
FM E-916-50 ,2025-04-01,False,4.0,1.0,
FM E-916-50 ,2025-05-01,False,4.0,0.0,0.0
FM E-916-50 ,2025-06-01,False,4.0,0.0,0.0
FM E-916-75 ,2024-06-01,False,6.0,0.0,
FM E-916-75 ,2024-07-01,False,6.0,0.0,
FM E-916-75 ,2024-08-01,False,6.0,0.0,
FM E-916-75 ,2024-09-01,False,6.0,0.0,
FM E-916-75 ,2024-10-01,False,5.0,1.0,
FM E-916-75 ,2024-11-01,False,5.0,0.0,
FM E-916-75 ,2024-12-01,False,5.0,0.0,
FM E-916-75 ,2025-01-01,False,5.0,0.0,
FM E-916-75 ,2025-02-01,False,5.0,0.0,
FM E-916-75 ,2025-03-01,False,5.0,0.0,
FM E-916-75 ,2025-04-01,False,5.0,0.0,
FM E-916-75 ,2025-05-01,False,5.0,0.0,0.0
FM E-916-75 ,2025-06-01,False,5.0,0.0,0.0
FM E-916-STD ,2024-06-01,True,0.0,0.0,
FM E-916-STD ,2024-07-01,True,70.0,0.0,
FM E-916-STD ,2024-08-01,False,68.0,2.0,
FM E-916-STD ,2024-09-01,False,64.0,4.0,
FM E-916-STD ,2024-10-01,False,111.0,3.0,
FM E-916-STD ,2024-11-01,False,104.0,7.0,
FM E-916-STD ,2024-12-01,False,98.0,6.0,
FM E-916-STD ,2025-01-01,False,89.0,9.0,
FM E-916-STD ,2025-02-01,False,86.0,3.0,
FM E-916-STD ,2025-03-01,False,81.0,5.0,
FM E-916-STD ,2025-04-01,False,77.0,4.0,
FM E-916-STD ,2025-05-01,False,72.0,5.0,4.0
FM E-916-STD ,2025-06-01,False,69.0,3.0,4.0
FM E-921-020 ,2024-06-01,False,6.0,1.0,
FM E-921-020 ,2024-07-01,False,5.0,1.0,
FM E-921-020 ,2024-08-01,False,2.0,3.0,
FM E-921-020 ,2024-09-01,False,2.0,0.0,
FM E-921-020 ,2024-10-01,False,2.0,0.0,
FM E-921-020 ,2024-11-01,False,2.0,0.0,
FM E-921-020 ,2024-12-01,False,2.0,0.0,
FM E-921-020 ,2025-01-01,False,1.0,1.0,
FM E-921-020 ,2025-02-01,False,7.0,0.0,
FM E-921-020 ,2025-03-01,False,6.0,1.0,
FM E-921-020 ,2025-04-01,False,6.0,0.0,
FM E-921-020 ,2025-05-01,False,6.0,0.0,0.0
FM E-921-020 ,2025-06-01,False,6.0,0.0,0.0
FM E-921-030 ,2024-06-01,False,1.0,1.0,
FM E-921-030 ,2024-07-01,False,1.0,0.0,
FM E-921-030 ,2024-08-01,False,1.0,0.0,
FM E-921-030 ,2024-09-01,False,1.0,0.0,
FM E-921-030 ,2024-10-01,False,1.0,0.0,
FM E-921-030 ,2024-11-01,False,1.0,0.0,
FM E-921-030 ,2024-12-01,False,1.0,0.0,
FM E-921-030 ,2025-01-01,False,1.0,0.0,
FM E-921-030 ,2025-02-01,False,5.0,0.0,
FM E-921-030 ,2025-03-01,False,5.0,0.0,
FM E-921-030 ,2025-04-01,False,5.0,0.0,
FM E-921-030 ,2025-05-01,False,5.0,0.0,0.0
FM E-921-030 ,2025-06-01,False,5.0,0.0,0.0
FM E-921-STD ,2024-06-01,False,36.0,3.0,
FM E-921-STD ,2024-07-01,False,33.0,3.0,
FM E-921-STD ,2024-08-01,False,28.0,5.0,
FM E-921-STD ,2024-09-01,False,25.0,3.0,
FM E-921-STD ,2024-10-01,False,23.0,2.0,
FM E-921-STD ,2024-11-01,False,11.0,12.0,
FM E-921-STD ,2024-12-01,False,5.0,6.0,
FM E-921-STD ,2025-01-01,False,3.0,2.0,
FM E-921-STD ,2025-02-01,True,0.0,3.0,
FM E-921-STD ,2025-03-01,True,1.0,0.0,
FM E-921-STD ,2025-04-01,True,0.0,1.0,
FM E-921-STD ,2025-05-01,True,59.0,1.0,5.0
FM E-921-STD ,2025-06-01,False,59.0,0.0,2.0
FM E-925-STD ,2024-06-01,False,10.0,0.0,
FM E-925-STD ,2024-07-01,False,10.0,0.0,
FM E-925-STD ,2024-08-01,False,10.0,0.0,
FM E-925-STD ,2024-09-01,False,10.0,0.0,
FM E-925-STD ,2024-10-01,False,10.0,0.0,
FM E-925-STD ,2024-11-01,False,10.0,0.0,
FM E-925-STD ,2024-12-01,False,10.0,0.0,
FM E-925-STD ,2025-01-01,False,9.0,1.0,
FM E-925-STD ,2025-02-01,False,9.0,0.0,
FM E-925-STD ,2025-03-01,False,9.0,0.0,
FM E-925-STD ,2025-04-01,False,9.0,0.0,
FM E-925-STD ,2025-05-01,False,9.0,0.0,0.0
FM E-925-STD ,2025-06-01,False,9.0,0.0,0.0
FM E-937-50 ,2024-06-01,False,9.0,0.0,
FM E-937-50 ,2024-07-01,False,8.0,1.0,
FM E-937-50 ,2024-08-01,False,7.0,1.0,
FM E-937-50 ,2024-09-01,False,7.0,0.0,
FM E-937-50 ,2024-10-01,False,6.0,1.0,
FM E-937-50 ,2024-11-01,False,6.0,0.0,
FM E-937-50 ,2024-12-01,False,6.0,0.0,
FM E-937-50 ,2025-01-01,False,6.0,0.0,
FM E-937-50 ,2025-02-01,False,6.0,0.0,
FM E-937-50 ,2025-03-01,False,6.0,0.0,
FM E-937-50 ,2025-04-01,False,6.0,0.0,
FM E-937-50 ,2025-05-01,False,6.0,0.0,0.0
FM E-937-50 ,2025-06-01,False,6.0,0.0,0.0
FM E-937-STD ,2024-06-01,False,36.0,8.0,
FM E-937-STD ,2024-07-01,False,26.0,10.0,
FM E-937-STD ,2024-08-01,False,25.0,1.0,
FM E-937-STD ,2024-09-01,False,19.0,6.0,
FM E-937-STD ,2024-10-01,False,12.0,7.0,
FM E-937-STD ,2024-11-01,False,8.0,4.0,
FM E-937-STD ,2024-12-01,False,0.0,8.0,
FM E-937-STD ,2025-01-01,True,0.0,0.0,
FM E-937-STD ,2025-02-01,True,46.0,4.0,
FM E-937-STD ,2025-03-01,False,43.0,3.0,
FM E-937-STD ,2025-04-01,False,42.0,1.0,
FM E-937-STD ,2025-05-01,False,39.0,3.0,3.0
FM E-937-STD ,2025-06-01,False,36.0,3.0,2.0
FM E-938-STD ,2024-06-01,False,32.0,0.0,
FM E-938-STD ,2024-07-01,False,31.0,1.0,
FM E-938-STD ,2024-08-01,False,31.0,0.0,
FM E-938-STD ,2024-09-01,False,28.0,3.0,
FM E-938-STD ,2024-10-01,False,28.0,0.0,
FM E-938-STD ,2024-11-01,False,27.0,1.0,
FM E-938-STD ,2024-12-01,False,27.0,0.0,
FM E-938-STD ,2025-01-01,False,26.0,1.0,
FM E-938-STD ,2025-02-01,False,23.0,3.0,
FM E-938-STD ,2025-03-01,False,23.0,0.0,
FM E-938-STD ,2025-04-01,False,23.0,0.0,
FM E-938-STD ,2025-05-01,False,23.0,0.0,1.0
FM E-938-STD ,2025-06-01,False,23.0,0.0,0.0
FM E-942-020 ,2024-06-01,False,9.0,0.0,
FM E-942-020 ,2024-07-01,False,9.0,0.0,
FM E-942-020 ,2024-08-01,False,8.0,1.0,
FM E-942-020 ,2024-09-01,False,7.0,1.0,
FM E-942-020 ,2024-10-01,False,7.0,0.0,
FM E-942-020 ,2024-11-01,False,7.0,0.0,
FM E-942-020 ,2024-12-01,False,7.0,0.0,
FM E-942-020 ,2025-01-01,False,7.0,0.0,
FM E-942-020 ,2025-02-01,False,7.0,0.0,
FM E-942-020 ,2025-03-01,False,7.0,0.0,
FM E-942-020 ,2025-04-01,False,7.0,0.0,
FM E-942-020 ,2025-05-01,False,6.0,1.0,0.0
FM E-942-020 ,2025-06-01,False,6.0,0.0,0.0
FM E-942-030 ,2024-06-01,False,12.0,0.0,
FM E-942-030 ,2024-07-01,False,12.0,0.0,
FM E-942-030 ,2024-08-01,False,12.0,0.0,
FM E-942-030 ,2024-09-01,False,12.0,0.0,
FM E-942-030 ,2024-10-01,False,12.0,0.0,
FM E-942-030 ,2024-11-01,False,12.0,0.0,
FM E-942-030 ,2024-12-01,False,12.0,0.0,
FM E-942-030 ,2025-01-01,False,12.0,0.0,
FM E-942-030 ,2025-02-01,False,12.0,0.0,
FM E-942-030 ,2025-03-01,False,12.0,0.0,
FM E-942-030 ,2025-04-01,False,12.0,0.0,
FM E-942-030 ,2025-05-01,False,11.0,1.0,1.0
FM E-942-030 ,2025-06-01,False,10.0,1.0,0.0
FM E-942-STD ,2024-06-01,False,3.0,1.0,
FM E-942-STD ,2024-07-01,False,2.0,1.0,
FM E-942-STD ,2024-08-01,False,2.0,0.0,
FM E-942-STD ,2024-09-01,False,1.0,1.0,
FM E-942-STD ,2024-10-01,False,1.0,0.0,
FM E-942-STD ,2024-11-01,False,1.0,0.0,
FM E-942-STD ,2024-12-01,False,1.0,0.0,
FM E-942-STD ,2025-01-01,False,0.0,1.0,
FM E-942-STD ,2025-02-01,True,4.0,1.0,
FM E-942-STD ,2025-03-01,False,4.0,0.0,
FM E-942-STD ,2025-04-01,False,4.0,0.0,
FM E-942-STD ,2025-05-01,False,4.0,0.0,0.0
FM E-942-STD ,2025-06-01,False,4.0,0.0,1.0
FM E-979-STD ,2024-06-01,True,0.0,0.0,
FM E-979-STD ,2024-07-01,True,0.0,0.0,
FM E-979-STD ,2024-08-01,True,0.0,0.0,
FM E-979-STD ,2024-09-01,True,0.0,0.0,
FM E-979-STD ,2024-10-01,True,0.0,0.0,
FM E-979-STD ,2024-11-01,True,0.0,0.0,
FM E-979-STD ,2024-12-01,True,0.0,0.0,
FM E-979-STD ,2025-01-01,True,0.0,0.0,
FM E-979-STD ,2025-02-01,True,0.0,0.0,
FM E-979-STD ,2025-03-01,True,0.0,0.0,
FM E-979-STD ,2025-04-01,True,0.0,0.0,
FM E-979-STD ,2025-05-01,True,0.0,1.0,0.0
FM E-979-STD ,2025-06-01,True,0.0,0.0,0.0
FM H1129CT-50 ,2024-06-01,False,1.0,0.0,
FM H1129CT-50 ,2024-07-01,False,1.0,0.0,
FM H1129CT-50 ,2024-08-01,False,1.0,0.0,
FM H1129CT-50 ,2024-09-01,False,1.0,0.0,
FM H1129CT-50 ,2024-10-01,False,1.0,0.0,
FM H1129CT-50 ,2024-11-01,False,1.0,0.0,
FM H1129CT-50 ,2024-12-01,False,1.0,0.0,
FM H1129CT-50 ,2025-01-01,False,1.0,0.0,
FM H1129CT-50 ,2025-02-01,False,1.0,0.0,
FM H1129CT-50 ,2025-03-01,False,1.0,0.0,
FM H1129CT-50 ,2025-04-01,False,1.0,0.0,
FM H1129CT-50 ,2025-05-01,False,1.0,0.0,0.0
FM H1129CT-50 ,2025-06-01,False,0.0,1.0,0.0
FM H1134CP-020 ,2024-06-01,True,0.0,0.0,
FM H1134CP-020 ,2024-07-01,True,0.0,0.0,
FM H1134CP-020 ,2024-08-01,True,0.0,1.0,
FM H1134CP-020 ,2024-09-01,True,0.0,1.0,
FM H1134CP-020 ,2024-10-01,True,0.0,0.0,
FM H1134CP-020 ,2024-11-01,True,0.0,0.0,
FM H1134CP-020 ,2024-12-01,True,0.0,0.0,
FM H1134CP-020 ,2025-01-01,True,0.0,0.0,
FM H1134CP-020 ,2025-02-01,True,0.0,0.0,
FM H1134CP-020 ,2025-03-01,True,0.0,0.0,
FM H1134CP-020 ,2025-04-01,True,0.0,0.0,
FM H1134CP-020 ,2025-05-01,True,0.0,1.0,1.0
FM H1134CP-020 ,2025-06-01,True,0.0,0.0,0.0
FM H1505CPA-50 ,2024-06-01,True,0.0,0.0,
FM H1505CPA-50 ,2024-07-01,True,0.0,0.0,
FM H1505CPA-50 ,2024-08-01,True,0.0,0.0,
FM H1505CPA-50 ,2024-09-01,True,0.0,0.0,
FM H1505CPA-50 ,2024-10-01,True,1.0,1.0,
FM H1505CPA-50 ,2024-11-01,False,1.0,0.0,
FM H1505CPA-50 ,2024-12-01,False,1.0,0.0,
FM H1505CPA-50 ,2025-01-01,False,1.0,0.0,
FM H1505CPA-50 ,2025-02-01,False,0.0,2.0,
FM H1505CPA-50 ,2025-03-01,True,0.0,0.0,
FM H1505CPA-50 ,2025-04-01,True,0.0,0.0,
FM H1505CPA-50 ,2025-05-01,True,0.0,0.0,0.0
FM H1505CPA-50 ,2025-06-01,True,0.0,0.0,0.0
FM H1508-50 ,2024-06-01,False,1.0,0.0,
FM H1508-50 ,2024-07-01,False,3.0,0.0,
FM H1508-50 ,2024-08-01,False,3.0,0.0,
FM H1508-50 ,2024-09-01,False,3.0,0.0,
FM H1508-50 ,2024-10-01,False,2.0,1.0,
FM H1508-50 ,2024-11-01,False,2.0,0.0,
FM H1508-50 ,2024-12-01,False,1.0,1.0,
FM H1508-50 ,2025-01-01,False,1.0,0.0,
FM H1508-50 ,2025-02-01,False,0.0,1.0,
FM H1508-50 ,2025-03-01,True,0.0,0.0,
FM H1508-50 ,2025-04-01,True,0.0,0.0,
FM H1508-50 ,2025-05-01,True,2.0,0.0,0.0
FM H1508-50 ,2025-06-01,False,2.0,0.0,0.0
FM H1527-50 ,2024-06-01,False,1.0,0.0,
FM H1527-50 ,2024-07-01,False,1.0,0.0,
FM H1527-50 ,2024-08-01,False,1.0,0.0,
FM H1527-50 ,2024-09-01,False,1.0,0.0,
FM H1527-50 ,2024-10-01,False,1.0,0.0,
FM H1527-50 ,2024-11-01,False,1.0,0.0,
FM H1527-50 ,2024-12-01,False,1.0,0.0,
FM H1527-50 ,2025-01-01,False,1.0,0.0,
FM H1527-50 ,2025-02-01,False,1.0,0.0,
FM H1527-50 ,2025-03-01,False,1.0,0.0,
FM H1527-50 ,2025-04-01,False,1.0,0.0,
FM H1527-50 ,2025-05-01,False,1.0,0.0,0.0
FM H1527-50 ,2025-06-01,False,0.0,1.0,0.0
FM HT-2148 ,2024-06-01,False,362.0,28.0,
FM HT-2148 ,2024-07-01,False,361.0,1.0,
FM HT-2148 ,2024-08-01,False,336.0,25.0,
FM HT-2148 ,2024-09-01,False,312.0,24.0,
FM HT-2148 ,2024-10-01,False,275.0,37.0,
FM HT-2148 ,2024-11-01,False,241.0,34.0,
FM HT-2148 ,2024-12-01,False,168.0,73.0,
FM HT-2148 ,2025-01-01,False,70.0,98.0,
FM HT-2148 ,2025-02-01,False,46.0,24.0,
FM HT-2148 ,2025-03-01,False,61.0,1.0,
FM HT-2148 ,2025-04-01,False,53.0,8.0,
FM HT-2148 ,2025-05-01,False,45.0,8.0,13.0
FM HT-2148 ,2025-06-01,False,39.0,6.0,12.0
FM HT-2271 ,2024-06-01,False,23.0,0.0,
FM HT-2271 ,2024-07-01,False,23.0,0.0,
FM HT-2271 ,2024-08-01,False,7.0,16.0,
FM HT-2271 ,2024-09-01,False,7.0,0.0,
FM HT-2271 ,2024-10-01,False,7.0,0.0,
FM HT-2271 ,2024-11-01,False,7.0,0.0,
FM HT-2271 ,2024-12-01,False,7.0,0.0,
FM HT-2271 ,2025-01-01,False,7.0,0.0,
FM HT-2271 ,2025-02-01,False,7.0,0.0,
FM HT-2271 ,2025-03-01,False,7.0,0.0,
FM HT-2271 ,2025-04-01,False,7.0,0.0,
FM HT-2271 ,2025-05-01,False,7.0,0.0,1.0
FM HT-2271 ,2025-06-01,False,7.0,0.0,1.0
FM HT-2279 ,2024-06-01,False,138.0,0.0,
FM HT-2279 ,2024-07-01,False,138.0,0.0,
FM HT-2279 ,2024-08-01,False,121.0,17.0,
FM HT-2279 ,2024-09-01,False,89.0,32.0,
FM HT-2279 ,2024-10-01,False,89.0,0.0,
FM HT-2279 ,2024-11-01,False,89.0,0.0,
FM HT-2279 ,2024-12-01,False,55.0,34.0,
FM HT-2279 ,2025-01-01,False,23.0,32.0,
FM HT-2279 ,2025-02-01,False,7.0,16.0,
FM HT-2279 ,2025-03-01,True,7.0,0.0,
FM HT-2279 ,2025-04-01,True,7.0,0.0,
FM HT-2279 ,2025-05-01,True,135.0,16.0,19.0
FM HT-2279 ,2025-06-01,False,135.0,0.0,12.0
FM HT-2303 ,2024-06-01,False,239.0,24.0,
FM HT-2303 ,2024-07-01,False,223.0,16.0,
FM HT-2303 ,2024-08-01,False,207.0,16.0,
FM HT-2303 ,2024-09-01,False,189.0,18.0,
FM HT-2303 ,2024-10-01,False,155.0,34.0,
FM HT-2303 ,2024-11-01,False,133.0,22.0,
FM HT-2303 ,2024-12-01,False,91.0,42.0,
FM HT-2303 ,2025-01-01,False,43.0,48.0,
FM HT-2303 ,2025-02-01,False,10.0,33.0,
FM HT-2303 ,2025-03-01,True,8.0,2.0,
FM HT-2303 ,2025-04-01,True,8.0,0.0,
FM HT-2303 ,2025-05-01,True,8.0,1.0,5.0
FM HT-2303 ,2025-06-01,True,8.0,0.0,10.0
FM HT-2305 ,2024-06-01,False,48.0,0.0,
FM HT-2305 ,2024-07-01,False,24.0,24.0,
FM HT-2305 ,2024-08-01,False,24.0,0.0,
FM HT-2305 ,2024-09-01,False,12.0,12.0,
FM HT-2305 ,2024-10-01,False,12.0,0.0,
FM HT-2305 ,2024-11-01,False,12.0,0.0,
FM HT-2305 ,2024-12-01,False,12.0,0.0,
FM HT-2305 ,2025-01-01,False,12.0,0.0,
FM HT-2305 ,2025-02-01,False,60.0,0.0,
FM HT-2305 ,2025-03-01,False,60.0,0.0,
FM HT-2305 ,2025-04-01,False,60.0,0.0,
FM HT-2305 ,2025-05-01,False,60.0,0.0,1.0
FM HT-2305 ,2025-06-01,False,60.0,0.0,1.0
FM HT-2320 ,2024-06-01,True,0.0,0.0,
FM HT-2320 ,2024-07-01,True,0.0,0.0,
FM HT-2320 ,2024-08-01,True,0.0,0.0,
FM HT-2320 ,2024-09-01,True,0.0,0.0,
FM HT-2320 ,2024-10-01,True,0.0,0.0,
FM HT-2320 ,2024-11-01,True,0.0,0.0,
FM HT-2320 ,2024-12-01,True,0.0,0.0,
FM HT-2320 ,2025-01-01,True,0.0,0.0,
FM HT-2320 ,2025-02-01,True,160.0,0.0,
FM HT-2320 ,2025-03-01,False,140.0,20.0,
FM HT-2320 ,2025-04-01,False,112.0,28.0,
FM HT-2320 ,2025-05-01,False,87.0,25.0,21.0
FM HT-2320 ,2025-06-01,False,85.0,2.0,12.0
FM HT-817 ,2024-06-01,False,353.0,16.0,
FM HT-817 ,2024-07-01,False,672.0,161.0,
FM HT-817 ,2024-08-01,False,608.0,64.0,
FM HT-817 ,2024-09-01,False,244.0,364.0,
FM HT-817 ,2024-10-01,False,627.0,97.0,
FM HT-817 ,2024-11-01,False,347.0,280.0,
FM HT-817 ,2024-12-01,False,267.0,80.0,
FM HT-817 ,2025-01-01,False,251.0,16.0,
FM HT-817 ,2025-02-01,False,731.0,0.0,
FM HT-817 ,2025-03-01,False,707.0,24.0,
FM HT-817 ,2025-04-01,False,707.0,0.0,
FM HT-817 ,2025-05-01,False,1507.0,112.0,99.0
FM HT-817 ,2025-06-01,False,1507.0,0.0,82.0
FM HT-900 ,2024-06-01,False,17.0,0.0,
FM HT-900 ,2024-07-01,False,17.0,0.0,
FM HT-900 ,2024-08-01,False,17.0,0.0,
FM HT-900 ,2024-09-01,False,17.0,0.0,
FM HT-900 ,2024-10-01,False,17.0,0.0,
FM HT-900 ,2024-11-01,False,5.0,12.0,
FM HT-900 ,2024-12-01,False,5.0,0.0,
FM HT-900 ,2025-01-01,False,5.0,0.0,
FM HT-900 ,2025-02-01,False,5.0,0.0,
FM HT-900 ,2025-03-01,False,5.0,0.0,
FM HT-900 ,2025-04-01,False,5.0,0.0,
FM HT-900 ,2025-05-01,False,5.0,0.0,0.0
FM HT-900 ,2025-06-01,False,5.0,0.0,0.0
FM V-1199 ,2024-06-01,False,89.0,0.0,
FM V-1199 ,2024-07-01,False,89.0,0.0,
FM V-1199 ,2024-08-01,False,89.0,0.0,
FM V-1199 ,2024-09-01,False,89.0,0.0,
FM V-1199 ,2024-10-01,False,89.0,0.0,
FM V-1199 ,2024-11-01,False,49.0,40.0,
FM V-1199 ,2024-12-01,False,49.0,0.0,
FM V-1199 ,2025-01-01,False,49.0,0.0,
FM V-1199 ,2025-02-01,False,49.0,0.0,
FM V-1199 ,2025-03-01,False,49.0,0.0,
FM V-1199 ,2025-04-01,False,49.0,0.0,
FM V-1199 ,2025-05-01,False,49.0,0.0,0.0
FM V-1199 ,2025-06-01,False,49.0,0.0,0.0
FM V-1753X ,2024-06-01,True,0.0,0.0,
FM V-1753X ,2024-07-01,True,0.0,0.0,
FM V-1753X ,2024-08-01,True,0.0,0.0,
FM V-1753X ,2024-09-01,True,0.0,0.0,
FM V-1753X ,2024-10-01,True,0.0,0.0,
FM V-1753X ,2024-11-01,True,0.0,0.0,
FM V-1753X ,2024-12-01,True,0.0,0.0,
FM V-1753X ,2025-01-01,True,0.0,0.0,
FM V-1753X ,2025-02-01,True,0.0,0.0,
FM V-1753X ,2025-03-01,True,0.0,0.0,
FM V-1753X ,2025-04-01,True,0.0,8.0,
FM V-1753X ,2025-05-01,True,0.0,0.0,0.0
FM V-1753X ,2025-06-01,True,0.0,0.0,0.0
FM V-1989X ,2024-06-01,True,0.0,0.0,
FM V-1989X ,2024-07-01,True,0.0,0.0,
FM V-1989X ,2024-08-01,True,0.0,0.0,
FM V-1989X ,2024-09-01,True,-8.0,8.0,
FM V-1989X ,2024-10-01,True,0.0,0.0,
FM V-1989X ,2024-11-01,True,0.0,0.0,
FM V-1989X ,2024-12-01,True,0.0,0.0,
FM V-1989X ,2025-01-01,True,0.0,0.0,
FM V-1989X ,2025-02-01,True,0.0,0.0,
FM V-1989X ,2025-03-01,True,0.0,0.0,
FM V-1989X ,2025-04-01,True,0.0,0.0,
FM V-1989X ,2025-05-01,True,0.0,0.0,0.0
FM V-1989X ,2025-06-01,True,0.0,0.0,0.0
FM V-3956 ,2024-06-01,False,10.0,0.0,
FM V-3956 ,2024-07-01,False,10.0,0.0,
FM V-3956 ,2024-08-01,False,10.0,0.0,
FM V-3956 ,2024-09-01,False,10.0,0.0,
FM V-3956 ,2024-10-01,False,10.0,0.0,
FM V-3956 ,2024-11-01,False,10.0,0.0,
FM V-3956 ,2024-12-01,False,10.0,0.0,
FM V-3956 ,2025-01-01,False,10.0,0.0,
FM V-3956 ,2025-02-01,False,10.0,0.0,
FM V-3956 ,2025-03-01,False,1.0,9.0,
FM V-3956 ,2025-04-01,False,1.0,0.0,
FM V-3956 ,2025-05-01,False,1.0,0.0,2.0
FM V-3956 ,2025-06-01,False,1.0,0.0,0.0
FM V-4593 ,2024-06-01,False,52.0,0.0,
FM V-4593 ,2024-07-01,False,52.0,0.0,
FM V-4593 ,2024-08-01,False,52.0,0.0,
FM V-4593 ,2024-09-01,False,52.0,0.0,
FM V-4593 ,2024-10-01,False,52.0,0.0,
FM V-4593 ,2024-11-01,False,51.0,1.0,
FM V-4593 ,2024-12-01,False,52.0,1.0,
FM V-4593 ,2025-01-01,False,52.0,0.0,
FM V-4593 ,2025-02-01,False,52.0,0.0,
FM V-4593 ,2025-03-01,False,52.0,0.0,
FM V-4593 ,2025-04-01,False,52.0,0.0,
FM V-4593 ,2025-05-01,False,52.0,0.0,0.0
FM V-4593 ,2025-06-01,False,52.0,0.0,0.0
FM V-4644 ,2024-06-01,False,41.0,1.0,
FM V-4644 ,2024-07-01,False,41.0,0.0,
FM V-4644 ,2024-08-01,False,41.0,0.0,
FM V-4644 ,2024-09-01,False,41.0,0.0,
FM V-4644 ,2024-10-01,False,41.0,0.0,
FM V-4644 ,2024-11-01,False,41.0,0.0,
FM V-4644 ,2024-12-01,False,41.0,0.0,
FM V-4644 ,2025-01-01,False,41.0,0.0,
FM V-4644 ,2025-02-01,False,41.0,0.0,
FM V-4644 ,2025-03-01,False,41.0,0.0,
FM V-4644 ,2025-04-01,False,41.0,0.0,
FM V-4644 ,2025-05-01,False,41.0,0.0,0.0
FM V-4644 ,2025-06-01,False,41.0,0.0,0.0
FM V-4741 ,2024-06-01,False,41.0,0.0,
FM V-4741 ,2024-07-01,False,41.0,0.0,
FM V-4741 ,2024-08-01,False,41.0,0.0,
FM V-4741 ,2024-09-01,False,40.0,1.0,
FM V-4741 ,2024-10-01,False,40.0,0.0,
FM V-4741 ,2024-11-01,False,40.0,0.0,
FM V-4741 ,2024-12-01,False,40.0,0.0,
FM V-4741 ,2025-01-01,False,40.0,0.0,
FM V-4741 ,2025-02-01,False,40.0,0.0,
FM V-4741 ,2025-03-01,False,39.0,1.0,
FM V-4741 ,2025-04-01,False,39.0,0.0,
FM V-4741 ,2025-05-01,False,39.0,0.0,0.0
FM V-4741 ,2025-06-01,False,39.0,0.0,0.0
MOG330 ,2024-06-01,False,52.0,4.0,
MOG330 ,2024-07-01,False,100.0,2.0,
MOG330 ,2024-08-01,False,45.0,55.0,
MOG330 ,2024-09-01,False,42.0,3.0,
MOG330 ,2024-10-01,False,39.0,3.0,
MOG330 ,2024-11-01,False,35.0,4.0,
MOG330 ,2024-12-01,False,34.0,5.0,
MOG330 ,2025-01-01,False,24.0,10.0,
MOG330 ,2025-02-01,False,112.0,8.0,
MOG330 ,2025-03-01,False,110.0,2.0,
MOG330 ,2025-04-01,False,102.0,8.0,
MOG330 ,2025-05-01,False,98.0,4.0,8.0
MOG330 ,2025-06-01,False,90.0,8.0,7.0
MOG331 ,2024-06-01,True,4.0,2.0,
MOG331 ,2024-07-01,True,1.0,1.0,
MOG331 ,2024-08-01,True,1.0,0.0,
MOG331 ,2024-09-01,True,0.0,1.0,
MOG331 ,2024-10-01,True,92.0,158.0,
MOG331 ,2024-11-01,False,23.0,69.0,
MOG331 ,2024-12-01,True,0.0,23.0,
MOG331 ,2025-01-01,True,0.0,0.0,
MOG331 ,2025-02-01,True,80.0,20.0,
MOG331 ,2025-03-01,False,60.0,20.0,
MOG331 ,2025-04-01,False,22.0,38.0,
MOG331 ,2025-05-01,True,251.0,21.0,33.0
MOG331 ,2025-06-01,False,94.0,157.0,74.0
MOG351 ,2024-06-01,False,21.0,0.0,
MOG351 ,2024-07-01,False,19.0,2.0,
MOG351 ,2024-08-01,False,19.0,0.0,
MOG351 ,2024-09-01,False,17.0,2.0,
MOG351 ,2024-10-01,False,14.0,3.0,
MOG351 ,2024-11-01,False,13.0,1.0,
MOG351 ,2024-12-01,False,6.0,7.0,
MOG351 ,2025-01-01,False,6.0,0.0,
MOG351 ,2025-02-01,False,25.0,1.0,
MOG351 ,2025-03-01,False,25.0,0.0,
MOG351 ,2025-04-01,False,21.0,4.0,
MOG351 ,2025-05-01,False,18.0,3.0,3.0
MOG351 ,2025-06-01,False,17.0,1.0,3.0
MOG353 ,2024-06-01,False,16.0,0.0,
MOG353 ,2024-07-01,False,16.0,0.0,
MOG353 ,2024-08-01,False,16.0,0.0,
MOG353 ,2024-09-01,False,16.0,0.0,
MOG353 ,2024-10-01,False,16.0,0.0,
MOG353 ,2024-11-01,False,16.0,0.0,
MOG353 ,2024-12-01,False,16.0,0.0,
MOG353 ,2025-01-01,False,16.0,0.0,
MOG353 ,2025-02-01,False,15.0,1.0,
MOG353 ,2025-03-01,False,15.0,0.0,
MOG353 ,2025-04-01,False,15.0,0.0,
MOG353 ,2025-05-01,False,15.0,0.0,0.0
MOG353 ,2025-06-01,False,15.0,0.0,0.0
MOG354 ,2024-06-01,False,50.0,2.0,
MOG354 ,2024-07-01,False,44.0,6.0,
MOG354 ,2024-08-01,False,40.0,4.0,
MOG354 ,2024-09-01,False,37.0,3.0,
MOG354 ,2024-10-01,False,82.0,105.0,
MOG354 ,2024-11-01,False,70.0,12.0,
MOG354 ,2024-12-01,False,56.0,14.0,
MOG354 ,2025-01-01,False,36.0,20.0,
MOG354 ,2025-02-01,False,117.0,25.0,
MOG354 ,2025-03-01,False,104.0,13.0,
MOG354 ,2025-04-01,False,88.0,16.0,
MOG354 ,2025-05-01,False,186.0,2.0,20.0
MOG354 ,2025-06-01,False,175.0,11.0,25.0
MOG355 ,2024-06-01,False,49.0,1.0,
MOG355 ,2024-07-01,False,45.0,4.0,
MOG355 ,2024-08-01,False,44.0,1.0,
MOG355 ,2024-09-01,False,44.0,0.0,
MOG355 ,2024-10-01,False,42.0,2.0,
MOG355 ,2024-11-01,False,37.0,5.0,
MOG355 ,2024-12-01,False,31.0,6.0,
MOG355 ,2025-01-01,False,29.0,2.0,
MOG355 ,2025-02-01,False,24.0,5.0,
MOG355 ,2025-03-01,False,17.0,7.0,
MOG355 ,2025-04-01,False,11.0,6.0,
MOG355 ,2025-05-01,False,36.0,0.0,5.0
MOG355 ,2025-06-01,False,31.0,5.0,3.0
MOG369 ,2024-06-01,False,121.0,0.0,
MOG369 ,2024-07-01,False,101.0,20.0,
MOG369 ,2024-08-01,False,43.0,58.0,
MOG369 ,2024-09-01,False,8.0,35.0,
MOG369 ,2024-10-01,True,137.0,21.0,
MOG369 ,2024-11-01,False,131.0,6.0,
MOG369 ,2024-12-01,False,128.0,3.0,
MOG369 ,2025-01-01,False,125.0,3.0,
MOG369 ,2025-02-01,False,198.0,27.0,
MOG369 ,2025-03-01,False,148.0,50.0,
MOG369 ,2025-04-01,False,135.0,13.0,
MOG369 ,2025-05-01,False,88.0,47.0,35.0
MOG369 ,2025-06-01,False,45.0,48.0,30.0
MOG380 ,2024-06-01,False,8.0,0.0,
MOG380 ,2024-07-01,False,8.0,0.0,
MOG380 ,2024-08-01,False,8.0,0.0,
MOG380 ,2024-09-01,False,8.0,0.0,
MOG380 ,2024-10-01,False,8.0,0.0,
MOG380 ,2024-11-01,False,8.0,0.0,
MOG380 ,2024-12-01,False,8.0,0.0,
MOG380 ,2025-01-01,False,8.0,0.0,
MOG380 ,2025-02-01,False,8.0,0.0,
MOG380 ,2025-03-01,False,6.0,2.0,
MOG380 ,2025-04-01,False,6.0,0.0,
MOG380 ,2025-05-01,False,6.0,0.0,0.0
MOG380 ,2025-06-01,False,6.0,0.0,0.0
MOG427 ,2024-06-01,False,13.0,0.0,
MOG427 ,2024-07-01,False,12.0,1.0,
MOG427 ,2024-08-01,False,12.0,0.0,
MOG427 ,2024-09-01,False,9.0,3.0,
MOG427 ,2024-10-01,False,128.0,6.0,
MOG427 ,2024-11-01,False,123.0,5.0,
MOG427 ,2024-12-01,False,121.0,2.0,
MOG427 ,2025-01-01,False,111.0,10.0,
MOG427 ,2025-02-01,False,109.0,2.0,
MOG427 ,2025-03-01,False,103.0,6.0,
MOG427 ,2025-04-01,False,101.0,2.0,
MOG427 ,2025-05-01,False,101.0,0.0,2.0
MOG427 ,2025-06-01,False,99.0,2.0,3.0
MOG429 ,2024-06-01,False,27.0,0.0,
MOG429 ,2024-07-01,False,27.0,0.0,
MOG429 ,2024-08-01,False,27.0,0.0,
MOG429 ,2024-09-01,False,17.0,10.0,
MOG429 ,2024-10-01,False,13.0,4.0,
MOG429 ,2024-11-01,False,13.0,0.0,
MOG429 ,2024-12-01,False,13.0,0.0,
MOG429 ,2025-01-01,False,13.0,0.0,
MOG429 ,2025-02-01,False,13.0,0.0,
MOG429 ,2025-03-01,False,13.0,0.0,
MOG429 ,2025-04-01,False,13.0,0.0,
MOG429 ,2025-05-01,False,12.0,1.0,2.0
MOG429 ,2025-06-01,False,12.0,0.0,2.0
MOG460 ,2024-06-01,True,0.0,0.0,
MOG460 ,2024-07-01,True,0.0,0.0,
MOG460 ,2024-08-01,True,0.0,0.0,
MOG460 ,2024-09-01,True,0.0,0.0,
MOG460 ,2024-10-01,True,4.0,0.0,
MOG460 ,2024-11-01,False,4.0,0.0,
MOG460 ,2024-12-01,False,4.0,0.0,
MOG460 ,2025-01-01,False,4.0,0.0,
MOG460 ,2025-02-01,False,4.0,0.0,
MOG460 ,2025-03-01,False,3.0,1.0,
MOG460 ,2025-04-01,False,3.0,0.0,
MOG460 ,2025-05-01,False,3.0,0.0,0.0
MOG460 ,2025-06-01,False,3.0,0.0,0.0
MOG5030 ,2024-06-01,True,0.0,0.0,
MOG5030 ,2024-07-01,True,0.0,0.0,
MOG5030 ,2024-08-01,True,0.0,0.0,
MOG5030 ,2024-09-01,True,0.0,0.0,
MOG5030 ,2024-10-01,True,0.0,0.0,
MOG5030 ,2024-11-01,True,0.0,0.0,
MOG5030 ,2024-12-01,True,0.0,0.0,
MOG5030 ,2025-01-01,True,0.0,0.0,
MOG5030 ,2025-02-01,True,0.0,0.0,
MOG5030 ,2025-03-01,True,0.0,0.0,
MOG5030 ,2025-04-01,True,0.0,0.0,
MOG5030 ,2025-05-01,True,0.0,10.0,0.0
MOG5030 ,2025-06-01,True,0.0,0.0,0.0
MOG534-G ,2024-06-01,False,83.0,3.0,
MOG534-G ,2024-07-01,False,79.0,4.0,
MOG534-G ,2024-08-01,False,75.0,4.0,
MOG534-G ,2024-09-01,False,49.0,26.0,
MOG534-G ,2024-10-01,False,113.0,15.0,
MOG534-G ,2024-11-01,False,105.0,8.0,
MOG534-G ,2024-12-01,False,43.0,62.0,
MOG534-G ,2025-01-01,False,12.0,31.0,
MOG534-G ,2025-02-01,True,39.0,17.0,
MOG534-G ,2025-03-01,False,23.0,16.0,
MOG534-G ,2025-04-01,False,13.0,10.0,
MOG534-G ,2025-05-01,True,9.0,4.0,7.0
MOG534-G ,2025-06-01,True,7.0,2.0,7.0
MOG81069 ,2024-06-01,True,0.0,0.0,
MOG81069 ,2024-07-01,True,0.0,0.0,
MOG81069 ,2024-08-01,True,0.0,0.0,
MOG81069 ,2024-09-01,True,0.0,0.0,
MOG81069 ,2024-10-01,True,5.0,0.0,
MOG81069 ,2024-11-01,False,1.0,4.0,
MOG81069 ,2024-12-01,False,0.0,1.0,
MOG81069 ,2025-01-01,True,0.0,0.0,
MOG81069 ,2025-02-01,True,0.0,0.0,
MOG81069 ,2025-03-01,True,0.0,0.0,
MOG81069 ,2025-04-01,True,0.0,0.0,
MOG81069 ,2025-05-01,True,10.0,0.0,0.0
MOG81069 ,2025-06-01,False,9.0,1.0,0.0
MOG81077 ,2024-06-01,False,2.0,0.0,
MOG81077 ,2024-07-01,False,2.0,0.0,
MOG81077 ,2024-08-01,False,2.0,1.0,
MOG81077 ,2024-09-01,False,2.0,0.0,
MOG81077 ,2024-10-01,False,1.0,1.0,
MOG81077 ,2024-11-01,False,1.0,0.0,
MOG81077 ,2024-12-01,False,1.0,0.0,
MOG81077 ,2025-01-01,False,0.0,1.0,
MOG81077 ,2025-02-01,True,0.0,0.0,
MOG81077 ,2025-03-01,True,0.0,0.0,
MOG81077 ,2025-04-01,True,0.0,0.0,
MOG81077 ,2025-05-01,True,2.0,0.0,0.0
MOG81077 ,2025-06-01,False,2.0,0.0,0.0
MOG81098 ,2024-06-01,True,0.0,0.0,
MOG81098 ,2024-07-01,True,20.0,0.0,
MOG81098 ,2024-08-01,False,17.0,3.0,
MOG81098 ,2024-09-01,False,13.0,4.0,
MOG81098 ,2024-10-01,False,25.0,8.0,
MOG81098 ,2024-11-01,False,24.0,1.0,
MOG81098 ,2024-12-01,False,17.0,7.0,
MOG81098 ,2025-01-01,False,15.0,2.0,
MOG81098 ,2025-02-01,False,12.0,3.0,
MOG81098 ,2025-03-01,False,7.0,5.0,
MOG81098 ,2025-04-01,False,3.0,4.0,
MOG81098 ,2025-05-01,False,2.0,1.0,2.0
MOG81098 ,2025-06-01,True,2.0,0.0,2.0
MOG81192 ,2024-06-01,False,4.0,1.0,
MOG81192 ,2024-07-01,False,4.0,0.0,
MOG81192 ,2024-08-01,False,2.0,2.0,
MOG81192 ,2024-09-01,False,1.0,1.0,
MOG81192 ,2024-10-01,False,0.0,1.0,
MOG81192 ,2024-11-01,True,-1.0,1.0,
MOG81192 ,2024-12-01,True,0.0,0.0,
MOG81192 ,2025-01-01,True,0.0,0.0,
MOG81192 ,2025-02-01,True,0.0,0.0,
MOG81192 ,2025-03-01,True,0.0,0.0,
MOG81192 ,2025-04-01,True,0.0,0.0,
MOG81192 ,2025-05-01,True,7.0,2.0,1.0
MOG81192 ,2025-06-01,False,6.0,1.0,2.0
MOG81248 ,2024-06-01,False,1.0,0.0,
MOG81248 ,2024-07-01,False,3.0,0.0,
MOG81248 ,2024-08-01,False,3.0,0.0,
MOG81248 ,2024-09-01,False,2.0,1.0,
MOG81248 ,2024-10-01,False,1.0,1.0,
MOG81248 ,2024-11-01,False,1.0,0.0,
MOG81248 ,2024-12-01,False,0.0,1.0,
MOG81248 ,2025-01-01,True,0.0,0.0,
MOG81248 ,2025-02-01,True,0.0,0.0,
MOG81248 ,2025-03-01,True,0.0,0.0,
MOG81248 ,2025-04-01,True,0.0,0.0,
MOG81248 ,2025-05-01,True,0.0,0.0,0.0
MOG81248 ,2025-06-01,True,0.0,0.0,0.0
MOG81720 ,2024-06-01,False,4.0,0.0,
MOG81720 ,2024-07-01,False,4.0,0.0,
MOG81720 ,2024-08-01,False,2.0,2.0,
MOG81720 ,2024-09-01,False,2.0,0.0,
MOG81720 ,2024-10-01,False,2.0,0.0,
MOG81720 ,2024-11-01,False,2.0,0.0,
MOG81720 ,2024-12-01,False,1.0,1.0,
MOG81720 ,2025-01-01,False,1.0,0.0,
MOG81720 ,2025-02-01,False,7.0,0.0,
MOG81720 ,2025-03-01,False,7.0,0.0,
MOG81720 ,2025-04-01,False,6.0,1.0,
MOG81720 ,2025-05-01,False,6.0,0.0,1.0
MOG81720 ,2025-06-01,False,6.0,0.0,1.0
MOG81741 ,2024-06-01,True,0.0,0.0,
MOG81741 ,2024-07-01,True,2.0,0.0,
MOG81741 ,2024-08-01,False,0.0,2.0,
MOG81741 ,2024-09-01,True,0.0,0.0,
MOG81741 ,2024-10-01,True,0.0,0.0,
MOG81741 ,2024-11-01,True,0.0,0.0,
MOG81741 ,2024-12-01,True,0.0,0.0,
MOG81741 ,2025-01-01,True,0.0,0.0,
MOG81741 ,2025-02-01,True,4.0,0.0,
MOG81741 ,2025-03-01,False,4.0,0.0,
MOG81741 ,2025-04-01,False,3.0,1.0,
MOG81741 ,2025-05-01,False,1.0,2.0,0.0
MOG81741 ,2025-06-01,False,0.0,1.0,0.0
MOG8600 ,2024-06-01,True,0.0,0.0,
MOG8600 ,2024-07-01,True,0.0,0.0,
MOG8600 ,2024-08-01,True,0.0,0.0,
MOG8600 ,2024-09-01,True,0.0,0.0,
MOG8600 ,2024-10-01,True,0.0,0.0,
MOG8600 ,2024-11-01,True,0.0,0.0,
MOG8600 ,2024-12-01,True,0.0,0.0,
MOG8600 ,2025-01-01,True,0.0,0.0,
MOG8600 ,2025-02-01,True,0.0,9.0,
MOG8600 ,2025-03-01,True,0.0,0.0,
MOG8600 ,2025-04-01,True,0.0,0.0,
MOG8600 ,2025-05-01,True,0.0,1.0,1.0
MOG8600 ,2025-06-01,True,0.0,0.0,0.0
MOG8621 ,2024-06-01,False,12.0,2.0,
MOG8621 ,2024-07-01,False,11.0,1.0,
MOG8621 ,2024-08-01,False,9.0,2.0,
MOG8621 ,2024-09-01,False,7.0,2.0,
MOG8621 ,2024-10-01,False,1.0,6.0,
MOG8621 ,2024-11-01,True,0.0,1.0,
MOG8621 ,2024-12-01,True,0.0,0.0,
MOG8621 ,2025-01-01,True,0.0,0.0,
MOG8621 ,2025-02-01,True,7.0,0.0,
MOG8621 ,2025-03-01,False,5.0,2.0,
MOG8621 ,2025-04-01,False,3.0,2.0,
MOG8621 ,2025-05-01,False,11.0,3.0,2.0
MOG8621 ,2025-06-01,False,11.0,0.0,3.0
MOG8652 ,2024-06-01,False,0.0,0.0,
MOG8652 ,2024-07-01,True,0.0,0.0,
MOG8652 ,2024-08-01,True,0.0,0.0,
MOG8652 ,2024-09-01,True,0.0,0.0,
MOG8652 ,2024-10-01,True,0.0,0.0,
MOG8652 ,2024-11-01,True,0.0,0.0,
MOG8652 ,2024-12-01,True,0.0,0.0,
MOG8652 ,2025-01-01,True,0.0,0.0,
MOG8652 ,2025-02-01,True,0.0,0.0,
MOG8652 ,2025-03-01,True,2.0,1.0,
MOG8652 ,2025-04-01,False,2.0,0.0,
MOG8652 ,2025-05-01,False,2.0,0.0,0.0
MOG8652 ,2025-06-01,False,2.0,0.0,0.0
MOG9046 ,2024-06-01,False,6.0,0.0,
MOG9046 ,2024-07-01,False,6.0,0.0,
MOG9046 ,2024-08-01,False,6.0,0.0,
MOG9046 ,2024-09-01,False,6.0,0.0,
MOG9046 ,2024-10-01,False,6.0,0.0,
MOG9046 ,2024-11-01,False,6.0,0.0,
MOG9046 ,2024-12-01,False,6.0,0.0,
MOG9046 ,2025-01-01,False,6.0,0.0,
MOG9046 ,2025-02-01,False,6.0,0.0,
MOG9046 ,2025-03-01,False,6.0,0.0,
MOG9046 ,2025-04-01,False,5.0,1.0,
MOG9046 ,2025-05-01,False,5.0,0.0,0.0
MOG9046 ,2025-06-01,False,5.0,0.0,0.0
MOGCC-621 ,2024-06-01,True,0.0,0.0,
MOGCC-621 ,2024-07-01,True,0.0,0.0,
MOGCC-621 ,2024-08-01,True,0.0,0.0,
MOGCC-621 ,2024-09-01,True,0.0,0.0,
MOGCC-621 ,2024-10-01,True,0.0,0.0,
MOGCC-621 ,2024-11-01,True,0.0,0.0,
MOGCC-621 ,2024-12-01,True,0.0,0.0,
MOGCC-621 ,2025-01-01,True,0.0,0.0,
MOGCC-621 ,2025-02-01,True,0.0,10.0,
MOGCC-621 ,2025-03-01,True,0.0,0.0,
MOGCC-621 ,2025-04-01,True,0.0,0.0,
MOGCC-621 ,2025-05-01,True,0.0,0.0,1.0
MOGCC-621 ,2025-06-01,True,0.0,0.0,0.0
MOGCC-849 ,2024-06-01,False,24.0,3.0,
MOGCC-849 ,2024-07-01,False,37.0,4.0,
MOGCC-849 ,2024-08-01,False,35.0,2.0,
MOGCC-849 ,2024-09-01,False,25.0,10.0,
MOGCC-849 ,2024-10-01,False,13.0,12.0,
MOGCC-849 ,2024-11-01,False,9.0,4.0,
MOGCC-849 ,2024-12-01,False,5.0,4.0,
MOGCC-849 ,2025-01-01,False,4.0,1.0,
MOGCC-849 ,2025-02-01,False,42.0,2.0,
MOGCC-849 ,2025-03-01,False,41.0,1.0,
MOGCC-849 ,2025-04-01,False,38.0,3.0,
MOGCC-849 ,2025-05-01,False,37.0,1.0,2.0
MOGCC-849 ,2025-06-01,False,35.0,2.0,3.0
MOGCC-860 ,2024-06-01,False,0.0,0.0,
MOGCC-860 ,2024-07-01,True,0.0,0.0,
MOGCC-860 ,2024-08-01,True,0.0,0.0,
MOGCC-860 ,2024-09-01,True,0.0,0.0,
MOGCC-860 ,2024-10-01,True,0.0,0.0,
MOGCC-860 ,2024-11-01,True,0.0,0.0,
MOGCC-860 ,2024-12-01,True,0.0,0.0,
MOGCC-860 ,2025-01-01,True,0.0,0.0,
MOGCC-860 ,2025-02-01,True,0.0,0.0,
MOGCC-860 ,2025-03-01,True,0.0,2.0,
MOGCC-860 ,2025-04-01,True,0.0,0.0,
MOGCC-860 ,2025-05-01,True,0.0,0.0,0.0
MOGCC-860 ,2025-06-01,True,0.0,0.0,0.0
MOGCK-80670 ,2024-06-01,True,0.0,0.0,
MOGCK-80670 ,2024-07-01,True,0.0,0.0,
MOGCK-80670 ,2024-08-01,True,0.0,0.0,
MOGCK-80670 ,2024-09-01,True,0.0,0.0,
MOGCK-80670 ,2024-10-01,True,0.0,0.0,
MOGCK-80670 ,2024-11-01,True,0.0,0.0,
MOGCK-80670 ,2024-12-01,True,0.0,0.0,
MOGCK-80670 ,2025-01-01,True,0.0,0.0,
MOGCK-80670 ,2025-02-01,True,0.0,0.0,
MOGCK-80670 ,2025-03-01,True,0.0,0.0,
MOGCK-80670 ,2025-04-01,True,0.0,0.0,
MOGCK-80670 ,2025-05-01,True,6.0,0.0,1.0
MOGCK-80670 ,2025-06-01,False,4.0,2.0,7.0
MOGDS-1216 ,2024-06-01,False,6.0,0.0,
MOGDS-1216 ,2024-07-01,False,6.0,0.0,
MOGDS-1216 ,2024-08-01,False,6.0,0.0,
MOGDS-1216 ,2024-09-01,False,6.0,0.0,
MOGDS-1216 ,2024-10-01,False,3.0,3.0,
MOGDS-1216 ,2024-11-01,False,3.0,0.0,
MOGDS-1216 ,2024-12-01,False,3.0,0.0,
MOGDS-1216 ,2025-01-01,False,3.0,0.0,
MOGDS-1216 ,2025-02-01,False,3.0,0.0,
MOGDS-1216 ,2025-03-01,False,3.0,0.0,
MOGDS-1216 ,2025-04-01,False,3.0,0.0,
MOGDS-1216 ,2025-05-01,False,3.0,0.0,1.0
MOGDS-1216 ,2025-06-01,False,3.0,0.0,0.0
MOGDS-1235 ,2024-06-01,False,2.0,0.0,
MOGDS-1235 ,2024-07-01,False,2.0,0.0,
MOGDS-1235 ,2024-08-01,False,2.0,0.0,
MOGDS-1235 ,2024-09-01,False,2.0,0.0,
MOGDS-1235 ,2024-10-01,False,2.0,0.0,
MOGDS-1235 ,2024-11-01,False,2.0,0.0,
MOGDS-1235 ,2024-12-01,False,2.0,0.0,
MOGDS-1235 ,2025-01-01,False,1.0,1.0,
MOGDS-1235 ,2025-02-01,False,1.0,0.0,
MOGDS-1235 ,2025-03-01,False,1.0,0.0,
MOGDS-1235 ,2025-04-01,False,1.0,0.0,
MOGDS-1235 ,2025-05-01,False,1.0,0.0,0.0
MOGDS-1235 ,2025-06-01,False,1.0,0.0,0.0
MOGDS-1427 ,2024-06-01,True,0.0,0.0,
MOGDS-1427 ,2024-07-01,True,0.0,0.0,
MOGDS-1427 ,2024-08-01,True,0.0,0.0,
MOGDS-1427 ,2024-09-01,True,0.0,0.0,
MOGDS-1427 ,2024-10-01,True,2.0,0.0,
MOGDS-1427 ,2024-11-01,False,1.0,1.0,
MOGDS-1427 ,2024-12-01,False,1.0,0.0,
MOGDS-1427 ,2025-01-01,False,1.0,0.0,
MOGDS-1427 ,2025-02-01,False,1.0,0.0,
MOGDS-1427 ,2025-03-01,False,1.0,0.0,
MOGDS-1427 ,2025-04-01,False,1.0,0.0,
MOGDS-1427 ,2025-05-01,False,2.0,1.0,0.0
MOGDS-1427 ,2025-06-01,False,2.0,0.0,0.0
MOGDS-300005 ,2024-06-01,True,0.0,0.0,
MOGDS-300005 ,2024-07-01,True,0.0,0.0,
MOGDS-300005 ,2024-08-01,True,0.0,0.0,
MOGDS-300005 ,2024-09-01,True,0.0,0.0,
MOGDS-300005 ,2024-10-01,True,9.0,1.0,
MOGDS-300005 ,2024-11-01,False,7.0,2.0,
MOGDS-300005 ,2024-12-01,False,6.0,1.0,
MOGDS-300005 ,2025-01-01,False,2.0,4.0,
MOGDS-300005 ,2025-02-01,False,1.0,1.0,
MOGDS-300005 ,2025-03-01,False,0.0,1.0,
MOGDS-300005 ,2025-04-01,True,0.0,0.0,
MOGDS-300005 ,2025-05-01,True,0.0,0.0,1.0
MOGDS-300005 ,2025-06-01,True,0.0,0.0,0.0
MOGDS-300082 ,2024-06-01,False,7.0,2.0,
MOGDS-300082 ,2024-07-01,False,7.0,0.0,
MOGDS-300082 ,2024-08-01,False,7.0,0.0,
MOGDS-300082 ,2024-09-01,False,6.0,1.0,
MOGDS-300082 ,2024-10-01,False,6.0,0.0,
MOGDS-300082 ,2024-11-01,False,6.0,0.0,
MOGDS-300082 ,2024-12-01,False,6.0,0.0,
MOGDS-300082 ,2025-01-01,False,6.0,0.0,
MOGDS-300082 ,2025-02-01,False,6.0,0.0,
MOGDS-300082 ,2025-03-01,False,6.0,0.0,
MOGDS-300082 ,2025-04-01,False,4.0,2.0,
MOGDS-300082 ,2025-05-01,False,4.0,0.0,0.0
MOGDS-300082 ,2025-06-01,False,4.0,0.0,0.0
MOGDS-800982A ,2024-06-01,False,1.0,3.0,
MOGDS-800982A ,2024-07-01,False,0.0,1.0,
MOGDS-800982A ,2024-08-01,True,0.0,0.0,
MOGDS-800982A ,2024-09-01,True,0.0,0.0,
MOGDS-800982A ,2024-10-01,True,0.0,0.0,
MOGDS-800982A ,2024-11-01,True,0.0,0.0,
MOGDS-800982A ,2024-12-01,True,0.0,0.0,
MOGDS-800982A ,2025-01-01,True,0.0,0.0,
MOGDS-800982A ,2025-02-01,True,4.0,2.0,
MOGDS-800982A ,2025-03-01,False,3.0,1.0,
MOGDS-800982A ,2025-04-01,False,0.0,3.0,
MOGDS-800982A ,2025-05-01,True,0.0,0.0,1.0
MOGDS-800982A ,2025-06-01,True,0.0,0.0,0.0
MOGDS-829 ,2024-06-01,True,0.0,0.0,
MOGDS-829 ,2024-07-01,True,0.0,20.0,
MOGDS-829 ,2024-08-01,True,0.0,0.0,
MOGDS-829 ,2024-09-01,True,0.0,0.0,
MOGDS-829 ,2024-10-01,True,0.0,100.0,
MOGDS-829 ,2024-11-01,True,0.0,0.0,
MOGDS-829 ,2024-12-01,True,0.0,0.0,
MOGDS-829 ,2025-01-01,True,0.0,0.0,
MOGDS-829 ,2025-02-01,True,0.0,0.0,
MOGDS-829 ,2025-03-01,True,0.0,0.0,
MOGDS-829 ,2025-04-01,True,0.0,0.0,
MOGDS-829 ,2025-05-01,True,0.0,0.0,4.0
MOGDS-829 ,2025-06-01,True,0.0,0.0,3.0
MOGDS-893 ,2024-06-01,True,0.0,0.0,
MOGDS-893 ,2024-07-01,True,8.0,0.0,
MOGDS-893 ,2024-08-01,False,1.0,7.0,
MOGDS-893 ,2024-09-01,True,1.0,0.0,
MOGDS-893 ,2024-10-01,True,0.0,1.0,
MOGDS-893 ,2024-11-01,True,0.0,0.0,
MOGDS-893 ,2024-12-01,True,0.0,0.0,
MOGDS-893 ,2025-01-01,True,0.0,0.0,
MOGDS-893 ,2025-02-01,True,1.0,7.0,
MOGDS-893 ,2025-03-01,True,0.0,1.0,
MOGDS-893 ,2025-04-01,True,0.0,0.0,
MOGDS-893 ,2025-05-01,True,4.0,0.0,1.0
MOGDS-893 ,2025-06-01,False,4.0,0.0,2.0
MOGDS-899 ,2024-06-01,True,0.0,0.0,
MOGDS-899 ,2024-07-01,True,0.0,0.0,
MOGDS-899 ,2024-08-01,True,0.0,0.0,
MOGDS-899 ,2024-09-01,True,0.0,0.0,
MOGDS-899 ,2024-10-01,True,10.0,0.0,
MOGDS-899 ,2024-11-01,False,0.0,10.0,
MOGDS-899 ,2024-12-01,True,0.0,0.0,
MOGDS-899 ,2025-01-01,True,0.0,0.0,
MOGDS-899 ,2025-02-01,True,3.0,1.0,
MOGDS-899 ,2025-03-01,False,3.0,0.0,
MOGDS-899 ,2025-04-01,False,3.0,0.0,
MOGDS-899 ,2025-05-01,False,7.0,6.0,3.0
MOGDS-899 ,2025-06-01,False,7.0,0.0,3.0
MOGES-2004S ,2024-06-01,False,2.0,0.0,
MOGES-2004S ,2024-07-01,False,2.0,0.0,
MOGES-2004S ,2024-08-01,False,2.0,0.0,
MOGES-2004S ,2024-09-01,False,2.0,0.0,
MOGES-2004S ,2024-10-01,False,2.0,0.0,
MOGES-2004S ,2024-11-01,False,2.0,0.0,
MOGES-2004S ,2024-12-01,False,2.0,0.0,
MOGES-2004S ,2025-01-01,False,0.0,2.0,
MOGES-2004S ,2025-02-01,True,6.0,14.0,
MOGES-2004S ,2025-03-01,False,0.0,6.0,
MOGES-2004S ,2025-04-01,True,0.0,0.0,
MOGES-2004S ,2025-05-01,True,0.0,0.0,0.0
MOGES-2004S ,2025-06-01,True,0.0,0.0,0.0
MOGES-2011R ,2024-06-01,False,8.0,0.0,
MOGES-2011R ,2024-07-01,False,8.0,0.0,
MOGES-2011R ,2024-08-01,False,6.0,2.0,
MOGES-2011R ,2024-09-01,False,3.0,3.0,
MOGES-2011R ,2024-10-01,False,2.0,1.0,
MOGES-2011R ,2024-11-01,False,2.0,0.0,
MOGES-2011R ,2024-12-01,False,2.0,0.0,
MOGES-2011R ,2025-01-01,False,2.0,0.0,
MOGES-2011R ,2025-02-01,False,6.0,2.0,
MOGES-2011R ,2025-03-01,False,6.0,0.0,
MOGES-2011R ,2025-04-01,False,6.0,0.0,
MOGES-2011R ,2025-05-01,False,0.0,6.0,2.0
MOGES-2011R ,2025-06-01,True,0.0,0.0,1.0
MOGES-2026R ,2024-06-01,False,11.0,0.0,
MOGES-2026R ,2024-07-01,False,11.0,0.0,
MOGES-2026R ,2024-08-01,False,8.0,2.0,
MOGES-2026R ,2024-09-01,False,6.0,2.0,
MOGES-2026R ,2024-10-01,False,5.0,1.0,
MOGES-2026R ,2024-11-01,False,5.0,0.0,
MOGES-2026R ,2024-12-01,False,4.0,1.0,
MOGES-2026R ,2025-01-01,False,4.0,0.0,
MOGES-2026R ,2025-02-01,False,8.0,2.0,
MOGES-2026R ,2025-03-01,False,7.0,1.0,
MOGES-2026R ,2025-04-01,False,6.0,1.0,
MOGES-2026R ,2025-05-01,False,2.0,6.0,2.0
MOGES-2026R ,2025-06-01,False,2.0,0.0,1.0
MOGES-2027L ,2024-06-01,False,4.0,0.0,
MOGES-2027L ,2024-07-01,False,4.0,0.0,
MOGES-2027L ,2024-08-01,False,2.0,2.0,
MOGES-2027L ,2024-09-01,False,0.0,2.0,
MOGES-2027L ,2024-10-01,True,0.0,0.0,
MOGES-2027L ,2024-11-01,True,0.0,0.0,
MOGES-2027L ,2024-12-01,True,0.0,0.0,
MOGES-2027L ,2025-01-01,True,0.0,0.0,
MOGES-2027L ,2025-02-01,True,10.0,2.0,
MOGES-2027L ,2025-03-01,False,7.0,3.0,
MOGES-2027L ,2025-04-01,False,6.0,1.0,
MOGES-2027L ,2025-05-01,False,0.0,6.0,2.0
MOGES-2027L ,2025-06-01,True,0.0,0.0,2.0
MOGES-2231RL ,2024-06-01,False,1.0,0.0,
MOGES-2231RL ,2024-07-01,False,1.0,0.0,
MOGES-2231RL ,2024-08-01,False,1.0,0.0,
MOGES-2231RL ,2024-09-01,False,1.0,0.0,
MOGES-2231RL ,2024-10-01,False,1.0,0.0,
MOGES-2231RL ,2024-11-01,False,1.0,0.0,
MOGES-2231RL ,2024-12-01,False,1.0,0.0,
MOGES-2231RL ,2025-01-01,False,1.0,0.0,
MOGES-2231RL ,2025-02-01,False,1.0,0.0,
MOGES-2231RL ,2025-03-01,False,0.0,1.0,
MOGES-2231RL ,2025-04-01,True,0.0,0.0,
MOGES-2231RL ,2025-05-01,True,0.0,0.0,0.0
MOGES-2231RL ,2025-06-01,True,0.0,0.0,0.0
MOGES-2837RL ,2024-06-01,False,23.0,0.0,
MOGES-2837RL ,2024-07-01,False,23.0,0.0,
MOGES-2837RL ,2024-08-01,False,23.0,0.0,
MOGES-2837RL ,2024-09-01,False,23.0,0.0,
MOGES-2837RL ,2024-10-01,False,23.0,0.0,
MOGES-2837RL ,2024-11-01,False,23.0,0.0,
MOGES-2837RL ,2024-12-01,False,19.0,4.0,
MOGES-2837RL ,2025-01-01,False,19.0,0.0,
MOGES-2837RL ,2025-02-01,False,19.0,0.0,
MOGES-2837RL ,2025-03-01,False,19.0,0.0,
MOGES-2837RL ,2025-04-01,False,19.0,0.0,
MOGES-2837RL ,2025-05-01,False,19.0,0.0,0.0
MOGES-2837RL ,2025-06-01,False,19.0,0.0,0.0
MOGES-3366T ,2024-06-01,False,1.0,0.0,
MOGES-3366T ,2024-07-01,False,1.0,0.0,
MOGES-3366T ,2024-08-01,False,1.0,0.0,
MOGES-3366T ,2024-09-01,False,1.0,0.0,
MOGES-3366T ,2024-10-01,False,1.0,0.0,
MOGES-3366T ,2024-11-01,False,1.0,0.0,
MOGES-3366T ,2024-12-01,False,1.0,0.0,
MOGES-3366T ,2025-01-01,False,1.0,0.0,
MOGES-3366T ,2025-02-01,False,1.0,0.0,
MOGES-3366T ,2025-03-01,False,1.0,0.0,
MOGES-3366T ,2025-04-01,False,1.0,0.0,
MOGES-3366T ,2025-05-01,False,1.0,0.0,0.0
MOGES-3366T ,2025-06-01,False,0.0,1.0,0.0
MOGES-3367T ,2024-06-01,False,2.0,0.0,
MOGES-3367T ,2024-07-01,False,2.0,0.0,
MOGES-3367T ,2024-08-01,False,2.0,0.0,
MOGES-3367T ,2024-09-01,False,2.0,0.0,
MOGES-3367T ,2024-10-01,False,2.0,0.0,
MOGES-3367T ,2024-11-01,False,2.0,0.0,
MOGES-3367T ,2024-12-01,False,2.0,0.0,
MOGES-3367T ,2025-01-01,False,2.0,0.0,
MOGES-3367T ,2025-02-01,False,2.0,0.0,
MOGES-3367T ,2025-03-01,False,2.0,0.0,
MOGES-3367T ,2025-04-01,False,2.0,0.0,
MOGES-3367T ,2025-05-01,False,2.0,0.0,1.0
MOGES-3367T ,2025-06-01,False,1.0,1.0,0.0
MOGES-3488 ,2024-06-01,True,27.0,0.0,
MOGES-3488 ,2024-07-01,False,27.0,0.0,
MOGES-3488 ,2024-08-01,False,25.0,2.0,
MOGES-3488 ,2024-09-01,False,25.0,0.0,
MOGES-3488 ,2024-10-01,False,17.0,8.0,
MOGES-3488 ,2024-11-01,False,8.0,9.0,
MOGES-3488 ,2024-12-01,False,2.0,6.0,
MOGES-3488 ,2025-01-01,True,2.0,0.0,
MOGES-3488 ,2025-02-01,True,26.0,6.0,
MOGES-3488 ,2025-03-01,False,24.0,2.0,
MOGES-3488 ,2025-04-01,False,22.0,2.0,
MOGES-3488 ,2025-05-01,False,18.0,4.0,3.0
MOGES-3488 ,2025-06-01,False,14.0,4.0,3.0
MOGES-3571 ,2024-06-01,False,2.0,0.0,
MOGES-3571 ,2024-07-01,False,2.0,0.0,
MOGES-3571 ,2024-08-01,False,2.0,0.0,
MOGES-3571 ,2024-09-01,False,2.0,0.0,
MOGES-3571 ,2024-10-01,False,2.0,0.0,
MOGES-3571 ,2024-11-01,False,2.0,0.0,
MOGES-3571 ,2024-12-01,False,0.0,2.0,
MOGES-3571 ,2025-01-01,True,0.0,0.0,
MOGES-3571 ,2025-02-01,True,0.0,0.0,
MOGES-3571 ,2025-03-01,True,0.0,0.0,
MOGES-3571 ,2025-04-01,True,0.0,0.0,
MOGES-3571 ,2025-05-01,True,2.0,0.0,0.0
MOGES-3571 ,2025-06-01,False,2.0,0.0,0.0
MOGES-3609 ,2024-06-01,True,1.0,0.0,
MOGES-3609 ,2024-07-01,True,1.0,0.0,
MOGES-3609 ,2024-08-01,True,1.0,0.0,
MOGES-3609 ,2024-09-01,True,1.0,0.0,
MOGES-3609 ,2024-10-01,True,1.0,0.0,
MOGES-3609 ,2024-11-01,True,1.0,0.0,
MOGES-3609 ,2024-12-01,True,1.0,0.0,
MOGES-3609 ,2025-01-01,True,81.0,0.0,
MOGES-3609 ,2025-02-01,False,77.0,4.0,
MOGES-3609 ,2025-03-01,False,73.0,4.0,
MOGES-3609 ,2025-04-01,False,70.0,3.0,
MOGES-3609 ,2025-05-01,False,68.0,2.0,3.0
MOGES-3609 ,2025-06-01,False,62.0,6.0,4.0
MOGES-3624 ,2024-06-01,True,0.0,0.0,
MOGES-3624 ,2024-07-01,True,0.0,0.0,
MOGES-3624 ,2024-08-01,True,9.0,1.0,
MOGES-3624 ,2024-09-01,False,9.0,0.0,
MOGES-3624 ,2024-10-01,False,8.0,1.0,
MOGES-3624 ,2024-11-01,False,8.0,0.0,
MOGES-3624 ,2024-12-01,False,8.0,0.0,
MOGES-3624 ,2025-01-01,False,8.0,0.0,
MOGES-3624 ,2025-02-01,False,7.0,1.0,
MOGES-3624 ,2025-03-01,False,5.0,2.0,
MOGES-3624 ,2025-04-01,False,5.0,0.0,
MOGES-3624 ,2025-05-01,False,5.0,0.0,0.0
MOGES-3624 ,2025-06-01,False,5.0,0.0,0.0
MOGES-362S ,2024-06-01,True,0.0,0.0,
MOGES-362S ,2024-07-01,True,0.0,0.0,
MOGES-362S ,2024-08-01,True,0.0,0.0,
MOGES-362S ,2024-09-01,True,0.0,0.0,
MOGES-362S ,2024-10-01,True,0.0,0.0,
MOGES-362S ,2024-11-01,True,0.0,0.0,
MOGES-362S ,2024-12-01,True,0.0,0.0,
MOGES-362S ,2025-01-01,True,0.0,0.0,
MOGES-362S ,2025-02-01,True,2.0,0.0,
MOGES-362S ,2025-03-01,False,0.0,2.0,
MOGES-362S ,2025-04-01,True,0.0,0.0,
MOGES-362S ,2025-05-01,True,1.0,1.0,0.0
MOGES-362S ,2025-06-01,False,1.0,0.0,1.0
MOGES-409L ,2024-06-01,True,0.0,0.0,
MOGES-409L ,2024-07-01,True,0.0,0.0,
MOGES-409L ,2024-08-01,True,0.0,0.0,
MOGES-409L ,2024-09-01,True,0.0,0.0,
MOGES-409L ,2024-10-01,True,0.0,0.0,
MOGES-409L ,2024-11-01,True,0.0,0.0,
MOGES-409L ,2024-12-01,True,0.0,0.0,
MOGES-409L ,2025-01-01,True,0.0,0.0,
MOGES-409L ,2025-02-01,True,10.0,10.0,
MOGES-409L ,2025-03-01,False,8.0,2.0,
MOGES-409L ,2025-04-01,False,2.0,6.0,
MOGES-409L ,2025-05-01,False,0.0,2.0,2.0
MOGES-409L ,2025-06-01,True,0.0,0.0,1.0
MOGES-409R ,2024-06-01,True,0.0,0.0,
MOGES-409R ,2024-07-01,True,0.0,0.0,
MOGES-409R ,2024-08-01,True,0.0,0.0,
MOGES-409R ,2024-09-01,True,0.0,0.0,
MOGES-409R ,2024-10-01,True,0.0,0.0,
MOGES-409R ,2024-11-01,True,0.0,0.0,
MOGES-409R ,2024-12-01,True,0.0,0.0,
MOGES-409R ,2025-01-01,True,0.0,0.0,
MOGES-409R ,2025-02-01,True,10.0,10.0,
MOGES-409R ,2025-03-01,False,8.0,2.0,
MOGES-409R ,2025-04-01,False,2.0,6.0,
MOGES-409R ,2025-05-01,False,0.0,2.0,2.0
MOGES-409R ,2025-06-01,True,0.0,0.0,1.0
MOGES-441RL ,2024-06-01,True,0.0,0.0,
MOGES-441RL ,2024-07-01,True,0.0,0.0,
MOGES-441RL ,2024-08-01,True,0.0,0.0,
MOGES-441RL ,2024-09-01,True,0.0,0.0,
MOGES-441RL ,2024-10-01,True,0.0,57.0,
MOGES-441RL ,2024-11-01,True,0.0,0.0,
MOGES-441RL ,2024-12-01,True,0.0,0.0,
MOGES-441RL ,2025-01-01,True,0.0,0.0,
MOGES-441RL ,2025-02-01,True,1.0,2.0,
MOGES-441RL ,2025-03-01,True,1.0,0.0,
MOGES-441RL ,2025-04-01,True,1.0,0.0,
MOGES-441RL ,2025-05-01,True,1.0,0.0,4.0
MOGES-441RL ,2025-06-01,True,0.0,1.0,4.0
MOGES-442L ,2024-06-01,True,0.0,0.0,
MOGES-442L ,2024-07-01,True,0.0,0.0,
MOGES-442L ,2024-08-01,True,0.0,0.0,
MOGES-442L ,2024-09-01,True,0.0,0.0,
MOGES-442L ,2024-10-01,True,0.0,0.0,
MOGES-442L ,2024-11-01,True,0.0,0.0,
MOGES-442L ,2024-12-01,True,0.0,0.0,
MOGES-442L ,2025-01-01,True,0.0,0.0,
MOGES-442L ,2025-02-01,True,1.0,1.0,
MOGES-442L ,2025-03-01,True,1.0,0.0,
MOGES-442L ,2025-04-01,True,1.0,0.0,
MOGES-442L ,2025-05-01,True,1.0,30.0,3.0
MOGES-442L ,2025-06-01,True,1.0,0.0,2.0
MOGES-443L ,2024-06-01,True,0.0,0.0,
MOGES-443L ,2024-07-01,True,0.0,0.0,
MOGES-443L ,2024-08-01,True,0.0,0.0,
MOGES-443L ,2024-09-01,True,0.0,0.0,
MOGES-443L ,2024-10-01,True,0.0,30.0,
MOGES-443L ,2024-11-01,True,0.0,0.0,
MOGES-443L ,2024-12-01,True,0.0,0.0,
MOGES-443L ,2025-01-01,True,0.0,0.0,
MOGES-443L ,2025-02-01,True,0.0,0.0,
MOGES-443L ,2025-03-01,True,0.0,0.0,
MOGES-443L ,2025-04-01,True,0.0,0.0,
MOGES-443L ,2025-05-01,True,0.0,0.0,1.0
MOGES-443L ,2025-06-01,True,0.0,0.0,1.0
MOGES-800223 ,2024-06-01,True,1.0,0.0,
MOGES-800223 ,2024-07-01,True,1.0,0.0,
MOGES-800223 ,2024-08-01,True,1.0,0.0,
MOGES-800223 ,2024-09-01,True,1.0,0.0,
MOGES-800223 ,2024-10-01,True,1.0,0.0,
MOGES-800223 ,2024-11-01,True,1.0,0.0,
MOGES-800223 ,2024-12-01,True,1.0,0.0,
MOGES-800223 ,2025-01-01,True,1.0,0.0,
MOGES-800223 ,2025-02-01,True,19.0,4.0,
MOGES-800223 ,2025-03-01,False,13.0,6.0,
MOGES-800223 ,2025-04-01,False,11.0,2.0,
MOGES-800223 ,2025-05-01,False,6.0,5.0,3.0
MOGES-800223 ,2025-06-01,False,2.0,4.0,2.0
MOGES-800286 ,2024-06-01,False,2.0,0.0,
MOGES-800286 ,2024-07-01,False,2.0,0.0,
MOGES-800286 ,2024-08-01,False,0.0,2.0,
MOGES-800286 ,2024-09-01,True,0.0,0.0,
MOGES-800286 ,2024-10-01,True,0.0,0.0,
MOGES-800286 ,2024-11-01,True,0.0,0.0,
MOGES-800286 ,2024-12-01,True,0.0,0.0,
MOGES-800286 ,2025-01-01,True,0.0,0.0,
MOGES-800286 ,2025-02-01,True,4.0,0.0,
MOGES-800286 ,2025-03-01,False,4.0,0.0,
MOGES-800286 ,2025-04-01,False,4.0,0.0,
MOGES-800286 ,2025-05-01,False,4.0,0.0,0.0
MOGES-800286 ,2025-06-01,False,4.0,0.0,0.0
MOGES-800514 ,2024-06-01,False,4.0,0.0,
MOGES-800514 ,2024-07-01,False,4.0,0.0,
MOGES-800514 ,2024-08-01,False,4.0,0.0,
MOGES-800514 ,2024-09-01,False,4.0,0.0,
MOGES-800514 ,2024-10-01,False,4.0,0.0,
MOGES-800514 ,2024-11-01,False,4.0,0.0,
MOGES-800514 ,2024-12-01,False,2.0,2.0,
MOGES-800514 ,2025-01-01,False,2.0,0.0,
MOGES-800514 ,2025-02-01,False,2.0,0.0,
MOGES-800514 ,2025-03-01,False,2.0,0.0,
MOGES-800514 ,2025-04-01,False,2.0,0.0,
MOGES-800514 ,2025-05-01,False,2.0,0.0,0.0
MOGES-800514 ,2025-06-01,False,2.0,0.0,0.0
MOGES-800515 ,2024-06-01,False,6.0,0.0,
MOGES-800515 ,2024-07-01,False,6.0,0.0,
MOGES-800515 ,2024-08-01,False,6.0,0.0,
MOGES-800515 ,2024-09-01,False,6.0,0.0,
MOGES-800515 ,2024-10-01,False,6.0,0.0,
MOGES-800515 ,2024-11-01,False,6.0,0.0,
MOGES-800515 ,2024-12-01,False,4.0,2.0,
MOGES-800515 ,2025-01-01,False,4.0,0.0,
MOGES-800515 ,2025-02-01,False,4.0,0.0,
MOGES-800515 ,2025-03-01,False,4.0,0.0,
MOGES-800515 ,2025-04-01,False,4.0,0.0,
MOGES-800515 ,2025-05-01,False,4.0,0.0,0.0
MOGES-800515 ,2025-06-01,False,4.0,0.0,0.0
MOGES-800594 ,2024-06-01,True,0.0,0.0,
MOGES-800594 ,2024-07-01,True,0.0,0.0,
MOGES-800594 ,2024-08-01,True,9.0,1.0,
MOGES-800594 ,2024-09-01,False,9.0,0.0,
MOGES-800594 ,2024-10-01,False,9.0,0.0,
MOGES-800594 ,2024-11-01,False,9.0,0.0,
MOGES-800594 ,2024-12-01,False,8.0,1.0,
MOGES-800594 ,2025-01-01,False,8.0,0.0,
MOGES-800594 ,2025-02-01,False,8.0,0.0,
MOGES-800594 ,2025-03-01,False,7.0,1.0,
MOGES-800594 ,2025-04-01,False,7.0,0.0,
MOGES-800594 ,2025-05-01,False,7.0,0.0,0.0
MOGES-800594 ,2025-06-01,False,7.0,0.0,0.0
MOGES-800901 ,2024-06-01,True,1.0,0.0,
MOGES-800901 ,2024-07-01,True,11.0,0.0,
MOGES-800901 ,2024-08-01,False,31.0,4.0,
MOGES-800901 ,2024-09-01,False,27.0,4.0,
MOGES-800901 ,2024-10-01,False,17.0,10.0,
MOGES-800901 ,2024-11-01,False,15.0,2.0,
MOGES-800901 ,2024-12-01,False,11.0,4.0,
MOGES-800901 ,2025-01-01,False,8.0,3.0,
MOGES-800901 ,2025-02-01,False,6.0,2.0,
MOGES-800901 ,2025-03-01,False,4.0,2.0,
MOGES-800901 ,2025-04-01,False,2.0,2.0,
MOGES-800901 ,2025-05-01,True,25.0,1.0,2.0
MOGES-800901 ,2025-06-01,False,25.0,0.0,1.0
MOGES-800948 ,2024-06-01,False,2.0,0.0,
MOGES-800948 ,2024-07-01,False,4.0,0.0,
MOGES-800948 ,2024-08-01,False,16.0,2.0,
MOGES-800948 ,2024-09-01,False,14.0,2.0,
MOGES-800948 ,2024-10-01,False,13.0,1.0,
MOGES-800948 ,2024-11-01,False,13.0,0.0,
MOGES-800948 ,2024-12-01,False,13.0,0.0,
MOGES-800948 ,2025-01-01,False,11.0,2.0,
MOGES-800948 ,2025-02-01,False,9.0,2.0,
MOGES-800948 ,2025-03-01,False,7.0,2.0,
MOGES-800948 ,2025-04-01,False,7.0,0.0,
MOGES-800948 ,2025-05-01,False,7.0,0.0,2.0
MOGES-800948 ,2025-06-01,False,7.0,0.0,1.0
MOGES-800986 ,2024-06-01,False,3.0,0.0,
MOGES-800986 ,2024-07-01,False,3.0,0.0,
MOGES-800986 ,2024-08-01,False,3.0,0.0,
MOGES-800986 ,2024-09-01,False,3.0,0.0,
MOGES-800986 ,2024-10-01,False,9.0,0.0,
MOGES-800986 ,2024-11-01,False,9.0,0.0,
MOGES-800986 ,2024-12-01,False,9.0,0.0,
MOGES-800986 ,2025-01-01,False,9.0,0.0,
MOGES-800986 ,2025-02-01,False,9.0,0.0,
MOGES-800986 ,2025-03-01,False,9.0,0.0,
MOGES-800986 ,2025-04-01,False,9.0,0.0,
MOGES-800986 ,2025-05-01,False,7.0,2.0,0.0
MOGES-800986 ,2025-06-01,False,7.0,0.0,1.0
MOGES-801532 ,2024-06-01,False,4.0,0.0,
MOGES-801532 ,2024-07-01,False,4.0,0.0,
MOGES-801532 ,2024-08-01,False,4.0,0.0,
MOGES-801532 ,2024-09-01,False,4.0,0.0,
MOGES-801532 ,2024-10-01,False,4.0,0.0,
MOGES-801532 ,2024-11-01,False,3.0,1.0,
MOGES-801532 ,2024-12-01,False,3.0,0.0,
MOGES-801532 ,2025-01-01,False,3.0,0.0,
MOGES-801532 ,2025-02-01,False,3.0,0.0,
MOGES-801532 ,2025-03-01,False,3.0,0.0,
MOGES-801532 ,2025-04-01,False,3.0,0.0,
MOGES-801532 ,2025-05-01,False,3.0,0.0,0.0
MOGES-801532 ,2025-06-01,False,3.0,0.0,0.0
MOGES-80277 ,2024-06-01,False,4.0,0.0,
MOGES-80277 ,2024-07-01,False,28.0,0.0,
MOGES-80277 ,2024-08-01,False,28.0,0.0,
MOGES-80277 ,2024-09-01,False,28.0,0.0,
MOGES-80277 ,2024-10-01,False,28.0,0.0,
MOGES-80277 ,2024-11-01,False,24.0,4.0,
MOGES-80277 ,2024-12-01,False,18.0,6.0,
MOGES-80277 ,2025-01-01,False,18.0,0.0,
MOGES-80277 ,2025-02-01,False,19.0,0.0,
MOGES-80277 ,2025-03-01,False,19.0,0.0,
MOGES-80277 ,2025-04-01,False,17.0,2.0,
MOGES-80277 ,2025-05-01,False,45.0,0.0,2.0
MOGES-80277 ,2025-06-01,False,45.0,0.0,2.0
MOGES-80805 ,2024-06-01,False,7.0,0.0,
MOGES-80805 ,2024-07-01,False,7.0,0.0,
MOGES-80805 ,2024-08-01,False,7.0,0.0,
MOGES-80805 ,2024-09-01,False,7.0,0.0,
MOGES-80805 ,2024-10-01,False,5.0,2.0,
MOGES-80805 ,2024-11-01,False,5.0,0.0,
MOGES-80805 ,2024-12-01,False,5.0,0.0,
MOGES-80805 ,2025-01-01,False,5.0,0.0,
MOGES-80805 ,2025-02-01,False,5.0,0.0,
MOGES-80805 ,2025-03-01,False,5.0,0.0,
MOGES-80805 ,2025-04-01,False,5.0,0.0,
MOGES-80805 ,2025-05-01,False,5.0,0.0,0.0
MOGES-80805 ,2025-06-01,False,5.0,0.0,0.0
MOGEV-800084 ,2024-06-01,True,0.0,0.0,
MOGEV-800084 ,2024-07-01,True,0.0,0.0,
MOGEV-800084 ,2024-08-01,True,0.0,0.0,
MOGEV-800084 ,2024-09-01,True,0.0,0.0,
MOGEV-800084 ,2024-10-01,True,16.0,4.0,
MOGEV-800084 ,2024-11-01,False,10.0,6.0,
MOGEV-800084 ,2024-12-01,False,10.0,0.0,
MOGEV-800084 ,2025-01-01,False,10.0,0.0,
MOGEV-800084 ,2025-02-01,False,8.0,2.0,
MOGEV-800084 ,2025-03-01,False,6.0,2.0,
MOGEV-800084 ,2025-04-01,False,6.0,0.0,
MOGEV-800084 ,2025-05-01,False,1.0,5.0,3.0
MOGEV-800084 ,2025-06-01,True,1.0,0.0,1.0
MOGEV-800576 ,2024-06-01,False,1.0,0.0,
MOGEV-800576 ,2024-07-01,False,1.0,0.0,
MOGEV-800576 ,2024-08-01,False,1.0,0.0,
MOGEV-800576 ,2024-09-01,False,1.0,0.0,
MOGEV-800576 ,2024-10-01,False,1.0,0.0,
MOGEV-800576 ,2024-11-01,False,1.0,0.0,
MOGEV-800576 ,2024-12-01,False,1.0,0.0,
MOGEV-800576 ,2025-01-01,False,1.0,0.0,
MOGEV-800576 ,2025-02-01,False,5.0,0.0,
MOGEV-800576 ,2025-03-01,False,5.0,0.0,
MOGEV-800576 ,2025-04-01,False,4.0,1.0,
MOGEV-800576 ,2025-05-01,False,4.0,0.0,0.0
MOGEV-800576 ,2025-06-01,False,4.0,0.0,0.0
MOGEV-800935 ,2024-06-01,False,2.0,0.0,
MOGEV-800935 ,2024-07-01,False,2.0,0.0,
MOGEV-800935 ,2024-08-01,False,2.0,0.0,
MOGEV-800935 ,2024-09-01,False,2.0,0.0,
MOGEV-800935 ,2024-10-01,False,24.0,2.0,
MOGEV-800935 ,2024-11-01,False,22.0,2.0,
MOGEV-800935 ,2024-12-01,False,22.0,0.0,
MOGEV-800935 ,2025-01-01,False,22.0,0.0,
MOGEV-800935 ,2025-02-01,False,19.0,3.0,
MOGEV-800935 ,2025-03-01,False,17.0,2.0,
MOGEV-800935 ,2025-04-01,False,15.0,2.0,
MOGEV-800935 ,2025-05-01,False,15.0,0.0,2.0
MOGEV-800935 ,2025-06-01,False,15.0,0.0,2.0
MOGEV-800938 ,2024-06-01,False,17.0,0.0,
MOGEV-800938 ,2024-07-01,False,15.0,2.0,
MOGEV-800938 ,2024-08-01,False,15.0,0.0,
MOGEV-800938 ,2024-09-01,False,14.0,1.0,
MOGEV-800938 ,2024-10-01,False,13.0,1.0,
MOGEV-800938 ,2024-11-01,False,13.0,0.0,
MOGEV-800938 ,2024-12-01,False,13.0,0.0,
MOGEV-800938 ,2025-01-01,False,11.0,2.0,
MOGEV-800938 ,2025-02-01,False,9.0,0.0,
MOGEV-800938 ,2025-03-01,False,5.0,4.0,
MOGEV-800938 ,2025-04-01,False,5.0,0.0,
MOGEV-800938 ,2025-05-01,False,5.0,0.0,0.0
MOGEV-800938 ,2025-06-01,False,3.0,0.0,0.0
MOGEV-801377 ,2024-06-01,False,6.0,0.0,
MOGEV-801377 ,2024-07-01,False,2.0,4.0,
MOGEV-801377 ,2024-08-01,False,2.0,0.0,
MOGEV-801377 ,2024-09-01,False,2.0,0.0,
MOGEV-801377 ,2024-10-01,False,2.0,0.0,
MOGEV-801377 ,2024-11-01,False,2.0,0.0,
MOGEV-801377 ,2024-12-01,False,2.0,0.0,
MOGEV-801377 ,2025-01-01,False,2.0,0.0,
MOGEV-801377 ,2025-02-01,False,6.0,0.0,
MOGEV-801377 ,2025-03-01,False,6.0,0.0,
MOGEV-801377 ,2025-04-01,False,6.0,0.0,
MOGEV-801377 ,2025-05-01,False,6.0,0.0,1.0
MOGEV-801377 ,2025-06-01,False,6.0,0.0,1.0
MOGEV-801521 ,2024-06-01,True,0.0,0.0,
MOGEV-801521 ,2024-07-01,True,0.0,0.0,
MOGEV-801521 ,2024-08-01,True,6.0,0.0,
MOGEV-801521 ,2024-09-01,False,6.0,0.0,
MOGEV-801521 ,2024-10-01,False,6.0,0.0,
MOGEV-801521 ,2024-11-01,False,6.0,0.0,
MOGEV-801521 ,2024-12-01,False,6.0,0.0,
MOGEV-801521 ,2025-01-01,False,6.0,0.0,
MOGEV-801521 ,2025-02-01,False,6.0,0.0,
MOGEV-801521 ,2025-03-01,False,6.0,0.0,
MOGEV-801521 ,2025-04-01,False,6.0,0.0,
MOGEV-801521 ,2025-05-01,False,4.0,2.0,0.0
MOGEV-801521 ,2025-06-01,False,4.0,0.0,0.0
MOGEV-801527 ,2024-06-01,False,5.0,0.0,
MOGEV-801527 ,2024-07-01,False,5.0,0.0,
MOGEV-801527 ,2024-08-01,False,2.0,3.0,
MOGEV-801527 ,2024-09-01,False,2.0,0.0,
MOGEV-801527 ,2024-10-01,False,2.0,0.0,
MOGEV-801527 ,2024-11-01,False,1.0,1.0,
MOGEV-801527 ,2024-12-01,False,1.0,0.0,
MOGEV-801527 ,2025-01-01,False,0.0,1.0,
MOGEV-801527 ,2025-02-01,True,0.0,0.0,
MOGEV-801527 ,2025-03-01,True,0.0,0.0,
MOGEV-801527 ,2025-04-01,True,0.0,0.0,
MOGEV-801527 ,2025-05-01,True,0.0,0.0,0.0
MOGEV-801527 ,2025-06-01,True,0.0,0.0,0.0
MOGK-150270 ,2024-06-01,False,44.0,0.0,
MOGK-150270 ,2024-07-01,False,44.0,0.0,
MOGK-150270 ,2024-08-01,False,44.0,0.0,
MOGK-150270 ,2024-09-01,False,44.0,0.0,
MOGK-150270 ,2024-10-01,False,44.0,0.0,
MOGK-150270 ,2024-11-01,False,41.0,3.0,
MOGK-150270 ,2024-12-01,False,39.0,2.0,
MOGK-150270 ,2025-01-01,False,37.0,2.0,
MOGK-150270 ,2025-02-01,False,37.0,0.0,
MOGK-150270 ,2025-03-01,False,37.0,0.0,
MOGK-150270 ,2025-04-01,False,37.0,0.0,
MOGK-150270 ,2025-05-01,False,37.0,0.0,2.0
MOGK-150270 ,2025-06-01,False,37.0,0.0,1.0
MOGK-150320 ,2024-06-01,True,0.0,0.0,
MOGK-150320 ,2024-07-01,True,4.0,0.0,
MOGK-150320 ,2024-08-01,False,4.0,0.0,
MOGK-150320 ,2024-09-01,False,4.0,0.0,
MOGK-150320 ,2024-10-01,False,4.0,0.0,
MOGK-150320 ,2024-11-01,False,4.0,0.0,
MOGK-150320 ,2024-12-01,False,4.0,0.0,
MOGK-150320 ,2025-01-01,False,4.0,0.0,
MOGK-150320 ,2025-02-01,False,4.0,0.0,
MOGK-150320 ,2025-03-01,False,2.0,2.0,
MOGK-150320 ,2025-04-01,False,2.0,0.0,
MOGK-150320 ,2025-05-01,False,2.0,0.0,0.0
MOGK-150320 ,2025-06-01,False,2.0,0.0,0.0
MOGK-150419 ,2024-06-01,True,0.0,0.0,
MOGK-150419 ,2024-07-01,True,60.0,0.0,
MOGK-150419 ,2024-08-01,False,58.0,2.0,
MOGK-150419 ,2024-09-01,False,58.0,0.0,
MOGK-150419 ,2024-10-01,False,56.0,2.0,
MOGK-150419 ,2024-11-01,False,52.0,4.0,
MOGK-150419 ,2024-12-01,False,50.0,2.0,
MOGK-150419 ,2025-01-01,False,48.0,2.0,
MOGK-150419 ,2025-02-01,False,44.0,4.0,
MOGK-150419 ,2025-03-01,False,43.0,1.0,
MOGK-150419 ,2025-04-01,False,43.0,0.0,
MOGK-150419 ,2025-05-01,False,43.0,0.0,3.0
MOGK-150419 ,2025-06-01,False,43.0,0.0,2.0
MOGK-160310 ,2024-06-01,False,56.0,0.0,
MOGK-160310 ,2024-07-01,False,52.0,4.0,
MOGK-160310 ,2024-08-01,False,46.0,6.0,
MOGK-160310 ,2024-09-01,False,46.0,0.0,
MOGK-160310 ,2024-10-01,False,36.0,10.0,
MOGK-160310 ,2024-11-01,False,32.0,4.0,
MOGK-160310 ,2024-12-01,False,18.0,10.0,
MOGK-160310 ,2025-01-01,False,12.0,2.0,
MOGK-160310 ,2025-02-01,False,12.0,0.0,
MOGK-160310 ,2025-03-01,False,10.0,2.0,
MOGK-160310 ,2025-04-01,False,6.0,4.0,
MOGK-160310 ,2025-05-01,False,42.0,4.0,4.0
MOGK-160310 ,2025-06-01,False,42.0,0.0,2.0
MOGK-160311 ,2024-06-01,False,30.0,0.0,
MOGK-160311 ,2024-07-01,False,30.0,0.0,
MOGK-160311 ,2024-08-01,False,28.0,2.0,
MOGK-160311 ,2024-09-01,False,26.0,2.0,
MOGK-160311 ,2024-10-01,False,24.0,2.0,
MOGK-160311 ,2024-11-01,False,24.0,0.0,
MOGK-160311 ,2024-12-01,False,24.0,0.0,
MOGK-160311 ,2025-01-01,False,21.0,3.0,
MOGK-160311 ,2025-02-01,False,21.0,0.0,
MOGK-160311 ,2025-03-01,False,21.0,0.0,
MOGK-160311 ,2025-04-01,False,21.0,0.0,
MOGK-160311 ,2025-05-01,False,19.0,2.0,1.0
MOGK-160311 ,2025-06-01,False,19.0,0.0,1.0
MOGK-200044 ,2024-06-01,False,88.0,2.0,
MOGK-200044 ,2024-07-01,False,75.0,13.0,
MOGK-200044 ,2024-08-01,False,69.0,6.0,
MOGK-200044 ,2024-09-01,False,56.0,13.0,
MOGK-200044 ,2024-10-01,False,44.0,12.0,
MOGK-200044 ,2024-11-01,False,38.0,6.0,
MOGK-200044 ,2024-12-01,False,35.0,3.0,
MOGK-200044 ,2025-01-01,False,21.0,14.0,
MOGK-200044 ,2025-02-01,False,93.0,8.0,
MOGK-200044 ,2025-03-01,False,93.0,0.0,
MOGK-200044 ,2025-04-01,False,89.0,4.0,
MOGK-200044 ,2025-05-01,False,78.0,11.0,12.0
MOGK-200044 ,2025-06-01,False,78.0,0.0,8.0
MOGK-200166 ,2024-06-01,False,27.0,1.0,
MOGK-200166 ,2024-07-01,False,25.0,2.0,
MOGK-200166 ,2024-08-01,False,25.0,0.0,
MOGK-200166 ,2024-09-01,False,25.0,0.0,
MOGK-200166 ,2024-10-01,False,23.0,2.0,
MOGK-200166 ,2024-11-01,False,23.0,0.0,
MOGK-200166 ,2024-12-01,False,23.0,0.0,
MOGK-200166 ,2025-01-01,False,23.0,0.0,
MOGK-200166 ,2025-02-01,False,22.0,1.0,
MOGK-200166 ,2025-03-01,False,21.0,1.0,
MOGK-200166 ,2025-04-01,False,21.0,0.0,
MOGK-200166 ,2025-05-01,False,20.0,1.0,1.0
MOGK-200166 ,2025-06-01,False,20.0,0.0,1.0
MOGK-200168 ,2024-06-01,False,9.0,1.0,
MOGK-200168 ,2024-07-01,False,35.0,4.0,
MOGK-200168 ,2024-08-01,False,21.0,14.0,
MOGK-200168 ,2024-09-01,False,18.0,3.0,
MOGK-200168 ,2024-10-01,False,13.0,5.0,
MOGK-200168 ,2024-11-01,False,12.0,1.0,
MOGK-200168 ,2024-12-01,False,11.0,1.0,
MOGK-200168 ,2025-01-01,False,11.0,0.0,
MOGK-200168 ,2025-02-01,False,29.0,2.0,
MOGK-200168 ,2025-03-01,False,28.0,1.0,
MOGK-200168 ,2025-04-01,False,23.0,5.0,
MOGK-200168 ,2025-05-01,False,23.0,0.0,2.0
MOGK-200168 ,2025-06-01,False,22.0,1.0,2.0
MOGK-200170 ,2024-06-01,False,62.0,0.0,
MOGK-200170 ,2024-07-01,False,61.0,1.0,
MOGK-200170 ,2024-08-01,False,61.0,0.0,
MOGK-200170 ,2024-09-01,False,61.0,0.0,
MOGK-200170 ,2024-10-01,False,61.0,0.0,
MOGK-200170 ,2024-11-01,False,59.0,2.0,
MOGK-200170 ,2024-12-01,False,59.0,0.0,
MOGK-200170 ,2025-01-01,False,59.0,0.0,
MOGK-200170 ,2025-02-01,False,59.0,0.0,
MOGK-200170 ,2025-03-01,False,59.0,0.0,
MOGK-200170 ,2025-04-01,False,59.0,0.0,
MOGK-200170 ,2025-05-01,False,59.0,0.0,0.0
MOGK-200170 ,2025-06-01,False,59.0,0.0,0.0
MOGK-200178 ,2024-06-01,False,5.0,0.0,
MOGK-200178 ,2024-07-01,False,5.0,0.0,
MOGK-200178 ,2024-08-01,False,3.0,2.0,
MOGK-200178 ,2024-09-01,False,3.0,0.0,
MOGK-200178 ,2024-10-01,False,3.0,0.0,
MOGK-200178 ,2024-11-01,False,3.0,0.0,
MOGK-200178 ,2024-12-01,False,3.0,0.0,
MOGK-200178 ,2025-01-01,False,3.0,0.0,
MOGK-200178 ,2025-02-01,False,3.0,0.0,
MOGK-200178 ,2025-03-01,False,3.0,0.0,
MOGK-200178 ,2025-04-01,False,3.0,0.0,
MOGK-200178 ,2025-05-01,False,3.0,0.0,0.0
MOGK-200178 ,2025-06-01,False,3.0,0.0,0.0
MOGK-200187 ,2024-06-01,False,4.0,0.0,
MOGK-200187 ,2024-07-01,False,2.0,2.0,
MOGK-200187 ,2024-08-01,False,2.0,0.0,
MOGK-200187 ,2024-09-01,False,2.0,0.0,
MOGK-200187 ,2024-10-01,False,2.0,0.0,
MOGK-200187 ,2024-11-01,False,2.0,0.0,
MOGK-200187 ,2024-12-01,False,2.0,0.0,
MOGK-200187 ,2025-01-01,False,2.0,0.0,
MOGK-200187 ,2025-02-01,False,2.0,0.0,
MOGK-200187 ,2025-03-01,False,2.0,0.0,
MOGK-200187 ,2025-04-01,False,2.0,0.0,
MOGK-200187 ,2025-05-01,False,2.0,0.0,0.0
MOGK-200187 ,2025-06-01,False,2.0,0.0,0.0
MOGK-200194 ,2024-06-01,False,12.0,0.0,
MOGK-200194 ,2024-07-01,False,10.0,2.0,
MOGK-200194 ,2024-08-01,False,10.0,0.0,
MOGK-200194 ,2024-09-01,False,10.0,0.0,
MOGK-200194 ,2024-10-01,False,6.0,4.0,
MOGK-200194 ,2024-11-01,False,6.0,0.0,
MOGK-200194 ,2024-12-01,False,6.0,0.0,
MOGK-200194 ,2025-01-01,False,4.0,2.0,
MOGK-200194 ,2025-02-01,False,4.0,0.0,
MOGK-200194 ,2025-03-01,False,4.0,0.0,
MOGK-200194 ,2025-04-01,False,4.0,0.0,
MOGK-200194 ,2025-05-01,False,14.0,0.0,1.0
MOGK-200194 ,2025-06-01,False,14.0,0.0,1.0
MOGK-200195 ,2024-06-01,False,20.0,0.0,
MOGK-200195 ,2024-07-01,False,24.0,1.0,
MOGK-200195 ,2024-08-01,False,24.0,0.0,
MOGK-200195 ,2024-09-01,False,24.0,0.0,
MOGK-200195 ,2024-10-01,False,20.0,4.0,
MOGK-200195 ,2024-11-01,False,20.0,0.0,
MOGK-200195 ,2024-12-01,False,20.0,0.0,
MOGK-200195 ,2025-01-01,False,18.0,2.0,
MOGK-200195 ,2025-02-01,False,17.0,0.0,
MOGK-200195 ,2025-03-01,False,17.0,0.0,
MOGK-200195 ,2025-04-01,False,17.0,0.0,
MOGK-200195 ,2025-05-01,False,17.0,0.0,2.0
MOGK-200195 ,2025-06-01,False,17.0,0.0,2.0
MOGK-200198 ,2024-06-01,False,61.0,2.0,
MOGK-200198 ,2024-07-01,False,59.0,2.0,
MOGK-200198 ,2024-08-01,False,55.0,4.0,
MOGK-200198 ,2024-09-01,False,51.0,4.0,
MOGK-200198 ,2024-10-01,False,44.0,7.0,
MOGK-200198 ,2024-11-01,False,40.0,4.0,
MOGK-200198 ,2024-12-01,False,40.0,0.0,
MOGK-200198 ,2025-01-01,False,38.0,2.0,
MOGK-200198 ,2025-02-01,False,38.0,0.0,
MOGK-200198 ,2025-03-01,False,36.0,2.0,
MOGK-200198 ,2025-04-01,False,34.0,2.0,
MOGK-200198 ,2025-05-01,False,32.0,2.0,2.0
MOGK-200198 ,2025-06-01,False,32.0,0.0,2.0
MOGK-200199 ,2024-06-01,False,196.0,2.0,
MOGK-200199 ,2024-07-01,False,194.0,2.0,
MOGK-200199 ,2024-08-01,False,175.0,19.0,
MOGK-200199 ,2024-09-01,False,153.0,22.0,
MOGK-200199 ,2024-10-01,False,118.0,35.0,
MOGK-200199 ,2024-11-01,False,106.0,12.0,
MOGK-200199 ,2024-12-01,False,84.0,32.0,
MOGK-200199 ,2025-01-01,False,65.0,19.0,
MOGK-200199 ,2025-02-01,False,53.0,12.0,
MOGK-200199 ,2025-03-01,False,43.0,10.0,
MOGK-200199 ,2025-04-01,False,17.0,21.0,
MOGK-200199 ,2025-05-01,False,177.0,0.0,15.0
MOGK-200199 ,2025-06-01,False,165.0,12.0,14.0
MOGK-200200 ,2024-06-01,False,41.0,0.0,
MOGK-200200 ,2024-07-01,False,41.0,0.0,
MOGK-200200 ,2024-08-01,False,41.0,0.0,
MOGK-200200 ,2024-09-01,False,41.0,0.0,
MOGK-200200 ,2024-10-01,False,41.0,0.0,
MOGK-200200 ,2024-11-01,False,41.0,0.0,
MOGK-200200 ,2024-12-01,False,41.0,0.0,
MOGK-200200 ,2025-01-01,False,39.0,2.0,
MOGK-200200 ,2025-02-01,False,39.0,0.0,
MOGK-200200 ,2025-03-01,False,39.0,0.0,
MOGK-200200 ,2025-04-01,False,39.0,0.0,
MOGK-200200 ,2025-05-01,False,39.0,0.0,0.0
MOGK-200200 ,2025-06-01,False,37.0,2.0,2.0
MOGK-200222 ,2024-06-01,True,4.0,0.0,
MOGK-200222 ,2024-07-01,True,101.0,3.0,
MOGK-200222 ,2024-08-01,False,73.0,28.0,
MOGK-200222 ,2024-09-01,False,57.0,16.0,
MOGK-200222 ,2024-10-01,False,129.0,48.0,
MOGK-200222 ,2024-11-01,False,71.0,58.0,
MOGK-200222 ,2024-12-01,False,55.0,16.0,
MOGK-200222 ,2025-01-01,False,11.0,44.0,
MOGK-200222 ,2025-02-01,True,6.0,5.0,
MOGK-200222 ,2025-03-01,True,3.0,3.0,
MOGK-200222 ,2025-04-01,True,2.0,1.0,
MOGK-200222 ,2025-05-01,True,224.0,8.0,26.0
MOGK-200222 ,2025-06-01,False,191.0,31.0,49.0
MOGK-200269 ,2024-06-01,False,190.0,6.0,
MOGK-200269 ,2024-07-01,False,188.0,2.0,
MOGK-200269 ,2024-08-01,False,180.0,8.0,
MOGK-200269 ,2024-09-01,False,176.0,4.0,
MOGK-200269 ,2024-10-01,False,160.0,16.0,
MOGK-200269 ,2024-11-01,False,140.0,20.0,
MOGK-200269 ,2024-12-01,False,122.0,18.0,
MOGK-200269 ,2025-01-01,False,115.0,7.0,
MOGK-200269 ,2025-02-01,False,109.0,6.0,
MOGK-200269 ,2025-03-01,False,107.0,2.0,
MOGK-200269 ,2025-04-01,False,101.0,6.0,
MOGK-200269 ,2025-05-01,False,98.0,3.0,12.0
MOGK-200269 ,2025-06-01,False,93.0,5.0,7.0
MOGK-200270 ,2024-06-01,False,8.0,2.0,
MOGK-200270 ,2024-07-01,False,108.0,0.0,
MOGK-200270 ,2024-08-01,False,100.0,8.0,
MOGK-200270 ,2024-09-01,False,92.0,8.0,
MOGK-200270 ,2024-10-01,False,80.0,12.0,
MOGK-200270 ,2024-11-01,False,60.0,20.0,
MOGK-200270 ,2024-12-01,False,54.0,6.0,
MOGK-200270 ,2025-01-01,False,50.0,4.0,
MOGK-200270 ,2025-02-01,False,50.0,0.0,
MOGK-200270 ,2025-03-01,False,48.0,2.0,
MOGK-200270 ,2025-04-01,False,42.0,6.0,
MOGK-200270 ,2025-05-01,False,80.0,2.0,4.0
MOGK-200270 ,2025-06-01,False,80.0,0.0,4.0
MOGK-200271 ,2024-06-01,True,1.0,0.0,
MOGK-200271 ,2024-07-01,True,59.0,2.0,
MOGK-200271 ,2024-08-01,False,43.0,16.0,
MOGK-200271 ,2024-09-01,False,31.0,12.0,
MOGK-200271 ,2024-10-01,False,17.0,14.0,
MOGK-200271 ,2024-11-01,False,5.0,12.0,
MOGK-200271 ,2024-12-01,True,3.0,2.0,
MOGK-200271 ,2025-01-01,True,3.0,0.0,
MOGK-200271 ,2025-02-01,True,59.0,4.0,
MOGK-200271 ,2025-03-01,False,55.0,4.0,
MOGK-200271 ,2025-04-01,False,44.0,11.0,
MOGK-200271 ,2025-05-01,False,60.0,4.0,4.0
MOGK-200271 ,2025-06-01,False,60.0,0.0,6.0
MOGK-200272 ,2024-06-01,False,27.0,2.0,
MOGK-200272 ,2024-07-01,False,21.0,6.0,
MOGK-200272 ,2024-08-01,False,11.0,10.0,
MOGK-200272 ,2024-09-01,False,3.0,8.0,
MOGK-200272 ,2024-10-01,True,117.0,6.0,
MOGK-200272 ,2024-11-01,False,105.0,12.0,
MOGK-200272 ,2024-12-01,False,99.0,6.0,
MOGK-200272 ,2025-01-01,False,95.0,4.0,
MOGK-200272 ,2025-02-01,False,91.0,4.0,
MOGK-200272 ,2025-03-01,False,87.0,4.0,
MOGK-200272 ,2025-04-01,False,76.0,11.0,
MOGK-200272 ,2025-05-01,False,72.0,4.0,5.0
MOGK-200272 ,2025-06-01,False,71.0,1.0,5.0
MOGK-200315 ,2024-06-01,False,46.0,0.0,
MOGK-200315 ,2024-07-01,False,44.0,2.0,
MOGK-200315 ,2024-08-01,False,42.0,2.0,
MOGK-200315 ,2024-09-01,False,40.0,2.0,
MOGK-200315 ,2024-10-01,False,70.0,0.0,
MOGK-200315 ,2024-11-01,False,68.0,2.0,
MOGK-200315 ,2024-12-01,False,68.0,0.0,
MOGK-200315 ,2025-01-01,False,68.0,0.0,
MOGK-200315 ,2025-02-01,False,68.0,0.0,
MOGK-200315 ,2025-03-01,False,68.0,0.0,
MOGK-200315 ,2025-04-01,False,62.0,6.0,
MOGK-200315 ,2025-05-01,False,60.0,2.0,3.0
MOGK-200315 ,2025-06-01,False,58.0,2.0,3.0
MOGK-200331 ,2024-06-01,False,1.0,0.0,
MOGK-200331 ,2024-07-01,False,9.0,0.0,
MOGK-200331 ,2024-08-01,False,9.0,0.0,
MOGK-200331 ,2024-09-01,False,9.0,0.0,
MOGK-200331 ,2024-10-01,False,9.0,0.0,
MOGK-200331 ,2024-11-01,False,9.0,0.0,
MOGK-200331 ,2024-12-01,False,7.0,2.0,
MOGK-200331 ,2025-01-01,False,7.0,0.0,
MOGK-200331 ,2025-02-01,False,7.0,0.0,
MOGK-200331 ,2025-03-01,False,6.0,1.0,
MOGK-200331 ,2025-04-01,False,5.0,1.0,
MOGK-200331 ,2025-05-01,False,5.0,0.0,0.0
MOGK-200331 ,2025-06-01,False,5.0,0.0,1.0
MOGK-200343 ,2024-06-01,False,27.0,2.0,
MOGK-200343 ,2024-07-01,False,27.0,0.0,
MOGK-200343 ,2024-08-01,False,22.0,5.0,
MOGK-200343 ,2024-09-01,False,16.0,6.0,
MOGK-200343 ,2024-10-01,False,12.0,4.0,
MOGK-200343 ,2024-11-01,False,10.0,2.0,
MOGK-200343 ,2024-12-01,False,2.0,8.0,
MOGK-200343 ,2025-01-01,True,0.0,2.0,
MOGK-200343 ,2025-02-01,True,10.0,0.0,
MOGK-200343 ,2025-03-01,False,4.0,6.0,
MOGK-200343 ,2025-04-01,False,4.0,0.0,
MOGK-200343 ,2025-05-01,False,16.0,8.0,2.0
MOGK-200343 ,2025-06-01,False,16.0,0.0,3.0
MOGK-200353 ,2024-06-01,False,2.0,0.0,
MOGK-200353 ,2024-07-01,False,12.0,0.0,
MOGK-200353 ,2024-08-01,False,12.0,0.0,
MOGK-200353 ,2024-09-01,False,10.0,2.0,
MOGK-200353 ,2024-10-01,False,10.0,0.0,
MOGK-200353 ,2024-11-01,False,10.0,0.0,
MOGK-200353 ,2024-12-01,False,6.0,4.0,
MOGK-200353 ,2025-01-01,False,6.0,0.0,
MOGK-200353 ,2025-02-01,False,6.0,0.0,
MOGK-200353 ,2025-03-01,False,4.0,2.0,
MOGK-200353 ,2025-04-01,False,0.0,4.0,
MOGK-200353 ,2025-05-01,True,0.0,0.0,0.0
MOGK-200353 ,2025-06-01,True,0.0,0.0,0.0
MOGK-200356 ,2024-06-01,False,18.0,0.0,
MOGK-200356 ,2024-07-01,False,18.0,0.0,
MOGK-200356 ,2024-08-01,False,18.0,0.0,
MOGK-200356 ,2024-09-01,False,16.0,2.0,
MOGK-200356 ,2024-10-01,False,14.0,2.0,
MOGK-200356 ,2024-11-01,False,12.0,2.0,
MOGK-200356 ,2024-12-01,False,10.0,2.0,
MOGK-200356 ,2025-01-01,False,10.0,0.0,
MOGK-200356 ,2025-02-01,False,10.0,0.0,
MOGK-200356 ,2025-03-01,False,10.0,0.0,
MOGK-200356 ,2025-04-01,False,10.0,0.0,
MOGK-200356 ,2025-05-01,False,10.0,0.0,1.0
MOGK-200356 ,2025-06-01,False,10.0,0.0,1.0
MOGK-200365 ,2024-06-01,False,6.0,0.0,
MOGK-200365 ,2024-07-01,False,6.0,0.0,
MOGK-200365 ,2024-08-01,False,6.0,0.0,
MOGK-200365 ,2024-09-01,False,6.0,0.0,
MOGK-200365 ,2024-10-01,False,6.0,0.0,
MOGK-200365 ,2024-11-01,False,6.0,0.0,
MOGK-200365 ,2024-12-01,False,4.0,2.0,
MOGK-200365 ,2025-01-01,False,2.0,2.0,
MOGK-200365 ,2025-02-01,False,2.0,0.0,
MOGK-200365 ,2025-03-01,False,0.0,2.0,
MOGK-200365 ,2025-04-01,True,0.0,0.0,
MOGK-200365 ,2025-05-01,True,0.0,0.0,0.0
MOGK-200365 ,2025-06-01,True,0.0,0.0,0.0
MOGK-200366 ,2024-06-01,False,10.0,6.0,
MOGK-200366 ,2024-07-01,False,10.0,0.0,
MOGK-200366 ,2024-08-01,False,4.0,6.0,
MOGK-200366 ,2024-09-01,False,2.0,2.0,
MOGK-200366 ,2024-10-01,True,2.0,0.0,
MOGK-200366 ,2024-11-01,True,2.0,0.0,
MOGK-200366 ,2024-12-01,True,2.0,0.0,
MOGK-200366 ,2025-01-01,True,2.0,0.0,
MOGK-200366 ,2025-02-01,True,30.0,2.0,
MOGK-200366 ,2025-03-01,False,28.0,2.0,
MOGK-200366 ,2025-04-01,False,24.0,4.0,
MOGK-200366 ,2025-05-01,False,16.0,8.0,4.0
MOGK-200366 ,2025-06-01,False,12.0,4.0,2.0
MOGK-200428 ,2024-06-01,False,3.0,0.0,
MOGK-200428 ,2024-07-01,False,3.0,0.0,
MOGK-200428 ,2024-08-01,False,3.0,0.0,
MOGK-200428 ,2024-09-01,False,1.0,2.0,
MOGK-200428 ,2024-10-01,False,1.0,0.0,
MOGK-200428 ,2024-11-01,False,1.0,0.0,
MOGK-200428 ,2024-12-01,False,1.0,0.0,
MOGK-200428 ,2025-01-01,False,1.0,0.0,
MOGK-200428 ,2025-02-01,False,5.0,0.0,
MOGK-200428 ,2025-03-01,False,5.0,0.0,
MOGK-200428 ,2025-04-01,False,5.0,0.0,
MOGK-200428 ,2025-05-01,False,5.0,0.0,0.0
MOGK-200428 ,2025-06-01,False,5.0,0.0,0.0
MOGK-200520 ,2024-06-01,False,3.0,1.0,
MOGK-200520 ,2024-07-01,False,23.0,0.0,
MOGK-200520 ,2024-08-01,False,17.0,6.0,
MOGK-200520 ,2024-09-01,False,13.0,4.0,
MOGK-200520 ,2024-10-01,False,37.0,1.0,
MOGK-200520 ,2024-11-01,False,29.0,8.0,
MOGK-200520 ,2024-12-01,False,25.0,4.0,
MOGK-200520 ,2025-01-01,False,23.0,2.0,
MOGK-200520 ,2025-02-01,False,19.0,4.0,
MOGK-200520 ,2025-03-01,False,16.0,3.0,
MOGK-200520 ,2025-04-01,False,15.0,1.0,
MOGK-200520 ,2025-05-01,False,42.0,3.0,2.0
MOGK-200520 ,2025-06-01,False,40.0,2.0,2.0
MOGK-200768 ,2024-06-01,True,0.0,0.0,
MOGK-200768 ,2024-07-01,True,0.0,0.0,
MOGK-200768 ,2024-08-01,True,0.0,0.0,
MOGK-200768 ,2024-09-01,True,0.0,0.0,
MOGK-200768 ,2024-10-01,True,0.0,0.0,
MOGK-200768 ,2024-11-01,True,0.0,0.0,
MOGK-200768 ,2024-12-01,True,0.0,0.0,
MOGK-200768 ,2025-01-01,True,0.0,0.0,
MOGK-200768 ,2025-02-01,True,4.0,0.0,
MOGK-200768 ,2025-03-01,False,4.0,0.0,
MOGK-200768 ,2025-04-01,False,3.0,1.0,
MOGK-200768 ,2025-05-01,False,1.0,2.0,1.0
MOGK-200768 ,2025-06-01,False,1.0,0.0,1.0
MOGK-200784 ,2024-06-01,False,7.0,0.0,
MOGK-200784 ,2024-07-01,False,7.0,0.0,
MOGK-200784 ,2024-08-01,False,7.0,0.0,
MOGK-200784 ,2024-09-01,False,7.0,0.0,
MOGK-200784 ,2024-10-01,False,5.0,2.0,
MOGK-200784 ,2024-11-01,False,5.0,0.0,
MOGK-200784 ,2024-12-01,False,5.0,0.0,
MOGK-200784 ,2025-01-01,False,5.0,0.0,
MOGK-200784 ,2025-02-01,False,5.0,0.0,
MOGK-200784 ,2025-03-01,False,5.0,0.0,
MOGK-200784 ,2025-04-01,False,5.0,0.0,
MOGK-200784 ,2025-05-01,False,3.0,2.0,0.0
MOGK-200784 ,2025-06-01,False,3.0,0.0,0.0
MOGK-200846 ,2024-06-01,False,6.0,0.0,
MOGK-200846 ,2024-07-01,False,6.0,0.0,
MOGK-200846 ,2024-08-01,False,6.0,0.0,
MOGK-200846 ,2024-09-01,False,5.0,1.0,
MOGK-200846 ,2024-10-01,False,25.0,0.0,
MOGK-200846 ,2024-11-01,False,25.0,0.0,
MOGK-200846 ,2024-12-01,False,25.0,0.0,
MOGK-200846 ,2025-01-01,False,25.0,0.0,
MOGK-200846 ,2025-02-01,False,25.0,0.0,
MOGK-200846 ,2025-03-01,False,25.0,0.0,
MOGK-200846 ,2025-04-01,False,25.0,0.0,
MOGK-200846 ,2025-05-01,False,25.0,0.0,0.0
MOGK-200846 ,2025-06-01,False,25.0,0.0,0.0
MOGK-200857 ,2024-06-01,False,2.0,2.0,
MOGK-200857 ,2024-07-01,False,2.0,0.0,
MOGK-200857 ,2024-08-01,False,2.0,0.0,
MOGK-200857 ,2024-09-01,False,2.0,0.0,
MOGK-200857 ,2024-10-01,False,2.0,0.0,
MOGK-200857 ,2024-11-01,False,2.0,0.0,
MOGK-200857 ,2024-12-01,False,2.0,0.0,
MOGK-200857 ,2025-01-01,False,2.0,0.0,
MOGK-200857 ,2025-02-01,False,2.0,0.0,
MOGK-200857 ,2025-03-01,False,2.0,0.0,
MOGK-200857 ,2025-04-01,False,2.0,0.0,
MOGK-200857 ,2025-05-01,False,2.0,0.0,0.0
MOGK-200857 ,2025-06-01,False,2.0,0.0,0.0
MOGK-200876 ,2024-06-01,False,4.0,0.0,
MOGK-200876 ,2024-07-01,False,24.0,0.0,
MOGK-200876 ,2024-08-01,False,19.0,5.0,
MOGK-200876 ,2024-09-01,False,14.0,5.0,
MOGK-200876 ,2024-10-01,False,11.0,3.0,
MOGK-200876 ,2024-11-01,False,10.0,1.0,
MOGK-200876 ,2024-12-01,False,9.0,1.0,
MOGK-200876 ,2025-01-01,False,8.0,1.0,
MOGK-200876 ,2025-02-01,False,38.0,0.0,
MOGK-200876 ,2025-03-01,False,38.0,0.0,
MOGK-200876 ,2025-04-01,False,35.0,3.0,
MOGK-200876 ,2025-05-01,False,34.0,1.0,2.0
MOGK-200876 ,2025-06-01,False,34.0,0.0,1.0
MOGK-200877 ,2024-06-01,False,1.0,0.0,
MOGK-200877 ,2024-07-01,False,1.0,0.0,
MOGK-200877 ,2024-08-01,False,1.0,0.0,
MOGK-200877 ,2024-09-01,False,1.0,0.0,
MOGK-200877 ,2024-10-01,False,13.0,0.0,
MOGK-200877 ,2024-11-01,False,13.0,0.0,
MOGK-200877 ,2024-12-01,False,13.0,0.0,
MOGK-200877 ,2025-01-01,False,8.0,5.0,
MOGK-200877 ,2025-02-01,False,6.0,2.0,
MOGK-200877 ,2025-03-01,False,6.0,0.0,
MOGK-200877 ,2025-04-01,False,3.0,3.0,
MOGK-200877 ,2025-05-01,False,1.0,2.0,0.0
MOGK-200877 ,2025-06-01,False,1.0,0.0,1.0
MOGK-200901 ,2024-06-01,True,0.0,0.0,
MOGK-200901 ,2024-07-01,True,2.0,0.0,
MOGK-200901 ,2024-08-01,False,2.0,0.0,
MOGK-200901 ,2024-09-01,False,2.0,0.0,
MOGK-200901 ,2024-10-01,False,2.0,0.0,
MOGK-200901 ,2024-11-01,False,2.0,0.0,
MOGK-200901 ,2024-12-01,False,2.0,0.0,
MOGK-200901 ,2025-01-01,False,0.0,2.0,
MOGK-200901 ,2025-02-01,True,0.0,0.0,
MOGK-200901 ,2025-03-01,True,0.0,0.0,
MOGK-200901 ,2025-04-01,True,0.0,0.0,
MOGK-200901 ,2025-05-01,True,0.0,0.0,0.0
MOGK-200901 ,2025-06-01,True,0.0,0.0,0.0
MOGK-201188 ,2024-06-01,False,8.0,0.0,
MOGK-201188 ,2024-07-01,False,8.0,0.0,
MOGK-201188 ,2024-08-01,False,8.0,0.0,
MOGK-201188 ,2024-09-01,False,8.0,0.0,
MOGK-201188 ,2024-10-01,False,8.0,0.0,
MOGK-201188 ,2024-11-01,False,8.0,0.0,
MOGK-201188 ,2024-12-01,False,8.0,0.0,
MOGK-201188 ,2025-01-01,False,4.0,4.0,
MOGK-201188 ,2025-02-01,False,4.0,0.0,
MOGK-201188 ,2025-03-01,False,4.0,0.0,
MOGK-201188 ,2025-04-01,False,4.0,0.0,
MOGK-201188 ,2025-05-01,False,4.0,2.0,0.0
MOGK-201188 ,2025-06-01,False,4.0,0.0,0.0
MOGK-201189 ,2024-06-01,False,2.0,0.0,
MOGK-201189 ,2024-07-01,False,10.0,2.0,
MOGK-201189 ,2024-08-01,False,10.0,0.0,
MOGK-201189 ,2024-09-01,False,10.0,0.0,
MOGK-201189 ,2024-10-01,False,10.0,0.0,
MOGK-201189 ,2024-11-01,False,10.0,0.0,
MOGK-201189 ,2024-12-01,False,10.0,0.0,
MOGK-201189 ,2025-01-01,False,6.0,4.0,
MOGK-201189 ,2025-02-01,False,6.0,0.0,
MOGK-201189 ,2025-03-01,False,6.0,0.0,
MOGK-201189 ,2025-04-01,False,6.0,0.0,
MOGK-201189 ,2025-05-01,False,6.0,0.0,0.0
MOGK-201189 ,2025-06-01,False,4.0,4.0,1.0
MOGK-201220 ,2024-06-01,False,14.0,0.0,
MOGK-201220 ,2024-07-01,False,14.0,0.0,
MOGK-201220 ,2024-08-01,False,14.0,0.0,
MOGK-201220 ,2024-09-01,False,14.0,0.0,
MOGK-201220 ,2024-10-01,False,10.0,4.0,
MOGK-201220 ,2024-11-01,False,6.0,4.0,
MOGK-201220 ,2024-12-01,False,10.0,4.0,
MOGK-201220 ,2025-01-01,False,6.0,4.0,
MOGK-201220 ,2025-02-01,False,6.0,0.0,
MOGK-201220 ,2025-03-01,False,2.0,4.0,
MOGK-201220 ,2025-04-01,False,2.0,0.0,
MOGK-201220 ,2025-05-01,False,2.0,0.0,0.0
MOGK-201220 ,2025-06-01,False,2.0,0.0,0.0
MOGK-201297 ,2024-06-01,False,10.0,0.0,
MOGK-201297 ,2024-07-01,False,10.0,0.0,
MOGK-201297 ,2024-08-01,False,10.0,0.0,
MOGK-201297 ,2024-09-01,False,10.0,0.0,
MOGK-201297 ,2024-10-01,False,10.0,0.0,
MOGK-201297 ,2024-11-01,False,10.0,0.0,
MOGK-201297 ,2024-12-01,False,10.0,0.0,
MOGK-201297 ,2025-01-01,False,9.0,1.0,
MOGK-201297 ,2025-02-01,False,9.0,0.0,
MOGK-201297 ,2025-03-01,False,9.0,0.0,
MOGK-201297 ,2025-04-01,False,8.0,1.0,
MOGK-201297 ,2025-05-01,False,8.0,0.0,0.0
MOGK-201297 ,2025-06-01,False,8.0,0.0,0.0
MOGK-201311 ,2024-06-01,False,2.0,0.0,
MOGK-201311 ,2024-07-01,False,1.0,1.0,
MOGK-201311 ,2024-08-01,False,1.0,0.0,
MOGK-201311 ,2024-09-01,False,1.0,0.0,
MOGK-201311 ,2024-10-01,False,1.0,0.0,
MOGK-201311 ,2024-11-01,False,1.0,0.0,
MOGK-201311 ,2024-12-01,False,1.0,0.0,
MOGK-201311 ,2025-01-01,False,1.0,0.0,
MOGK-201311 ,2025-02-01,False,6.0,0.0,
MOGK-201311 ,2025-03-01,False,6.0,0.0,
MOGK-201311 ,2025-04-01,False,6.0,0.0,
MOGK-201311 ,2025-05-01,False,6.0,0.0,0.0
MOGK-201311 ,2025-06-01,False,6.0,0.0,0.0
MOGK-201342 ,2024-06-01,False,8.0,1.0,
MOGK-201342 ,2024-07-01,False,7.0,1.0,
MOGK-201342 ,2024-08-01,False,4.0,3.0,
MOGK-201342 ,2024-09-01,False,4.0,0.0,
MOGK-201342 ,2024-10-01,False,4.0,0.0,
MOGK-201342 ,2024-11-01,False,3.0,1.0,
MOGK-201342 ,2024-12-01,False,2.0,1.0,
MOGK-201342 ,2025-01-01,False,2.0,0.0,
MOGK-201342 ,2025-02-01,False,2.0,0.0,
MOGK-201342 ,2025-03-01,False,2.0,0.0,
MOGK-201342 ,2025-04-01,False,2.0,0.0,
MOGK-201342 ,2025-05-01,False,10.0,2.0,2.0
MOGK-201342 ,2025-06-01,False,10.0,0.0,1.0
MOGK-201361 ,2024-06-01,False,10.0,1.0,
MOGK-201361 ,2024-07-01,False,10.0,0.0,
MOGK-201361 ,2024-08-01,False,10.0,0.0,
MOGK-201361 ,2024-09-01,False,10.0,0.0,
MOGK-201361 ,2024-10-01,False,10.0,0.0,
MOGK-201361 ,2024-11-01,False,10.0,0.0,
MOGK-201361 ,2024-12-01,False,10.0,0.0,
MOGK-201361 ,2025-01-01,False,9.0,1.0,
MOGK-201361 ,2025-02-01,False,9.0,0.0,
MOGK-201361 ,2025-03-01,False,9.0,0.0,
MOGK-201361 ,2025-04-01,False,9.0,0.0,
MOGK-201361 ,2025-05-01,False,9.0,0.0,0.0
MOGK-201361 ,2025-06-01,False,9.0,0.0,0.0
MOGK-201362 ,2024-06-01,True,0.0,0.0,
MOGK-201362 ,2024-07-01,True,0.0,0.0,
MOGK-201362 ,2024-08-01,True,0.0,0.0,
MOGK-201362 ,2024-09-01,True,0.0,0.0,
MOGK-201362 ,2024-10-01,True,4.0,0.0,
MOGK-201362 ,2024-11-01,False,3.0,1.0,
MOGK-201362 ,2024-12-01,False,3.0,0.0,
MOGK-201362 ,2025-01-01,False,3.0,0.0,
MOGK-201362 ,2025-02-01,False,3.0,0.0,
MOGK-201362 ,2025-03-01,False,3.0,0.0,
MOGK-201362 ,2025-04-01,False,3.0,0.0,
MOGK-201362 ,2025-05-01,False,2.0,1.0,0.0
MOGK-201362 ,2025-06-01,False,2.0,0.0,0.0
MOGK-201389 ,2024-06-01,False,4.0,0.0,
MOGK-201389 ,2024-07-01,False,4.0,0.0,
MOGK-201389 ,2024-08-01,False,4.0,0.0,
MOGK-201389 ,2024-09-01,False,4.0,0.0,
MOGK-201389 ,2024-10-01,False,4.0,0.0,
MOGK-201389 ,2024-11-01,False,4.0,0.0,
MOGK-201389 ,2024-12-01,False,4.0,0.0,
MOGK-201389 ,2025-01-01,False,4.0,0.0,
MOGK-201389 ,2025-02-01,False,4.0,0.0,
MOGK-201389 ,2025-03-01,False,4.0,0.0,
MOGK-201389 ,2025-04-01,False,3.0,1.0,
MOGK-201389 ,2025-05-01,False,3.0,0.0,0.0
MOGK-201389 ,2025-06-01,False,3.0,0.0,0.0
MOGK-201406 ,2024-06-01,False,14.0,0.0,
MOGK-201406 ,2024-07-01,False,90.0,4.0,
MOGK-201406 ,2024-08-01,False,90.0,0.0,
MOGK-201406 ,2024-09-01,False,90.0,0.0,
MOGK-201406 ,2024-10-01,False,86.0,4.0,
MOGK-201406 ,2024-11-01,False,84.0,2.0,
MOGK-201406 ,2024-12-01,False,84.0,0.0,
MOGK-201406 ,2025-01-01,False,80.0,4.0,
MOGK-201406 ,2025-02-01,False,68.0,12.0,
MOGK-201406 ,2025-03-01,False,60.0,8.0,
MOGK-201406 ,2025-04-01,False,39.0,21.0,
MOGK-201406 ,2025-05-01,False,37.0,2.0,6.0
MOGK-201406 ,2025-06-01,False,37.0,0.0,7.0
MOGK-201407 ,2024-06-01,True,0.0,0.0,
MOGK-201407 ,2024-07-01,True,6.0,0.0,
MOGK-201407 ,2024-08-01,False,6.0,0.0,
MOGK-201407 ,2024-09-01,False,5.0,1.0,
MOGK-201407 ,2024-10-01,False,9.0,2.0,
MOGK-201407 ,2024-11-01,False,7.0,2.0,
MOGK-201407 ,2024-12-01,False,5.0,2.0,
MOGK-201407 ,2025-01-01,False,2.0,3.0,
MOGK-201407 ,2025-02-01,False,2.0,0.0,
MOGK-201407 ,2025-03-01,False,2.0,0.0,
MOGK-201407 ,2025-04-01,False,2.0,0.0,
MOGK-201407 ,2025-05-01,False,2.0,0.0,0.0
MOGK-201407 ,2025-06-01,False,2.0,0.0,1.0
MOGK-201422 ,2024-06-01,False,4.0,0.0,
MOGK-201422 ,2024-07-01,False,4.0,0.0,
MOGK-201422 ,2024-08-01,False,4.0,0.0,
MOGK-201422 ,2024-09-01,False,4.0,0.0,
MOGK-201422 ,2024-10-01,False,4.0,0.0,
MOGK-201422 ,2024-11-01,False,4.0,0.0,
MOGK-201422 ,2024-12-01,False,4.0,0.0,
MOGK-201422 ,2025-01-01,False,3.0,1.0,
MOGK-201422 ,2025-02-01,False,3.0,0.0,
MOGK-201422 ,2025-03-01,False,3.0,0.0,
MOGK-201422 ,2025-04-01,False,3.0,0.0,
MOGK-201422 ,2025-05-01,False,3.0,0.0,0.0
MOGK-201422 ,2025-06-01,False,3.0,0.0,0.0
MOGK-201487 ,2024-06-01,True,0.0,0.0,
MOGK-201487 ,2024-07-01,True,4.0,0.0,
MOGK-201487 ,2024-08-01,False,4.0,0.0,
MOGK-201487 ,2024-09-01,False,4.0,0.0,
MOGK-201487 ,2024-10-01,False,4.0,0.0,
MOGK-201487 ,2024-11-01,False,4.0,0.0,
MOGK-201487 ,2024-12-01,False,4.0,0.0,
MOGK-201487 ,2025-01-01,False,2.0,2.0,
MOGK-201487 ,2025-02-01,False,2.0,0.0,
MOGK-201487 ,2025-03-01,False,1.0,1.0,
MOGK-201487 ,2025-04-01,False,1.0,0.0,
MOGK-201487 ,2025-05-01,False,1.0,0.0,0.0
MOGK-201487 ,2025-06-01,False,1.0,0.0,0.0
MOGK-201490 ,2024-06-01,False,7.0,1.0,
MOGK-201490 ,2024-07-01,False,17.0,0.0,
MOGK-201490 ,2024-08-01,False,16.0,1.0,
MOGK-201490 ,2024-09-01,False,15.0,1.0,
MOGK-201490 ,2024-10-01,False,14.0,1.0,
MOGK-201490 ,2024-11-01,False,7.0,7.0,
MOGK-201490 ,2024-12-01,False,1.0,6.0,
MOGK-201490 ,2025-01-01,True,0.0,1.0,
MOGK-201490 ,2025-02-01,True,0.0,0.0,
MOGK-201490 ,2025-03-01,True,0.0,0.0,
MOGK-201490 ,2025-04-01,True,0.0,0.0,
MOGK-201490 ,2025-05-01,True,20.0,0.0,2.0
MOGK-201490 ,2025-06-01,False,19.0,1.0,6.0
MOGK-201698 ,2024-06-01,False,6.0,0.0,
MOGK-201698 ,2024-07-01,False,4.0,2.0,
MOGK-201698 ,2024-08-01,False,4.0,0.0,
MOGK-201698 ,2024-09-01,False,4.0,0.0,
MOGK-201698 ,2024-10-01,False,4.0,0.0,
MOGK-201698 ,2024-11-01,False,4.0,0.0,
MOGK-201698 ,2024-12-01,False,4.0,0.0,
MOGK-201698 ,2025-01-01,False,4.0,0.0,
MOGK-201698 ,2025-02-01,False,12.0,2.0,
MOGK-201698 ,2025-03-01,False,12.0,0.0,
MOGK-201698 ,2025-04-01,False,10.0,2.0,
MOGK-201698 ,2025-05-01,False,8.0,2.0,1.0
MOGK-201698 ,2025-06-01,False,8.0,0.0,1.0
MOGK-201736 ,2024-06-01,False,8.0,0.0,
MOGK-201736 ,2024-07-01,False,8.0,0.0,
MOGK-201736 ,2024-08-01,False,4.0,4.0,
MOGK-201736 ,2024-09-01,False,4.0,0.0,
MOGK-201736 ,2024-10-01,False,30.0,4.0,
MOGK-201736 ,2024-11-01,False,30.0,0.0,
MOGK-201736 ,2024-12-01,False,22.0,8.0,
MOGK-201736 ,2025-01-01,False,10.0,12.0,
MOGK-201736 ,2025-02-01,False,8.0,2.0,
MOGK-201736 ,2025-03-01,False,8.0,0.0,
MOGK-201736 ,2025-04-01,False,0.0,8.0,
MOGK-201736 ,2025-05-01,True,0.0,0.0,4.0
MOGK-201736 ,2025-06-01,True,0.0,0.0,4.0
MOGK-201777 ,2024-06-01,False,7.0,0.0,
MOGK-201777 ,2024-07-01,False,7.0,0.0,
MOGK-201777 ,2024-08-01,False,7.0,0.0,
MOGK-201777 ,2024-09-01,False,7.0,0.0,
MOGK-201777 ,2024-10-01,False,7.0,0.0,
MOGK-201777 ,2024-11-01,False,7.0,0.0,
MOGK-201777 ,2024-12-01,False,6.0,1.0,
MOGK-201777 ,2025-01-01,False,4.0,2.0,
MOGK-201777 ,2025-02-01,False,3.0,1.0,
MOGK-201777 ,2025-03-01,False,2.0,1.0,
MOGK-201777 ,2025-04-01,False,2.0,0.0,
MOGK-201777 ,2025-05-01,False,2.0,0.0,1.0
MOGK-201777 ,2025-06-01,False,2.0,0.0,0.0
MOGK-201785 ,2024-06-01,True,5.0,5.0,
MOGK-201785 ,2024-07-01,False,14.0,1.0,
MOGK-201785 ,2024-08-01,False,13.0,1.0,
MOGK-201785 ,2024-09-01,False,8.0,5.0,
MOGK-201785 ,2024-10-01,False,1.0,7.0,
MOGK-201785 ,2024-11-01,True,0.0,1.0,
MOGK-201785 ,2024-12-01,True,0.0,0.0,
MOGK-201785 ,2025-01-01,True,0.0,0.0,
MOGK-201785 ,2025-02-01,True,0.0,12.0,
MOGK-201785 ,2025-03-01,True,1.0,1.0,
MOGK-201785 ,2025-04-01,True,1.0,0.0,
MOGK-201785 ,2025-05-01,True,13.0,2.0,2.0
MOGK-201785 ,2025-06-01,False,12.0,1.0,4.0
MOGK-201811 ,2024-06-01,False,7.0,0.0,
MOGK-201811 ,2024-07-01,False,45.0,2.0,
MOGK-201811 ,2024-08-01,False,45.0,0.0,
MOGK-201811 ,2024-09-01,False,45.0,0.0,
MOGK-201811 ,2024-10-01,False,45.0,0.0,
MOGK-201811 ,2024-11-01,False,39.0,6.0,
MOGK-201811 ,2024-12-01,False,33.0,6.0,
MOGK-201811 ,2025-01-01,False,27.0,6.0,
MOGK-201811 ,2025-02-01,False,25.0,2.0,
MOGK-201811 ,2025-03-01,False,23.0,2.0,
MOGK-201811 ,2025-04-01,False,23.0,0.0,
MOGK-201811 ,2025-05-01,False,21.0,2.0,2.0
MOGK-201811 ,2025-06-01,False,21.0,0.0,2.0
MOGK-201859 ,2024-06-01,True,0.0,0.0,
MOGK-201859 ,2024-07-01,True,0.0,0.0,
MOGK-201859 ,2024-08-01,True,0.0,0.0,
MOGK-201859 ,2024-09-01,True,0.0,0.0,
MOGK-201859 ,2024-10-01,True,40.0,0.0,
MOGK-201859 ,2024-11-01,False,38.0,2.0,
MOGK-201859 ,2024-12-01,False,32.0,6.0,
MOGK-201859 ,2025-01-01,False,26.0,6.0,
MOGK-201859 ,2025-02-01,False,26.0,0.0,
MOGK-201859 ,2025-03-01,False,24.0,2.0,
MOGK-201859 ,2025-04-01,False,24.0,0.0,
MOGK-201859 ,2025-05-01,False,22.0,2.0,2.0
MOGK-201859 ,2025-06-01,False,22.0,0.0,1.0
MOGK-201939 ,2024-06-01,True,0.0,0.0,
MOGK-201939 ,2024-07-01,True,6.0,0.0,
MOGK-201939 ,2024-08-01,False,2.0,4.0,
MOGK-201939 ,2024-09-01,False,0.0,2.0,
MOGK-201939 ,2024-10-01,True,0.0,0.0,
MOGK-201939 ,2024-11-01,True,0.0,0.0,
MOGK-201939 ,2024-12-01,True,0.0,0.0,
MOGK-201939 ,2025-01-01,True,0.0,0.0,
MOGK-201939 ,2025-02-01,True,10.0,0.0,
MOGK-201939 ,2025-03-01,False,10.0,0.0,
MOGK-201939 ,2025-04-01,False,10.0,0.0,
MOGK-201939 ,2025-05-01,False,10.0,0.0,1.0
MOGK-201939 ,2025-06-01,False,10.0,0.0,0.0
MOGK-201974 ,2024-06-01,True,0.0,0.0,
MOGK-201974 ,2024-07-01,True,0.0,0.0,
MOGK-201974 ,2024-08-01,True,0.0,0.0,
MOGK-201974 ,2024-09-01,True,0.0,0.0,
MOGK-201974 ,2024-10-01,True,0.0,0.0,
MOGK-201974 ,2024-11-01,True,0.0,0.0,
MOGK-201974 ,2024-12-01,True,0.0,0.0,
MOGK-201974 ,2025-01-01,True,0.0,0.0,
MOGK-201974 ,2025-02-01,True,6.0,4.0,
MOGK-201974 ,2025-03-01,False,4.0,2.0,
MOGK-201974 ,2025-04-01,False,0.0,4.0,
MOGK-201974 ,2025-05-01,True,0.0,0.0,1.0
MOGK-201974 ,2025-06-01,True,0.0,0.0,0.0
MOGK-202055 ,2024-06-01,True,0.0,0.0,
MOGK-202055 ,2024-07-01,True,20.0,0.0,
MOGK-202055 ,2024-08-01,False,20.0,0.0,
MOGK-202055 ,2024-09-01,False,20.0,0.0,
MOGK-202055 ,2024-10-01,False,20.0,0.0,
MOGK-202055 ,2024-11-01,False,10.0,10.0,
MOGK-202055 ,2024-12-01,False,2.0,8.0,
MOGK-202055 ,2025-01-01,False,0.0,2.0,
MOGK-202055 ,2025-02-01,True,0.0,0.0,
MOGK-202055 ,2025-03-01,True,0.0,0.0,
MOGK-202055 ,2025-04-01,True,0.0,0.0,
MOGK-202055 ,2025-05-01,True,0.0,0.0,0.0
MOGK-202055 ,2025-06-01,True,0.0,0.0,1.0
MOGK-202118 ,2024-06-01,False,10.0,0.0,
MOGK-202118 ,2024-07-01,False,10.0,0.0,
MOGK-202118 ,2024-08-01,False,10.0,0.0,
MOGK-202118 ,2024-09-01,False,10.0,0.0,
MOGK-202118 ,2024-10-01,False,10.0,0.0,
MOGK-202118 ,2024-11-01,False,9.0,1.0,
MOGK-202118 ,2024-12-01,False,9.0,0.0,
MOGK-202118 ,2025-01-01,False,9.0,0.0,
MOGK-202118 ,2025-02-01,False,9.0,0.0,
MOGK-202118 ,2025-03-01,False,9.0,0.0,
MOGK-202118 ,2025-04-01,False,8.0,1.0,
MOGK-202118 ,2025-05-01,False,8.0,0.0,0.0
MOGK-202118 ,2025-06-01,False,8.0,0.0,0.0
MOGK-304 ,2024-06-01,True,0.0,0.0,
MOGK-304 ,2024-07-01,True,20.0,0.0,
MOGK-304 ,2024-08-01,False,16.0,4.0,
MOGK-304 ,2024-09-01,False,6.0,10.0,
MOGK-304 ,2024-10-01,False,6.0,0.0,
MOGK-304 ,2024-11-01,False,6.0,0.0,
MOGK-304 ,2024-12-01,False,6.0,0.0,
MOGK-304 ,2025-01-01,False,6.0,0.0,
MOGK-304 ,2025-02-01,False,6.0,0.0,
MOGK-304 ,2025-03-01,False,6.0,0.0,
MOGK-304 ,2025-04-01,False,6.0,0.0,
MOGK-304 ,2025-05-01,False,5.0,1.0,1.0
MOGK-304 ,2025-06-01,False,5.0,0.0,1.0
MOGK-3128 ,2024-06-01,False,21.0,0.0,
MOGK-3128 ,2024-07-01,False,21.0,0.0,
MOGK-3128 ,2024-08-01,False,19.0,2.0,
MOGK-3128 ,2024-09-01,False,19.0,0.0,
MOGK-3128 ,2024-10-01,False,19.0,0.0,
MOGK-3128 ,2024-11-01,False,19.0,0.0,
MOGK-3128 ,2024-12-01,False,19.0,0.0,
MOGK-3128 ,2025-01-01,False,17.0,2.0,
MOGK-3128 ,2025-02-01,False,15.0,2.0,
MOGK-3128 ,2025-03-01,False,15.0,0.0,
MOGK-3128 ,2025-04-01,False,13.0,2.0,
MOGK-3128 ,2025-05-01,False,12.0,1.0,1.0
MOGK-3128 ,2025-06-01,False,12.0,0.0,2.0
MOGK-3171 ,2024-06-01,False,4.0,0.0,
MOGK-3171 ,2024-07-01,False,13.0,1.0,
MOGK-3171 ,2024-08-01,False,12.0,1.0,
MOGK-3171 ,2024-09-01,False,12.0,0.0,
MOGK-3171 ,2024-10-01,False,12.0,0.0,
MOGK-3171 ,2024-11-01,False,12.0,0.0,
MOGK-3171 ,2024-12-01,False,11.0,1.0,
MOGK-3171 ,2025-01-01,False,11.0,0.0,
MOGK-3171 ,2025-02-01,False,11.0,0.0,
MOGK-3171 ,2025-03-01,False,11.0,0.0,
MOGK-3171 ,2025-04-01,False,11.0,0.0,
MOGK-3171 ,2025-05-01,False,11.0,0.0,0.0
MOGK-3171 ,2025-06-01,False,11.0,0.0,0.0
MOGK-400018 ,2024-06-01,True,0.0,0.0,
MOGK-400018 ,2024-07-01,True,10.0,0.0,
MOGK-400018 ,2024-08-01,False,10.0,0.0,
MOGK-400018 ,2024-09-01,False,11.0,0.0,
MOGK-400018 ,2024-10-01,False,11.0,0.0,
MOGK-400018 ,2024-11-01,False,10.0,1.0,
MOGK-400018 ,2024-12-01,False,10.0,0.0,
MOGK-400018 ,2025-01-01,False,8.0,2.0,
MOGK-400018 ,2025-02-01,False,18.0,2.0,
MOGK-400018 ,2025-03-01,False,17.0,1.0,
MOGK-400018 ,2025-04-01,False,15.0,2.0,
MOGK-400018 ,2025-05-01,False,15.0,0.0,1.0
MOGK-400018 ,2025-06-01,False,15.0,0.0,1.0
MOGK-440019 ,2024-06-01,False,15.0,1.0,
MOGK-440019 ,2024-07-01,False,15.0,0.0,
MOGK-440019 ,2024-08-01,False,15.0,0.0,
MOGK-440019 ,2024-09-01,False,14.0,1.0,
MOGK-440019 ,2024-10-01,False,13.0,1.0,
MOGK-440019 ,2024-11-01,False,13.0,0.0,
MOGK-440019 ,2024-12-01,False,12.0,1.0,
MOGK-440019 ,2025-01-01,False,11.0,1.0,
MOGK-440019 ,2025-02-01,False,9.0,2.0,
MOGK-440019 ,2025-03-01,False,9.0,0.0,
MOGK-440019 ,2025-04-01,False,6.0,3.0,
MOGK-440019 ,2025-05-01,False,5.0,1.0,3.0
MOGK-440019 ,2025-06-01,False,5.0,0.0,0.0
MOGK-500007 ,2024-06-01,True,1.0,0.0,
MOGK-500007 ,2024-07-01,True,81.0,0.0,
MOGK-500007 ,2024-08-01,False,67.0,14.0,
MOGK-500007 ,2024-09-01,False,50.0,17.0,
MOGK-500007 ,2024-10-01,False,18.0,32.0,
MOGK-500007 ,2024-11-01,False,1.0,17.0,
MOGK-500007 ,2024-12-01,True,1.0,0.0,
MOGK-500007 ,2025-01-01,True,1.0,0.0,
MOGK-500007 ,2025-02-01,True,49.0,32.0,
MOGK-500007 ,2025-03-01,False,35.0,14.0,
MOGK-500007 ,2025-04-01,False,23.0,12.0,
MOGK-500007 ,2025-05-01,False,12.0,11.0,7.0
MOGK-500007 ,2025-06-01,False,6.0,6.0,5.0
MOGK-500008 ,2024-06-01,False,5.0,2.0,
MOGK-500008 ,2024-07-01,False,5.0,0.0,
MOGK-500008 ,2024-08-01,False,3.0,2.0,
MOGK-500008 ,2024-09-01,False,3.0,0.0,
MOGK-500008 ,2024-10-01,False,3.0,0.0,
MOGK-500008 ,2024-11-01,False,3.0,0.0,
MOGK-500008 ,2024-12-01,False,3.0,0.0,
MOGK-500008 ,2025-01-01,False,1.0,2.0,
MOGK-500008 ,2025-02-01,False,1.0,0.0,
MOGK-500008 ,2025-03-01,False,1.0,0.0,
MOGK-500008 ,2025-04-01,False,1.0,0.0,
MOGK-500008 ,2025-05-01,False,1.0,0.0,0.0
MOGK-500008 ,2025-06-01,False,1.0,0.0,0.0
MOGK-500193 ,2024-06-01,True,0.0,0.0,
MOGK-500193 ,2024-07-01,True,12.0,0.0,
MOGK-500193 ,2024-08-01,False,12.0,0.0,
MOGK-500193 ,2024-09-01,False,12.0,0.0,
MOGK-500193 ,2024-10-01,False,11.0,1.0,
MOGK-500193 ,2024-11-01,False,11.0,0.0,
MOGK-500193 ,2024-12-01,False,11.0,0.0,
MOGK-500193 ,2025-01-01,False,11.0,0.0,
MOGK-500193 ,2025-02-01,False,7.0,4.0,
MOGK-500193 ,2025-03-01,False,7.0,0.0,
MOGK-500193 ,2025-04-01,False,7.0,0.0,
MOGK-500193 ,2025-05-01,False,7.0,0.0,0.0
MOGK-500193 ,2025-06-01,False,5.0,2.0,1.0
MOGK-500232 ,2024-06-01,True,0.0,0.0,
MOGK-500232 ,2024-07-01,True,6.0,0.0,
MOGK-500232 ,2024-08-01,False,2.0,4.0,
MOGK-500232 ,2024-09-01,True,2.0,0.0,
MOGK-500232 ,2024-10-01,True,25.0,7.0,
MOGK-500232 ,2024-11-01,False,19.0,6.0,
MOGK-500232 ,2024-12-01,False,16.0,3.0,
MOGK-500232 ,2025-01-01,False,9.0,7.0,
MOGK-500232 ,2025-02-01,False,9.0,0.0,
MOGK-500232 ,2025-03-01,False,7.0,2.0,
MOGK-500232 ,2025-04-01,False,5.0,2.0,
MOGK-500232 ,2025-05-01,False,19.0,3.0,2.0
MOGK-500232 ,2025-06-01,False,19.0,0.0,2.0
MOGK-500245 ,2024-06-01,True,0.0,1.0,
MOGK-500245 ,2024-07-01,True,10.0,0.0,
MOGK-500245 ,2024-08-01,False,4.0,6.0,
MOGK-500245 ,2024-09-01,False,0.0,4.0,
MOGK-500245 ,2024-10-01,True,0.0,0.0,
MOGK-500245 ,2024-11-01,True,0.0,0.0,
MOGK-500245 ,2024-12-01,True,0.0,0.0,
MOGK-500245 ,2025-01-01,True,0.0,0.0,
MOGK-500245 ,2025-02-01,True,24.0,10.0,
MOGK-500245 ,2025-03-01,False,22.0,2.0,
MOGK-500245 ,2025-04-01,False,20.0,2.0,
MOGK-500245 ,2025-05-01,False,16.0,4.0,3.0
MOGK-500245 ,2025-06-01,False,16.0,0.0,2.0
MOGK-500340 ,2024-06-01,True,0.0,0.0,
MOGK-500340 ,2024-07-01,True,0.0,0.0,
MOGK-500340 ,2024-08-01,True,0.0,0.0,
MOGK-500340 ,2024-09-01,True,0.0,0.0,
MOGK-500340 ,2024-10-01,True,2.0,8.0,
MOGK-500340 ,2024-11-01,False,0.0,2.0,
MOGK-500340 ,2024-12-01,True,0.0,0.0,
MOGK-500340 ,2025-01-01,True,0.0,0.0,
MOGK-500340 ,2025-02-01,True,14.0,4.0,
MOGK-500340 ,2025-03-01,False,9.0,10.0,
MOGK-500340 ,2025-04-01,False,7.0,0.0,
MOGK-500340 ,2025-05-01,False,7.0,0.0,2.0
MOGK-500340 ,2025-06-01,False,1.0,0.0,0.0
MOGK-500408 ,2024-06-01,True,0.0,0.0,
MOGK-500408 ,2024-07-01,True,0.0,0.0,
MOGK-500408 ,2024-08-01,True,0.0,0.0,
MOGK-500408 ,2024-09-01,True,0.0,0.0,
MOGK-500408 ,2024-10-01,True,0.0,0.0,
MOGK-500408 ,2024-11-01,True,0.0,0.0,
MOGK-500408 ,2024-12-01,True,0.0,0.0,
MOGK-500408 ,2025-01-01,True,0.0,0.0,
MOGK-500408 ,2025-02-01,True,10.0,10.0,
MOGK-500408 ,2025-03-01,False,5.0,5.0,
MOGK-500408 ,2025-04-01,False,3.0,2.0,
MOGK-500408 ,2025-05-01,False,1.0,2.0,1.0
MOGK-500408 ,2025-06-01,True,1.0,0.0,1.0
MOGK-5196 ,2024-06-01,True,0.0,0.0,
MOGK-5196 ,2024-07-01,True,0.0,0.0,
MOGK-5196 ,2024-08-01,True,0.0,0.0,
MOGK-5196 ,2024-09-01,True,-20.0,20.0,
MOGK-5196 ,2024-10-01,True,0.0,0.0,
MOGK-5196 ,2024-11-01,True,0.0,0.0,
MOGK-5196 ,2024-12-01,True,0.0,0.0,
MOGK-5196 ,2025-01-01,True,0.0,0.0,
MOGK-5196 ,2025-02-01,True,0.0,0.0,
MOGK-5196 ,2025-03-01,True,0.0,0.0,
MOGK-5196 ,2025-04-01,True,0.0,0.0,
MOGK-5196 ,2025-05-01,True,20.0,0.0,2.0
MOGK-5196 ,2025-06-01,False,20.0,0.0,3.0
MOGK-5208E ,2024-06-01,True,0.0,0.0,
MOGK-5208E ,2024-07-01,True,0.0,0.0,
MOGK-5208E ,2024-08-01,True,0.0,0.0,
MOGK-5208E ,2024-09-01,True,-128.0,130.0,
MOGK-5208E ,2024-10-01,True,34.0,38.0,
MOGK-5208E ,2024-11-01,False,22.0,12.0,
MOGK-5208E ,2024-12-01,False,-10.0,32.0,
MOGK-5208E ,2025-01-01,True,-10.0,0.0,
MOGK-5208E ,2025-02-01,True,102.0,8.0,
MOGK-5208E ,2025-03-01,False,60.0,42.0,
MOGK-5208E ,2025-04-01,False,58.0,2.0,
MOGK-5208E ,2025-05-01,False,200.0,8.0,22.0
MOGK-5208E ,2025-06-01,False,198.0,2.0,29.0
MOGK-5248 ,2024-06-01,True,1.0,0.0,
MOGK-5248 ,2024-07-01,True,1.0,0.0,
MOGK-5248 ,2024-08-01,True,1.0,0.0,
MOGK-5248 ,2024-09-01,True,1.0,0.0,
MOGK-5248 ,2024-10-01,True,0.0,21.0,
MOGK-5248 ,2024-11-01,True,0.0,0.0,
MOGK-5248 ,2024-12-01,True,0.0,0.0,
MOGK-5248 ,2025-01-01,True,0.0,0.0,
MOGK-5248 ,2025-02-01,True,0.0,0.0,
MOGK-5248 ,2025-03-01,True,0.0,0.0,
MOGK-5248 ,2025-04-01,True,0.0,0.0,
MOGK-5248 ,2025-05-01,True,50.0,0.0,3.0
MOGK-5248 ,2025-06-01,False,47.0,3.0,4.0
MOGK-5252 ,2024-06-01,False,159.0,4.0,
MOGK-5252 ,2024-07-01,False,149.0,10.0,
MOGK-5252 ,2024-08-01,False,141.0,8.0,
MOGK-5252 ,2024-09-01,False,131.0,10.0,
MOGK-5252 ,2024-10-01,False,123.0,8.0,
MOGK-5252 ,2024-11-01,False,110.0,13.0,
MOGK-5252 ,2024-12-01,False,96.0,14.0,
MOGK-5252 ,2025-01-01,False,92.0,4.0,
MOGK-5252 ,2025-02-01,False,88.0,4.0,
MOGK-5252 ,2025-03-01,False,86.0,2.0,
MOGK-5252 ,2025-04-01,False,80.0,6.0,
MOGK-5252 ,2025-05-01,False,74.0,6.0,6.0
MOGK-5252 ,2025-06-01,False,70.0,4.0,6.0
MOGK-5288 ,2024-06-01,True,1.0,0.0,
MOGK-5288 ,2024-07-01,True,21.0,0.0,
MOGK-5288 ,2024-08-01,False,12.0,9.0,
MOGK-5288 ,2024-09-01,False,11.0,1.0,
MOGK-5288 ,2024-10-01,False,6.0,5.0,
MOGK-5288 ,2024-11-01,False,1.0,5.0,
MOGK-5288 ,2024-12-01,True,0.0,1.0,
MOGK-5288 ,2025-01-01,True,0.0,0.0,
MOGK-5288 ,2025-02-01,True,0.0,0.0,
MOGK-5288 ,2025-03-01,True,0.0,0.0,
MOGK-5288 ,2025-04-01,True,0.0,0.0,
MOGK-5288 ,2025-05-01,True,8.0,12.0,4.0
MOGK-5288 ,2025-06-01,False,8.0,0.0,2.0
MOGK-6096T ,2024-06-01,True,0.0,0.0,
MOGK-6096T ,2024-07-01,True,16.0,0.0,
MOGK-6096T ,2024-08-01,False,13.0,3.0,
MOGK-6096T ,2024-09-01,False,12.0,1.0,
MOGK-6096T ,2024-10-01,False,10.0,2.0,
MOGK-6096T ,2024-11-01,False,6.0,4.0,
MOGK-6096T ,2024-12-01,False,3.0,3.0,
MOGK-6096T ,2025-01-01,False,0.0,3.0,
MOGK-6096T ,2025-02-01,True,0.0,0.0,
MOGK-6096T ,2025-03-01,True,0.0,0.0,
MOGK-6096T ,2025-04-01,True,1.0,1.0,
MOGK-6096T ,2025-05-01,True,0.0,1.0,1.0
MOGK-6096T ,2025-06-01,True,0.0,0.0,1.0
MOGK-6109 ,2024-06-01,False,14.0,79.0,
MOGK-6109 ,2024-07-01,True,109.0,5.0,
MOGK-6109 ,2024-08-01,False,13.0,96.0,
MOGK-6109 ,2024-09-01,True,1.0,13.0,
MOGK-6109 ,2024-10-01,True,0.0,1.0,
MOGK-6109 ,2024-11-01,True,-2.0,2.0,
MOGK-6109 ,2024-12-01,True,14.0,6.0,
MOGK-6109 ,2025-01-01,True,12.0,2.0,
MOGK-6109 ,2025-02-01,True,150.0,162.0,
MOGK-6109 ,2025-03-01,False,135.0,15.0,
MOGK-6109 ,2025-04-01,False,101.0,34.0,
MOGK-6109 ,2025-05-01,False,262.0,39.0,32.0
MOGK-6109 ,2025-06-01,False,262.0,0.0,22.0
MOGK-6111 ,2024-06-01,True,0.0,0.0,
MOGK-6111 ,2024-07-01,True,0.0,0.0,
MOGK-6111 ,2024-08-01,True,0.0,0.0,
MOGK-6111 ,2024-09-01,True,0.0,0.0,
MOGK-6111 ,2024-10-01,True,0.0,0.0,
MOGK-6111 ,2024-11-01,True,0.0,0.0,
MOGK-6111 ,2024-12-01,True,0.0,0.0,
MOGK-6111 ,2025-01-01,True,0.0,0.0,
MOGK-6111 ,2025-02-01,True,33.0,0.0,
MOGK-6111 ,2025-03-01,False,3.0,30.0,
MOGK-6111 ,2025-04-01,False,1.0,2.0,
MOGK-6111 ,2025-05-01,True,1.0,0.0,4.0
MOGK-6111 ,2025-06-01,True,1.0,0.0,5.0
MOGK-6117T ,2024-06-01,False,14.0,0.0,
MOGK-6117T ,2024-07-01,False,12.0,2.0,
MOGK-6117T ,2024-08-01,False,12.0,0.0,
MOGK-6117T ,2024-09-01,False,10.0,2.0,
MOGK-6117T ,2024-10-01,False,4.0,6.0,
MOGK-6117T ,2024-11-01,False,2.0,2.0,
MOGK-6117T ,2024-12-01,False,0.0,2.0,
MOGK-6117T ,2025-01-01,True,0.0,0.0,
MOGK-6117T ,2025-02-01,True,0.0,0.0,
MOGK-6117T ,2025-03-01,True,0.0,0.0,
MOGK-6117T ,2025-04-01,True,0.0,0.0,
MOGK-6117T ,2025-05-01,True,18.0,4.0,3.0
MOGK-6117T ,2025-06-01,False,17.0,1.0,1.0
MOGK-6122 ,2024-06-01,True,0.0,0.0,
MOGK-6122 ,2024-07-01,True,10.0,0.0,
MOGK-6122 ,2024-08-01,False,0.0,12.0,
MOGK-6122 ,2024-09-01,True,0.0,0.0,
MOGK-6122 ,2024-10-01,True,0.0,0.0,
MOGK-6122 ,2024-11-01,True,0.0,0.0,
MOGK-6122 ,2024-12-01,True,0.0,0.0,
MOGK-6122 ,2025-01-01,True,0.0,0.0,
MOGK-6122 ,2025-02-01,True,20.0,10.0,
MOGK-6122 ,2025-03-01,False,20.0,0.0,
MOGK-6122 ,2025-04-01,False,10.0,10.0,
MOGK-6122 ,2025-05-01,False,0.0,10.0,3.0
MOGK-6122 ,2025-06-01,True,0.0,0.0,4.0
MOGK-6129T ,2024-06-01,True,4.0,0.0,
MOGK-6129T ,2024-07-01,True,104.0,0.0,
MOGK-6129T ,2024-08-01,False,82.0,22.0,
MOGK-6129T ,2024-09-01,False,76.0,8.0,
MOGK-6129T ,2024-10-01,False,38.0,38.0,
MOGK-6129T ,2024-11-01,False,25.0,13.0,
MOGK-6129T ,2024-12-01,False,12.0,13.0,
MOGK-6129T ,2025-01-01,False,6.0,6.0,
MOGK-6129T ,2025-02-01,True,6.0,0.0,
MOGK-6129T ,2025-03-01,True,6.0,0.0,
MOGK-6129T ,2025-04-01,True,3.0,3.0,
MOGK-6129T ,2025-05-01,True,104.0,5.0,10.0
MOGK-6129T ,2025-06-01,False,102.0,2.0,7.0
MOGK-6136 ,2024-06-01,True,0.0,0.0,
MOGK-6136 ,2024-07-01,True,0.0,0.0,
MOGK-6136 ,2024-08-01,True,0.0,0.0,
MOGK-6136 ,2024-09-01,True,4.0,0.0,
MOGK-6136 ,2024-10-01,False,0.0,6.0,
MOGK-6136 ,2024-11-01,True,0.0,0.0,
MOGK-6136 ,2024-12-01,True,0.0,0.0,
MOGK-6136 ,2025-01-01,True,0.0,0.0,
MOGK-6136 ,2025-02-01,True,10.0,0.0,
MOGK-6136 ,2025-03-01,False,10.0,0.0,
MOGK-6136 ,2025-04-01,False,6.0,4.0,
MOGK-6136 ,2025-05-01,False,2.0,4.0,2.0
MOGK-6136 ,2025-06-01,False,2.0,0.0,2.0
MOGK-6137 ,2024-06-01,False,4.0,4.0,
MOGK-6137 ,2024-07-01,False,4.0,0.0,
MOGK-6137 ,2024-08-01,False,4.0,0.0,
MOGK-6137 ,2024-09-01,False,2.0,2.0,
MOGK-6137 ,2024-10-01,True,8.0,14.0,
MOGK-6137 ,2024-11-01,False,4.0,4.0,
MOGK-6137 ,2024-12-01,False,0.0,4.0,
MOGK-6137 ,2025-01-01,True,0.0,0.0,
MOGK-6137 ,2025-02-01,True,0.0,0.0,
MOGK-6137 ,2025-03-01,True,0.0,0.0,
MOGK-6137 ,2025-04-01,True,0.0,0.0,
MOGK-6137 ,2025-05-01,True,34.0,6.0,4.0
MOGK-6137 ,2025-06-01,False,32.0,2.0,3.0
MOGK-6138 ,2024-06-01,False,16.0,4.0,
MOGK-6138 ,2024-07-01,False,14.0,2.0,
MOGK-6138 ,2024-08-01,False,12.0,2.0,
MOGK-6138 ,2024-09-01,False,6.0,6.0,
MOGK-6138 ,2024-10-01,False,12.0,14.0,
MOGK-6138 ,2024-11-01,False,12.0,0.0,
MOGK-6138 ,2024-12-01,False,8.0,4.0,
MOGK-6138 ,2025-01-01,False,0.0,8.0,
MOGK-6138 ,2025-02-01,True,0.0,0.0,
MOGK-6138 ,2025-03-01,True,0.0,0.0,
MOGK-6138 ,2025-04-01,True,0.0,0.0,
MOGK-6138 ,2025-05-01,True,42.0,8.0,4.0
MOGK-6138 ,2025-06-01,False,40.0,2.0,5.0
MOGK-6141 ,2024-06-01,False,1.0,0.0,
MOGK-6141 ,2024-07-01,False,1.0,0.0,
MOGK-6141 ,2024-08-01,False,1.0,0.0,
MOGK-6141 ,2024-09-01,False,1.0,0.0,
MOGK-6141 ,2024-10-01,False,1.0,0.0,
MOGK-6141 ,2024-11-01,False,1.0,0.0,
MOGK-6141 ,2024-12-01,False,1.0,0.0,
MOGK-6141 ,2025-01-01,False,1.0,0.0,
MOGK-6141 ,2025-02-01,False,21.0,0.0,
MOGK-6141 ,2025-03-01,False,21.0,0.0,
MOGK-6141 ,2025-04-01,False,21.0,0.0,
MOGK-6141 ,2025-05-01,False,17.0,4.0,3.0
MOGK-6141 ,2025-06-01,False,17.0,0.0,1.0
MOGK-6143 ,2024-06-01,False,15.0,8.0,
MOGK-6143 ,2024-07-01,False,10.0,5.0,
MOGK-6143 ,2024-08-01,False,3.0,7.0,
MOGK-6143 ,2024-09-01,True,1.0,2.0,
MOGK-6143 ,2024-10-01,True,27.0,14.0,
MOGK-6143 ,2024-11-01,False,11.0,16.0,
MOGK-6143 ,2024-12-01,False,2.0,9.0,
MOGK-6143 ,2025-01-01,True,1.0,1.0,
MOGK-6143 ,2025-02-01,True,40.0,21.0,
MOGK-6143 ,2025-03-01,False,34.0,6.0,
MOGK-6143 ,2025-04-01,False,28.0,6.0,
MOGK-6143 ,2025-05-01,False,96.0,5.0,7.0
MOGK-6143 ,2025-06-01,False,92.0,4.0,8.0
MOGK-6144 ,2024-06-01,True,1.0,0.0,
MOGK-6144 ,2024-07-01,True,1.0,0.0,
MOGK-6144 ,2024-08-01,True,-49.0,50.0,
MOGK-6144 ,2024-09-01,True,-119.0,70.0,
MOGK-6144 ,2024-10-01,True,11.0,70.0,
MOGK-6144 ,2024-11-01,True,11.0,0.0,
MOGK-6144 ,2024-12-01,True,11.0,0.0,
MOGK-6144 ,2025-01-01,True,11.0,0.0,
MOGK-6144 ,2025-02-01,True,7.0,84.0,
MOGK-6144 ,2025-03-01,True,11.0,6.0,
MOGK-6144 ,2025-04-01,True,1.0,10.0,
MOGK-6144 ,2025-05-01,True,0.0,0.0,28.0
MOGK-6144 ,2025-06-01,True,0.0,0.0,31.0
MOGK-6145T ,2024-06-01,False,45.0,2.0,
MOGK-6145T ,2024-07-01,False,43.0,2.0,
MOGK-6145T ,2024-08-01,False,33.0,10.0,
MOGK-6145T ,2024-09-01,False,-71.0,104.0,
MOGK-6145T ,2024-10-01,True,177.0,2.0,
MOGK-6145T ,2024-11-01,False,141.0,36.0,
MOGK-6145T ,2024-12-01,False,64.0,77.0,
MOGK-6145T ,2025-01-01,False,56.0,8.0,
MOGK-6145T ,2025-02-01,False,10.0,46.0,
MOGK-6145T ,2025-03-01,True,6.0,4.0,
MOGK-6145T ,2025-04-01,True,4.0,2.0,
MOGK-6145T ,2025-05-01,True,204.0,0.0,33.0
MOGK-6145T ,2025-06-01,False,202.0,2.0,16.0
MOGK-6147 ,2024-06-01,False,23.0,6.0,
MOGK-6147 ,2024-07-01,False,17.0,6.0,
MOGK-6147 ,2024-08-01,False,9.0,8.0,
MOGK-6147 ,2024-09-01,False,3.0,6.0,
MOGK-6147 ,2024-10-01,True,8.0,25.0,
MOGK-6147 ,2024-11-01,False,5.0,3.0,
MOGK-6147 ,2024-12-01,True,5.0,0.0,
MOGK-6147 ,2025-01-01,True,1.0,4.0,
MOGK-6147 ,2025-02-01,True,25.0,6.0,
MOGK-6147 ,2025-03-01,False,21.0,4.0,
MOGK-6147 ,2025-04-01,False,18.0,3.0,
MOGK-6147 ,2025-05-01,False,46.0,8.0,4.0
MOGK-6147 ,2025-06-01,False,46.0,0.0,4.0
MOGK-6176 ,2024-06-01,False,41.0,0.0,
MOGK-6176 ,2024-07-01,False,39.0,2.0,
MOGK-6176 ,2024-08-01,False,39.0,0.0,
MOGK-6176 ,2024-09-01,False,39.0,0.0,
MOGK-6176 ,2024-10-01,False,39.0,0.0,
MOGK-6176 ,2024-11-01,False,39.0,0.0,
MOGK-6176 ,2024-12-01,False,37.0,2.0,
MOGK-6176 ,2025-01-01,False,11.0,26.0,
MOGK-6176 ,2025-02-01,False,8.0,2.0,
MOGK-6176 ,2025-03-01,False,8.0,0.0,
MOGK-6176 ,2025-04-01,False,8.0,0.0,
MOGK-6176 ,2025-05-01,False,2.0,6.0,4.0
MOGK-6176 ,2025-06-01,True,2.0,0.0,2.0
MOGK-6177 ,2024-06-01,False,14.0,0.0,
MOGK-6177 ,2024-07-01,False,12.0,2.0,
MOGK-6177 ,2024-08-01,False,12.0,0.0,
MOGK-6177 ,2024-09-01,False,12.0,0.0,
MOGK-6177 ,2024-10-01,False,12.0,0.0,
MOGK-6177 ,2024-11-01,False,10.0,2.0,
MOGK-6177 ,2024-12-01,False,8.0,2.0,
MOGK-6177 ,2025-01-01,False,6.0,2.0,
MOGK-6177 ,2025-02-01,False,12.0,4.0,
MOGK-6177 ,2025-03-01,False,12.0,0.0,
MOGK-6177 ,2025-04-01,False,12.0,0.0,
MOGK-6177 ,2025-05-01,False,12.0,0.0,1.0
MOGK-6177 ,2025-06-01,False,12.0,0.0,1.0
MOGK-6186 ,2024-06-01,False,0.0,19.0,
MOGK-6186 ,2024-07-01,True,0.0,0.0,
MOGK-6186 ,2024-08-01,True,0.0,0.0,
MOGK-6186 ,2024-09-01,True,0.0,0.0,
MOGK-6186 ,2024-10-01,True,0.0,0.0,
MOGK-6186 ,2024-11-01,True,0.0,0.0,
MOGK-6186 ,2024-12-01,True,0.0,0.0,
MOGK-6186 ,2025-01-01,True,0.0,0.0,
MOGK-6186 ,2025-02-01,True,0.0,0.0,
MOGK-6186 ,2025-03-01,True,0.0,0.0,
MOGK-6186 ,2025-04-01,True,0.0,0.0,
MOGK-6186 ,2025-05-01,True,0.0,0.0,0.0
MOGK-6186 ,2025-06-01,True,0.0,0.0,1.0
MOGK-6187 ,2024-06-01,False,1.0,0.0,
MOGK-6187 ,2024-07-01,False,1.0,0.0,
MOGK-6187 ,2024-08-01,False,1.0,0.0,
MOGK-6187 ,2024-09-01,False,0.0,1.0,
MOGK-6187 ,2024-10-01,True,0.0,0.0,
MOGK-6187 ,2024-11-01,True,0.0,0.0,
MOGK-6187 ,2024-12-01,True,0.0,0.0,
MOGK-6187 ,2025-01-01,True,0.0,0.0,
MOGK-6187 ,2025-02-01,True,0.0,0.0,
MOGK-6187 ,2025-03-01,True,0.0,0.0,
MOGK-6187 ,2025-04-01,True,0.0,0.0,
MOGK-6187 ,2025-05-01,True,0.0,0.0,0.0
MOGK-6187 ,2025-06-01,True,0.0,0.0,0.0
MOGK-6198 ,2024-06-01,True,2.0,0.0,
MOGK-6198 ,2024-07-01,True,2.0,0.0,
MOGK-6198 ,2024-08-01,True,2.0,0.0,
MOGK-6198 ,2024-09-01,True,2.0,11.0,
MOGK-6198 ,2024-10-01,True,57.0,47.0,
MOGK-6198 ,2024-11-01,False,17.0,40.0,
MOGK-6198 ,2024-12-01,False,-2.0,19.0,
MOGK-6198 ,2025-01-01,True,-4.0,2.0,
MOGK-6198 ,2025-02-01,True,90.0,8.0,
MOGK-6198 ,2025-03-01,False,78.0,2.0,
MOGK-6198 ,2025-04-01,False,66.0,12.0,
MOGK-6198 ,2025-05-01,False,56.0,10.0,10.0
MOGK-6198 ,2025-06-01,False,54.0,2.0,11.0
MOGK-6220 ,2024-06-01,False,1.0,0.0,
MOGK-6220 ,2024-07-01,False,1.0,0.0,
MOGK-6220 ,2024-08-01,False,1.0,0.0,
MOGK-6220 ,2024-09-01,False,1.0,0.0,
MOGK-6220 ,2024-10-01,False,1.0,0.0,
MOGK-6220 ,2024-11-01,False,1.0,0.0,
MOGK-6220 ,2024-12-01,False,0.0,1.0,
MOGK-6220 ,2025-01-01,True,0.0,0.0,
MOGK-6220 ,2025-02-01,True,0.0,0.0,
MOGK-6220 ,2025-03-01,True,0.0,0.0,
MOGK-6220 ,2025-04-01,True,0.0,0.0,
MOGK-6220 ,2025-05-01,True,0.0,0.0,0.0
MOGK-6220 ,2025-06-01,True,0.0,0.0,0.0
MOGK-6247 ,2024-06-01,True,0.0,0.0,
MOGK-6247 ,2024-07-01,True,0.0,0.0,
MOGK-6247 ,2024-08-01,True,0.0,1.0,
MOGK-6247 ,2024-09-01,True,0.0,0.0,
MOGK-6247 ,2024-10-01,True,0.0,0.0,
MOGK-6247 ,2024-11-01,True,0.0,0.0,
MOGK-6247 ,2024-12-01,True,0.0,0.0,
MOGK-6247 ,2025-01-01,True,0.0,0.0,
MOGK-6247 ,2025-02-01,True,0.0,0.0,
MOGK-6247 ,2025-03-01,True,0.0,0.0,
MOGK-6247 ,2025-04-01,True,0.0,0.0,
MOGK-6247 ,2025-05-01,True,0.0,0.0,0.0
MOGK-6247 ,2025-06-01,True,0.0,0.0,0.0
MOGK-6247T ,2024-06-01,True,0.0,0.0,
MOGK-6247T ,2024-07-01,True,0.0,0.0,
MOGK-6247T ,2024-08-01,True,0.0,0.0,
MOGK-6247T ,2024-09-01,True,0.0,0.0,
MOGK-6247T ,2024-10-01,True,7.0,22.0,
MOGK-6247T ,2024-11-01,False,2.0,5.0,
MOGK-6247T ,2024-12-01,True,0.0,2.0,
MOGK-6247T ,2025-01-01,True,0.0,0.0,
MOGK-6247T ,2025-02-01,True,15.0,5.0,
MOGK-6247T ,2025-03-01,False,7.0,8.0,
MOGK-6247T ,2025-04-01,False,2.0,5.0,
MOGK-6247T ,2025-05-01,True,1.0,1.0,1.0
MOGK-6247T ,2025-06-01,True,1.0,0.0,2.0
MOGK-6253 ,2024-06-01,False,3.0,0.0,
MOGK-6253 ,2024-07-01,False,3.0,0.0,
MOGK-6253 ,2024-08-01,False,3.0,0.0,
MOGK-6253 ,2024-09-01,False,1.0,2.0,
MOGK-6253 ,2024-10-01,False,1.0,0.0,
MOGK-6253 ,2024-11-01,False,1.0,0.0,
MOGK-6253 ,2024-12-01,False,1.0,0.0,
MOGK-6253 ,2025-01-01,False,1.0,0.0,
MOGK-6253 ,2025-02-01,False,1.0,0.0,
MOGK-6253 ,2025-03-01,False,1.0,0.0,
MOGK-6253 ,2025-04-01,False,1.0,0.0,
MOGK-6253 ,2025-05-01,False,1.0,0.0,0.0
MOGK-6253 ,2025-06-01,False,1.0,0.0,0.0
MOGK-6292 ,2024-06-01,False,3.0,0.0,
MOGK-6292 ,2024-07-01,False,3.0,0.0,
MOGK-6292 ,2024-08-01,False,3.0,0.0,
MOGK-6292 ,2024-09-01,False,2.0,1.0,
MOGK-6292 ,2024-10-01,False,39.0,3.0,
MOGK-6292 ,2024-11-01,False,37.0,2.0,
MOGK-6292 ,2024-12-01,False,37.0,0.0,
MOGK-6292 ,2025-01-01,False,35.0,2.0,
MOGK-6292 ,2025-02-01,False,33.0,2.0,
MOGK-6292 ,2025-03-01,False,29.0,4.0,
MOGK-6292 ,2025-04-01,False,29.0,0.0,
MOGK-6292 ,2025-05-01,False,29.0,0.0,1.0
MOGK-6292 ,2025-06-01,False,29.0,0.0,2.0
MOGK-6323 ,2024-06-01,False,101.0,0.0,
MOGK-6323 ,2024-07-01,False,98.0,3.0,
MOGK-6323 ,2024-08-01,False,98.0,0.0,
MOGK-6323 ,2024-09-01,False,98.0,0.0,
MOGK-6323 ,2024-10-01,False,92.0,6.0,
MOGK-6323 ,2024-11-01,False,92.0,0.0,
MOGK-6323 ,2024-12-01,False,92.0,0.0,
MOGK-6323 ,2025-01-01,False,88.0,4.0,
MOGK-6323 ,2025-02-01,False,82.0,6.0,
MOGK-6323 ,2025-03-01,False,82.0,0.0,
MOGK-6323 ,2025-04-01,False,80.0,2.0,
MOGK-6323 ,2025-05-01,False,80.0,0.0,4.0
MOGK-6323 ,2025-06-01,False,80.0,0.0,5.0
MOGK-6327 ,2024-06-01,False,42.0,22.0,
MOGK-6327 ,2024-07-01,False,26.0,16.0,
MOGK-6327 ,2024-08-01,False,14.0,12.0,
MOGK-6327 ,2024-09-01,True,4.0,8.0,
MOGK-6327 ,2024-10-01,True,177.0,7.0,
MOGK-6327 ,2024-11-01,False,155.0,22.0,
MOGK-6327 ,2024-12-01,False,130.0,27.0,
MOGK-6327 ,2025-01-01,False,104.0,26.0,
MOGK-6327 ,2025-02-01,False,74.0,30.0,
MOGK-6327 ,2025-03-01,False,50.0,24.0,
MOGK-6327 ,2025-04-01,False,22.0,26.0,
MOGK-6327 ,2025-05-01,False,9.0,13.0,4.0
MOGK-6327 ,2025-06-01,True,7.0,2.0,8.0
MOGK-6329 ,2024-06-01,False,11.0,4.0,
MOGK-6329 ,2024-07-01,False,11.0,0.0,
MOGK-6329 ,2024-08-01,False,11.0,0.0,
MOGK-6329 ,2024-09-01,False,5.0,6.0,
MOGK-6329 ,2024-10-01,False,39.0,6.0,
MOGK-6329 ,2024-11-01,False,37.0,2.0,
MOGK-6329 ,2024-12-01,False,31.0,6.0,
MOGK-6329 ,2025-01-01,False,29.0,2.0,
MOGK-6329 ,2025-02-01,False,25.0,4.0,
MOGK-6329 ,2025-03-01,False,19.0,6.0,
MOGK-6329 ,2025-04-01,False,19.0,0.0,
MOGK-6329 ,2025-05-01,False,15.0,4.0,3.0
MOGK-6329 ,2025-06-01,False,13.0,2.0,3.0
MOGK-6331 ,2024-06-01,False,1.0,0.0,
MOGK-6331 ,2024-07-01,False,3.0,0.0,
MOGK-6331 ,2024-08-01,False,2.0,1.0,
MOGK-6331 ,2024-09-01,False,2.0,0.0,
MOGK-6331 ,2024-10-01,False,2.0,0.0,
MOGK-6331 ,2024-11-01,False,2.0,0.0,
MOGK-6331 ,2024-12-01,False,2.0,0.0,
MOGK-6331 ,2025-01-01,False,2.0,0.0,
MOGK-6331 ,2025-02-01,False,2.0,0.0,
MOGK-6331 ,2025-03-01,False,2.0,0.0,
MOGK-6331 ,2025-04-01,False,2.0,0.0,
MOGK-6331 ,2025-05-01,False,1.0,1.0,0.0
MOGK-6331 ,2025-06-01,False,0.0,1.0,1.0
MOGK-6335 ,2024-06-01,False,6.0,1.0,
MOGK-6335 ,2024-07-01,False,6.0,0.0,
MOGK-6335 ,2024-08-01,False,5.0,1.0,
MOGK-6335 ,2024-09-01,False,1.0,4.0,
MOGK-6335 ,2024-10-01,True,34.0,7.0,
MOGK-6335 ,2024-11-01,False,30.0,4.0,
MOGK-6335 ,2024-12-01,False,25.0,5.0,
MOGK-6335 ,2025-01-01,False,24.0,1.0,
MOGK-6335 ,2025-02-01,False,22.0,2.0,
MOGK-6335 ,2025-03-01,False,15.0,7.0,
MOGK-6335 ,2025-04-01,False,12.0,3.0,
MOGK-6335 ,2025-05-01,False,35.0,7.0,4.0
MOGK-6335 ,2025-06-01,False,34.0,1.0,4.0
MOGK-6339 ,2024-06-01,True,0.0,0.0,
MOGK-6339 ,2024-07-01,True,0.0,0.0,
MOGK-6339 ,2024-08-01,True,0.0,0.0,
MOGK-6339 ,2024-09-01,True,0.0,0.0,
MOGK-6339 ,2024-10-01,True,2.0,0.0,
MOGK-6339 ,2024-11-01,False,2.0,0.0,
MOGK-6339 ,2024-12-01,False,2.0,0.0,
MOGK-6339 ,2025-01-01,False,1.0,1.0,
MOGK-6339 ,2025-02-01,False,1.0,0.0,
MOGK-6339 ,2025-03-01,False,1.0,0.0,
MOGK-6339 ,2025-04-01,False,1.0,0.0,
MOGK-6339 ,2025-05-01,False,1.0,0.0,0.0
MOGK-6339 ,2025-06-01,False,1.0,0.0,0.0
MOGK-6344 ,2024-06-01,False,6.0,0.0,
MOGK-6344 ,2024-07-01,False,6.0,0.0,
MOGK-6344 ,2024-08-01,False,6.0,0.0,
MOGK-6344 ,2024-09-01,False,6.0,0.0,
MOGK-6344 ,2024-10-01,False,6.0,0.0,
MOGK-6344 ,2024-11-01,False,6.0,0.0,
MOGK-6344 ,2024-12-01,False,5.0,1.0,
MOGK-6344 ,2025-01-01,False,5.0,0.0,
MOGK-6344 ,2025-02-01,False,23.0,2.0,
MOGK-6344 ,2025-03-01,False,13.0,10.0,
MOGK-6344 ,2025-04-01,False,13.0,0.0,
MOGK-6344 ,2025-05-01,False,7.0,6.0,3.0
MOGK-6344 ,2025-06-01,False,6.0,1.0,5.0
MOGK-6395 ,2024-06-01,False,343.0,62.0,
MOGK-6395 ,2024-07-01,False,299.0,45.0,
MOGK-6395 ,2024-08-01,False,233.0,66.0,
MOGK-6395 ,2024-09-01,False,141.0,92.0,
MOGK-6395 ,2024-10-01,False,1044.0,97.0,
MOGK-6395 ,2024-11-01,False,880.0,164.0,
MOGK-6395 ,2024-12-01,False,698.0,182.0,
MOGK-6395 ,2025-01-01,False,557.0,141.0,
MOGK-6395 ,2025-02-01,False,439.0,117.0,
MOGK-6395 ,2025-03-01,False,304.0,135.0,
MOGK-6395 ,2025-04-01,False,186.0,118.0,
MOGK-6395 ,2025-05-01,False,1284.0,102.0,156.0
MOGK-6395 ,2025-06-01,False,1208.0,76.0,159.0
MOGK-6408 ,2024-06-01,True,1.0,0.0,
MOGK-6408 ,2024-07-01,True,50.0,1.0,
MOGK-6408 ,2024-08-01,False,50.0,0.0,
MOGK-6408 ,2024-09-01,False,47.0,3.0,
MOGK-6408 ,2024-10-01,False,31.0,16.0,
MOGK-6408 ,2024-11-01,False,22.0,9.0,
MOGK-6408 ,2024-12-01,False,20.0,2.0,
MOGK-6408 ,2025-01-01,False,11.0,9.0,
MOGK-6408 ,2025-02-01,False,10.0,1.0,
MOGK-6408 ,2025-03-01,False,10.0,0.0,
MOGK-6408 ,2025-04-01,False,1.0,9.0,
MOGK-6408 ,2025-05-01,True,47.0,4.0,3.0
MOGK-6408 ,2025-06-01,False,44.0,0.0,3.0
MOGK-641866 ,2024-06-01,False,3.0,0.0,
MOGK-641866 ,2024-07-01,False,3.0,0.0,
MOGK-641866 ,2024-08-01,False,3.0,0.0,
MOGK-641866 ,2024-09-01,False,3.0,0.0,
MOGK-641866 ,2024-10-01,False,3.0,0.0,
MOGK-641866 ,2024-11-01,False,3.0,0.0,
MOGK-641866 ,2024-12-01,False,1.0,2.0,
MOGK-641866 ,2025-01-01,False,1.0,0.0,
MOGK-641866 ,2025-02-01,False,1.0,0.0,
MOGK-641866 ,2025-03-01,False,1.0,0.0,
MOGK-641866 ,2025-04-01,False,1.0,0.0,
MOGK-641866 ,2025-05-01,False,1.0,0.0,0.0
MOGK-641866 ,2025-06-01,False,1.0,0.0,0.0
MOGK-6439 ,2024-06-01,False,84.0,7.0,
MOGK-6439 ,2024-07-01,False,74.0,10.0,
MOGK-6439 ,2024-08-01,False,64.0,10.0,
MOGK-6439 ,2024-09-01,False,51.0,13.0,
MOGK-6439 ,2024-10-01,False,45.0,6.0,
MOGK-6439 ,2024-11-01,False,18.0,27.0,
MOGK-6439 ,2024-12-01,False,6.0,11.0,
MOGK-6439 ,2025-01-01,True,3.0,3.0,
MOGK-6439 ,2025-02-01,True,2.0,0.0,
MOGK-6439 ,2025-03-01,True,1.0,1.0,
MOGK-6439 ,2025-04-01,True,1.0,0.0,
MOGK-6439 ,2025-05-01,True,46.0,5.0,7.0
MOGK-6439 ,2025-06-01,False,42.0,4.0,8.0
MOGK-6445 ,2024-06-01,True,3.0,0.0,
MOGK-6445 ,2024-07-01,True,3.0,0.0,
MOGK-6445 ,2024-08-01,True,3.0,0.0,
MOGK-6445 ,2024-09-01,True,3.0,0.0,
MOGK-6445 ,2024-10-01,True,79.0,4.0,
MOGK-6445 ,2024-11-01,False,74.0,5.0,
MOGK-6445 ,2024-12-01,False,57.0,17.0,
MOGK-6445 ,2025-01-01,False,49.0,8.0,
MOGK-6445 ,2025-02-01,False,37.0,12.0,
MOGK-6445 ,2025-03-01,False,23.0,14.0,
MOGK-6445 ,2025-04-01,False,23.0,0.0,
MOGK-6445 ,2025-05-01,False,16.0,7.0,4.0
MOGK-6445 ,2025-06-01,False,16.0,0.0,3.0
MOGK-6447 ,2024-06-01,True,0.0,0.0,
MOGK-6447 ,2024-07-01,True,0.0,0.0,
MOGK-6447 ,2024-08-01,True,0.0,0.0,
MOGK-6447 ,2024-09-01,True,0.0,0.0,
MOGK-6447 ,2024-10-01,True,8.0,4.0,
MOGK-6447 ,2024-11-01,False,4.0,4.0,
MOGK-6447 ,2024-12-01,False,0.0,4.0,
MOGK-6447 ,2025-01-01,True,0.0,0.0,
MOGK-6447 ,2025-02-01,True,8.0,2.0,
MOGK-6447 ,2025-03-01,False,1.0,7.0,
MOGK-6447 ,2025-04-01,True,0.0,1.0,
MOGK-6447 ,2025-05-01,True,0.0,0.0,0.0
MOGK-6447 ,2025-06-01,True,0.0,0.0,0.0
MOGK-6453 ,2024-06-01,False,4.0,1.0,
MOGK-6453 ,2024-07-01,False,3.0,0.0,
MOGK-6453 ,2024-08-01,False,3.0,0.0,
MOGK-6453 ,2024-09-01,False,3.0,0.0,
MOGK-6453 ,2024-10-01,False,22.0,1.0,
MOGK-6453 ,2024-11-01,False,17.0,5.0,
MOGK-6453 ,2024-12-01,False,15.0,2.0,
MOGK-6453 ,2025-01-01,False,13.0,2.0,
MOGK-6453 ,2025-02-01,False,10.0,3.0,
MOGK-6453 ,2025-03-01,False,7.0,3.0,
MOGK-6453 ,2025-04-01,False,6.0,1.0,
MOGK-6453 ,2025-05-01,False,2.0,4.0,2.0
MOGK-6453 ,2025-06-01,False,2.0,0.0,0.0
MOGK-6477 ,2024-06-01,False,1.0,0.0,
MOGK-6477 ,2024-07-01,False,1.0,0.0,
MOGK-6477 ,2024-08-01,False,1.0,0.0,
MOGK-6477 ,2024-09-01,False,1.0,0.0,
MOGK-6477 ,2024-10-01,False,1.0,0.0,
MOGK-6477 ,2024-11-01,False,1.0,0.0,
MOGK-6477 ,2024-12-01,False,1.0,0.0,
MOGK-6477 ,2025-01-01,False,1.0,0.0,
MOGK-6477 ,2025-02-01,False,2.0,2.0,
MOGK-6477 ,2025-03-01,False,0.0,2.0,
MOGK-6477 ,2025-04-01,True,0.0,0.0,
MOGK-6477 ,2025-05-01,True,0.0,0.0,0.0
MOGK-6477 ,2025-06-01,True,0.0,0.0,0.0
MOGK-6512T ,2024-06-01,True,0.0,0.0,
MOGK-6512T ,2024-07-01,True,0.0,0.0,
MOGK-6512T ,2024-08-01,True,0.0,0.0,
MOGK-6512T ,2024-09-01,True,0.0,0.0,
MOGK-6512T ,2024-10-01,True,0.0,0.0,
MOGK-6512T ,2024-11-01,True,0.0,0.0,
MOGK-6512T ,2024-12-01,True,0.0,0.0,
MOGK-6512T ,2025-01-01,True,0.0,0.0,
MOGK-6512T ,2025-02-01,True,4.0,0.0,
MOGK-6512T ,2025-03-01,False,4.0,0.0,
MOGK-6512T ,2025-04-01,False,4.0,0.0,
MOGK-6512T ,2025-05-01,False,2.0,2.0,0.0
MOGK-6512T ,2025-06-01,False,0.0,2.0,0.0
MOGK-6534 ,2024-06-01,False,53.0,1.0,
MOGK-6534 ,2024-07-01,False,53.0,0.0,
MOGK-6534 ,2024-08-01,False,52.0,1.0,
MOGK-6534 ,2024-09-01,False,51.0,1.0,
MOGK-6534 ,2024-10-01,False,46.0,5.0,
MOGK-6534 ,2024-11-01,False,44.0,2.0,
MOGK-6534 ,2024-12-01,False,42.0,2.0,
MOGK-6534 ,2025-01-01,False,42.0,0.0,
MOGK-6534 ,2025-02-01,False,42.0,0.0,
MOGK-6534 ,2025-03-01,False,41.0,1.0,
MOGK-6534 ,2025-04-01,False,40.0,1.0,
MOGK-6534 ,2025-05-01,False,39.0,1.0,1.0
MOGK-6534 ,2025-06-01,False,39.0,0.0,1.0
MOGK-6535 ,2024-06-01,False,4.0,0.0,
MOGK-6535 ,2024-07-01,False,8.0,0.0,
MOGK-6535 ,2024-08-01,False,8.0,0.0,
MOGK-6535 ,2024-09-01,False,8.0,0.0,
MOGK-6535 ,2024-10-01,False,8.0,0.0,
MOGK-6535 ,2024-11-01,False,4.0,4.0,
MOGK-6535 ,2024-12-01,False,1.0,3.0,
MOGK-6535 ,2025-01-01,False,0.0,1.0,
MOGK-6535 ,2025-02-01,True,0.0,0.0,
MOGK-6535 ,2025-03-01,True,0.0,0.0,
MOGK-6535 ,2025-04-01,True,0.0,0.0,
MOGK-6535 ,2025-05-01,True,16.0,0.0,0.0
MOGK-6535 ,2025-06-01,False,14.0,2.0,1.0
MOGK-6536 ,2024-06-01,False,4.0,1.0,
MOGK-6536 ,2024-07-01,False,2.0,2.0,
MOGK-6536 ,2024-08-01,False,2.0,0.0,
MOGK-6536 ,2024-09-01,False,2.0,0.0,
MOGK-6536 ,2024-10-01,False,28.0,4.0,
MOGK-6536 ,2024-11-01,False,27.0,1.0,
MOGK-6536 ,2024-12-01,False,23.0,4.0,
MOGK-6536 ,2025-01-01,False,23.0,0.0,
MOGK-6536 ,2025-02-01,False,23.0,0.0,
MOGK-6536 ,2025-03-01,False,22.0,1.0,
MOGK-6536 ,2025-04-01,False,22.0,0.0,
MOGK-6536 ,2025-05-01,False,20.0,2.0,1.0
MOGK-6536 ,2025-06-01,False,20.0,0.0,1.0
MOGK-6540 ,2024-06-01,True,0.0,0.0,
MOGK-6540 ,2024-07-01,True,0.0,0.0,
MOGK-6540 ,2024-08-01,True,0.0,0.0,
MOGK-6540 ,2024-09-01,True,0.0,0.0,
MOGK-6540 ,2024-10-01,True,38.0,2.0,
MOGK-6540 ,2024-11-01,False,38.0,0.0,
MOGK-6540 ,2024-12-01,False,36.0,2.0,
MOGK-6540 ,2025-01-01,False,31.0,5.0,
MOGK-6540 ,2025-02-01,False,29.0,2.0,
MOGK-6540 ,2025-03-01,False,29.0,0.0,
MOGK-6540 ,2025-04-01,False,27.0,2.0,
MOGK-6540 ,2025-05-01,False,27.0,0.0,2.0
MOGK-6540 ,2025-06-01,False,27.0,0.0,1.0
MOGK-6541 ,2024-06-01,True,2.0,0.0,
MOGK-6541 ,2024-07-01,True,42.0,0.0,
MOGK-6541 ,2024-08-01,False,36.0,6.0,
MOGK-6541 ,2024-09-01,False,33.0,3.0,
MOGK-6541 ,2024-10-01,False,15.0,18.0,
MOGK-6541 ,2024-11-01,False,7.0,8.0,
MOGK-6541 ,2024-12-01,False,3.0,4.0,
MOGK-6541 ,2025-01-01,True,1.0,2.0,
MOGK-6541 ,2025-02-01,True,0.0,1.0,
MOGK-6541 ,2025-03-01,True,0.0,0.0,
MOGK-6541 ,2025-04-01,True,0.0,0.0,
MOGK-6541 ,2025-05-01,True,61.0,1.0,5.0
MOGK-6541 ,2025-06-01,False,55.0,6.0,4.0
MOGK-660169 ,2024-06-01,True,0.0,0.0,
MOGK-660169 ,2024-07-01,True,0.0,0.0,
MOGK-660169 ,2024-08-01,True,0.0,0.0,
MOGK-660169 ,2024-09-01,True,0.0,0.0,
MOGK-660169 ,2024-10-01,True,9.0,1.0,
MOGK-660169 ,2024-11-01,False,8.0,1.0,
MOGK-660169 ,2024-12-01,False,4.0,4.0,
MOGK-660169 ,2025-01-01,False,2.0,2.0,
MOGK-660169 ,2025-02-01,False,1.0,1.0,
MOGK-660169 ,2025-03-01,False,1.0,0.0,
MOGK-660169 ,2025-04-01,False,1.0,0.0,
MOGK-660169 ,2025-05-01,False,11.0,0.0,1.0
MOGK-660169 ,2025-06-01,False,10.0,1.0,1.0
MOGK-6654 ,2024-06-01,True,0.0,0.0,
MOGK-6654 ,2024-07-01,True,0.0,0.0,
MOGK-6654 ,2024-08-01,True,0.0,0.0,
MOGK-6654 ,2024-09-01,True,0.0,0.0,
MOGK-6654 ,2024-10-01,True,28.0,2.0,
MOGK-6654 ,2024-11-01,False,24.0,4.0,
MOGK-6654 ,2024-12-01,False,16.0,8.0,
MOGK-6654 ,2025-01-01,False,4.0,12.0,
MOGK-6654 ,2025-02-01,False,2.0,2.0,
MOGK-6654 ,2025-03-01,True,2.0,1.0,
MOGK-6654 ,2025-04-01,True,1.0,1.0,
MOGK-6654 ,2025-05-01,True,1.0,0.0,2.0
MOGK-6654 ,2025-06-01,True,0.0,1.0,1.0
MOGK-6655 ,2024-06-01,False,3.0,0.0,
MOGK-6655 ,2024-07-01,False,2.0,1.0,
MOGK-6655 ,2024-08-01,False,3.0,1.0,
MOGK-6655 ,2024-09-01,False,3.0,0.0,
MOGK-6655 ,2024-10-01,False,3.0,0.0,
MOGK-6655 ,2024-11-01,False,3.0,0.0,
MOGK-6655 ,2024-12-01,False,3.0,0.0,
MOGK-6655 ,2025-01-01,False,3.0,0.0,
MOGK-6655 ,2025-02-01,False,3.0,0.0,
MOGK-6655 ,2025-03-01,False,1.0,2.0,
MOGK-6655 ,2025-04-01,False,0.0,1.0,
MOGK-6655 ,2025-05-01,True,0.0,0.0,0.0
MOGK-6655 ,2025-06-01,True,0.0,0.0,0.0
MOGK-6658 ,2024-06-01,True,25.0,20.0,
MOGK-6658 ,2024-07-01,True,597.0,130.0,
MOGK-6658 ,2024-08-01,False,405.0,192.0,
MOGK-6658 ,2024-09-01,False,211.0,194.0,
MOGK-6658 ,2024-10-01,False,295.0,316.0,
MOGK-6658 ,2024-11-01,False,10.0,285.0,
MOGK-6658 ,2024-12-01,True,5.0,5.0,
MOGK-6658 ,2025-01-01,True,4.0,1.0,
MOGK-6658 ,2025-02-01,True,1.0,0.0,
MOGK-6658 ,2025-03-01,True,1.0,0.0,
MOGK-6658 ,2025-04-01,True,1.0,0.0,
MOGK-6658 ,2025-05-01,True,703.0,221.0,173.0
MOGK-6658 ,2025-06-01,False,655.0,48.0,131.0
MOGK-6688 ,2024-06-01,False,82.0,32.0,
MOGK-6688 ,2024-07-01,False,318.0,64.0,
MOGK-6688 ,2024-08-01,False,292.0,26.0,
MOGK-6688 ,2024-09-01,False,213.0,79.0,
MOGK-6688 ,2024-10-01,False,474.0,139.0,
MOGK-6688 ,2024-11-01,False,313.0,161.0,
MOGK-6688 ,2024-12-01,False,127.0,176.0,
MOGK-6688 ,2025-01-01,False,0.0,117.0,
MOGK-6688 ,2025-02-01,True,0.0,0.0,
MOGK-6688 ,2025-03-01,True,0.0,0.0,
MOGK-6688 ,2025-04-01,True,8.0,6.0,
MOGK-6688 ,2025-05-01,True,510.0,42.0,71.0
MOGK-6688 ,2025-06-01,False,480.0,30.0,119.0
MOGK-6692 ,2024-06-01,False,3.0,2.0,
MOGK-6692 ,2024-07-01,False,1.0,2.0,
MOGK-6692 ,2024-08-01,False,1.0,0.0,
MOGK-6692 ,2024-09-01,False,1.0,0.0,
MOGK-6692 ,2024-10-01,False,1.0,0.0,
MOGK-6692 ,2024-11-01,False,1.0,0.0,
MOGK-6692 ,2024-12-01,False,1.0,0.0,
MOGK-6692 ,2025-01-01,False,1.0,0.0,
MOGK-6692 ,2025-02-01,False,6.0,0.0,
MOGK-6692 ,2025-03-01,False,6.0,0.0,
MOGK-6692 ,2025-04-01,False,6.0,0.0,
MOGK-6692 ,2025-05-01,False,4.0,2.0,1.0
MOGK-6692 ,2025-06-01,False,4.0,0.0,0.0
MOGK-6693 ,2024-06-01,True,22.0,2.0,
MOGK-6693 ,2024-07-01,False,48.0,4.0,
MOGK-6693 ,2024-08-01,False,39.0,9.0,
MOGK-6693 ,2024-09-01,False,33.0,6.0,
MOGK-6693 ,2024-10-01,False,27.0,6.0,
MOGK-6693 ,2024-11-01,False,13.0,14.0,
MOGK-6693 ,2024-12-01,False,7.0,6.0,
MOGK-6693 ,2025-01-01,False,7.0,0.0,
MOGK-6693 ,2025-02-01,False,3.0,4.0,
MOGK-6693 ,2025-03-01,True,3.0,0.0,
MOGK-6693 ,2025-04-01,True,3.0,0.0,
MOGK-6693 ,2025-05-01,True,35.0,8.0,4.0
MOGK-6693 ,2025-06-01,False,35.0,0.0,3.0
MOGK-6696 ,2024-06-01,False,29.0,10.0,
MOGK-6696 ,2024-07-01,False,11.0,18.0,
MOGK-6696 ,2024-08-01,False,4.0,7.0,
MOGK-6696 ,2024-09-01,True,0.0,4.0,
MOGK-6696 ,2024-10-01,True,0.0,0.0,
MOGK-6696 ,2024-11-01,True,0.0,0.0,
MOGK-6696 ,2024-12-01,True,0.0,0.0,
MOGK-6696 ,2025-01-01,True,0.0,0.0,
MOGK-6696 ,2025-02-01,True,46.0,4.0,
MOGK-6696 ,2025-03-01,False,40.0,6.0,
MOGK-6696 ,2025-04-01,False,38.0,2.0,
MOGK-6696 ,2025-05-01,False,28.0,10.0,4.0
MOGK-6696 ,2025-06-01,False,22.0,6.0,3.0
MOGK-6700 ,2024-06-01,False,1.0,0.0,
MOGK-6700 ,2024-07-01,False,1.0,0.0,
MOGK-6700 ,2024-08-01,False,1.0,0.0,
MOGK-6700 ,2024-09-01,False,1.0,0.0,
MOGK-6700 ,2024-10-01,False,19.0,2.0,
MOGK-6700 ,2024-11-01,False,13.0,6.0,
MOGK-6700 ,2024-12-01,False,13.0,0.0,
MOGK-6700 ,2025-01-01,False,9.0,2.0,
MOGK-6700 ,2025-02-01,False,2.0,0.0,
MOGK-6700 ,2025-03-01,False,2.0,0.0,
MOGK-6700 ,2025-04-01,False,2.0,0.0,
MOGK-6700 ,2025-05-01,False,2.0,0.0,0.0
MOGK-6700 ,2025-06-01,False,0.0,0.0,1.0
MOGK-6711 ,2024-06-01,True,1.0,0.0,
MOGK-6711 ,2024-07-01,True,21.0,0.0,
MOGK-6711 ,2024-08-01,False,21.0,0.0,
MOGK-6711 ,2024-09-01,False,17.0,4.0,
MOGK-6711 ,2024-10-01,False,7.0,10.0,
MOGK-6711 ,2024-11-01,False,2.0,5.0,
MOGK-6711 ,2024-12-01,False,2.0,0.0,
MOGK-6711 ,2025-01-01,False,1.0,0.0,
MOGK-6711 ,2025-02-01,True,1.0,0.0,
MOGK-6711 ,2025-03-01,True,1.0,0.0,
MOGK-6711 ,2025-04-01,True,1.0,0.0,
MOGK-6711 ,2025-05-01,True,3.0,0.0,1.0
MOGK-6711 ,2025-06-01,False,1.0,2.0,2.0
MOGK-6712 ,2024-06-01,False,27.0,4.0,
MOGK-6712 ,2024-07-01,False,27.0,0.0,
MOGK-6712 ,2024-08-01,False,27.0,0.0,
MOGK-6712 ,2024-09-01,False,22.0,5.0,
MOGK-6712 ,2024-10-01,False,21.0,1.0,
MOGK-6712 ,2024-11-01,False,21.0,0.0,
MOGK-6712 ,2024-12-01,False,21.0,0.0,
MOGK-6712 ,2025-01-01,False,21.0,0.0,
MOGK-6712 ,2025-02-01,False,21.0,0.0,
MOGK-6712 ,2025-03-01,False,21.0,0.0,
MOGK-6712 ,2025-04-01,False,21.0,0.0,
MOGK-6712 ,2025-05-01,False,19.0,2.0,1.0
MOGK-6712 ,2025-06-01,False,19.0,0.0,1.0
MOGK-6715 ,2024-06-01,False,4.0,1.0,
MOGK-6715 ,2024-07-01,False,4.0,0.0,
MOGK-6715 ,2024-08-01,False,4.0,0.0,
MOGK-6715 ,2024-09-01,False,2.0,2.0,
MOGK-6715 ,2024-10-01,False,1.0,1.0,
MOGK-6715 ,2024-11-01,False,1.0,0.0,
MOGK-6715 ,2024-12-01,False,1.0,0.0,
MOGK-6715 ,2025-01-01,False,1.0,0.0,
MOGK-6715 ,2025-02-01,False,1.0,0.0,
MOGK-6715 ,2025-03-01,False,1.0,0.0,
MOGK-6715 ,2025-04-01,False,1.0,0.0,
MOGK-6715 ,2025-05-01,False,5.0,0.0,0.0
MOGK-6715 ,2025-06-01,False,5.0,0.0,0.0
MOGK-6724 ,2024-06-01,False,12.0,1.0,
MOGK-6724 ,2024-07-01,False,12.0,0.0,
MOGK-6724 ,2024-08-01,False,11.0,1.0,
MOGK-6724 ,2024-09-01,False,10.0,1.0,
MOGK-6724 ,2024-10-01,False,9.0,1.0,
MOGK-6724 ,2024-11-01,False,9.0,0.0,
MOGK-6724 ,2024-12-01,False,9.0,0.0,
MOGK-6724 ,2025-01-01,False,9.0,0.0,
MOGK-6724 ,2025-02-01,False,25.0,0.0,
MOGK-6724 ,2025-03-01,False,25.0,0.0,
MOGK-6724 ,2025-04-01,False,24.0,1.0,
MOGK-6724 ,2025-05-01,False,23.0,1.0,1.0
MOGK-6724 ,2025-06-01,False,23.0,0.0,1.0
MOGK-700536 ,2024-06-01,False,1.0,0.0,
MOGK-700536 ,2024-07-01,False,5.0,0.0,
MOGK-700536 ,2024-08-01,False,5.0,0.0,
MOGK-700536 ,2024-09-01,False,3.0,2.0,
MOGK-700536 ,2024-10-01,False,15.0,0.0,
MOGK-700536 ,2024-11-01,False,13.0,2.0,
MOGK-700536 ,2024-12-01,False,13.0,0.0,
MOGK-700536 ,2025-01-01,False,13.0,0.0,
MOGK-700536 ,2025-02-01,False,13.0,0.0,
MOGK-700536 ,2025-03-01,False,13.0,0.0,
MOGK-700536 ,2025-04-01,False,13.0,0.0,
MOGK-700536 ,2025-05-01,False,13.0,0.0,0.0
MOGK-700536 ,2025-06-01,False,11.0,2.0,0.0
MOGK-700539 ,2024-06-01,False,1.0,1.0,
MOGK-700539 ,2024-07-01,False,1.0,0.0,
MOGK-700539 ,2024-08-01,False,1.0,0.0,
MOGK-700539 ,2024-09-01,False,1.0,0.0,
MOGK-700539 ,2024-10-01,False,1.0,0.0,
MOGK-700539 ,2024-11-01,False,1.0,0.0,
MOGK-700539 ,2024-12-01,False,1.0,0.0,
MOGK-700539 ,2025-01-01,False,1.0,0.0,
MOGK-700539 ,2025-02-01,False,1.0,0.0,
MOGK-700539 ,2025-03-01,False,1.0,0.0,
MOGK-700539 ,2025-04-01,False,1.0,0.0,
MOGK-700539 ,2025-05-01,False,1.0,0.0,0.0
MOGK-700539 ,2025-06-01,False,1.0,0.0,0.0
MOGK-700701 ,2024-06-01,False,2.0,0.0,
MOGK-700701 ,2024-07-01,False,2.0,0.0,
MOGK-700701 ,2024-08-01,False,2.0,0.0,
MOGK-700701 ,2024-09-01,False,2.0,0.0,
MOGK-700701 ,2024-10-01,False,0.0,2.0,
MOGK-700701 ,2024-11-01,True,0.0,0.0,
MOGK-700701 ,2024-12-01,True,0.0,0.0,
MOGK-700701 ,2025-01-01,True,0.0,0.0,
MOGK-700701 ,2025-02-01,True,0.0,0.0,
MOGK-700701 ,2025-03-01,True,0.0,0.0,
MOGK-700701 ,2025-04-01,True,0.0,0.0,
MOGK-700701 ,2025-05-01,True,0.0,0.0,0.0
MOGK-700701 ,2025-06-01,True,0.0,0.0,0.0
MOGK-700718 ,2024-06-01,False,20.0,8.0,
MOGK-700718 ,2024-07-01,False,15.0,5.0,
MOGK-700718 ,2024-08-01,False,9.0,6.0,
MOGK-700718 ,2024-09-01,False,0.0,9.0,
MOGK-700718 ,2024-10-01,True,0.0,0.0,
MOGK-700718 ,2024-11-01,True,0.0,0.0,
MOGK-700718 ,2024-12-01,True,0.0,0.0,
MOGK-700718 ,2025-01-01,True,0.0,0.0,
MOGK-700718 ,2025-02-01,True,2.0,28.0,
MOGK-700718 ,2025-03-01,True,0.0,2.0,
MOGK-700718 ,2025-04-01,True,0.0,0.0,
MOGK-700718 ,2025-05-01,True,9.0,11.0,7.0
MOGK-700718 ,2025-06-01,False,5.0,4.0,4.0
MOGK-7466 ,2024-06-01,False,4.0,1.0,
MOGK-7466 ,2024-07-01,False,4.0,0.0,
MOGK-7466 ,2024-08-01,False,4.0,0.0,
MOGK-7466 ,2024-09-01,False,4.0,0.0,
MOGK-7466 ,2024-10-01,False,4.0,0.0,
MOGK-7466 ,2024-11-01,False,4.0,0.0,
MOGK-7466 ,2024-12-01,False,4.0,0.0,
MOGK-7466 ,2025-01-01,False,3.0,1.0,
MOGK-7466 ,2025-02-01,False,3.0,0.0,
MOGK-7466 ,2025-03-01,False,3.0,0.0,
MOGK-7466 ,2025-04-01,False,3.0,0.0,
MOGK-7466 ,2025-05-01,False,3.0,0.0,0.0
MOGK-7466 ,2025-06-01,False,3.0,0.0,0.0
MOGK-750052 ,2024-06-01,True,0.0,0.0,
MOGK-750052 ,2024-07-01,True,0.0,0.0,
MOGK-750052 ,2024-08-01,True,0.0,0.0,
MOGK-750052 ,2024-09-01,True,0.0,0.0,
MOGK-750052 ,2024-10-01,True,0.0,0.0,
MOGK-750052 ,2024-11-01,True,0.0,0.0,
MOGK-750052 ,2024-12-01,True,0.0,0.0,
MOGK-750052 ,2025-01-01,True,0.0,0.0,
MOGK-750052 ,2025-02-01,True,4.0,0.0,
MOGK-750052 ,2025-03-01,False,2.0,2.0,
MOGK-750052 ,2025-04-01,False,1.0,1.0,
MOGK-750052 ,2025-05-01,False,1.0,0.0,1.0
MOGK-750052 ,2025-06-01,False,1.0,0.0,0.0
MOGK-750074 ,2024-06-01,False,4.0,2.0,
MOGK-750074 ,2024-07-01,False,4.0,0.0,
MOGK-750074 ,2024-08-01,False,4.0,0.0,
MOGK-750074 ,2024-09-01,False,4.0,0.0,
MOGK-750074 ,2024-10-01,False,4.0,0.0,
MOGK-750074 ,2024-11-01,False,2.0,2.0,
MOGK-750074 ,2024-12-01,False,2.0,0.0,
MOGK-750074 ,2025-01-01,False,2.0,0.0,
MOGK-750074 ,2025-02-01,False,8.0,2.0,
MOGK-750074 ,2025-03-01,False,6.0,2.0,
MOGK-750074 ,2025-04-01,False,6.0,0.0,
MOGK-750074 ,2025-05-01,False,6.0,0.0,2.0
MOGK-750074 ,2025-06-01,False,6.0,0.0,0.0
MOGK-750139 ,2024-06-01,False,3.0,0.0,
MOGK-750139 ,2024-07-01,False,23.0,0.0,
MOGK-750139 ,2024-08-01,False,23.0,0.0,
MOGK-750139 ,2024-09-01,False,23.0,0.0,
MOGK-750139 ,2024-10-01,False,23.0,0.0,
MOGK-750139 ,2024-11-01,False,23.0,0.0,
MOGK-750139 ,2024-12-01,False,23.0,0.0,
MOGK-750139 ,2025-01-01,False,23.0,0.0,
MOGK-750139 ,2025-02-01,False,20.0,3.0,
MOGK-750139 ,2025-03-01,False,20.0,0.0,
MOGK-750139 ,2025-04-01,False,20.0,0.0,
MOGK-750139 ,2025-05-01,False,20.0,0.0,0.0
MOGK-750139 ,2025-06-01,False,20.0,0.0,0.0
MOGK-750155 ,2024-06-01,False,31.0,0.0,
MOGK-750155 ,2024-07-01,False,31.0,0.0,
MOGK-750155 ,2024-08-01,False,29.0,2.0,
MOGK-750155 ,2024-09-01,False,27.0,2.0,
MOGK-750155 ,2024-10-01,False,25.0,2.0,
MOGK-750155 ,2024-11-01,False,23.0,2.0,
MOGK-750155 ,2024-12-01,False,19.0,4.0,
MOGK-750155 ,2025-01-01,False,17.0,2.0,
MOGK-750155 ,2025-02-01,False,19.0,2.0,
MOGK-750155 ,2025-03-01,False,17.0,2.0,
MOGK-750155 ,2025-04-01,False,13.0,4.0,
MOGK-750155 ,2025-05-01,False,11.0,2.0,2.0
MOGK-750155 ,2025-06-01,False,9.0,2.0,2.0
MOGK-750185 ,2024-06-01,False,4.0,0.0,
MOGK-750185 ,2024-07-01,False,4.0,0.0,
MOGK-750185 ,2024-08-01,False,4.0,0.0,
MOGK-750185 ,2024-09-01,False,2.0,2.0,
MOGK-750185 ,2024-10-01,False,2.0,0.0,
MOGK-750185 ,2024-11-01,False,2.0,0.0,
MOGK-750185 ,2024-12-01,False,2.0,0.0,
MOGK-750185 ,2025-01-01,False,2.0,0.0,
MOGK-750185 ,2025-02-01,False,2.0,0.0,
MOGK-750185 ,2025-03-01,False,2.0,0.0,
MOGK-750185 ,2025-04-01,False,2.0,0.0,
MOGK-750185 ,2025-05-01,False,2.0,0.0,0.0
MOGK-750185 ,2025-06-01,False,2.0,0.0,0.0
MOGK-750362 ,2024-06-01,False,8.0,4.0,
MOGK-750362 ,2024-07-01,False,6.0,2.0,
MOGK-750362 ,2024-08-01,False,6.0,0.0,
MOGK-750362 ,2024-09-01,False,6.0,0.0,
MOGK-750362 ,2024-10-01,False,6.0,0.0,
MOGK-750362 ,2024-11-01,False,6.0,0.0,
MOGK-750362 ,2024-12-01,False,4.0,2.0,
MOGK-750362 ,2025-01-01,False,2.0,2.0,
MOGK-750362 ,2025-02-01,False,22.0,0.0,
MOGK-750362 ,2025-03-01,False,18.0,4.0,
MOGK-750362 ,2025-04-01,False,18.0,0.0,
MOGK-750362 ,2025-05-01,False,18.0,0.0,1.0
MOGK-750362 ,2025-06-01,False,16.0,2.0,1.0
MOGK-750453 ,2024-06-01,False,13.0,2.0,
MOGK-750453 ,2024-07-01,False,13.0,0.0,
MOGK-750453 ,2024-08-01,False,11.0,2.0,
MOGK-750453 ,2024-09-01,False,11.0,0.0,
MOGK-750453 ,2024-10-01,False,11.0,0.0,
MOGK-750453 ,2024-11-01,False,11.0,0.0,
MOGK-750453 ,2024-12-01,False,10.0,1.0,
MOGK-750453 ,2025-01-01,False,10.0,0.0,
MOGK-750453 ,2025-02-01,False,10.0,0.0,
MOGK-750453 ,2025-03-01,False,8.0,2.0,
MOGK-750453 ,2025-04-01,False,8.0,0.0,
MOGK-750453 ,2025-05-01,False,8.0,0.0,0.0
MOGK-750453 ,2025-06-01,False,8.0,0.0,1.0
MOGK-750511 ,2024-06-01,False,2.0,0.0,
MOGK-750511 ,2024-07-01,False,22.0,0.0,
MOGK-750511 ,2024-08-01,False,20.0,2.0,
MOGK-750511 ,2024-09-01,False,18.0,2.0,
MOGK-750511 ,2024-10-01,False,18.0,0.0,
MOGK-750511 ,2024-11-01,False,18.0,0.0,
MOGK-750511 ,2024-12-01,False,18.0,0.0,
MOGK-750511 ,2025-01-01,False,18.0,0.0,
MOGK-750511 ,2025-02-01,False,14.0,4.0,
MOGK-750511 ,2025-03-01,False,14.0,0.0,
MOGK-750511 ,2025-04-01,False,12.0,2.0,
MOGK-750511 ,2025-05-01,False,10.0,2.0,1.0
MOGK-750511 ,2025-06-01,False,10.0,0.0,2.0
MOGK-750580 ,2024-06-01,False,6.0,0.0,
MOGK-750580 ,2024-07-01,False,6.0,0.0,
MOGK-750580 ,2024-08-01,False,6.0,0.0,
MOGK-750580 ,2024-09-01,False,6.0,0.0,
MOGK-750580 ,2024-10-01,False,6.0,0.0,
MOGK-750580 ,2024-11-01,False,6.0,0.0,
MOGK-750580 ,2024-12-01,False,6.0,0.0,
MOGK-750580 ,2025-01-01,False,2.0,4.0,
MOGK-750580 ,2025-02-01,False,2.0,0.0,
MOGK-750580 ,2025-03-01,False,2.0,0.0,
MOGK-750580 ,2025-04-01,False,2.0,0.0,
MOGK-750580 ,2025-05-01,False,2.0,0.0,1.0
MOGK-750580 ,2025-06-01,False,2.0,0.0,1.0
MOGK-750625 ,2024-06-01,False,20.0,0.0,
MOGK-750625 ,2024-07-01,False,19.0,1.0,
MOGK-750625 ,2024-08-01,False,17.0,2.0,
MOGK-750625 ,2024-09-01,False,16.0,1.0,
MOGK-750625 ,2024-10-01,False,16.0,0.0,
MOGK-750625 ,2024-11-01,False,15.0,1.0,
MOGK-750625 ,2024-12-01,False,11.0,4.0,
MOGK-750625 ,2025-01-01,False,8.0,3.0,
MOGK-750625 ,2025-02-01,False,7.0,1.0,
MOGK-750625 ,2025-03-01,False,7.0,0.0,
MOGK-750625 ,2025-04-01,False,7.0,0.0,
MOGK-750625 ,2025-05-01,False,4.0,3.0,2.0
MOGK-750625 ,2025-06-01,False,4.0,0.0,1.0
MOGK-750626 ,2024-06-01,False,25.0,0.0,
MOGK-750626 ,2024-07-01,False,24.0,1.0,
MOGK-750626 ,2024-08-01,False,22.0,2.0,
MOGK-750626 ,2024-09-01,False,21.0,1.0,
MOGK-750626 ,2024-10-01,False,21.0,0.0,
MOGK-750626 ,2024-11-01,False,21.0,0.0,
MOGK-750626 ,2024-12-01,False,17.0,4.0,
MOGK-750626 ,2025-01-01,False,13.0,4.0,
MOGK-750626 ,2025-02-01,False,12.0,1.0,
MOGK-750626 ,2025-03-01,False,12.0,0.0,
MOGK-750626 ,2025-04-01,False,12.0,0.0,
MOGK-750626 ,2025-05-01,False,9.0,3.0,1.0
MOGK-750626 ,2025-06-01,False,9.0,0.0,2.0
MOGK-750660 ,2024-06-01,True,0.0,0.0,
MOGK-750660 ,2024-07-01,True,0.0,0.0,
MOGK-750660 ,2024-08-01,True,0.0,0.0,
MOGK-750660 ,2024-09-01,True,0.0,0.0,
MOGK-750660 ,2024-10-01,True,0.0,0.0,
MOGK-750660 ,2024-11-01,True,0.0,0.0,
MOGK-750660 ,2024-12-01,True,0.0,0.0,
MOGK-750660 ,2025-01-01,True,0.0,0.0,
MOGK-750660 ,2025-02-01,True,20.0,0.0,
MOGK-750660 ,2025-03-01,False,20.0,0.0,
MOGK-750660 ,2025-04-01,False,20.0,0.0,
MOGK-750660 ,2025-05-01,False,20.0,0.0,1.0
MOGK-750660 ,2025-06-01,False,18.0,2.0,1.0
MOGK-750963 ,2024-06-01,False,1.0,0.0,
MOGK-750963 ,2024-07-01,False,1.0,0.0,
MOGK-750963 ,2024-08-01,False,1.0,0.0,
MOGK-750963 ,2024-09-01,False,1.0,0.0,
MOGK-750963 ,2024-10-01,False,21.0,0.0,
MOGK-750963 ,2024-11-01,False,21.0,0.0,
MOGK-750963 ,2024-12-01,False,21.0,0.0,
MOGK-750963 ,2025-01-01,False,21.0,0.0,
MOGK-750963 ,2025-02-01,False,18.0,3.0,
MOGK-750963 ,2025-03-01,False,14.0,4.0,
MOGK-750963 ,2025-04-01,False,14.0,0.0,
MOGK-750963 ,2025-05-01,False,14.0,0.0,1.0
MOGK-750963 ,2025-06-01,False,14.0,0.0,1.0
MOGK-80029 ,2024-06-01,False,3.0,0.0,
MOGK-80029 ,2024-07-01,False,3.0,0.0,
MOGK-80029 ,2024-08-01,False,3.0,0.0,
MOGK-80029 ,2024-09-01,False,3.0,0.0,
MOGK-80029 ,2024-10-01,False,1.0,2.0,
MOGK-80029 ,2024-11-01,False,1.0,0.0,
MOGK-80029 ,2024-12-01,False,1.0,0.0,
MOGK-80029 ,2025-01-01,False,1.0,0.0,
MOGK-80029 ,2025-02-01,False,23.0,2.0,
MOGK-80029 ,2025-03-01,False,20.0,3.0,
MOGK-80029 ,2025-04-01,False,20.0,0.0,
MOGK-80029 ,2025-05-01,False,20.0,0.0,1.0
MOGK-80029 ,2025-06-01,False,20.0,0.0,2.0
MOGK-80043 ,2024-06-01,False,6.0,0.0,
MOGK-80043 ,2024-07-01,False,6.0,0.0,
MOGK-80043 ,2024-08-01,False,6.0,0.0,
MOGK-80043 ,2024-09-01,False,6.0,0.0,
MOGK-80043 ,2024-10-01,False,6.0,0.0,
MOGK-80043 ,2024-11-01,False,6.0,0.0,
MOGK-80043 ,2024-12-01,False,6.0,0.0,
MOGK-80043 ,2025-01-01,False,4.0,2.0,
MOGK-80043 ,2025-02-01,False,4.0,0.0,
MOGK-80043 ,2025-03-01,False,4.0,0.0,
MOGK-80043 ,2025-04-01,False,4.0,0.0,
MOGK-80043 ,2025-05-01,False,4.0,0.0,0.0
MOGK-80043 ,2025-06-01,False,4.0,0.0,0.0
MOGK-80078 ,2024-06-01,False,7.0,0.0,
MOGK-80078 ,2024-07-01,False,7.0,0.0,
MOGK-80078 ,2024-08-01,False,7.0,0.0,
MOGK-80078 ,2024-09-01,False,7.0,0.0,
MOGK-80078 ,2024-10-01,False,7.0,0.0,
MOGK-80078 ,2024-11-01,False,7.0,0.0,
MOGK-80078 ,2024-12-01,False,7.0,0.0,
MOGK-80078 ,2025-01-01,False,7.0,0.0,
MOGK-80078 ,2025-02-01,False,7.0,0.0,
MOGK-80078 ,2025-03-01,False,7.0,0.0,
MOGK-80078 ,2025-04-01,False,7.0,0.0,
MOGK-80078 ,2025-05-01,False,6.0,1.0,0.0
MOGK-80078 ,2025-06-01,False,5.0,1.0,0.0
MOGK-80096 ,2024-06-01,False,18.0,0.0,
MOGK-80096 ,2024-07-01,False,18.0,0.0,
MOGK-80096 ,2024-08-01,False,18.0,0.0,
MOGK-80096 ,2024-09-01,False,18.0,0.0,
MOGK-80096 ,2024-10-01,False,13.0,5.0,
MOGK-80096 ,2024-11-01,False,13.0,0.0,
MOGK-80096 ,2024-12-01,False,9.0,4.0,
MOGK-80096 ,2025-01-01,False,6.0,3.0,
MOGK-80096 ,2025-02-01,False,6.0,0.0,
MOGK-80096 ,2025-03-01,False,4.0,2.0,
MOGK-80096 ,2025-04-01,False,0.0,4.0,
MOGK-80096 ,2025-05-01,True,0.0,0.0,1.0
MOGK-80096 ,2025-06-01,True,0.0,0.0,1.0
MOGK-80149 ,2024-06-01,True,0.0,0.0,
MOGK-80149 ,2024-07-01,True,6.0,0.0,
MOGK-80149 ,2024-08-01,False,4.0,2.0,
MOGK-80149 ,2024-09-01,False,4.0,0.0,
MOGK-80149 ,2024-10-01,False,4.0,0.0,
MOGK-80149 ,2024-11-01,False,4.0,0.0,
MOGK-80149 ,2024-12-01,False,4.0,0.0,
MOGK-80149 ,2025-01-01,False,4.0,0.0,
MOGK-80149 ,2025-02-01,False,8.0,0.0,
MOGK-80149 ,2025-03-01,False,4.0,4.0,
MOGK-80149 ,2025-04-01,False,1.0,3.0,
MOGK-80149 ,2025-05-01,False,1.0,0.0,1.0
MOGK-80149 ,2025-06-01,False,1.0,0.0,1.0
MOGK-80239 ,2024-06-01,False,6.0,0.0,
MOGK-80239 ,2024-07-01,False,6.0,0.0,
MOGK-80239 ,2024-08-01,False,4.0,2.0,
MOGK-80239 ,2024-09-01,False,2.0,2.0,
MOGK-80239 ,2024-10-01,False,2.0,0.0,
MOGK-80239 ,2024-11-01,False,2.0,0.0,
MOGK-80239 ,2024-12-01,False,2.0,0.0,
MOGK-80239 ,2025-01-01,False,2.0,0.0,
MOGK-80239 ,2025-02-01,False,12.0,0.0,
MOGK-80239 ,2025-03-01,False,12.0,0.0,
MOGK-80239 ,2025-04-01,False,12.0,0.0,
MOGK-80239 ,2025-05-01,False,12.0,0.0,0.0
MOGK-80239 ,2025-06-01,False,12.0,0.0,1.0
MOGK-80669 ,2024-06-01,True,0.0,0.0,
MOGK-80669 ,2024-07-01,True,12.0,0.0,
MOGK-80669 ,2024-08-01,False,10.0,2.0,
MOGK-80669 ,2024-09-01,False,9.0,1.0,
MOGK-80669 ,2024-10-01,False,5.0,4.0,
MOGK-80669 ,2024-11-01,False,3.0,2.0,
MOGK-80669 ,2024-12-01,False,1.0,2.0,
MOGK-80669 ,2025-01-01,False,1.0,0.0,
MOGK-80669 ,2025-02-01,False,1.0,0.0,
MOGK-80669 ,2025-03-01,False,1.0,0.0,
MOGK-80669 ,2025-04-01,False,1.0,0.0,
MOGK-80669 ,2025-05-01,False,7.0,0.0,1.0
MOGK-80669 ,2025-06-01,False,5.0,2.0,2.0
MOGK-80670 ,2024-06-01,True,0.0,0.0,
MOGK-80670 ,2024-07-01,True,12.0,0.0,
MOGK-80670 ,2024-08-01,False,10.0,2.0,
MOGK-80670 ,2024-09-01,False,8.0,2.0,
MOGK-80670 ,2024-10-01,False,6.0,2.0,
MOGK-80670 ,2024-11-01,False,4.0,2.0,
MOGK-80670 ,2024-12-01,False,2.0,2.0,
MOGK-80670 ,2025-01-01,False,2.0,0.0,
MOGK-80670 ,2025-02-01,False,2.0,0.0,
MOGK-80670 ,2025-03-01,False,2.0,0.0,
MOGK-80670 ,2025-04-01,False,2.0,0.0,
MOGK-80670 ,2025-05-01,False,2.0,0.0,0.0
MOGK-80670 ,2025-06-01,False,2.0,0.0,1.0
MOGK-80772 ,2024-06-01,False,8.0,0.0,
MOGK-80772 ,2024-07-01,False,8.0,0.0,
MOGK-80772 ,2024-08-01,False,7.0,1.0,
MOGK-80772 ,2024-09-01,False,6.0,1.0,
MOGK-80772 ,2024-10-01,False,4.0,2.0,
MOGK-80772 ,2024-11-01,False,3.0,1.0,
MOGK-80772 ,2024-12-01,False,1.0,2.0,
MOGK-80772 ,2025-01-01,False,1.0,0.0,
MOGK-80772 ,2025-02-01,False,1.0,0.0,
MOGK-80772 ,2025-03-01,False,1.0,0.0,
MOGK-80772 ,2025-04-01,False,1.0,0.0,
MOGK-80772 ,2025-05-01,False,11.0,0.0,1.0
MOGK-80772 ,2025-06-01,False,10.0,1.0,1.0
MOGK-80774 ,2024-06-01,True,1.0,0.0,
MOGK-80774 ,2024-07-01,True,1.0,0.0,
MOGK-80774 ,2024-08-01,True,1.0,0.0,
MOGK-80774 ,2024-09-01,True,1.0,0.0,
MOGK-80774 ,2024-10-01,True,58.0,3.0,
MOGK-80774 ,2024-11-01,False,52.0,6.0,
MOGK-80774 ,2024-12-01,False,43.0,9.0,
MOGK-80774 ,2025-01-01,False,38.0,5.0,
MOGK-80774 ,2025-02-01,False,32.0,6.0,
MOGK-80774 ,2025-03-01,False,27.0,5.0,
MOGK-80774 ,2025-04-01,False,26.0,1.0,
MOGK-80774 ,2025-05-01,False,23.0,3.0,3.0
MOGK-80774 ,2025-06-01,False,23.0,0.0,1.0
MOGK-80812 ,2024-06-01,False,2.0,0.0,
MOGK-80812 ,2024-07-01,False,2.0,0.0,
MOGK-80812 ,2024-08-01,False,2.0,0.0,
MOGK-80812 ,2024-09-01,False,1.0,1.0,
MOGK-80812 ,2024-10-01,False,1.0,0.0,
MOGK-80812 ,2024-11-01,False,1.0,0.0,
MOGK-80812 ,2024-12-01,False,1.0,0.0,
MOGK-80812 ,2025-01-01,False,0.0,1.0,
MOGK-80812 ,2025-02-01,True,0.0,0.0,
MOGK-80812 ,2025-03-01,True,0.0,0.0,
MOGK-80812 ,2025-04-01,True,0.0,0.0,
MOGK-80812 ,2025-05-01,True,0.0,0.0,0.0
MOGK-80812 ,2025-06-01,True,0.0,0.0,0.0
MOGK-80996 ,2024-06-01,False,2.0,0.0,
MOGK-80996 ,2024-07-01,False,2.0,0.0,
MOGK-80996 ,2024-08-01,False,12.0,0.0,
MOGK-80996 ,2024-09-01,False,12.0,0.0,
MOGK-80996 ,2024-10-01,False,12.0,0.0,
MOGK-80996 ,2024-11-01,False,10.0,2.0,
MOGK-80996 ,2024-12-01,False,9.0,1.0,
MOGK-80996 ,2025-01-01,False,9.0,0.0,
MOGK-80996 ,2025-02-01,False,9.0,0.0,
MOGK-80996 ,2025-03-01,False,9.0,0.0,
MOGK-80996 ,2025-04-01,False,9.0,0.0,
MOGK-80996 ,2025-05-01,False,7.0,2.0,1.0
MOGK-80996 ,2025-06-01,False,6.0,1.0,1.0
MOGK-8259 ,2024-06-01,False,6.0,0.0,
MOGK-8259 ,2024-07-01,False,6.0,0.0,
MOGK-8259 ,2024-08-01,False,6.0,0.0,
MOGK-8259 ,2024-09-01,False,6.0,0.0,
MOGK-8259 ,2024-10-01,False,6.0,0.0,
MOGK-8259 ,2024-11-01,False,6.0,0.0,
MOGK-8259 ,2024-12-01,False,6.0,0.0,
MOGK-8259 ,2025-01-01,False,6.0,0.0,
MOGK-8259 ,2025-02-01,False,6.0,0.0,
MOGK-8259 ,2025-03-01,False,6.0,0.0,
MOGK-8259 ,2025-04-01,False,4.0,2.0,
MOGK-8259 ,2025-05-01,False,4.0,0.0,0.0
MOGK-8259 ,2025-06-01,False,4.0,0.0,0.0
MOGK-8276 ,2024-06-01,False,8.0,0.0,
MOGK-8276 ,2024-07-01,False,8.0,0.0,
MOGK-8276 ,2024-08-01,False,8.0,0.0,
MOGK-8276 ,2024-09-01,False,8.0,0.0,
MOGK-8276 ,2024-10-01,False,8.0,0.0,
MOGK-8276 ,2024-11-01,False,8.0,0.0,
MOGK-8276 ,2024-12-01,False,8.0,0.0,
MOGK-8276 ,2025-01-01,False,8.0,0.0,
MOGK-8276 ,2025-02-01,False,8.0,0.0,
MOGK-8276 ,2025-03-01,False,8.0,0.0,
MOGK-8276 ,2025-04-01,False,6.0,2.0,
MOGK-8276 ,2025-05-01,False,6.0,0.0,0.0
MOGK-8276 ,2025-06-01,False,6.0,0.0,0.0
MOGK-8297 ,2024-06-01,False,3.0,2.0,
MOGK-8297 ,2024-07-01,False,3.0,0.0,
MOGK-8297 ,2024-08-01,False,3.0,0.0,
MOGK-8297 ,2024-09-01,False,3.0,0.0,
MOGK-8297 ,2024-10-01,False,3.0,0.0,
MOGK-8297 ,2024-11-01,False,3.0,0.0,
MOGK-8297 ,2024-12-01,False,3.0,0.0,
MOGK-8297 ,2025-01-01,False,3.0,0.0,
MOGK-8297 ,2025-02-01,False,5.0,2.0,
MOGK-8297 ,2025-03-01,False,3.0,2.0,
MOGK-8297 ,2025-04-01,False,3.0,0.0,
MOGK-8297 ,2025-05-01,False,3.0,0.0,0.0
MOGK-8297 ,2025-06-01,False,3.0,0.0,0.0
MOGK-8361 ,2024-06-01,False,1.0,0.0,
MOGK-8361 ,2024-07-01,False,1.0,0.0,
MOGK-8361 ,2024-08-01,False,1.0,0.0,
MOGK-8361 ,2024-09-01,False,1.0,0.0,
MOGK-8361 ,2024-10-01,False,1.0,0.0,
MOGK-8361 ,2024-11-01,False,1.0,0.0,
MOGK-8361 ,2024-12-01,False,1.0,0.0,
MOGK-8361 ,2025-01-01,False,0.0,1.0,
MOGK-8361 ,2025-02-01,True,0.0,0.0,
MOGK-8361 ,2025-03-01,True,0.0,0.0,
MOGK-8361 ,2025-04-01,True,0.0,0.0,
MOGK-8361 ,2025-05-01,True,0.0,0.0,0.0
MOGK-8361 ,2025-06-01,True,0.0,0.0,0.0
MOGK-8607 ,2024-06-01,False,10.0,0.0,
MOGK-8607 ,2024-07-01,False,10.0,0.0,
MOGK-8607 ,2024-08-01,False,10.0,0.0,
MOGK-8607 ,2024-09-01,False,10.0,0.0,
MOGK-8607 ,2024-10-01,False,9.0,1.0,
MOGK-8607 ,2024-11-01,False,9.0,0.0,
MOGK-8607 ,2024-12-01,False,9.0,0.0,
MOGK-8607 ,2025-01-01,False,9.0,0.0,
MOGK-8607 ,2025-02-01,False,9.0,0.0,
MOGK-8607 ,2025-03-01,False,9.0,0.0,
MOGK-8607 ,2025-04-01,False,9.0,0.0,
MOGK-8607 ,2025-05-01,False,9.0,0.0,0.0
MOGK-8607 ,2025-06-01,False,9.0,0.0,0.0
MOGK-8637 ,2024-06-01,False,5.0,0.0,
MOGK-8637 ,2024-07-01,False,5.0,0.0,
MOGK-8637 ,2024-08-01,False,5.0,0.0,
MOGK-8637 ,2024-09-01,False,5.0,0.0,
MOGK-8637 ,2024-10-01,False,3.0,2.0,
MOGK-8637 ,2024-11-01,False,3.0,0.0,
MOGK-8637 ,2024-12-01,False,3.0,0.0,
MOGK-8637 ,2025-01-01,False,3.0,0.0,
MOGK-8637 ,2025-02-01,False,2.0,1.0,
MOGK-8637 ,2025-03-01,False,2.0,0.0,
MOGK-8637 ,2025-04-01,False,2.0,0.0,
MOGK-8637 ,2025-05-01,False,2.0,0.0,1.0
MOGK-8637 ,2025-06-01,False,2.0,0.0,0.0
MOGK-8703 ,2024-06-01,True,1.0,0.0,
MOGK-8703 ,2024-07-01,True,1.0,0.0,
MOGK-8703 ,2024-08-01,True,1.0,0.0,
MOGK-8703 ,2024-09-01,True,1.0,0.0,
MOGK-8703 ,2024-10-01,True,19.0,2.0,
MOGK-8703 ,2024-11-01,False,18.0,1.0,
MOGK-8703 ,2024-12-01,False,15.0,3.0,
MOGK-8703 ,2025-01-01,False,11.0,4.0,
MOGK-8703 ,2025-02-01,False,9.0,2.0,
MOGK-8703 ,2025-03-01,False,9.0,0.0,
MOGK-8703 ,2025-04-01,False,7.0,2.0,
MOGK-8703 ,2025-05-01,False,7.0,0.0,2.0
MOGK-8703 ,2025-06-01,False,7.0,0.0,2.0
MOGK-8764 ,2024-06-01,True,0.0,0.0,
MOGK-8764 ,2024-07-01,True,4.0,0.0,
MOGK-8764 ,2024-08-01,False,0.0,4.0,
MOGK-8764 ,2024-09-01,True,0.0,0.0,
MOGK-8764 ,2024-10-01,True,0.0,0.0,
MOGK-8764 ,2024-11-01,True,0.0,0.0,
MOGK-8764 ,2024-12-01,True,0.0,0.0,
MOGK-8764 ,2025-01-01,True,0.0,0.0,
MOGK-8764 ,2025-02-01,True,2.0,4.0,
MOGK-8764 ,2025-03-01,False,2.0,0.0,
MOGK-8764 ,2025-04-01,False,2.0,0.0,
MOGK-8764 ,2025-05-01,False,2.0,0.0,1.0
MOGK-8764 ,2025-06-01,False,0.0,2.0,0.0
MOGK-8802 ,2024-06-01,False,4.0,0.0,
MOGK-8802 ,2024-07-01,False,4.0,0.0,
MOGK-8802 ,2024-08-01,False,4.0,0.0,
MOGK-8802 ,2024-09-01,False,4.0,0.0,
MOGK-8802 ,2024-10-01,False,4.0,0.0,
MOGK-8802 ,2024-11-01,False,4.0,0.0,
MOGK-8802 ,2024-12-01,False,4.0,0.0,
MOGK-8802 ,2025-01-01,False,4.0,0.0,
MOGK-8802 ,2025-02-01,False,4.0,0.0,
MOGK-8802 ,2025-03-01,False,4.0,0.0,
MOGK-8802 ,2025-04-01,False,3.0,1.0,
MOGK-8802 ,2025-05-01,False,3.0,0.0,0.0
MOGK-8802 ,2025-06-01,False,3.0,0.0,0.0
MOGK-8837 ,2024-06-01,False,4.0,0.0,
MOGK-8837 ,2024-07-01,False,48.0,2.0,
MOGK-8837 ,2024-08-01,False,42.0,6.0,
MOGK-8837 ,2024-09-01,False,40.0,2.0,
MOGK-8837 ,2024-10-01,False,36.0,4.0,
MOGK-8837 ,2024-11-01,False,32.0,4.0,
MOGK-8837 ,2024-12-01,False,30.0,2.0,
MOGK-8837 ,2025-01-01,False,30.0,0.0,
MOGK-8837 ,2025-02-01,False,27.0,3.0,
MOGK-8837 ,2025-03-01,False,27.0,0.0,
MOGK-8837 ,2025-04-01,False,27.0,0.0,
MOGK-8837 ,2025-05-01,False,25.0,2.0,5.0
MOGK-8837 ,2025-06-01,False,23.0,2.0,2.0
MOGPM-105E ,2024-06-01,False,285.0,0.0,
MOGPM-105E ,2024-07-01,False,285.0,0.0,
MOGPM-105E ,2024-08-01,False,284.0,1.0,
MOGPM-105E ,2024-09-01,False,284.0,0.0,
MOGPM-105E ,2024-10-01,False,284.0,0.0,
MOGPM-105E ,2024-11-01,False,284.0,0.0,
MOGPM-105E ,2024-12-01,False,284.0,0.0,
MOGPM-105E ,2025-01-01,False,284.0,0.0,
MOGPM-105E ,2025-02-01,False,284.0,0.0,
MOGPM-105E ,2025-03-01,False,284.0,0.0,
MOGPM-105E ,2025-04-01,False,284.0,0.0,
MOGPM-105E ,2025-05-01,False,284.0,0.0,0.0
MOGPM-105E ,2025-06-01,False,284.0,0.0,0.0
MOGRK-620054 ,2024-06-01,True,0.0,0.0,
MOGRK-620054 ,2024-07-01,True,0.0,0.0,
MOGRK-620054 ,2024-08-01,True,2.0,0.0,
MOGRK-620054 ,2024-09-01,False,2.0,0.0,
MOGRK-620054 ,2024-10-01,False,0.0,2.0,
MOGRK-620054 ,2024-11-01,True,0.0,0.0,
MOGRK-620054 ,2024-12-01,True,0.0,0.0,
MOGRK-620054 ,2025-01-01,True,0.0,0.0,
MOGRK-620054 ,2025-02-01,True,2.0,4.0,
MOGRK-620054 ,2025-03-01,False,0.0,2.0,
MOGRK-620054 ,2025-04-01,True,0.0,0.0,
MOGRK-620054 ,2025-05-01,True,0.0,0.0,0.0
MOGRK-620054 ,2025-06-01,True,0.0,0.0,0.0
MOGRK-620218 ,2024-06-01,True,0.0,0.0,
MOGRK-620218 ,2024-07-01,True,0.0,0.0,
MOGRK-620218 ,2024-08-01,True,0.0,0.0,
MOGRK-620218 ,2024-09-01,True,0.0,0.0,
MOGRK-620218 ,2024-10-01,True,4.0,0.0,
MOGRK-620218 ,2024-11-01,False,4.0,0.0,
MOGRK-620218 ,2024-12-01,False,3.0,1.0,
MOGRK-620218 ,2025-01-01,False,1.0,2.0,
MOGRK-620218 ,2025-02-01,False,1.0,0.0,
MOGRK-620218 ,2025-03-01,False,0.0,1.0,
MOGRK-620218 ,2025-04-01,True,0.0,0.0,
MOGRK-620218 ,2025-05-01,True,0.0,0.0,0.0
MOGRK-620218 ,2025-06-01,True,0.0,0.0,0.0
MOGRK-620219 ,2024-06-01,True,0.0,0.0,
MOGRK-620219 ,2024-07-01,True,0.0,0.0,
MOGRK-620219 ,2024-08-01,True,0.0,0.0,
MOGRK-620219 ,2024-09-01,True,0.0,0.0,
MOGRK-620219 ,2024-10-01,True,4.0,0.0,
MOGRK-620219 ,2024-11-01,False,4.0,0.0,
MOGRK-620219 ,2024-12-01,False,3.0,1.0,
MOGRK-620219 ,2025-01-01,False,3.0,0.0,
MOGRK-620219 ,2025-02-01,False,3.0,0.0,
MOGRK-620219 ,2025-03-01,False,3.0,0.0,
MOGRK-620219 ,2025-04-01,False,3.0,0.0,
MOGRK-620219 ,2025-05-01,False,3.0,0.0,0.0
MOGRK-620219 ,2025-06-01,False,3.0,0.0,0.0
MOGRK-620486 ,2024-06-01,False,1.0,0.0,
MOGRK-620486 ,2024-07-01,False,1.0,0.0,
MOGRK-620486 ,2024-08-01,False,1.0,0.0,
MOGRK-620486 ,2024-09-01,False,1.0,0.0,
MOGRK-620486 ,2024-10-01,False,7.0,0.0,
MOGRK-620486 ,2024-11-01,False,7.0,0.0,
MOGRK-620486 ,2024-12-01,False,7.0,0.0,
MOGRK-620486 ,2025-01-01,False,7.0,0.0,
MOGRK-620486 ,2025-02-01,False,7.0,0.0,
MOGRK-620486 ,2025-03-01,False,7.0,0.0,
MOGRK-620486 ,2025-04-01,False,7.0,0.0,
MOGRK-620486 ,2025-05-01,False,5.0,2.0,1.0
MOGRK-620486 ,2025-06-01,False,4.0,1.0,1.0
MOGRK-620487 ,2024-06-01,True,0.0,0.0,
MOGRK-620487 ,2024-07-01,True,0.0,0.0,
MOGRK-620487 ,2024-08-01,True,0.0,0.0,
MOGRK-620487 ,2024-09-01,True,0.0,0.0,
MOGRK-620487 ,2024-10-01,True,6.0,0.0,
MOGRK-620487 ,2024-11-01,False,6.0,0.0,
MOGRK-620487 ,2024-12-01,False,6.0,0.0,
MOGRK-620487 ,2025-01-01,False,6.0,0.0,
MOGRK-620487 ,2025-02-01,False,6.0,0.0,
MOGRK-620487 ,2025-03-01,False,6.0,0.0,
MOGRK-620487 ,2025-04-01,False,6.0,0.0,
MOGRK-620487 ,2025-05-01,False,4.0,2.0,0.0
MOGRK-620487 ,2025-06-01,False,3.0,1.0,1.0
MOGRK-620719 ,2024-06-01,True,0.0,0.0,
MOGRK-620719 ,2024-07-01,True,0.0,0.0,
MOGRK-620719 ,2024-08-01,True,2.0,0.0,
MOGRK-620719 ,2024-09-01,False,2.0,0.0,
MOGRK-620719 ,2024-10-01,False,1.0,1.0,
MOGRK-620719 ,2024-11-01,False,1.0,0.0,
MOGRK-620719 ,2024-12-01,False,1.0,0.0,
MOGRK-620719 ,2025-01-01,False,1.0,0.0,
MOGRK-620719 ,2025-02-01,False,1.0,0.0,
MOGRK-620719 ,2025-03-01,False,1.0,0.0,
MOGRK-620719 ,2025-04-01,False,1.0,0.0,
MOGRK-620719 ,2025-05-01,False,1.0,0.0,0.0
MOGRK-620719 ,2025-06-01,False,1.0,0.0,0.0
MOGRK-620720 ,2024-06-01,True,0.0,0.0,
MOGRK-620720 ,2024-07-01,True,0.0,0.0,
MOGRK-620720 ,2024-08-01,True,2.0,0.0,
MOGRK-620720 ,2024-09-01,False,2.0,0.0,
MOGRK-620720 ,2024-10-01,False,1.0,1.0,
MOGRK-620720 ,2024-11-01,False,1.0,0.0,
MOGRK-620720 ,2024-12-01,False,1.0,0.0,
MOGRK-620720 ,2025-01-01,False,1.0,0.0,
MOGRK-620720 ,2025-02-01,False,1.0,0.0,
MOGRK-620720 ,2025-03-01,False,1.0,0.0,
MOGRK-620720 ,2025-04-01,False,1.0,0.0,
MOGRK-620720 ,2025-05-01,False,1.0,0.0,0.0
MOGRK-620720 ,2025-06-01,False,1.0,0.0,0.0
MOGRK-621233 ,2024-06-01,False,7.0,1.0,
MOGRK-621233 ,2024-07-01,False,7.0,0.0,
MOGRK-621233 ,2024-08-01,False,7.0,0.0,
MOGRK-621233 ,2024-09-01,False,6.0,1.0,
MOGRK-621233 ,2024-10-01,False,6.0,0.0,
MOGRK-621233 ,2024-11-01,False,4.0,2.0,
MOGRK-621233 ,2024-12-01,False,3.0,1.0,
MOGRK-621233 ,2025-01-01,False,3.0,0.0,
MOGRK-621233 ,2025-02-01,False,3.0,0.0,
MOGRK-621233 ,2025-03-01,False,3.0,0.0,
MOGRK-621233 ,2025-04-01,False,3.0,0.0,
MOGRK-621233 ,2025-05-01,False,7.0,0.0,1.0
MOGRK-621233 ,2025-06-01,False,7.0,0.0,0.0
MOGRK-621234 ,2024-06-01,False,7.0,1.0,
MOGRK-621234 ,2024-07-01,False,7.0,0.0,
MOGRK-621234 ,2024-08-01,False,5.0,2.0,
MOGRK-621234 ,2024-09-01,False,4.0,1.0,
MOGRK-621234 ,2024-10-01,False,4.0,0.0,
MOGRK-621234 ,2024-11-01,False,2.0,2.0,
MOGRK-621234 ,2024-12-01,False,2.0,0.0,
MOGRK-621234 ,2025-01-01,False,2.0,0.0,
MOGRK-621234 ,2025-02-01,False,2.0,0.0,
MOGRK-621234 ,2025-03-01,False,2.0,0.0,
MOGRK-621234 ,2025-04-01,False,2.0,0.0,
MOGRK-621234 ,2025-05-01,False,8.0,0.0,1.0
MOGRK-621234 ,2025-06-01,False,8.0,0.0,0.0
MOGRK-621355 ,2024-06-01,True,0.0,0.0,
MOGRK-621355 ,2024-07-01,True,0.0,0.0,
MOGRK-621355 ,2024-08-01,True,0.0,0.0,
MOGRK-621355 ,2024-09-01,True,0.0,0.0,
MOGRK-621355 ,2024-10-01,True,5.0,0.0,
MOGRK-621355 ,2024-11-01,False,5.0,0.0,
MOGRK-621355 ,2024-12-01,False,5.0,0.0,
MOGRK-621355 ,2025-01-01,False,5.0,0.0,
MOGRK-621355 ,2025-02-01,False,4.0,1.0,
MOGRK-621355 ,2025-03-01,False,4.0,0.0,
MOGRK-621355 ,2025-04-01,False,4.0,0.0,
MOGRK-621355 ,2025-05-01,False,4.0,0.0,0.0
MOGRK-621355 ,2025-06-01,False,4.0,0.0,0.0
MOGRK-622128 ,2024-06-01,True,0.0,0.0,
MOGRK-622128 ,2024-07-01,True,0.0,0.0,
MOGRK-622128 ,2024-08-01,True,0.0,0.0,
MOGRK-622128 ,2024-09-01,True,0.0,0.0,
MOGRK-622128 ,2024-10-01,True,20.0,0.0,
MOGRK-622128 ,2024-11-01,False,20.0,0.0,
MOGRK-622128 ,2024-12-01,False,16.0,4.0,
MOGRK-622128 ,2025-01-01,False,13.0,3.0,
MOGRK-622128 ,2025-02-01,False,11.0,2.0,
MOGRK-622128 ,2025-03-01,False,9.0,2.0,
MOGRK-622128 ,2025-04-01,False,7.0,2.0,
MOGRK-622128 ,2025-05-01,False,4.0,3.0,2.0
MOGRK-622128 ,2025-06-01,False,4.0,0.0,1.0
MOGRK-622918 ,2024-06-01,True,0.0,0.0,
MOGRK-622918 ,2024-07-01,True,2.0,0.0,
MOGRK-622918 ,2024-08-01,False,2.0,0.0,
MOGRK-622918 ,2024-09-01,False,2.0,0.0,
MOGRK-622918 ,2024-10-01,False,2.0,0.0,
MOGRK-622918 ,2024-11-01,False,2.0,0.0,
MOGRK-622918 ,2024-12-01,False,2.0,0.0,
MOGRK-622918 ,2025-01-01,False,2.0,0.0,
MOGRK-622918 ,2025-02-01,False,2.0,0.0,
MOGRK-622918 ,2025-03-01,False,2.0,0.0,
MOGRK-622918 ,2025-04-01,False,2.0,0.0,
MOGRK-622918 ,2025-05-01,False,1.0,1.0,0.0
MOGRK-622918 ,2025-06-01,False,1.0,0.0,0.0
MOGRK-622919 ,2024-06-01,True,0.0,0.0,
MOGRK-622919 ,2024-07-01,True,2.0,0.0,
MOGRK-622919 ,2024-08-01,False,2.0,0.0,
MOGRK-622919 ,2024-09-01,False,2.0,0.0,
MOGRK-622919 ,2024-10-01,False,2.0,0.0,
MOGRK-622919 ,2024-11-01,False,2.0,0.0,
MOGRK-622919 ,2024-12-01,False,2.0,0.0,
MOGRK-622919 ,2025-01-01,False,2.0,0.0,
MOGRK-622919 ,2025-02-01,False,2.0,0.0,
MOGRK-622919 ,2025-03-01,False,2.0,0.0,
MOGRK-622919 ,2025-04-01,False,2.0,0.0,
MOGRK-622919 ,2025-05-01,False,1.0,1.0,0.0
MOGRK-622919 ,2025-06-01,False,1.0,0.0,0.0
MOGRK-623125 ,2024-06-01,True,38.0,2.0,
MOGRK-623125 ,2024-07-01,False,44.0,4.0,
MOGRK-623125 ,2024-08-01,False,41.0,3.0,
MOGRK-623125 ,2024-09-01,False,31.0,10.0,
MOGRK-623125 ,2024-10-01,False,27.0,4.0,
MOGRK-623125 ,2024-11-01,False,21.0,6.0,
MOGRK-623125 ,2024-12-01,False,14.0,7.0,
MOGRK-623125 ,2025-01-01,False,12.0,2.0,
MOGRK-623125 ,2025-02-01,False,8.0,4.0,
MOGRK-623125 ,2025-03-01,False,22.0,5.0,
MOGRK-623125 ,2025-04-01,False,19.0,3.0,
MOGRK-623125 ,2025-05-01,False,15.0,4.0,4.0
MOGRK-623125 ,2025-06-01,False,15.0,0.0,3.0
MOGRK-623126 ,2024-06-01,True,39.0,1.0,
MOGRK-623126 ,2024-07-01,False,44.0,5.0,
MOGRK-623126 ,2024-08-01,False,42.0,2.0,
MOGRK-623126 ,2024-09-01,False,31.0,11.0,
MOGRK-623126 ,2024-10-01,False,28.0,3.0,
MOGRK-623126 ,2024-11-01,False,23.0,5.0,
MOGRK-623126 ,2024-12-01,False,15.0,8.0,
MOGRK-623126 ,2025-01-01,False,14.0,1.0,
MOGRK-623126 ,2025-02-01,False,11.0,3.0,
MOGRK-623126 ,2025-03-01,False,25.0,5.0,
MOGRK-623126 ,2025-04-01,False,21.0,4.0,
MOGRK-623126 ,2025-05-01,False,17.0,4.0,4.0
MOGRK-623126 ,2025-06-01,False,17.0,0.0,3.0
MOGRK-623751 ,2024-06-01,True,0.0,0.0,
MOGRK-623751 ,2024-07-01,True,0.0,0.0,
MOGRK-623751 ,2024-08-01,True,0.0,0.0,
MOGRK-623751 ,2024-09-01,True,0.0,0.0,
MOGRK-623751 ,2024-10-01,True,2.0,0.0,
MOGRK-623751 ,2024-11-01,False,1.0,1.0,
MOGRK-623751 ,2024-12-01,False,0.0,1.0,
MOGRK-623751 ,2025-01-01,True,0.0,0.0,
MOGRK-623751 ,2025-02-01,True,0.0,0.0,
MOGRK-623751 ,2025-03-01,True,0.0,0.0,
MOGRK-623751 ,2025-04-01,True,0.0,0.0,
MOGRK-623751 ,2025-05-01,True,3.0,0.0,0.0
MOGRK-623751 ,2025-06-01,False,3.0,0.0,0.0
MOGRK-623752 ,2024-06-01,True,0.0,0.0,
MOGRK-623752 ,2024-07-01,True,0.0,0.0,
MOGRK-623752 ,2024-08-01,True,0.0,0.0,
MOGRK-623752 ,2024-09-01,True,0.0,0.0,
MOGRK-623752 ,2024-10-01,True,2.0,0.0,
MOGRK-623752 ,2024-11-01,False,2.0,0.0,
MOGRK-623752 ,2024-12-01,False,1.0,1.0,
MOGRK-623752 ,2025-01-01,False,1.0,0.0,
MOGRK-623752 ,2025-02-01,False,1.0,0.0,
MOGRK-623752 ,2025-03-01,False,1.0,0.0,
MOGRK-623752 ,2025-04-01,False,1.0,0.0,
MOGRK-623752 ,2025-05-01,False,0.0,1.0,0.0
MOGRK-623752 ,2025-06-01,True,0.0,0.0,0.0
MOGRK-641500 ,2024-06-01,False,1.0,1.0,
MOGRK-641500 ,2024-07-01,False,1.0,0.0,
MOGRK-641500 ,2024-08-01,False,1.0,0.0,
MOGRK-641500 ,2024-09-01,False,1.0,0.0,
MOGRK-641500 ,2024-10-01,False,7.0,0.0,
MOGRK-641500 ,2024-11-01,False,7.0,0.0,
MOGRK-641500 ,2024-12-01,False,7.0,0.0,
MOGRK-641500 ,2025-01-01,False,6.0,1.0,
MOGRK-641500 ,2025-02-01,False,6.0,0.0,
MOGRK-641500 ,2025-03-01,False,6.0,0.0,
MOGRK-641500 ,2025-04-01,False,6.0,0.0,
MOGRK-641500 ,2025-05-01,False,6.0,0.0,0.0
MOGRK-641500 ,2025-06-01,False,6.0,0.0,0.0
MOGRK-641501 ,2024-06-01,False,2.0,1.0,
MOGRK-641501 ,2024-07-01,False,2.0,0.0,
MOGRK-641501 ,2024-08-01,False,2.0,0.0,
MOGRK-641501 ,2024-09-01,False,2.0,0.0,
MOGRK-641501 ,2024-10-01,False,8.0,0.0,
MOGRK-641501 ,2024-11-01,False,8.0,0.0,
MOGRK-641501 ,2024-12-01,False,8.0,0.0,
MOGRK-641501 ,2025-01-01,False,7.0,1.0,
MOGRK-641501 ,2025-02-01,False,7.0,0.0,
MOGRK-641501 ,2025-03-01,False,7.0,0.0,
MOGRK-641501 ,2025-04-01,False,7.0,0.0,
MOGRK-641501 ,2025-05-01,False,7.0,0.0,1.0
MOGRK-641501 ,2025-06-01,False,7.0,0.0,1.0
MOGRK-641799 ,2024-06-01,False,1.0,0.0,
MOGRK-641799 ,2024-07-01,False,0.0,2.0,
MOGRK-641799 ,2024-08-01,True,0.0,0.0,
MOGRK-641799 ,2024-09-01,True,0.0,0.0,
MOGRK-641799 ,2024-10-01,True,20.0,0.0,
MOGRK-641799 ,2024-11-01,False,20.0,0.0,
MOGRK-641799 ,2024-12-01,False,14.0,6.0,
MOGRK-641799 ,2025-01-01,False,14.0,0.0,
MOGRK-641799 ,2025-02-01,False,14.0,0.0,
MOGRK-641799 ,2025-03-01,False,12.0,2.0,
MOGRK-641799 ,2025-04-01,False,12.0,0.0,
MOGRK-641799 ,2025-05-01,False,22.0,2.0,1.0
MOGRK-641799 ,2025-06-01,False,22.0,0.0,1.0
MOGRK-641822 ,2024-06-01,False,18.0,0.0,
MOGRK-641822 ,2024-07-01,False,18.0,0.0,
MOGRK-641822 ,2024-08-01,False,18.0,0.0,
MOGRK-641822 ,2024-09-01,False,18.0,0.0,
MOGRK-641822 ,2024-10-01,False,18.0,0.0,
MOGRK-641822 ,2024-11-01,False,16.0,2.0,
MOGRK-641822 ,2024-12-01,False,16.0,0.0,
MOGRK-641822 ,2025-01-01,False,16.0,0.0,
MOGRK-641822 ,2025-02-01,False,16.0,0.0,
MOGRK-641822 ,2025-03-01,False,16.0,0.0,
MOGRK-641822 ,2025-04-01,False,16.0,0.0,
MOGRK-641822 ,2025-05-01,False,16.0,0.0,0.0
MOGRK-641822 ,2025-06-01,False,16.0,0.0,0.0
MOGRK-641866 ,2024-06-01,True,0.0,0.0,
MOGRK-641866 ,2024-07-01,True,0.0,0.0,
MOGRK-641866 ,2024-08-01,True,0.0,0.0,
MOGRK-641866 ,2024-09-01,True,0.0,0.0,
MOGRK-641866 ,2024-10-01,True,0.0,0.0,
MOGRK-641866 ,2024-11-01,True,10.0,0.0,
MOGRK-641866 ,2024-12-01,False,8.0,2.0,
MOGRK-641866 ,2025-01-01,False,4.0,4.0,
MOGRK-641866 ,2025-02-01,False,0.0,4.0,
MOGRK-641866 ,2025-03-01,True,0.0,0.0,
MOGRK-641866 ,2025-04-01,True,0.0,0.0,
MOGRK-641866 ,2025-05-01,True,0.0,0.0,1.0
MOGRK-641866 ,2025-06-01,True,0.0,0.0,0.0
MOGRK-641916 ,2024-06-01,False,0.0,2.0,
MOGRK-641916 ,2024-07-01,True,0.0,0.0,
MOGRK-641916 ,2024-08-01,True,0.0,0.0,
MOGRK-641916 ,2024-09-01,True,0.0,0.0,
MOGRK-641916 ,2024-10-01,True,10.0,0.0,
MOGRK-641916 ,2024-11-01,False,10.0,0.0,
MOGRK-641916 ,2024-12-01,False,10.0,0.0,
MOGRK-641916 ,2025-01-01,False,8.0,2.0,
MOGRK-641916 ,2025-02-01,False,7.0,1.0,
MOGRK-641916 ,2025-03-01,False,7.0,0.0,
MOGRK-641916 ,2025-04-01,False,5.0,2.0,
MOGRK-641916 ,2025-05-01,False,5.0,0.0,0.0
MOGRK-641916 ,2025-06-01,False,4.0,1.0,0.0
MOGRK-642905 ,2024-06-01,True,0.0,0.0,
MOGRK-642905 ,2024-07-01,True,0.0,0.0,
MOGRK-642905 ,2024-08-01,True,0.0,0.0,
MOGRK-642905 ,2024-09-01,True,0.0,0.0,
MOGRK-642905 ,2024-10-01,True,0.0,0.0,
MOGRK-642905 ,2024-11-01,True,4.0,0.0,
MOGRK-642905 ,2024-12-01,False,3.0,1.0,
MOGRK-642905 ,2025-01-01,False,3.0,0.0,
MOGRK-642905 ,2025-02-01,False,4.0,1.0,
MOGRK-642905 ,2025-03-01,False,4.0,0.0,
MOGRK-642905 ,2025-04-01,False,4.0,0.0,
MOGRK-642905 ,2025-05-01,False,2.0,2.0,0.0
MOGRK-642905 ,2025-06-01,False,2.0,0.0,0.0
MOGRK-643354 ,2024-06-01,True,0.0,0.0,
MOGRK-643354 ,2024-07-01,True,2.0,0.0,
MOGRK-643354 ,2024-08-01,False,2.0,0.0,
MOGRK-643354 ,2024-09-01,False,2.0,0.0,
MOGRK-643354 ,2024-10-01,False,2.0,0.0,
MOGRK-643354 ,2024-11-01,False,1.0,1.0,
MOGRK-643354 ,2024-12-01,False,1.0,0.0,
MOGRK-643354 ,2025-01-01,False,1.0,0.0,
MOGRK-643354 ,2025-02-01,False,1.0,0.0,
MOGRK-643354 ,2025-03-01,False,1.0,0.0,
MOGRK-643354 ,2025-04-01,False,1.0,0.0,
MOGRK-643354 ,2025-05-01,False,1.0,0.0,0.0
MOGRK-643354 ,2025-06-01,False,1.0,0.0,0.0
MOGRK-660203 ,2024-06-01,False,2.0,0.0,
MOGRK-660203 ,2024-07-01,False,2.0,0.0,
MOGRK-660203 ,2024-08-01,False,2.0,0.0,
MOGRK-660203 ,2024-09-01,False,2.0,0.0,
MOGRK-660203 ,2024-10-01,False,1.0,1.0,
MOGRK-660203 ,2024-11-01,False,1.0,0.0,
MOGRK-660203 ,2024-12-01,False,0.0,1.0,
MOGRK-660203 ,2025-01-01,True,1.0,1.0,
MOGRK-660203 ,2025-02-01,False,5.0,0.0,
MOGRK-660203 ,2025-03-01,False,2.0,3.0,
MOGRK-660203 ,2025-04-01,False,2.0,0.0,
MOGRK-660203 ,2025-05-01,False,2.0,0.0,0.0
MOGRK-660203 ,2025-06-01,False,2.0,0.0,0.0
MOGRK-80038 ,2024-06-01,True,0.0,0.0,
MOGRK-80038 ,2024-07-01,True,0.0,0.0,
MOGRK-80038 ,2024-08-01,True,6.0,0.0,
MOGRK-80038 ,2024-09-01,False,4.0,2.0,
MOGRK-80038 ,2024-10-01,False,4.0,0.0,
MOGRK-80038 ,2024-11-01,False,3.0,1.0,
MOGRK-80038 ,2024-12-01,False,3.0,0.0,
MOGRK-80038 ,2025-01-01,False,2.0,1.0,
MOGRK-80038 ,2025-02-01,False,2.0,0.0,
MOGRK-80038 ,2025-03-01,False,2.0,0.0,
MOGRK-80038 ,2025-04-01,False,2.0,0.0,
MOGRK-80038 ,2025-05-01,False,1.0,1.0,0.0
MOGRK-80038 ,2025-06-01,False,1.0,0.0,0.0
MOGRK-80040 ,2024-06-01,True,0.0,0.0,
MOGRK-80040 ,2024-07-01,True,0.0,0.0,
MOGRK-80040 ,2024-08-01,True,6.0,0.0,
MOGRK-80040 ,2024-09-01,False,5.0,1.0,
MOGRK-80040 ,2024-10-01,False,5.0,0.0,
MOGRK-80040 ,2024-11-01,False,4.0,1.0,
MOGRK-80040 ,2024-12-01,False,4.0,0.0,
MOGRK-80040 ,2025-01-01,False,3.0,1.0,
MOGRK-80040 ,2025-02-01,False,3.0,0.0,
MOGRK-80040 ,2025-03-01,False,3.0,0.0,
MOGRK-80040 ,2025-04-01,False,3.0,0.0,
MOGRK-80040 ,2025-05-01,False,2.0,1.0,0.0
MOGRK-80040 ,2025-06-01,False,2.0,0.0,0.0
MOGSB-320 ,2024-06-01,True,0.0,0.0,
MOGSB-320 ,2024-07-01,True,0.0,0.0,
MOGSB-320 ,2024-08-01,True,0.0,0.0,
MOGSB-320 ,2024-09-01,True,0.0,0.0,
MOGSB-320 ,2024-10-01,True,0.0,0.0,
MOGSB-320 ,2024-11-01,True,0.0,0.0,
MOGSB-320 ,2024-12-01,True,0.0,0.0,
MOGSB-320 ,2025-01-01,True,0.0,0.0,
MOGSB-320 ,2025-02-01,True,8.0,2.0,
MOGSB-320 ,2025-03-01,False,2.0,6.0,
MOGSB-320 ,2025-04-01,False,0.0,2.0,
MOGSB-320 ,2025-05-01,True,0.0,0.0,1.0
MOGSB-320 ,2025-06-01,True,0.0,0.0,0.0
MOGSB-335 ,2024-06-01,True,0.0,0.0,
MOGSB-335 ,2024-07-01,True,0.0,0.0,
MOGSB-335 ,2024-08-01,True,0.0,0.0,
MOGSB-335 ,2024-09-01,True,0.0,0.0,
MOGSB-335 ,2024-10-01,True,0.0,0.0,
MOGSB-335 ,2024-11-01,True,0.0,0.0,
MOGSB-335 ,2024-12-01,True,0.0,0.0,
MOGSB-335 ,2025-01-01,True,0.0,0.0,
MOGSB-335 ,2025-02-01,True,6.0,4.0,
MOGSB-335 ,2025-03-01,False,6.0,0.0,
MOGSB-335 ,2025-04-01,False,4.0,2.0,
MOGSB-335 ,2025-05-01,False,2.0,2.0,0.0
MOGSB-335 ,2025-06-01,False,0.0,2.0,0.0
