Part_Code,Month_Order,Month,Stockout,Bal Qty,Sal Qty,Predicted_Next_Month_Sales,Target_Next_Sales
FDX1L2Z-13008-AA ,0,2024-06-01,False,1.0,0.0,,0.0
FDX1L2Z-13008-AA ,1,2024-07-01,False,1.0,0.0,,0.0
FDX1L2Z-13008-AA ,2,2024-08-01,False,1.0,0.0,,0.0
FDX1L2Z-13008-AA ,3,2024-09-01,False,1.0,0.0,,0.0
FDX1L2Z-13008-AA ,4,2024-10-01,False,1.0,0.0,,0.0
FDX1L2Z-13008-AA ,5,2024-11-01,False,1.0,0.0,,0.0
FDX1L2Z-13008-AA ,6,2024-12-01,False,5.0,0.0,,0.0
FDX1L2Z-13008-AA ,7,2025-01-01,False,5.0,0.0,,0.0
FDX1L2Z-13008-AA ,8,2025-02-01,False,5.0,0.0,,0.0
FDX1L2Z-13008-AA ,9,2025-03-01,False,5.0,0.0,,1.0
FDX1L2Z-13008-AA ,10,2025-04-01,False,4.0,1.0,,0.0
FDX1L2Z-13008-AA ,11,2025-05-01,False,4.0,0.0,0.0,0.0
FDX1L2Z-13008-AA ,12,2025-06-01,False,4.0,0.0,0.0,
FDX1L2Z-13201-AA ,0,2024-06-01,False,2.0,0.0,,0.0
FDX1L2Z-13201-AA ,1,2024-07-01,False,2.0,0.0,,0.0
FDX1L2Z-13201-AA ,2,2024-08-01,False,2.0,0.0,,0.0
FDX1L2Z-13201-AA ,3,2024-09-01,False,2.0,0.0,,0.0
FDX1L2Z-13201-AA ,4,2024-10-01,False,2.0,0.0,,0.0
FDX1L2Z-13201-AA ,5,2024-11-01,False,2.0,0.0,,0.0
FDX1L2Z-13201-AA ,6,2024-12-01,False,2.0,0.0,,0.0
FDX1L2Z-13201-AA ,7,2025-01-01,False,2.0,0.0,,0.0
FDX1L2Z-13201-AA ,8,2025-02-01,False,2.0,0.0,,0.0
FDX1L2Z-13201-AA ,9,2025-03-01,False,2.0,0.0,,0.0
FDX1L2Z-13201-AA ,10,2025-04-01,False,6.0,0.0,,0.0
FDX1L2Z-13201-AA ,11,2025-05-01,False,6.0,0.0,2.0,1.0
FDX1L2Z-13201-AA ,12,2025-06-01,False,5.0,1.0,0.0,
FDX1L2Z-13404-AA ,0,2024-06-01,False,5.0,0.0,,0.0
FDX1L2Z-13404-AA ,1,2024-07-01,False,5.0,0.0,,0.0
FDX1L2Z-13404-AA ,2,2024-08-01,False,5.0,0.0,,0.0
FDX1L2Z-13404-AA ,3,2024-09-01,False,5.0,0.0,,0.0
FDX1L2Z-13404-AA ,4,2024-10-01,False,5.0,0.0,,1.0
FDX1L2Z-13404-AA ,5,2024-11-01,False,4.0,1.0,,1.0
FDX1L2Z-13404-AA ,6,2024-12-01,False,3.0,1.0,,0.0
FDX1L2Z-13404-AA ,7,2025-01-01,False,3.0,0.0,,1.0
FDX1L2Z-13404-AA ,8,2025-02-01,False,2.0,1.0,,0.0
FDX1L2Z-13404-AA ,9,2025-03-01,False,2.0,0.0,,1.0
FDX1L2Z-13404-AA ,10,2025-04-01,False,7.0,1.0,,0.0
FDX1L2Z-13404-AA ,11,2025-05-01,False,7.0,0.0,0.0,0.0
FDX1L2Z-13404-AA ,12,2025-06-01,False,7.0,0.0,0.0,
FDX1L2Z-13405-AA ,0,2024-06-01,False,1.0,0.0,,0.0
FDX1L2Z-13405-AA ,1,2024-07-01,False,1.0,0.0,,0.0
FDX1L2Z-13405-AA ,2,2024-08-01,False,1.0,0.0,,0.0
FDX1L2Z-13405-AA ,3,2024-09-01,False,1.0,0.0,,0.0
FDX1L2Z-13405-AA ,4,2024-10-01,False,1.0,0.0,,1.0
FDX1L2Z-13405-AA ,5,2024-11-01,False,0.0,1.0,,0.0
FDX1L2Z-13405-AA ,6,2024-12-01,True,0.0,0.0,,0.0
FDX1L2Z-13405-AA ,7,2025-01-01,True,0.0,0.0,,0.0
FDX1L2Z-13405-AA ,8,2025-02-01,True,0.0,0.0,,0.0
FDX1L2Z-13405-AA ,9,2025-03-01,True,0.0,0.0,,1.0
FDX1L2Z-13405-AA ,10,2025-04-01,True,5.0,1.0,,1.0
FDX1L2Z-13405-AA ,11,2025-05-01,False,4.0,1.0,0.0,0.0
FDX1L2Z-13405-AA ,12,2025-06-01,False,4.0,0.0,0.0,
FDX1L2Z-3084-AA ,0,2024-06-01,False,3.0,0.0,,0.0
FDX1L2Z-3084-AA ,1,2024-07-01,False,3.0,0.0,,0.0
FDX1L2Z-3084-AA ,2,2024-08-01,False,3.0,0.0,,0.0
FDX1L2Z-3084-AA ,3,2024-09-01,False,3.0,0.0,,2.0
FDX1L2Z-3084-AA ,4,2024-10-01,False,1.0,2.0,,0.0
FDX1L2Z-3084-AA ,5,2024-11-01,False,2.0,0.0,,0.0
FDX1L2Z-3084-AA ,6,2024-12-01,False,2.0,0.0,,0.0
FDX1L2Z-3084-AA ,7,2025-01-01,False,2.0,0.0,,0.0
FDX1L2Z-3084-AA ,8,2025-02-01,False,2.0,0.0,,0.0
FDX1L2Z-3084-AA ,9,2025-03-01,False,2.0,0.0,,0.0
FDX1L2Z-3084-AA ,10,2025-04-01,False,2.0,0.0,,0.0
FDX1L2Z-3084-AA ,11,2025-05-01,False,7.0,0.0,0.0,0.0
FDX1L2Z-3084-AA ,12,2025-06-01,False,7.0,0.0,1.0,
FDX1L2Z-3085-AA ,0,2024-06-01,False,2.0,0.0,,0.0
FDX1L2Z-3085-AA ,1,2024-07-01,False,2.0,0.0,,0.0
FDX1L2Z-3085-AA ,2,2024-08-01,False,2.0,0.0,,0.0
FDX1L2Z-3085-AA ,3,2024-09-01,False,2.0,0.0,,1.0
FDX1L2Z-3085-AA ,4,2024-10-01,False,6.0,1.0,,0.0
FDX1L2Z-3085-AA ,5,2024-11-01,False,7.0,0.0,,0.0
FDX1L2Z-3085-AA ,6,2024-12-01,False,7.0,0.0,,0.0
FDX1L2Z-3085-AA ,7,2025-01-01,False,7.0,0.0,,0.0
FDX1L2Z-3085-AA ,8,2025-02-01,False,7.0,0.0,,0.0
FDX1L2Z-3085-AA ,9,2025-03-01,False,7.0,0.0,,0.0
FDX1L2Z-3085-AA ,10,2025-04-01,False,7.0,0.0,,0.0
FDX1L2Z-3085-AA ,11,2025-05-01,False,7.0,0.0,0.0,0.0
FDX1L2Z-3085-AA ,12,2025-06-01,False,7.0,0.0,0.0,
FDX1L2Z-5K484-AA ,0,2024-06-01,False,5.0,0.0,,0.0
FDX1L2Z-5K484-AA ,1,2024-07-01,False,25.0,0.0,,0.0
FDX1L2Z-5K484-AA ,2,2024-08-01,False,25.0,0.0,,0.0
FDX1L2Z-5K484-AA ,3,2024-09-01,False,25.0,0.0,,0.0
FDX1L2Z-5K484-AA ,4,2024-10-01,False,25.0,0.0,,2.0
FDX1L2Z-5K484-AA ,5,2024-11-01,False,23.0,2.0,,2.0
FDX1L2Z-5K484-AA ,6,2024-12-01,False,21.0,2.0,,4.0
FDX1L2Z-5K484-AA ,7,2025-01-01,False,17.0,4.0,,0.0
FDX1L2Z-5K484-AA ,8,2025-02-01,False,17.0,0.0,,2.0
FDX1L2Z-5K484-AA ,9,2025-03-01,False,15.0,2.0,,0.0
FDX1L2Z-5K484-AA ,10,2025-04-01,False,15.0,0.0,,2.0
FDX1L2Z-5K484-AA ,11,2025-05-01,False,13.0,2.0,1.0,0.0
FDX1L2Z-5K484-AA ,12,2025-06-01,False,13.0,0.0,1.0,
FDX1L2Z-6K297-BA ,0,2024-06-01,False,7.0,0.0,,0.0
FDX1L2Z-6K297-BA ,1,2024-07-01,False,7.0,0.0,,0.0
FDX1L2Z-6K297-BA ,2,2024-08-01,False,7.0,0.0,,0.0
FDX1L2Z-6K297-BA ,3,2024-09-01,False,7.0,0.0,,0.0
FDX1L2Z-6K297-BA ,4,2024-10-01,False,7.0,0.0,,1.0
FDX1L2Z-6K297-BA ,5,2024-11-01,False,6.0,1.0,,0.0
FDX1L2Z-6K297-BA ,6,2024-12-01,False,6.0,0.0,,0.0
FDX1L2Z-6K297-BA ,7,2025-01-01,False,6.0,0.0,,0.0
FDX1L2Z-6K297-BA ,8,2025-02-01,False,6.0,0.0,,0.0
FDX1L2Z-6K297-BA ,9,2025-03-01,False,6.0,0.0,,0.0
FDX1L2Z-6K297-BA ,10,2025-04-01,False,6.0,0.0,,0.0
FDX1L2Z-6K297-BA ,11,2025-05-01,False,6.0,0.0,0.0,0.0
FDX1L2Z-6K297-BA ,12,2025-06-01,False,6.0,0.0,0.0,
FDX1L2Z-8200-AAB ,0,2024-06-01,False,1.0,0.0,,0.0
FDX1L2Z-8200-AAB ,1,2024-07-01,False,1.0,0.0,,0.0
FDX1L2Z-8200-AAB ,2,2024-08-01,False,1.0,0.0,,0.0
FDX1L2Z-8200-AAB ,3,2024-09-01,False,1.0,0.0,,0.0
FDX1L2Z-8200-AAB ,4,2024-10-01,False,6.0,0.0,,1.0
FDX1L2Z-8200-AAB ,5,2024-11-01,False,5.0,1.0,,1.0
FDX1L2Z-8200-AAB ,6,2024-12-01,False,4.0,1.0,,0.0
FDX1L2Z-8200-AAB ,7,2025-01-01,False,4.0,0.0,,0.0
FDX1L2Z-8200-AAB ,8,2025-02-01,False,4.0,0.0,,0.0
FDX1L2Z-8200-AAB ,9,2025-03-01,False,4.0,0.0,,0.0
FDX1L2Z-8200-AAB ,10,2025-04-01,False,4.0,0.0,,0.0
FDX1L2Z-8200-AAB ,11,2025-05-01,False,4.0,0.0,0.0,0.0
FDX1L2Z-8200-AAB ,12,2025-06-01,False,4.0,0.0,0.0,
FDX1R3Z-13008-AC ,0,2024-06-01,False,12.0,0.0,,0.0
FDX1R3Z-13008-AC ,1,2024-07-01,False,12.0,0.0,,0.0
FDX1R3Z-13008-AC ,2,2024-08-01,False,12.0,0.0,,0.0
FDX1R3Z-13008-AC ,3,2024-09-01,False,12.0,0.0,,0.0
FDX1R3Z-13008-AC ,4,2024-10-01,False,12.0,0.0,,0.0
FDX1R3Z-13008-AC ,5,2024-11-01,False,12.0,0.0,,2.0
FDX1R3Z-13008-AC ,6,2024-12-01,False,10.0,2.0,,0.0
FDX1R3Z-13008-AC ,7,2025-01-01,False,10.0,0.0,,0.0
FDX1R3Z-13008-AC ,8,2025-02-01,False,10.0,0.0,,0.0
FDX1R3Z-13008-AC ,9,2025-03-01,False,10.0,0.0,,0.0
FDX1R3Z-13008-AC ,10,2025-04-01,False,10.0,0.0,,0.0
FDX1R3Z-13008-AC ,11,2025-05-01,False,10.0,0.0,0.0,0.0
FDX1R3Z-13008-AC ,12,2025-06-01,False,10.0,0.0,0.0,
FDX1R3Z-13008-AD ,0,2024-06-01,False,10.0,0.0,,0.0
FDX1R3Z-13008-AD ,1,2024-07-01,False,10.0,0.0,,0.0
FDX1R3Z-13008-AD ,2,2024-08-01,False,10.0,0.0,,0.0
FDX1R3Z-13008-AD ,3,2024-09-01,False,10.0,0.0,,0.0
FDX1R3Z-13008-AD ,4,2024-10-01,False,10.0,0.0,,0.0
FDX1R3Z-13008-AD ,5,2024-11-01,False,10.0,0.0,,1.0
FDX1R3Z-13008-AD ,6,2024-12-01,False,9.0,1.0,,0.0
FDX1R3Z-13008-AD ,7,2025-01-01,False,9.0,0.0,,0.0
FDX1R3Z-13008-AD ,8,2025-02-01,False,9.0,0.0,,0.0
FDX1R3Z-13008-AD ,9,2025-03-01,False,9.0,0.0,,0.0
FDX1R3Z-13008-AD ,10,2025-04-01,False,9.0,0.0,,0.0
FDX1R3Z-13008-AD ,11,2025-05-01,False,9.0,0.0,0.0,0.0
FDX1R3Z-13008-AD ,12,2025-06-01,False,9.0,0.0,0.0,
FDX1R3Z-16612-AA ,0,2024-06-01,False,2.0,0.0,,0.0
FDX1R3Z-16612-AA ,1,2024-07-01,False,2.0,0.0,,0.0
FDX1R3Z-16612-AA ,2,2024-08-01,False,2.0,0.0,,0.0
FDX1R3Z-16612-AA ,3,2024-09-01,False,2.0,0.0,,0.0
FDX1R3Z-16612-AA ,4,2024-10-01,False,2.0,0.0,,0.0
FDX1R3Z-16612-AA ,5,2024-11-01,False,2.0,0.0,,0.0
FDX1R3Z-16612-AA ,6,2024-12-01,False,2.0,0.0,,0.0
FDX1R3Z-16612-AA ,7,2025-01-01,False,2.0,0.0,,0.0
FDX1R3Z-16612-AA ,8,2025-02-01,False,2.0,0.0,,1.0
FDX1R3Z-16612-AA ,9,2025-03-01,False,1.0,1.0,,0.0
FDX1R3Z-16612-AA ,10,2025-04-01,False,1.0,0.0,,0.0
FDX1R3Z-16612-AA ,11,2025-05-01,False,1.0,0.0,0.0,0.0
FDX1R3Z-16612-AA ,12,2025-06-01,False,1.0,0.0,0.0,
FDX2C3Z-8A080-AA ,0,2024-06-01,False,5.0,0.0,,0.0
FDX2C3Z-8A080-AA ,1,2024-07-01,False,5.0,0.0,,0.0
FDX2C3Z-8A080-AA ,2,2024-08-01,False,5.0,0.0,,1.0
FDX2C3Z-8A080-AA ,3,2024-09-01,False,4.0,1.0,,0.0
FDX2C3Z-8A080-AA ,4,2024-10-01,False,4.0,0.0,,0.0
FDX2C3Z-8A080-AA ,5,2024-11-01,False,4.0,0.0,,0.0
FDX2C3Z-8A080-AA ,6,2024-12-01,False,4.0,0.0,,0.0
FDX2C3Z-8A080-AA ,7,2025-01-01,False,4.0,0.0,,0.0
FDX2C3Z-8A080-AA ,8,2025-02-01,False,4.0,0.0,,0.0
FDX2C3Z-8A080-AA ,9,2025-03-01,False,4.0,0.0,,1.0
FDX2C3Z-8A080-AA ,10,2025-04-01,False,3.0,1.0,,0.0
FDX2C3Z-8A080-AA ,11,2025-05-01,False,3.0,0.0,0.0,1.0
FDX2C3Z-8A080-AA ,12,2025-06-01,False,2.0,1.0,0.0,
FDX2L1Z-13404-AB ,0,2024-06-01,False,6.0,0.0,,1.0
FDX2L1Z-13404-AB ,1,2024-07-01,False,5.0,1.0,,1.0
FDX2L1Z-13404-AB ,2,2024-08-01,False,4.0,1.0,,0.0
FDX2L1Z-13404-AB ,3,2024-09-01,False,4.0,0.0,,0.0
FDX2L1Z-13404-AB ,4,2024-10-01,False,4.0,0.0,,1.0
FDX2L1Z-13404-AB ,5,2024-11-01,False,3.0,1.0,,0.0
FDX2L1Z-13404-AB ,6,2024-12-01,False,3.0,0.0,,0.0
FDX2L1Z-13404-AB ,7,2025-01-01,False,3.0,0.0,,0.0
FDX2L1Z-13404-AB ,8,2025-02-01,False,3.0,0.0,,0.0
FDX2L1Z-13404-AB ,9,2025-03-01,False,3.0,0.0,,0.0
FDX2L1Z-13404-AB ,10,2025-04-01,False,9.0,0.0,,0.0
FDX2L1Z-13404-AB ,11,2025-05-01,False,9.0,0.0,1.0,0.0
FDX2L1Z-13404-AB ,12,2025-06-01,False,9.0,0.0,1.0,
FDX2L1Z-13405-AB ,0,2024-06-01,False,2.0,0.0,,0.0
FDX2L1Z-13405-AB ,1,2024-07-01,False,2.0,0.0,,0.0
FDX2L1Z-13405-AB ,2,2024-08-01,False,2.0,0.0,,0.0
FDX2L1Z-13405-AB ,3,2024-09-01,False,2.0,0.0,,0.0
FDX2L1Z-13405-AB ,4,2024-10-01,False,2.0,0.0,,0.0
FDX2L1Z-13405-AB ,5,2024-11-01,False,2.0,0.0,,0.0
FDX2L1Z-13405-AB ,6,2024-12-01,False,2.0,0.0,,0.0
FDX2L1Z-13405-AB ,7,2025-01-01,False,2.0,0.0,,0.0
FDX2L1Z-13405-AB ,8,2025-02-01,False,2.0,0.0,,0.0
FDX2L1Z-13405-AB ,9,2025-03-01,False,2.0,0.0,,0.0
FDX2L1Z-13405-AB ,10,2025-04-01,False,8.0,0.0,,1.0
FDX2L1Z-13405-AB ,11,2025-05-01,False,7.0,1.0,1.0,0.0
FDX2L1Z-13405-AB ,12,2025-06-01,False,7.0,0.0,0.0,
FDX2L1Z-16C826-AA ,0,2024-06-01,False,12.0,0.0,,0.0
FDX2L1Z-16C826-AA ,1,2024-07-01,False,12.0,0.0,,0.0
FDX2L1Z-16C826-AA ,2,2024-08-01,False,12.0,0.0,,2.0
FDX2L1Z-16C826-AA ,3,2024-09-01,False,10.0,2.0,,0.0
FDX2L1Z-16C826-AA ,4,2024-10-01,False,10.0,0.0,,2.0
FDX2L1Z-16C826-AA ,5,2024-11-01,False,8.0,2.0,,2.0
FDX2L1Z-16C826-AA ,6,2024-12-01,False,6.0,2.0,,2.0
FDX2L1Z-16C826-AA ,7,2025-01-01,False,4.0,2.0,,0.0
FDX2L1Z-16C826-AA ,8,2025-02-01,False,4.0,0.0,,0.0
FDX2L1Z-16C826-AA ,9,2025-03-01,False,4.0,0.0,,4.0
FDX2L1Z-16C826-AA ,10,2025-04-01,False,0.0,4.0,,0.0
FDX2L1Z-16C826-AA ,11,2025-05-01,True,10.0,0.0,1.0,2.0
FDX2L1Z-16C826-AA ,12,2025-06-01,False,8.0,2.0,2.0,
FDX2L1Z-8200-AAA ,0,2024-06-01,False,3.0,1.0,,0.0
FDX2L1Z-8200-AAA ,1,2024-07-01,False,3.0,0.0,,0.0
FDX2L1Z-8200-AAA ,2,2024-08-01,False,3.0,0.0,,0.0
FDX2L1Z-8200-AAA ,3,2024-09-01,False,3.0,0.0,,0.0
FDX2L1Z-8200-AAA ,4,2024-10-01,False,3.0,0.0,,0.0
FDX2L1Z-8200-AAA ,5,2024-11-01,False,6.0,0.0,,0.0
FDX2L1Z-8200-AAA ,6,2024-12-01,False,6.0,0.0,,0.0
FDX2L1Z-8200-AAA ,7,2025-01-01,False,6.0,0.0,,0.0
FDX2L1Z-8200-AAA ,8,2025-02-01,False,6.0,0.0,,0.0
FDX2L1Z-8200-AAA ,9,2025-03-01,False,6.0,0.0,,0.0
FDX2L1Z-8200-AAA ,10,2025-04-01,False,6.0,0.0,,0.0
FDX2L1Z-8200-AAA ,11,2025-05-01,False,6.0,0.0,0.0,0.0
FDX2L1Z-8200-AAA ,12,2025-06-01,False,6.0,0.0,0.0,
FDX2L1Z-8A284-AA ,0,2024-06-01,False,5.0,1.0,,0.0
FDX2L1Z-8A284-AA ,1,2024-07-01,False,5.0,0.0,,0.0
FDX2L1Z-8A284-AA ,2,2024-08-01,False,5.0,0.0,,2.0
FDX2L1Z-8A284-AA ,3,2024-09-01,False,3.0,2.0,,2.0
FDX2L1Z-8A284-AA ,4,2024-10-01,False,1.0,2.0,,0.0
FDX2L1Z-8A284-AA ,5,2024-11-01,False,1.0,0.0,,1.0
FDX2L1Z-8A284-AA ,6,2024-12-01,False,0.0,1.0,,0.0
FDX2L1Z-8A284-AA ,7,2025-01-01,True,0.0,0.0,,0.0
FDX2L1Z-8A284-AA ,8,2025-02-01,True,0.0,0.0,,0.0
FDX2L1Z-8A284-AA ,9,2025-03-01,True,0.0,0.0,,0.0
FDX2L1Z-8A284-AA ,10,2025-04-01,True,6.0,0.0,,0.0
FDX2L1Z-8A284-AA ,11,2025-05-01,False,6.0,0.0,0.0,0.0
FDX2L1Z-8A284-AA ,12,2025-06-01,False,6.0,0.0,0.0,
FDX2L2Z-3078-AA ,0,2024-06-01,False,4.0,0.0,,0.0
FDX2L2Z-3078-AA ,1,2024-07-01,False,4.0,0.0,,1.0
FDX2L2Z-3078-AA ,2,2024-08-01,False,3.0,1.0,,0.0
FDX2L2Z-3078-AA ,3,2024-09-01,False,3.0,0.0,,1.0
FDX2L2Z-3078-AA ,4,2024-10-01,False,2.0,1.0,,0.0
FDX2L2Z-3078-AA ,5,2024-11-01,False,2.0,0.0,,0.0
FDX2L2Z-3078-AA ,6,2024-12-01,False,2.0,0.0,,1.0
FDX2L2Z-3078-AA ,7,2025-01-01,False,1.0,1.0,,1.0
FDX2L2Z-3078-AA ,8,2025-02-01,False,0.0,1.0,,0.0
FDX2L2Z-3078-AA ,9,2025-03-01,True,0.0,0.0,,0.0
FDX2L2Z-3078-AA ,10,2025-04-01,True,0.0,0.0,,0.0
FDX2L2Z-3078-AA ,11,2025-05-01,True,0.0,0.0,0.0,0.0
FDX2L2Z-3078-AA ,12,2025-06-01,True,0.0,0.0,0.0,
FDX2L2Z-3079-AA ,0,2024-06-01,False,2.0,0.0,,0.0
FDX2L2Z-3079-AA ,1,2024-07-01,False,2.0,0.0,,1.0
FDX2L2Z-3079-AA ,2,2024-08-01,False,1.0,1.0,,0.0
FDX2L2Z-3079-AA ,3,2024-09-01,False,1.0,0.0,,1.0
FDX2L2Z-3079-AA ,4,2024-10-01,False,2.0,1.0,,0.0
FDX2L2Z-3079-AA ,5,2024-11-01,False,2.0,0.0,,0.0
FDX2L2Z-3079-AA ,6,2024-12-01,False,2.0,0.0,,1.0
FDX2L2Z-3079-AA ,7,2025-01-01,False,1.0,1.0,,0.0
FDX2L2Z-3079-AA ,8,2025-02-01,False,1.0,0.0,,0.0
FDX2L2Z-3079-AA ,9,2025-03-01,False,1.0,0.0,,0.0
FDX2L2Z-3079-AA ,10,2025-04-01,False,1.0,0.0,,0.0
FDX2L2Z-3079-AA ,11,2025-05-01,False,1.0,0.0,0.0,1.0
FDX2L2Z-3079-AA ,12,2025-06-01,False,0.0,1.0,0.0,
FDX2W7Z-8A080-AA ,0,2024-06-01,True,1.0,1.0,,5.0
FDX2W7Z-8A080-AA ,1,2024-07-01,True,24.0,5.0,,5.0
FDX2W7Z-8A080-AA ,2,2024-08-01,False,27.0,5.0,,7.0
FDX2W7Z-8A080-AA ,3,2024-09-01,False,20.0,7.0,,7.0
FDX2W7Z-8A080-AA ,4,2024-10-01,False,73.0,7.0,,8.0
FDX2W7Z-8A080-AA ,5,2024-11-01,False,65.0,8.0,,6.0
FDX2W7Z-8A080-AA ,6,2024-12-01,False,59.0,6.0,,0.0
FDX2W7Z-8A080-AA ,7,2025-01-01,False,59.0,0.0,,14.0
FDX2W7Z-8A080-AA ,8,2025-02-01,False,45.0,14.0,,9.0
FDX2W7Z-8A080-AA ,9,2025-03-01,False,36.0,9.0,,4.0
FDX2W7Z-8A080-AA ,10,2025-04-01,False,32.0,4.0,,5.0
FDX2W7Z-8A080-AA ,11,2025-05-01,False,51.0,5.0,3.0,5.0
FDX2W7Z-8A080-AA ,12,2025-06-01,False,46.0,5.0,3.0,
FDX3L2Z-17618-BA ,0,2024-06-01,True,10.0,0.0,,0.0
FDX3L2Z-17618-BA ,1,2024-07-01,False,10.0,0.0,,0.0
FDX3L2Z-17618-BA ,2,2024-08-01,False,10.0,0.0,,0.0
FDX3L2Z-17618-BA ,3,2024-09-01,False,10.0,0.0,,1.0
FDX3L2Z-17618-BA ,4,2024-10-01,False,9.0,1.0,,0.0
FDX3L2Z-17618-BA ,5,2024-11-01,False,9.0,0.0,,0.0
FDX3L2Z-17618-BA ,6,2024-12-01,False,9.0,0.0,,0.0
FDX3L2Z-17618-BA ,7,2025-01-01,False,9.0,0.0,,0.0
FDX3L2Z-17618-BA ,8,2025-02-01,False,9.0,0.0,,0.0
FDX3L2Z-17618-BA ,9,2025-03-01,False,9.0,0.0,,0.0
FDX3L2Z-17618-BA ,10,2025-04-01,False,9.0,0.0,,0.0
FDX3L2Z-17618-BA ,11,2025-05-01,False,9.0,0.0,0.0,0.0
FDX3L2Z-17618-BA ,12,2025-06-01,False,9.0,0.0,0.0,
FDX3L2Z-8A080-AA ,0,2024-06-01,False,5.0,2.0,,1.0
FDX3L2Z-8A080-AA ,1,2024-07-01,False,4.0,1.0,,0.0
FDX3L2Z-8A080-AA ,2,2024-08-01,False,4.0,0.0,,2.0
FDX3L2Z-8A080-AA ,3,2024-09-01,False,2.0,2.0,,1.0
FDX3L2Z-8A080-AA ,4,2024-10-01,False,1.0,1.0,,0.0
FDX3L2Z-8A080-AA ,5,2024-11-01,False,13.0,0.0,,0.0
FDX3L2Z-8A080-AA ,6,2024-12-01,False,13.0,0.0,,0.0
FDX3L2Z-8A080-AA ,7,2025-01-01,False,13.0,0.0,,0.0
FDX3L2Z-8A080-AA ,8,2025-02-01,False,13.0,0.0,,1.0
FDX3L2Z-8A080-AA ,9,2025-03-01,False,12.0,1.0,,0.0
FDX3L2Z-8A080-AA ,10,2025-04-01,False,12.0,0.0,,1.0
FDX3L2Z-8A080-AA ,11,2025-05-01,False,11.0,1.0,1.0,1.0
FDX3L2Z-8A080-AA ,12,2025-06-01,False,10.0,1.0,1.0,
FDX3L3Z-8A080-AB ,0,2024-06-01,False,7.0,0.0,,0.0
FDX3L3Z-8A080-AB ,1,2024-07-01,False,7.0,0.0,,0.0
FDX3L3Z-8A080-AB ,2,2024-08-01,False,7.0,0.0,,0.0
FDX3L3Z-8A080-AB ,3,2024-09-01,False,7.0,0.0,,0.0
FDX3L3Z-8A080-AB ,4,2024-10-01,False,7.0,0.0,,0.0
FDX3L3Z-8A080-AB ,5,2024-11-01,False,7.0,0.0,,0.0
FDX3L3Z-8A080-AB ,6,2024-12-01,False,7.0,0.0,,0.0
FDX3L3Z-8A080-AB ,7,2025-01-01,False,7.0,0.0,,0.0
FDX3L3Z-8A080-AB ,8,2025-02-01,False,7.0,0.0,,0.0
FDX3L3Z-8A080-AB ,9,2025-03-01,False,7.0,0.0,,0.0
FDX3L3Z-8A080-AB ,10,2025-04-01,False,7.0,0.0,,2.0
FDX3L3Z-8A080-AB ,11,2025-05-01,False,5.0,2.0,1.0,0.0
FDX3L3Z-8A080-AB ,12,2025-06-01,False,5.0,0.0,0.0,
FDX3W1Z-17752-AB ,0,2024-06-01,False,1.0,0.0,,0.0
FDX3W1Z-17752-AB ,1,2024-07-01,False,1.0,0.0,,0.0
FDX3W1Z-17752-AB ,2,2024-08-01,False,1.0,0.0,,0.0
FDX3W1Z-17752-AB ,3,2024-09-01,False,1.0,0.0,,0.0
FDX3W1Z-17752-AB ,4,2024-10-01,False,1.0,0.0,,0.0
FDX3W1Z-17752-AB ,5,2024-11-01,False,1.0,0.0,,0.0
FDX3W1Z-17752-AB ,6,2024-12-01,False,1.0,0.0,,0.0
FDX3W1Z-17752-AB ,7,2025-01-01,False,1.0,0.0,,1.0
FDX3W1Z-17752-AB ,8,2025-02-01,False,0.0,1.0,,0.0
FDX3W1Z-17752-AB ,9,2025-03-01,True,0.0,0.0,,0.0
FDX3W1Z-17752-AB ,10,2025-04-01,True,0.0,0.0,,0.0
FDX3W1Z-17752-AB ,11,2025-05-01,True,0.0,0.0,0.0,0.0
FDX3W1Z-17752-AB ,12,2025-06-01,True,0.0,0.0,0.0,
FDX3W1Z-2N712-AA ,0,2024-06-01,False,155.0,17.0,,12.0
FDX3W1Z-2N712-AA ,1,2024-07-01,False,143.0,12.0,,22.0
FDX3W1Z-2N712-AA ,2,2024-08-01,False,121.0,22.0,,13.0
FDX3W1Z-2N712-AA ,3,2024-09-01,False,108.0,13.0,,6.0
FDX3W1Z-2N712-AA ,4,2024-10-01,False,102.0,6.0,,18.0
FDX3W1Z-2N712-AA ,5,2024-11-01,False,144.0,18.0,,18.0
FDX3W1Z-2N712-AA ,6,2024-12-01,False,126.0,18.0,,13.0
FDX3W1Z-2N712-AA ,7,2025-01-01,False,113.0,13.0,,13.0
FDX3W1Z-2N712-AA ,8,2025-02-01,False,100.0,13.0,,16.0
FDX3W1Z-2N712-AA ,9,2025-03-01,False,84.0,16.0,,24.0
FDX3W1Z-2N712-AA ,10,2025-04-01,False,60.0,24.0,,9.0
FDX3W1Z-2N712-AA ,11,2025-05-01,False,111.0,9.0,17.0,26.0
FDX3W1Z-2N712-AA ,12,2025-06-01,False,85.0,26.0,14.0,
FDX3W1Z-3084-AA ,0,2024-06-01,False,15.0,2.0,,5.0
FDX3W1Z-3084-AA ,1,2024-07-01,False,10.0,5.0,,6.0
FDX3W1Z-3084-AA ,2,2024-08-01,False,4.0,6.0,,0.0
FDX3W1Z-3084-AA ,3,2024-09-01,False,4.0,0.0,,1.0
FDX3W1Z-3084-AA ,4,2024-10-01,False,27.0,1.0,,1.0
FDX3W1Z-3084-AA ,5,2024-11-01,False,26.0,1.0,,0.0
FDX3W1Z-3084-AA ,6,2024-12-01,False,27.0,0.0,,0.0
FDX3W1Z-3084-AA ,7,2025-01-01,False,27.0,0.0,,1.0
FDX3W1Z-3084-AA ,8,2025-02-01,False,26.0,1.0,,3.0
FDX3W1Z-3084-AA ,9,2025-03-01,False,23.0,3.0,,2.0
FDX3W1Z-3084-AA ,10,2025-04-01,False,28.0,2.0,,3.0
FDX3W1Z-3084-AA ,11,2025-05-01,False,25.0,3.0,5.0,1.0
FDX3W1Z-3084-AA ,12,2025-06-01,False,24.0,1.0,2.0,
FDX3W1Z-3085-AA ,0,2024-06-01,False,10.0,2.0,,4.0
FDX3W1Z-3085-AA ,1,2024-07-01,False,6.0,4.0,,4.0
FDX3W1Z-3085-AA ,2,2024-08-01,False,2.0,4.0,,0.0
FDX3W1Z-3085-AA ,3,2024-09-01,False,2.0,0.0,,1.0
FDX3W1Z-3085-AA ,4,2024-10-01,False,25.0,1.0,,1.0
FDX3W1Z-3085-AA ,5,2024-11-01,False,24.0,1.0,,0.0
FDX3W1Z-3085-AA ,6,2024-12-01,False,25.0,0.0,,0.0
FDX3W1Z-3085-AA ,7,2025-01-01,False,25.0,0.0,,1.0
FDX3W1Z-3085-AA ,8,2025-02-01,False,24.0,1.0,,3.0
FDX3W1Z-3085-AA ,9,2025-03-01,False,21.0,3.0,,2.0
FDX3W1Z-3085-AA ,10,2025-04-01,False,26.0,2.0,,3.0
FDX3W1Z-3085-AA ,11,2025-05-01,False,23.0,3.0,3.0,0.0
FDX3W1Z-3085-AA ,12,2025-06-01,False,23.0,0.0,2.0,
FDX3W1Z-5K484-AA ,0,2024-06-01,False,162.0,0.0,,12.0
FDX3W1Z-5K484-AA ,1,2024-07-01,False,150.0,12.0,,4.0
FDX3W1Z-5K484-AA ,2,2024-08-01,False,146.0,4.0,,4.0
FDX3W1Z-5K484-AA ,3,2024-09-01,False,142.0,4.0,,10.0
FDX3W1Z-5K484-AA ,4,2024-10-01,False,132.0,10.0,,0.0
FDX3W1Z-5K484-AA ,5,2024-11-01,False,132.0,0.0,,0.0
FDX3W1Z-5K484-AA ,6,2024-12-01,False,132.0,0.0,,2.0
FDX3W1Z-5K484-AA ,7,2025-01-01,False,130.0,2.0,,4.0
FDX3W1Z-5K484-AA ,8,2025-02-01,False,126.0,4.0,,2.0
FDX3W1Z-5K484-AA ,9,2025-03-01,False,124.0,2.0,,2.0
FDX3W1Z-5K484-AA ,10,2025-04-01,False,122.0,2.0,,2.0
FDX3W1Z-5K484-AA ,11,2025-05-01,False,120.0,2.0,2.0,1.0
FDX3W1Z-5K484-AA ,12,2025-06-01,False,119.0,1.0,4.0,
FDX3W1Z-8125-BA ,0,2024-06-01,True,0.0,0.0,,0.0
FDX3W1Z-8125-BA ,1,2024-07-01,True,0.0,0.0,,0.0
FDX3W1Z-8125-BA ,2,2024-08-01,True,0.0,0.0,,1.0
FDX3W1Z-8125-BA ,3,2024-09-01,True,0.0,1.0,,1.0
FDX3W1Z-8125-BA ,4,2024-10-01,True,0.0,1.0,,3.0
FDX3W1Z-8125-BA ,5,2024-11-01,True,0.0,3.0,,0.0
FDX3W1Z-8125-BA ,6,2024-12-01,True,0.0,0.0,,0.0
FDX3W1Z-8125-BA ,7,2025-01-01,True,0.0,0.0,,0.0
FDX3W1Z-8125-BA ,8,2025-02-01,True,0.0,0.0,,0.0
FDX3W1Z-8125-BA ,9,2025-03-01,True,0.0,0.0,,0.0
FDX3W1Z-8125-BA ,10,2025-04-01,True,0.0,0.0,,1.0
FDX3W1Z-8125-BA ,11,2025-05-01,True,0.0,1.0,1.0,0.0
FDX3W1Z-8125-BA ,12,2025-06-01,True,0.0,0.0,0.0,
FDX3W3Z-13008-AA ,0,2024-06-01,False,57.0,3.0,,2.0
FDX3W3Z-13008-AA ,1,2024-07-01,False,67.0,2.0,,1.0
FDX3W3Z-13008-AA ,2,2024-08-01,False,66.0,1.0,,3.0
FDX3W3Z-13008-AA ,3,2024-09-01,False,63.0,3.0,,0.0
FDX3W3Z-13008-AA ,4,2024-10-01,False,63.0,0.0,,1.0
FDX3W3Z-13008-AA ,5,2024-11-01,False,62.0,1.0,,3.0
FDX3W3Z-13008-AA ,6,2024-12-01,False,59.0,3.0,,2.0
FDX3W3Z-13008-AA ,7,2025-01-01,False,57.0,2.0,,0.0
FDX3W3Z-13008-AA ,8,2025-02-01,False,57.0,0.0,,2.0
FDX3W3Z-13008-AA ,9,2025-03-01,False,55.0,2.0,,4.0
FDX3W3Z-13008-AA ,10,2025-04-01,False,51.0,4.0,,1.0
FDX3W3Z-13008-AA ,11,2025-05-01,False,50.0,1.0,4.0,0.0
FDX3W3Z-13008-AA ,12,2025-06-01,False,50.0,0.0,2.0,
FDX3W3Z-13008-AB ,0,2024-06-01,False,12.0,2.0,,0.0
FDX3W3Z-13008-AB ,1,2024-07-01,False,12.0,0.0,,0.0
FDX3W3Z-13008-AB ,2,2024-08-01,False,12.0,0.0,,0.0
FDX3W3Z-13008-AB ,3,2024-09-01,False,12.0,0.0,,0.0
FDX3W3Z-13008-AB ,4,2024-10-01,False,12.0,0.0,,0.0
FDX3W3Z-13008-AB ,5,2024-11-01,False,12.0,0.0,,0.0
FDX3W3Z-13008-AB ,6,2024-12-01,False,12.0,0.0,,0.0
FDX3W3Z-13008-AB ,7,2025-01-01,False,12.0,0.0,,0.0
FDX3W3Z-13008-AB ,8,2025-02-01,False,12.0,0.0,,0.0
FDX3W3Z-13008-AB ,9,2025-03-01,False,12.0,0.0,,0.0
FDX3W3Z-13008-AB ,10,2025-04-01,False,12.0,0.0,,0.0
FDX3W3Z-13008-AB ,11,2025-05-01,False,12.0,0.0,0.0,0.0
FDX3W3Z-13008-AB ,12,2025-06-01,False,12.0,0.0,0.0,
FDX3W3Z-13008-BA ,0,2024-06-01,True,37.0,0.0,,2.0
FDX3W3Z-13008-BA ,1,2024-07-01,False,47.0,2.0,,1.0
FDX3W3Z-13008-BA ,2,2024-08-01,False,46.0,1.0,,2.0
FDX3W3Z-13008-BA ,3,2024-09-01,False,44.0,2.0,,0.0
FDX3W3Z-13008-BA ,4,2024-10-01,False,44.0,0.0,,1.0
FDX3W3Z-13008-BA ,5,2024-11-01,False,43.0,1.0,,2.0
FDX3W3Z-13008-BA ,6,2024-12-01,False,41.0,2.0,,5.0
FDX3W3Z-13008-BA ,7,2025-01-01,False,36.0,5.0,,0.0
FDX3W3Z-13008-BA ,8,2025-02-01,False,36.0,0.0,,2.0
FDX3W3Z-13008-BA ,9,2025-03-01,False,34.0,2.0,,1.0
FDX3W3Z-13008-BA ,10,2025-04-01,False,33.0,1.0,,1.0
FDX3W3Z-13008-BA ,11,2025-05-01,False,32.0,1.0,2.0,0.0
FDX3W3Z-13008-BA ,12,2025-06-01,False,32.0,0.0,1.0,
FDX3W3Z-13200-AA ,0,2024-06-01,False,39.0,3.0,,2.0
FDX3W3Z-13200-AA ,1,2024-07-01,False,45.0,2.0,,3.0
FDX3W3Z-13200-AA ,2,2024-08-01,False,72.0,3.0,,6.0
FDX3W3Z-13200-AA ,3,2024-09-01,False,66.0,6.0,,3.0
FDX3W3Z-13200-AA ,4,2024-10-01,False,93.0,3.0,,9.0
FDX3W3Z-13200-AA ,5,2024-11-01,False,84.0,9.0,,9.0
FDX3W3Z-13200-AA ,6,2024-12-01,False,75.0,9.0,,5.0
FDX3W3Z-13200-AA ,7,2025-01-01,False,70.0,5.0,,4.0
FDX3W3Z-13200-AA ,8,2025-02-01,False,66.0,4.0,,2.0
FDX3W3Z-13200-AA ,9,2025-03-01,False,64.0,2.0,,8.0
FDX3W3Z-13200-AA ,10,2025-04-01,False,56.0,8.0,,3.0
FDX3W3Z-13200-AA ,11,2025-05-01,False,53.0,3.0,3.0,3.0
FDX3W3Z-13200-AA ,12,2025-06-01,False,50.0,3.0,2.0,
FDX3W3Z-13201-AA ,0,2024-06-01,False,36.0,1.0,,5.0
FDX3W3Z-13201-AA ,1,2024-07-01,False,43.0,5.0,,5.0
FDX3W3Z-13201-AA ,2,2024-08-01,False,68.0,5.0,,5.0
FDX3W3Z-13201-AA ,3,2024-09-01,False,63.0,5.0,,3.0
FDX3W3Z-13201-AA ,4,2024-10-01,False,90.0,3.0,,6.0
FDX3W3Z-13201-AA ,5,2024-11-01,False,84.0,6.0,,6.0
FDX3W3Z-13201-AA ,6,2024-12-01,False,78.0,6.0,,5.0
FDX3W3Z-13201-AA ,7,2025-01-01,False,73.0,5.0,,1.0
FDX3W3Z-13201-AA ,8,2025-02-01,False,72.0,1.0,,4.0
FDX3W3Z-13201-AA ,9,2025-03-01,False,68.0,4.0,,4.0
FDX3W3Z-13201-AA ,10,2025-04-01,False,64.0,4.0,,7.0
FDX3W3Z-13201-AA ,11,2025-05-01,False,57.0,7.0,3.0,1.0
FDX3W3Z-13201-AA ,12,2025-06-01,False,56.0,1.0,3.0,
FDX3W3Z-17D957-BA ,0,2024-06-01,False,7.0,7.0,,5.0
FDX3W3Z-17D957-BA ,1,2024-07-01,False,42.0,5.0,,10.0
FDX3W3Z-17D957-BA ,2,2024-08-01,False,32.0,10.0,,6.0
FDX3W3Z-17D957-BA ,3,2024-09-01,False,26.0,6.0,,2.0
FDX3W3Z-17D957-BA ,4,2024-10-01,False,24.0,2.0,,1.0
FDX3W3Z-17D957-BA ,5,2024-11-01,False,23.0,1.0,,5.0
FDX3W3Z-17D957-BA ,6,2024-12-01,False,43.0,5.0,,3.0
FDX3W3Z-17D957-BA ,7,2025-01-01,False,81.0,3.0,,3.0
FDX3W3Z-17D957-BA ,8,2025-02-01,False,78.0,3.0,,6.0
FDX3W3Z-17D957-BA ,9,2025-03-01,False,86.0,6.0,,7.0
FDX3W3Z-17D957-BA ,10,2025-04-01,False,79.0,7.0,,3.0
FDX3W3Z-17D957-BA ,11,2025-05-01,False,76.0,3.0,5.0,3.0
FDX3W3Z-17D957-BA ,12,2025-06-01,False,72.0,3.0,5.0,
FDX3W3Z-8190-AA ,0,2024-06-01,False,7.0,1.0,,1.0
FDX3W3Z-8190-AA ,1,2024-07-01,False,16.0,1.0,,0.0
FDX3W3Z-8190-AA ,2,2024-08-01,False,16.0,0.0,,1.0
FDX3W3Z-8190-AA ,3,2024-09-01,False,15.0,1.0,,2.0
FDX3W3Z-8190-AA ,4,2024-10-01,False,13.0,2.0,,0.0
FDX3W3Z-8190-AA ,5,2024-11-01,False,32.0,0.0,,1.0
FDX3W3Z-8190-AA ,6,2024-12-01,False,31.0,1.0,,0.0
FDX3W3Z-8190-AA ,7,2025-01-01,False,31.0,0.0,,0.0
FDX3W3Z-8190-AA ,8,2025-02-01,False,31.0,0.0,,0.0
FDX3W3Z-8190-AA ,9,2025-03-01,False,31.0,0.0,,2.0
FDX3W3Z-8190-AA ,10,2025-04-01,False,29.0,2.0,,0.0
FDX3W3Z-8190-AA ,11,2025-05-01,False,29.0,0.0,0.0,0.0
FDX3W3Z-8190-AA ,12,2025-06-01,False,29.0,0.0,1.0,
FDX3W3Z-8200-AA ,0,2024-06-01,False,3.0,0.0,,0.0
FDX3W3Z-8200-AA ,1,2024-07-01,False,3.0,0.0,,0.0
FDX3W3Z-8200-AA ,2,2024-08-01,False,3.0,0.0,,0.0
FDX3W3Z-8200-AA ,3,2024-09-01,False,3.0,0.0,,0.0
FDX3W3Z-8200-AA ,4,2024-10-01,False,3.0,0.0,,0.0
FDX3W3Z-8200-AA ,5,2024-11-01,False,3.0,0.0,,0.0
FDX3W3Z-8200-AA ,6,2024-12-01,False,23.0,0.0,,0.0
FDX3W3Z-8200-AA ,7,2025-01-01,False,23.0,0.0,,2.0
FDX3W3Z-8200-AA ,8,2025-02-01,False,21.0,2.0,,0.0
FDX3W3Z-8200-AA ,9,2025-03-01,False,21.0,0.0,,0.0
FDX3W3Z-8200-AA ,10,2025-04-01,False,21.0,0.0,,0.0
FDX3W3Z-8200-AA ,11,2025-05-01,False,19.0,0.0,0.0,0.0
FDX3W3Z-8200-AA ,12,2025-06-01,False,19.0,0.0,1.0,
FDX3W3Z-8200-AA-YCC ,0,2024-06-01,False,5.0,5.0,,1.0
FDX3W3Z-8200-AA-YCC ,1,2024-07-01,False,24.0,1.0,,3.0
FDX3W3Z-8200-AA-YCC ,2,2024-08-01,False,21.0,3.0,,3.0
FDX3W3Z-8200-AA-YCC ,3,2024-09-01,False,18.0,3.0,,3.0
FDX3W3Z-8200-AA-YCC ,4,2024-10-01,False,15.0,3.0,,3.0
FDX3W3Z-8200-AA-YCC ,5,2024-11-01,False,12.0,3.0,,2.0
FDX3W3Z-8200-AA-YCC ,6,2024-12-01,False,10.0,2.0,,0.0
FDX3W3Z-8200-AA-YCC ,7,2025-01-01,False,10.0,0.0,,1.0
FDX3W3Z-8200-AA-YCC ,8,2025-02-01,False,9.0,1.0,,0.0
FDX3W3Z-8200-AA-YCC ,9,2025-03-01,False,9.0,0.0,,5.0
FDX3W3Z-8200-AA-YCC ,10,2025-04-01,False,34.0,5.0,,1.0
FDX3W3Z-8200-AA-YCC ,11,2025-05-01,False,33.0,1.0,2.0,1.0
FDX3W3Z-8200-AA-YCC ,12,2025-06-01,False,32.0,1.0,3.0,
FDX3W3Z-8A223-AA ,0,2024-06-01,False,6.0,2.0,,4.0
FDX3W3Z-8A223-AA ,1,2024-07-01,False,4.0,4.0,,2.0
FDX3W3Z-8A223-AA ,2,2024-08-01,False,2.0,2.0,,1.0
FDX3W3Z-8A223-AA ,3,2024-09-01,False,1.0,1.0,,0.0
FDX3W3Z-8A223-AA ,4,2024-10-01,False,1.0,0.0,,0.0
FDX3W3Z-8A223-AA ,5,2024-11-01,False,1.0,0.0,,0.0
FDX3W3Z-8A223-AA ,6,2024-12-01,False,1.0,0.0,,0.0
FDX3W3Z-8A223-AA ,7,2025-01-01,False,1.0,0.0,,0.0
FDX3W3Z-8A223-AA ,8,2025-02-01,False,1.0,0.0,,0.0
FDX3W3Z-8A223-AA ,9,2025-03-01,False,1.0,0.0,,0.0
FDX3W3Z-8A223-AA ,10,2025-04-01,False,1.0,0.0,,0.0
FDX3W3Z-8A223-AA ,11,2025-05-01,False,1.0,0.0,0.0,0.0
FDX3W3Z-8A223-AA ,12,2025-06-01,False,1.0,0.0,0.0,
FDX3W7Z-17757-AA ,0,2024-06-01,False,2.0,1.0,,0.0
FDX3W7Z-17757-AA ,1,2024-07-01,False,2.0,0.0,,0.0
FDX3W7Z-17757-AA ,2,2024-08-01,False,2.0,0.0,,0.0
FDX3W7Z-17757-AA ,3,2024-09-01,False,2.0,0.0,,0.0
FDX3W7Z-17757-AA ,4,2024-10-01,False,2.0,0.0,,0.0
FDX3W7Z-17757-AA ,5,2024-11-01,False,2.0,0.0,,0.0
FDX3W7Z-17757-AA ,6,2024-12-01,False,2.0,0.0,,0.0
FDX3W7Z-17757-AA ,7,2025-01-01,False,2.0,0.0,,1.0
FDX3W7Z-17757-AA ,8,2025-02-01,False,1.0,1.0,,0.0
FDX3W7Z-17757-AA ,9,2025-03-01,False,1.0,0.0,,0.0
FDX3W7Z-17757-AA ,10,2025-04-01,False,1.0,0.0,,0.0
FDX3W7Z-17757-AA ,11,2025-05-01,False,1.0,0.0,0.0,0.0
FDX3W7Z-17757-AA ,12,2025-06-01,False,1.0,0.0,0.0,
FDX3W7Z-17D957-CA ,0,2024-06-01,False,51.0,65.0,,49.0
FDX3W7Z-17D957-CA ,1,2024-07-01,False,2.0,49.0,,1.0
FDX3W7Z-17D957-CA ,2,2024-08-01,True,1.0,1.0,,0.0
FDX3W7Z-17D957-CA ,3,2024-09-01,True,1.0,0.0,,0.0
FDX3W7Z-17D957-CA ,4,2024-10-01,True,1.0,0.0,,19.0
FDX3W7Z-17D957-CA ,5,2024-11-01,True,1.0,19.0,,1.0
FDX3W7Z-17D957-CA ,6,2024-12-01,True,6.0,1.0,,33.0
FDX3W7Z-17D957-CA ,7,2025-01-01,True,92.0,33.0,,18.0
FDX3W7Z-17D957-CA ,8,2025-02-01,False,74.0,18.0,,23.0
FDX3W7Z-17D957-CA ,9,2025-03-01,False,117.0,23.0,,59.0
FDX3W7Z-17D957-CA ,10,2025-04-01,False,99.0,59.0,,23.0
FDX3W7Z-17D957-CA ,11,2025-05-01,False,148.0,23.0,40.0,12.0
FDX3W7Z-17D957-CA ,12,2025-06-01,False,136.0,12.0,45.0,
FDX3W7Z-8C291-AA ,0,2024-06-01,False,8.0,2.0,,0.0
FDX3W7Z-8C291-AA ,1,2024-07-01,False,8.0,0.0,,1.0
FDX3W7Z-8C291-AA ,2,2024-08-01,False,7.0,1.0,,0.0
FDX3W7Z-8C291-AA ,3,2024-09-01,False,7.0,0.0,,0.0
FDX3W7Z-8C291-AA ,4,2024-10-01,False,7.0,0.0,,0.0
FDX3W7Z-8C291-AA ,5,2024-11-01,False,7.0,0.0,,2.0
FDX3W7Z-8C291-AA ,6,2024-12-01,False,5.0,2.0,,1.0
FDX3W7Z-8C291-AA ,7,2025-01-01,False,4.0,1.0,,1.0
FDX3W7Z-8C291-AA ,8,2025-02-01,False,3.0,1.0,,0.0
FDX3W7Z-8C291-AA ,9,2025-03-01,False,3.0,0.0,,1.0
FDX3W7Z-8C291-AA ,10,2025-04-01,False,2.0,1.0,,0.0
FDX3W7Z-8C291-AA ,11,2025-05-01,False,2.0,0.0,0.0,2.0
FDX3W7Z-8C291-AA ,12,2025-06-01,False,10.0,2.0,1.0,
FDX4F9Z-15200-AA ,0,2024-06-01,False,12.0,2.0,,0.0
FDX4F9Z-15200-AA ,1,2024-07-01,False,12.0,0.0,,0.0
FDX4F9Z-15200-AA ,2,2024-08-01,False,12.0,0.0,,0.0
FDX4F9Z-15200-AA ,3,2024-09-01,False,12.0,0.0,,0.0
FDX4F9Z-15200-AA ,4,2024-10-01,False,12.0,0.0,,0.0
FDX4F9Z-15200-AA ,5,2024-11-01,False,12.0,0.0,,0.0
FDX4F9Z-15200-AA ,6,2024-12-01,False,12.0,0.0,,0.0
FDX4F9Z-15200-AA ,7,2025-01-01,False,12.0,0.0,,0.0
FDX4F9Z-15200-AA ,8,2025-02-01,False,12.0,0.0,,0.0
FDX4F9Z-15200-AA ,9,2025-03-01,False,12.0,0.0,,0.0
FDX4F9Z-15200-AA ,10,2025-04-01,False,12.0,0.0,,0.0
FDX4F9Z-15200-AA ,11,2025-05-01,False,12.0,0.0,0.0,0.0
FDX4F9Z-15200-AA ,12,2025-06-01,False,12.0,0.0,0.0,
FDX4L1Z-13008-AC ,0,2024-06-01,False,3.0,0.0,,0.0
FDX4L1Z-13008-AC ,1,2024-07-01,False,3.0,0.0,,0.0
FDX4L1Z-13008-AC ,2,2024-08-01,False,3.0,0.0,,0.0
FDX4L1Z-13008-AC ,3,2024-09-01,False,3.0,0.0,,0.0
FDX4L1Z-13008-AC ,4,2024-10-01,False,3.0,0.0,,1.0
FDX4L1Z-13008-AC ,5,2024-11-01,False,2.0,1.0,,0.0
FDX4L1Z-13008-AC ,6,2024-12-01,False,2.0,0.0,,0.0
FDX4L1Z-13008-AC ,7,2025-01-01,False,2.0,0.0,,0.0
FDX4L1Z-13008-AC ,8,2025-02-01,False,2.0,0.0,,0.0
FDX4L1Z-13008-AC ,9,2025-03-01,False,2.0,0.0,,0.0
FDX4L1Z-13008-AC ,10,2025-04-01,False,2.0,0.0,,0.0
FDX4L1Z-13008-AC ,11,2025-05-01,False,2.0,0.0,0.0,0.0
FDX4L1Z-13008-AC ,12,2025-06-01,False,2.0,0.0,0.0,
FDX4L1Z-13008-AD ,0,2024-06-01,False,3.0,0.0,,0.0
FDX4L1Z-13008-AD ,1,2024-07-01,False,3.0,0.0,,0.0
FDX4L1Z-13008-AD ,2,2024-08-01,False,3.0,0.0,,0.0
FDX4L1Z-13008-AD ,3,2024-09-01,False,3.0,0.0,,0.0
FDX4L1Z-13008-AD ,4,2024-10-01,False,3.0,0.0,,1.0
FDX4L1Z-13008-AD ,5,2024-11-01,False,2.0,1.0,,0.0
FDX4L1Z-13008-AD ,6,2024-12-01,False,2.0,0.0,,0.0
FDX4L1Z-13008-AD ,7,2025-01-01,False,2.0,0.0,,0.0
FDX4L1Z-13008-AD ,8,2025-02-01,False,2.0,0.0,,0.0
FDX4L1Z-13008-AD ,9,2025-03-01,False,2.0,0.0,,0.0
FDX4L1Z-13008-AD ,10,2025-04-01,False,2.0,0.0,,0.0
FDX4L1Z-13008-AD ,11,2025-05-01,False,2.0,0.0,0.0,0.0
FDX4L1Z-13008-AD ,12,2025-06-01,False,2.0,0.0,0.0,
FDX4L8Z-3078-R ,0,2024-06-01,False,3.0,0.0,,0.0
FDX4L8Z-3078-R ,1,2024-07-01,False,3.0,0.0,,0.0
FDX4L8Z-3078-R ,2,2024-08-01,False,3.0,0.0,,0.0
FDX4L8Z-3078-R ,3,2024-09-01,False,3.0,0.0,,0.0
FDX4L8Z-3078-R ,4,2024-10-01,False,3.0,0.0,,0.0
FDX4L8Z-3078-R ,5,2024-11-01,False,3.0,0.0,,0.0
FDX4L8Z-3078-R ,6,2024-12-01,False,3.0,0.0,,0.0
FDX4L8Z-3078-R ,7,2025-01-01,False,3.0,0.0,,0.0
FDX4L8Z-3078-R ,8,2025-02-01,False,3.0,0.0,,0.0
FDX4L8Z-3078-R ,9,2025-03-01,False,3.0,0.0,,1.0
FDX4L8Z-3078-R ,10,2025-04-01,False,2.0,1.0,,0.0
FDX4L8Z-3078-R ,11,2025-05-01,False,2.0,0.0,0.0,0.0
FDX4L8Z-3078-R ,12,2025-06-01,False,2.0,0.0,0.0,
FDX4L8Z-3079-L ,0,2024-06-01,False,3.0,0.0,,0.0
FDX4L8Z-3079-L ,1,2024-07-01,False,3.0,0.0,,0.0
FDX4L8Z-3079-L ,2,2024-08-01,False,3.0,0.0,,0.0
FDX4L8Z-3079-L ,3,2024-09-01,False,3.0,0.0,,0.0
FDX4L8Z-3079-L ,4,2024-10-01,False,3.0,0.0,,0.0
FDX4L8Z-3079-L ,5,2024-11-01,False,3.0,0.0,,0.0
FDX4L8Z-3079-L ,6,2024-12-01,False,3.0,0.0,,0.0
FDX4L8Z-3079-L ,7,2025-01-01,False,3.0,0.0,,0.0
FDX4L8Z-3079-L ,8,2025-02-01,False,3.0,0.0,,0.0
FDX4L8Z-3079-L ,9,2025-03-01,False,3.0,0.0,,1.0
FDX4L8Z-3079-L ,10,2025-04-01,False,2.0,1.0,,0.0
FDX4L8Z-3079-L ,11,2025-05-01,False,2.0,0.0,0.0,0.0
FDX4L8Z-3079-L ,12,2025-06-01,False,2.0,0.0,0.0,
FDX4R3Z-13008-AA ,0,2024-06-01,False,7.0,0.0,,2.0
FDX4R3Z-13008-AA ,1,2024-07-01,False,5.0,2.0,,0.0
FDX4R3Z-13008-AA ,2,2024-08-01,False,5.0,0.0,,0.0
FDX4R3Z-13008-AA ,3,2024-09-01,False,5.0,0.0,,0.0
FDX4R3Z-13008-AA ,4,2024-10-01,False,5.0,0.0,,0.0
FDX4R3Z-13008-AA ,5,2024-11-01,False,5.0,0.0,,0.0
FDX4R3Z-13008-AA ,6,2024-12-01,False,5.0,0.0,,0.0
FDX4R3Z-13008-AA ,7,2025-01-01,False,5.0,0.0,,0.0
FDX4R3Z-13008-AA ,8,2025-02-01,False,5.0,0.0,,0.0
FDX4R3Z-13008-AA ,9,2025-03-01,False,5.0,0.0,,0.0
FDX4R3Z-13008-AA ,10,2025-04-01,False,5.0,0.0,,0.0
FDX4R3Z-13008-AA ,11,2025-05-01,False,5.0,0.0,0.0,0.0
FDX4R3Z-13008-AA ,12,2025-06-01,False,5.0,0.0,0.0,
FDX4R3Z-13008-AB ,0,2024-06-01,False,5.0,0.0,,1.0
FDX4R3Z-13008-AB ,1,2024-07-01,False,4.0,1.0,,0.0
FDX4R3Z-13008-AB ,2,2024-08-01,False,4.0,0.0,,0.0
FDX4R3Z-13008-AB ,3,2024-09-01,False,4.0,0.0,,1.0
FDX4R3Z-13008-AB ,4,2024-10-01,False,3.0,1.0,,0.0
FDX4R3Z-13008-AB ,5,2024-11-01,False,3.0,0.0,,0.0
FDX4R3Z-13008-AB ,6,2024-12-01,False,3.0,0.0,,0.0
FDX4R3Z-13008-AB ,7,2025-01-01,False,3.0,0.0,,0.0
FDX4R3Z-13008-AB ,8,2025-02-01,False,3.0,0.0,,0.0
FDX4R3Z-13008-AB ,9,2025-03-01,False,3.0,0.0,,0.0
FDX4R3Z-13008-AB ,10,2025-04-01,False,3.0,0.0,,0.0
FDX4R3Z-13008-AB ,11,2025-05-01,False,3.0,0.0,0.0,0.0
FDX4R3Z-13008-AB ,12,2025-06-01,False,3.0,0.0,0.0,
FDX4R3Z-13200-AA ,0,2024-06-01,False,6.0,0.0,,3.0
FDX4R3Z-13200-AA ,1,2024-07-01,False,3.0,3.0,,2.0
FDX4R3Z-13200-AA ,2,2024-08-01,False,1.0,2.0,,0.0
FDX4R3Z-13200-AA ,3,2024-09-01,False,1.0,0.0,,1.0
FDX4R3Z-13200-AA ,4,2024-10-01,False,0.0,1.0,,0.0
FDX4R3Z-13200-AA ,5,2024-11-01,True,5.0,0.0,,0.0
FDX4R3Z-13200-AA ,6,2024-12-01,False,5.0,0.0,,4.0
FDX4R3Z-13200-AA ,7,2025-01-01,False,1.0,4.0,,0.0
FDX4R3Z-13200-AA ,8,2025-02-01,False,1.0,0.0,,0.0
FDX4R3Z-13200-AA ,9,2025-03-01,False,1.0,0.0,,0.0
FDX4R3Z-13200-AA ,10,2025-04-01,False,1.0,0.0,,0.0
FDX4R3Z-13200-AA ,11,2025-05-01,False,13.0,0.0,2.0,0.0
FDX4R3Z-13200-AA ,12,2025-06-01,False,13.0,0.0,0.0,
FDX4R3Z-13201-AA ,0,2024-06-01,False,5.0,2.0,,2.0
FDX4R3Z-13201-AA ,1,2024-07-01,False,3.0,2.0,,2.0
FDX4R3Z-13201-AA ,2,2024-08-01,False,1.0,2.0,,0.0
FDX4R3Z-13201-AA ,3,2024-09-01,False,1.0,0.0,,0.0
FDX4R3Z-13201-AA ,4,2024-10-01,False,1.0,0.0,,0.0
FDX4R3Z-13201-AA ,5,2024-11-01,False,6.0,0.0,,1.0
FDX4R3Z-13201-AA ,6,2024-12-01,False,5.0,1.0,,4.0
FDX4R3Z-13201-AA ,7,2025-01-01,False,1.0,4.0,,0.0
FDX4R3Z-13201-AA ,8,2025-02-01,False,1.0,0.0,,0.0
FDX4R3Z-13201-AA ,9,2025-03-01,False,1.0,0.0,,0.0
FDX4R3Z-13201-AA ,10,2025-04-01,False,1.0,0.0,,0.0
FDX4R3Z-13201-AA ,11,2025-05-01,False,13.0,0.0,1.0,0.0
FDX4R3Z-13201-AA ,12,2025-06-01,False,13.0,0.0,0.0,
FDX4R3Z-15200-AA ,0,2024-06-01,False,3.0,0.0,,1.0
FDX4R3Z-15200-AA ,1,2024-07-01,False,2.0,1.0,,0.0
FDX4R3Z-15200-AA ,2,2024-08-01,False,2.0,0.0,,0.0
FDX4R3Z-15200-AA ,3,2024-09-01,False,2.0,0.0,,0.0
FDX4R3Z-15200-AA ,4,2024-10-01,False,2.0,0.0,,0.0
FDX4R3Z-15200-AA ,5,2024-11-01,False,10.0,0.0,,3.0
FDX4R3Z-15200-AA ,6,2024-12-01,False,7.0,3.0,,1.0
FDX4R3Z-15200-AA ,7,2025-01-01,False,6.0,1.0,,0.0
FDX4R3Z-15200-AA ,8,2025-02-01,False,6.0,0.0,,0.0
FDX4R3Z-15200-AA ,9,2025-03-01,False,6.0,0.0,,1.0
FDX4R3Z-15200-AA ,10,2025-04-01,False,5.0,1.0,,0.0
FDX4R3Z-15200-AA ,11,2025-05-01,False,10.0,0.0,1.0,0.0
FDX4R3Z-15200-AA ,12,2025-06-01,False,10.0,0.0,0.0,
FDX4R3Z-15200-AB ,0,2024-06-01,False,2.0,0.0,,1.0
FDX4R3Z-15200-AB ,1,2024-07-01,False,1.0,1.0,,0.0
FDX4R3Z-15200-AB ,2,2024-08-01,False,1.0,0.0,,1.0
FDX4R3Z-15200-AB ,3,2024-09-01,False,0.0,1.0,,0.0
FDX4R3Z-15200-AB ,4,2024-10-01,True,0.0,0.0,,0.0
FDX4R3Z-15200-AB ,5,2024-11-01,True,8.0,0.0,,3.0
FDX4R3Z-15200-AB ,6,2024-12-01,False,5.0,3.0,,2.0
FDX4R3Z-15200-AB ,7,2025-01-01,False,3.0,2.0,,0.0
FDX4R3Z-15200-AB ,8,2025-02-01,False,3.0,0.0,,0.0
FDX4R3Z-15200-AB ,9,2025-03-01,False,3.0,0.0,,1.0
FDX4R3Z-15200-AB ,10,2025-04-01,False,2.0,1.0,,0.0
FDX4R3Z-15200-AB ,11,2025-05-01,False,12.0,0.0,0.0,0.0
FDX4R3Z-15200-AB ,12,2025-06-01,False,12.0,0.0,1.0,
FDX4R3Z-8A080-AA ,0,2024-06-01,False,5.0,1.0,,2.0
FDX4R3Z-8A080-AA ,1,2024-07-01,False,3.0,2.0,,0.0
FDX4R3Z-8A080-AA ,2,2024-08-01,False,3.0,0.0,,1.0
FDX4R3Z-8A080-AA ,3,2024-09-01,False,2.0,1.0,,0.0
FDX4R3Z-8A080-AA ,4,2024-10-01,False,2.0,0.0,,0.0
FDX4R3Z-8A080-AA ,5,2024-11-01,False,10.0,0.0,,0.0
FDX4R3Z-8A080-AA ,6,2024-12-01,False,10.0,0.0,,0.0
FDX4R3Z-8A080-AA ,7,2025-01-01,False,10.0,0.0,,2.0
FDX4R3Z-8A080-AA ,8,2025-02-01,False,8.0,2.0,,0.0
FDX4R3Z-8A080-AA ,9,2025-03-01,False,8.0,0.0,,0.0
FDX4R3Z-8A080-AA ,10,2025-04-01,False,8.0,0.0,,0.0
FDX4R3Z-8A080-AA ,11,2025-05-01,False,8.0,0.0,1.0,0.0
FDX4R3Z-8A080-AA ,12,2025-06-01,False,8.0,0.0,0.0,
FDX5L3Z-3084-B ,0,2024-06-01,False,18.0,0.0,,0.0
FDX5L3Z-3084-B ,1,2024-07-01,False,18.0,0.0,,0.0
FDX5L3Z-3084-B ,2,2024-08-01,False,18.0,0.0,,0.0
FDX5L3Z-3084-B ,3,2024-09-01,False,18.0,0.0,,0.0
FDX5L3Z-3084-B ,4,2024-10-01,False,18.0,0.0,,0.0
FDX5L3Z-3084-B ,5,2024-11-01,False,18.0,0.0,,1.0
FDX5L3Z-3084-B ,6,2024-12-01,False,17.0,1.0,,0.0
FDX5L3Z-3084-B ,7,2025-01-01,False,17.0,0.0,,0.0
FDX5L3Z-3084-B ,8,2025-02-01,False,17.0,0.0,,1.0
FDX5L3Z-3084-B ,9,2025-03-01,False,16.0,1.0,,1.0
FDX5L3Z-3084-B ,10,2025-04-01,False,15.0,1.0,,0.0
FDX5L3Z-3084-B ,11,2025-05-01,False,15.0,0.0,0.0,0.0
FDX5L3Z-3084-B ,12,2025-06-01,False,15.0,0.0,0.0,
FDX5L3Z-3085-B ,0,2024-06-01,False,14.0,0.0,,0.0
FDX5L3Z-3085-B ,1,2024-07-01,False,14.0,0.0,,0.0
FDX5L3Z-3085-B ,2,2024-08-01,False,14.0,0.0,,0.0
FDX5L3Z-3085-B ,3,2024-09-01,False,14.0,0.0,,0.0
FDX5L3Z-3085-B ,4,2024-10-01,False,14.0,0.0,,0.0
FDX5L3Z-3085-B ,5,2024-11-01,False,14.0,0.0,,1.0
FDX5L3Z-3085-B ,6,2024-12-01,False,13.0,1.0,,0.0
FDX5L3Z-3085-B ,7,2025-01-01,False,13.0,0.0,,0.0
FDX5L3Z-3085-B ,8,2025-02-01,False,13.0,0.0,,1.0
FDX5L3Z-3085-B ,9,2025-03-01,False,12.0,1.0,,1.0
FDX5L3Z-3085-B ,10,2025-04-01,False,11.0,1.0,,0.0
FDX5L3Z-3085-B ,11,2025-05-01,False,11.0,0.0,0.0,0.0
FDX5L3Z-3085-B ,12,2025-06-01,False,11.0,0.0,0.0,
FDX5L3Z-8A080-AA ,0,2024-06-01,False,3.0,0.0,,1.0
FDX5L3Z-8A080-AA ,1,2024-07-01,False,2.0,1.0,,1.0
FDX5L3Z-8A080-AA ,2,2024-08-01,False,1.0,1.0,,0.0
FDX5L3Z-8A080-AA ,3,2024-09-01,False,1.0,0.0,,1.0
FDX5L3Z-8A080-AA ,4,2024-10-01,False,0.0,1.0,,0.0
FDX5L3Z-8A080-AA ,5,2024-11-01,True,8.0,0.0,,0.0
FDX5L3Z-8A080-AA ,6,2024-12-01,False,8.0,0.0,,0.0
FDX5L3Z-8A080-AA ,7,2025-01-01,False,8.0,0.0,,0.0
FDX5L3Z-8A080-AA ,8,2025-02-01,False,8.0,0.0,,0.0
FDX5L3Z-8A080-AA ,9,2025-03-01,False,8.0,0.0,,0.0
FDX5L3Z-8A080-AA ,10,2025-04-01,False,8.0,0.0,,0.0
FDX5L3Z-8A080-AA ,11,2025-05-01,False,8.0,0.0,0.0,0.0
FDX5L3Z-8A080-AA ,12,2025-06-01,False,8.0,0.0,0.0,
FDX5R3Z-16005-AA ,0,2024-06-01,False,6.0,0.0,,3.0
FDX5R3Z-16005-AA ,1,2024-07-01,False,3.0,3.0,,1.0
FDX5R3Z-16005-AA ,2,2024-08-01,False,2.0,1.0,,0.0
FDX5R3Z-16005-AA ,3,2024-09-01,False,2.0,0.0,,0.0
FDX5R3Z-16005-AA ,4,2024-10-01,False,2.0,0.0,,1.0
FDX5R3Z-16005-AA ,5,2024-11-01,False,1.0,1.0,,0.0
FDX5R3Z-16005-AA ,6,2024-12-01,False,1.0,0.0,,0.0
FDX5R3Z-16005-AA ,7,2025-01-01,False,1.0,0.0,,0.0
FDX5R3Z-16005-AA ,8,2025-02-01,False,1.0,0.0,,1.0
FDX5R3Z-16005-AA ,9,2025-03-01,False,0.0,1.0,,0.0
FDX5R3Z-16005-AA ,10,2025-04-01,True,0.0,0.0,,0.0
FDX5R3Z-16005-AA ,11,2025-05-01,True,0.0,0.0,0.0,0.0
FDX5R3Z-16005-AA ,12,2025-06-01,True,0.0,0.0,0.0,
FDX5R3Z-17D957-BAA ,0,2024-06-01,False,2.0,4.0,,2.0
FDX5R3Z-17D957-BAA ,1,2024-07-01,False,0.0,2.0,,0.0
FDX5R3Z-17D957-BAA ,2,2024-08-01,True,0.0,0.0,,0.0
FDX5R3Z-17D957-BAA ,3,2024-09-01,True,0.0,0.0,,0.0
FDX5R3Z-17D957-BAA ,4,2024-10-01,True,0.0,0.0,,1.0
FDX5R3Z-17D957-BAA ,5,2024-11-01,True,11.0,1.0,,3.0
FDX5R3Z-17D957-BAA ,6,2024-12-01,False,8.0,3.0,,7.0
FDX5R3Z-17D957-BAA ,7,2025-01-01,False,1.0,7.0,,0.0
FDX5R3Z-17D957-BAA ,8,2025-02-01,True,1.0,0.0,,0.0
FDX5R3Z-17D957-BAA ,9,2025-03-01,True,1.0,0.0,,0.0
FDX5R3Z-17D957-BAA ,10,2025-04-01,True,1.0,0.0,,0.0
FDX5R3Z-17D957-BAA ,11,2025-05-01,True,13.0,0.0,2.0,0.0
FDX5R3Z-17D957-BAA ,12,2025-06-01,False,13.0,0.0,3.0,
FDX5R3Z-17K835-BAA ,0,2024-06-01,True,0.0,0.0,,2.0
FDX5R3Z-17K835-BAA ,1,2024-07-01,True,0.0,2.0,,0.0
FDX5R3Z-17K835-BAA ,2,2024-08-01,True,0.0,0.0,,0.0
FDX5R3Z-17K835-BAA ,3,2024-09-01,True,0.0,0.0,,0.0
FDX5R3Z-17K835-BAA ,4,2024-10-01,True,0.0,0.0,,0.0
FDX5R3Z-17K835-BAA ,5,2024-11-01,True,3.0,0.0,,0.0
FDX5R3Z-17K835-BAA ,6,2024-12-01,False,3.0,0.0,,0.0
FDX5R3Z-17K835-BAA ,7,2025-01-01,False,3.0,0.0,,0.0
FDX5R3Z-17K835-BAA ,8,2025-02-01,False,3.0,0.0,,0.0
FDX5R3Z-17K835-BAA ,9,2025-03-01,False,3.0,0.0,,0.0
FDX5R3Z-17K835-BAA ,10,2025-04-01,False,3.0,0.0,,0.0
FDX5R3Z-17K835-BAA ,11,2025-05-01,False,3.0,0.0,0.0,0.0
FDX5R3Z-17K835-BAA ,12,2025-06-01,False,3.0,0.0,0.0,
FDX5R3Z-8200-BAB ,0,2024-06-01,False,3.0,0.0,,1.0
FDX5R3Z-8200-BAB ,1,2024-07-01,False,2.0,1.0,,0.0
FDX5R3Z-8200-BAB ,2,2024-08-01,False,2.0,0.0,,0.0
FDX5R3Z-8200-BAB ,3,2024-09-01,False,2.0,0.0,,0.0
FDX5R3Z-8200-BAB ,4,2024-10-01,False,2.0,0.0,,0.0
FDX5R3Z-8200-BAB ,5,2024-11-01,False,7.0,0.0,,0.0
FDX5R3Z-8200-BAB ,6,2024-12-01,False,7.0,0.0,,0.0
FDX5R3Z-8200-BAB ,7,2025-01-01,False,7.0,0.0,,0.0
FDX5R3Z-8200-BAB ,8,2025-02-01,False,7.0,0.0,,0.0
FDX5R3Z-8200-BAB ,9,2025-03-01,False,7.0,0.0,,0.0
FDX5R3Z-8200-BAB ,10,2025-04-01,False,7.0,0.0,,0.0
FDX5R3Z-8200-BAB ,11,2025-05-01,False,7.0,0.0,0.0,0.0
FDX5R3Z-8200-BAB ,12,2025-06-01,False,7.0,0.0,0.0,
FDX5W7Z-3078-AB ,0,2024-06-01,False,4.0,1.0,,0.0
FDX5W7Z-3078-AB ,1,2024-07-01,False,4.0,0.0,,1.0
FDX5W7Z-3078-AB ,2,2024-08-01,False,3.0,1.0,,0.0
FDX5W7Z-3078-AB ,3,2024-09-01,False,3.0,0.0,,0.0
FDX5W7Z-3078-AB ,4,2024-10-01,False,3.0,0.0,,0.0
FDX5W7Z-3078-AB ,5,2024-11-01,False,3.0,0.0,,1.0
FDX5W7Z-3078-AB ,6,2024-12-01,False,2.0,1.0,,0.0
FDX5W7Z-3078-AB ,7,2025-01-01,False,2.0,0.0,,0.0
FDX5W7Z-3078-AB ,8,2025-02-01,False,2.0,0.0,,0.0
FDX5W7Z-3078-AB ,9,2025-03-01,False,2.0,0.0,,0.0
FDX5W7Z-3078-AB ,10,2025-04-01,False,2.0,0.0,,1.0
FDX5W7Z-3078-AB ,11,2025-05-01,False,1.0,1.0,0.0,0.0
FDX5W7Z-3078-AB ,12,2025-06-01,False,1.0,0.0,0.0,
FDX5W7Z-3079-AB ,0,2024-06-01,False,8.0,1.0,,1.0
FDX5W7Z-3079-AB ,1,2024-07-01,False,7.0,1.0,,0.0
FDX5W7Z-3079-AB ,2,2024-08-01,False,7.0,0.0,,0.0
FDX5W7Z-3079-AB ,3,2024-09-01,False,7.0,0.0,,0.0
FDX5W7Z-3079-AB ,4,2024-10-01,False,7.0,0.0,,0.0
FDX5W7Z-3079-AB ,5,2024-11-01,False,7.0,0.0,,0.0
FDX5W7Z-3079-AB ,6,2024-12-01,False,7.0,0.0,,0.0
FDX5W7Z-3079-AB ,7,2025-01-01,False,7.0,0.0,,0.0
FDX5W7Z-3079-AB ,8,2025-02-01,False,7.0,0.0,,1.0
FDX5W7Z-3079-AB ,9,2025-03-01,False,6.0,1.0,,0.0
FDX5W7Z-3079-AB ,10,2025-04-01,False,6.0,0.0,,0.0
FDX5W7Z-3079-AB ,11,2025-05-01,False,6.0,0.0,0.0,0.0
FDX5W7Z-3079-AB ,12,2025-06-01,False,6.0,0.0,0.0,
FDX6L1Z-3078-AA ,0,2024-06-01,False,5.0,0.0,,0.0
FDX6L1Z-3078-AA ,1,2024-07-01,False,5.0,0.0,,0.0
FDX6L1Z-3078-AA ,2,2024-08-01,False,5.0,0.0,,0.0
FDX6L1Z-3078-AA ,3,2024-09-01,False,5.0,0.0,,0.0
FDX6L1Z-3078-AA ,4,2024-10-01,False,5.0,0.0,,0.0
FDX6L1Z-3078-AA ,5,2024-11-01,False,5.0,0.0,,0.0
FDX6L1Z-3078-AA ,6,2024-12-01,False,5.0,0.0,,0.0
FDX6L1Z-3078-AA ,7,2025-01-01,False,5.0,0.0,,0.0
FDX6L1Z-3078-AA ,8,2025-02-01,False,5.0,0.0,,0.0
FDX6L1Z-3078-AA ,9,2025-03-01,False,5.0,0.0,,1.0
FDX6L1Z-3078-AA ,10,2025-04-01,False,4.0,1.0,,0.0
FDX6L1Z-3078-AA ,11,2025-05-01,False,4.0,0.0,0.0,0.0
FDX6L1Z-3078-AA ,12,2025-06-01,False,4.0,0.0,0.0,
FDX6L1Z-3079-AA ,0,2024-06-01,False,3.0,0.0,,0.0
FDX6L1Z-3079-AA ,1,2024-07-01,False,3.0,0.0,,0.0
FDX6L1Z-3079-AA ,2,2024-08-01,False,3.0,0.0,,0.0
FDX6L1Z-3079-AA ,3,2024-09-01,False,3.0,0.0,,0.0
FDX6L1Z-3079-AA ,4,2024-10-01,False,3.0,0.0,,0.0
FDX6L1Z-3079-AA ,5,2024-11-01,False,3.0,0.0,,0.0
FDX6L1Z-3079-AA ,6,2024-12-01,False,3.0,0.0,,0.0
FDX6L1Z-3079-AA ,7,2025-01-01,False,3.0,0.0,,1.0
FDX6L1Z-3079-AA ,8,2025-02-01,False,2.0,1.0,,0.0
FDX6L1Z-3079-AA ,9,2025-03-01,False,2.0,0.0,,0.0
FDX6L1Z-3079-AA ,10,2025-04-01,False,2.0,0.0,,0.0
FDX6L1Z-3079-AA ,11,2025-05-01,False,2.0,0.0,0.0,0.0
FDX6L1Z-3079-AA ,12,2025-06-01,False,2.0,0.0,0.0,
FDX6L1Z-3084-AA ,0,2024-06-01,False,16.0,0.0,,0.0
FDX6L1Z-3084-AA ,1,2024-07-01,False,16.0,0.0,,1.0
FDX6L1Z-3084-AA ,2,2024-08-01,False,15.0,1.0,,1.0
FDX6L1Z-3084-AA ,3,2024-09-01,False,14.0,1.0,,0.0
FDX6L1Z-3084-AA ,4,2024-10-01,False,14.0,0.0,,1.0
FDX6L1Z-3084-AA ,5,2024-11-01,False,13.0,1.0,,0.0
FDX6L1Z-3084-AA ,6,2024-12-01,False,13.0,0.0,,0.0
FDX6L1Z-3084-AA ,7,2025-01-01,False,13.0,0.0,,0.0
FDX6L1Z-3084-AA ,8,2025-02-01,False,13.0,0.0,,0.0
FDX6L1Z-3084-AA ,9,2025-03-01,False,13.0,0.0,,0.0
FDX6L1Z-3084-AA ,10,2025-04-01,False,13.0,0.0,,1.0
FDX6L1Z-3084-AA ,11,2025-05-01,False,12.0,1.0,0.0,0.0
FDX6L1Z-3084-AA ,12,2025-06-01,False,12.0,0.0,1.0,
FDX6L1Z-3085-AA ,0,2024-06-01,False,8.0,0.0,,0.0
FDX6L1Z-3085-AA ,1,2024-07-01,False,8.0,0.0,,1.0
FDX6L1Z-3085-AA ,2,2024-08-01,False,7.0,1.0,,1.0
FDX6L1Z-3085-AA ,3,2024-09-01,False,6.0,1.0,,0.0
FDX6L1Z-3085-AA ,4,2024-10-01,False,6.0,0.0,,1.0
FDX6L1Z-3085-AA ,5,2024-11-01,False,5.0,1.0,,0.0
FDX6L1Z-3085-AA ,6,2024-12-01,False,17.0,0.0,,0.0
FDX6L1Z-3085-AA ,7,2025-01-01,False,17.0,0.0,,0.0
FDX6L1Z-3085-AA ,8,2025-02-01,False,17.0,0.0,,0.0
FDX6L1Z-3085-AA ,9,2025-03-01,False,17.0,0.0,,0.0
FDX6L1Z-3085-AA ,10,2025-04-01,False,17.0,0.0,,1.0
FDX6L1Z-3085-AA ,11,2025-05-01,False,16.0,1.0,1.0,0.0
FDX6L1Z-3085-AA ,12,2025-06-01,False,16.0,0.0,0.0,
FDX6L2Z-1109-B ,0,2024-06-01,False,5.0,0.0,,0.0
FDX6L2Z-1109-B ,1,2024-07-01,False,5.0,0.0,,0.0
FDX6L2Z-1109-B ,2,2024-08-01,False,5.0,0.0,,1.0
FDX6L2Z-1109-B ,3,2024-09-01,False,4.0,1.0,,0.0
FDX6L2Z-1109-B ,4,2024-10-01,False,10.0,0.0,,0.0
FDX6L2Z-1109-B ,5,2024-11-01,False,10.0,0.0,,1.0
FDX6L2Z-1109-B ,6,2024-12-01,False,9.0,1.0,,0.0
FDX6L2Z-1109-B ,7,2025-01-01,False,9.0,0.0,,0.0
FDX6L2Z-1109-B ,8,2025-02-01,False,9.0,0.0,,0.0
FDX6L2Z-1109-B ,9,2025-03-01,False,9.0,0.0,,0.0
FDX6L2Z-1109-B ,10,2025-04-01,False,9.0,0.0,,0.0
FDX6L2Z-1109-B ,11,2025-05-01,False,9.0,0.0,0.0,2.0
FDX6L2Z-1109-B ,12,2025-06-01,False,7.0,2.0,1.0,
FDX6L2Z-13008-AA ,0,2024-06-01,False,5.0,1.0,,2.0
FDX6L2Z-13008-AA ,1,2024-07-01,False,3.0,2.0,,0.0
FDX6L2Z-13008-AA ,2,2024-08-01,False,3.0,0.0,,1.0
FDX6L2Z-13008-AA ,3,2024-09-01,False,2.0,1.0,,1.0
FDX6L2Z-13008-AA ,4,2024-10-01,False,1.0,1.0,,0.0
FDX6L2Z-13008-AA ,5,2024-11-01,False,7.0,0.0,,1.0
FDX6L2Z-13008-AA ,6,2024-12-01,False,6.0,1.0,,0.0
FDX6L2Z-13008-AA ,7,2025-01-01,False,6.0,0.0,,0.0
FDX6L2Z-13008-AA ,8,2025-02-01,False,6.0,0.0,,0.0
FDX6L2Z-13008-AA ,9,2025-03-01,False,6.0,0.0,,1.0
FDX6L2Z-13008-AA ,10,2025-04-01,False,5.0,1.0,,0.0
FDX6L2Z-13008-AA ,11,2025-05-01,False,5.0,0.0,1.0,0.0
FDX6L2Z-13008-AA ,12,2025-06-01,False,5.0,0.0,0.0,
FDX6L2Z-13008-BA ,0,2024-06-01,False,6.0,1.0,,0.0
FDX6L2Z-13008-BA ,1,2024-07-01,False,6.0,0.0,,0.0
FDX6L2Z-13008-BA ,2,2024-08-01,False,6.0,0.0,,0.0
FDX6L2Z-13008-BA ,3,2024-09-01,False,6.0,0.0,,0.0
FDX6L2Z-13008-BA ,4,2024-10-01,False,6.0,0.0,,1.0
FDX6L2Z-13008-BA ,5,2024-11-01,False,5.0,1.0,,0.0
FDX6L2Z-13008-BA ,6,2024-12-01,False,5.0,0.0,,0.0
FDX6L2Z-13008-BA ,7,2025-01-01,False,5.0,0.0,,0.0
FDX6L2Z-13008-BA ,8,2025-02-01,False,5.0,0.0,,0.0
FDX6L2Z-13008-BA ,9,2025-03-01,False,5.0,0.0,,1.0
FDX6L2Z-13008-BA ,10,2025-04-01,False,4.0,1.0,,0.0
FDX6L2Z-13008-BA ,11,2025-05-01,False,4.0,0.0,1.0,0.0
FDX6L2Z-13008-BA ,12,2025-06-01,False,4.0,0.0,1.0,
FDX6L2Z-13404-CA ,0,2024-06-01,False,14.0,0.0,,1.0
FDX6L2Z-13404-CA ,1,2024-07-01,False,13.0,1.0,,1.0
FDX6L2Z-13404-CA ,2,2024-08-01,False,18.0,1.0,,1.0
FDX6L2Z-13404-CA ,3,2024-09-01,False,17.0,1.0,,1.0
FDX6L2Z-13404-CA ,4,2024-10-01,False,22.0,1.0,,1.0
FDX6L2Z-13404-CA ,5,2024-11-01,False,21.0,1.0,,4.0
FDX6L2Z-13404-CA ,6,2024-12-01,False,17.0,4.0,,2.0
FDX6L2Z-13404-CA ,7,2025-01-01,False,15.0,2.0,,1.0
FDX6L2Z-13404-CA ,8,2025-02-01,False,14.0,1.0,,0.0
FDX6L2Z-13404-CA ,9,2025-03-01,False,14.0,0.0,,1.0
FDX6L2Z-13404-CA ,10,2025-04-01,False,13.0,1.0,,0.0
FDX6L2Z-13404-CA ,11,2025-05-01,False,25.0,0.0,2.0,2.0
FDX6L2Z-13404-CA ,12,2025-06-01,False,23.0,2.0,1.0,
FDX6L2Z-13405-CA ,0,2024-06-01,False,4.0,2.0,,0.0
FDX6L2Z-13405-CA ,1,2024-07-01,False,16.0,0.0,,3.0
FDX6L2Z-13405-CA ,2,2024-08-01,False,13.0,3.0,,3.0
FDX6L2Z-13405-CA ,3,2024-09-01,False,10.0,3.0,,0.0
FDX6L2Z-13405-CA ,4,2024-10-01,False,22.0,0.0,,1.0
FDX6L2Z-13405-CA ,5,2024-11-01,False,21.0,1.0,,3.0
FDX6L2Z-13405-CA ,6,2024-12-01,False,18.0,3.0,,6.0
FDX6L2Z-13405-CA ,7,2025-01-01,False,12.0,6.0,,1.0
FDX6L2Z-13405-CA ,8,2025-02-01,False,11.0,1.0,,2.0
FDX6L2Z-13405-CA ,9,2025-03-01,False,9.0,2.0,,3.0
FDX6L2Z-13405-CA ,10,2025-04-01,False,6.0,3.0,,0.0
FDX6L2Z-13405-CA ,11,2025-05-01,False,18.0,0.0,2.0,0.0
FDX6L2Z-13405-CA ,12,2025-06-01,False,18.0,0.0,2.0,
FDX6L2Z-16856-AA ,0,2024-06-01,False,7.0,0.0,,0.0
FDX6L2Z-16856-AA ,1,2024-07-01,False,7.0,0.0,,1.0
FDX6L2Z-16856-AA ,2,2024-08-01,False,6.0,1.0,,1.0
FDX6L2Z-16856-AA ,3,2024-09-01,False,5.0,1.0,,1.0
FDX6L2Z-16856-AA ,4,2024-10-01,False,4.0,1.0,,0.0
FDX6L2Z-16856-AA ,5,2024-11-01,False,4.0,0.0,,3.0
FDX6L2Z-16856-AA ,6,2024-12-01,False,1.0,3.0,,0.0
FDX6L2Z-16856-AA ,7,2025-01-01,False,1.0,0.0,,0.0
FDX6L2Z-16856-AA ,8,2025-02-01,False,1.0,0.0,,0.0
FDX6L2Z-16856-AA ,9,2025-03-01,False,1.0,0.0,,1.0
FDX6L2Z-16856-AA ,10,2025-04-01,False,10.0,1.0,,0.0
FDX6L2Z-16856-AA ,11,2025-05-01,False,10.0,0.0,1.0,0.0
FDX6L2Z-16856-AA ,12,2025-06-01,False,10.0,0.0,1.0,
FDX6L2Z-16C826-A ,0,2024-06-01,False,16.0,2.0,,2.0
FDX6L2Z-16C826-A ,1,2024-07-01,False,64.0,2.0,,4.0
FDX6L2Z-16C826-A ,2,2024-08-01,False,60.0,4.0,,4.0
FDX6L2Z-16C826-A ,3,2024-09-01,False,56.0,4.0,,4.0
FDX6L2Z-16C826-A ,4,2024-10-01,False,52.0,4.0,,3.0
FDX6L2Z-16C826-A ,5,2024-11-01,False,49.0,3.0,,6.0
FDX6L2Z-16C826-A ,6,2024-12-01,False,43.0,6.0,,8.0
FDX6L2Z-16C826-A ,7,2025-01-01,False,35.0,8.0,,6.0
FDX6L2Z-16C826-A ,8,2025-02-01,False,29.0,6.0,,0.0
FDX6L2Z-16C826-A ,9,2025-03-01,False,29.0,0.0,,3.0
FDX6L2Z-16C826-A ,10,2025-04-01,False,26.0,3.0,,2.0
FDX6L2Z-16C826-A ,11,2025-05-01,False,74.0,2.0,11.0,3.0
FDX6L2Z-16C826-A ,12,2025-06-01,False,71.0,3.0,3.0,
FDX6L2Z-17682-BAA ,0,2024-06-01,False,5.0,0.0,,0.0
FDX6L2Z-17682-BAA ,1,2024-07-01,False,5.0,0.0,,1.0
FDX6L2Z-17682-BAA ,2,2024-08-01,False,4.0,1.0,,0.0
FDX6L2Z-17682-BAA ,3,2024-09-01,False,4.0,0.0,,1.0
FDX6L2Z-17682-BAA ,4,2024-10-01,False,15.0,1.0,,0.0
FDX6L2Z-17682-BAA ,5,2024-11-01,False,15.0,0.0,,0.0
FDX6L2Z-17682-BAA ,6,2024-12-01,False,15.0,0.0,,1.0
FDX6L2Z-17682-BAA ,7,2025-01-01,False,14.0,1.0,,1.0
FDX6L2Z-17682-BAA ,8,2025-02-01,False,13.0,1.0,,1.0
FDX6L2Z-17682-BAA ,9,2025-03-01,False,12.0,1.0,,0.0
FDX6L2Z-17682-BAA ,10,2025-04-01,False,12.0,0.0,,0.0
FDX6L2Z-17682-BAA ,11,2025-05-01,False,12.0,0.0,0.0,0.0
FDX6L2Z-17682-BAA ,12,2025-06-01,False,12.0,0.0,0.0,
FDX6L2Z-17683-BAA ,0,2024-06-01,False,3.0,0.0,,0.0
FDX6L2Z-17683-BAA ,1,2024-07-01,False,3.0,0.0,,0.0
FDX6L2Z-17683-BAA ,2,2024-08-01,False,3.0,0.0,,0.0
FDX6L2Z-17683-BAA ,3,2024-09-01,False,3.0,0.0,,0.0
FDX6L2Z-17683-BAA ,4,2024-10-01,False,9.0,0.0,,0.0
FDX6L2Z-17683-BAA ,5,2024-11-01,False,9.0,0.0,,0.0
FDX6L2Z-17683-BAA ,6,2024-12-01,False,9.0,0.0,,0.0
FDX6L2Z-17683-BAA ,7,2025-01-01,False,9.0,0.0,,1.0
FDX6L2Z-17683-BAA ,8,2025-02-01,False,8.0,1.0,,0.0
FDX6L2Z-17683-BAA ,9,2025-03-01,False,8.0,0.0,,0.0
FDX6L2Z-17683-BAA ,10,2025-04-01,False,8.0,0.0,,1.0
FDX6L2Z-17683-BAA ,11,2025-05-01,False,7.0,1.0,1.0,0.0
FDX6L2Z-17683-BAA ,12,2025-06-01,False,7.0,0.0,1.0,
FDX6L2Z-3084-AA ,0,2024-06-01,False,24.0,0.0,,1.0
FDX6L2Z-3084-AA ,1,2024-07-01,False,23.0,1.0,,0.0
FDX6L2Z-3084-AA ,2,2024-08-01,False,23.0,0.0,,0.0
FDX6L2Z-3084-AA ,3,2024-09-01,False,23.0,0.0,,2.0
FDX6L2Z-3084-AA ,4,2024-10-01,False,21.0,2.0,,2.0
FDX6L2Z-3084-AA ,5,2024-11-01,False,19.0,2.0,,0.0
FDX6L2Z-3084-AA ,6,2024-12-01,False,19.0,0.0,,1.0
FDX6L2Z-3084-AA ,7,2025-01-01,False,18.0,1.0,,2.0
FDX6L2Z-3084-AA ,8,2025-02-01,False,16.0,2.0,,1.0
FDX6L2Z-3084-AA ,9,2025-03-01,False,15.0,1.0,,0.0
FDX6L2Z-3084-AA ,10,2025-04-01,False,15.0,0.0,,2.0
FDX6L2Z-3084-AA ,11,2025-05-01,False,13.0,2.0,1.0,1.0
FDX6L2Z-3084-AA ,12,2025-06-01,False,12.0,1.0,1.0,
FDX6L2Z-3085-AA ,0,2024-06-01,False,15.0,0.0,,2.0
FDX6L2Z-3085-AA ,1,2024-07-01,False,13.0,2.0,,0.0
FDX6L2Z-3085-AA ,2,2024-08-01,False,13.0,0.0,,0.0
FDX6L2Z-3085-AA ,3,2024-09-01,False,13.0,0.0,,2.0
FDX6L2Z-3085-AA ,4,2024-10-01,False,11.0,2.0,,2.0
FDX6L2Z-3085-AA ,5,2024-11-01,False,9.0,2.0,,0.0
FDX6L2Z-3085-AA ,6,2024-12-01,False,9.0,0.0,,1.0
FDX6L2Z-3085-AA ,7,2025-01-01,False,8.0,1.0,,2.0
FDX6L2Z-3085-AA ,8,2025-02-01,False,6.0,2.0,,0.0
FDX6L2Z-3085-AA ,9,2025-03-01,False,6.0,0.0,,0.0
FDX6L2Z-3085-AA ,10,2025-04-01,False,6.0,0.0,,2.0
FDX6L2Z-3085-AA ,11,2025-05-01,False,4.0,2.0,2.0,1.0
FDX6L2Z-3085-AA ,12,2025-06-01,False,17.0,1.0,1.0,
FDX6L2Z-78406A10-AA ,0,2024-06-01,False,4.0,3.0,,0.0
FDX6L2Z-78406A10-AA ,1,2024-07-01,False,24.0,0.0,,1.0
FDX6L2Z-78406A10-AA ,2,2024-08-01,False,23.0,1.0,,0.0
FDX6L2Z-78406A10-AA ,3,2024-09-01,False,23.0,0.0,,3.0
FDX6L2Z-78406A10-AA ,4,2024-10-01,False,20.0,3.0,,4.0
FDX6L2Z-78406A10-AA ,5,2024-11-01,False,16.0,4.0,,4.0
FDX6L2Z-78406A10-AA ,6,2024-12-01,False,12.0,4.0,,4.0
FDX6L2Z-78406A10-AA ,7,2025-01-01,False,8.0,4.0,,4.0
FDX6L2Z-78406A10-AA ,8,2025-02-01,False,4.0,4.0,,1.0
FDX6L2Z-78406A10-AA ,9,2025-03-01,False,3.0,1.0,,2.0
FDX6L2Z-78406A10-AA ,10,2025-04-01,False,1.0,2.0,,1.0
FDX6L2Z-78406A10-AA ,11,2025-05-01,True,20.0,1.0,2.0,0.0
FDX6L2Z-78406A10-AA ,12,2025-06-01,False,20.0,0.0,2.0,
FDX6L2Z-78406A11-AA ,0,2024-06-01,False,16.0,1.0,,0.0
FDX6L2Z-78406A11-AA ,1,2024-07-01,False,16.0,0.0,,1.0
FDX6L2Z-78406A11-AA ,2,2024-08-01,False,15.0,1.0,,0.0
FDX6L2Z-78406A11-AA ,3,2024-09-01,False,15.0,0.0,,3.0
FDX6L2Z-78406A11-AA ,4,2024-10-01,False,12.0,3.0,,3.0
FDX6L2Z-78406A11-AA ,5,2024-11-01,False,9.0,3.0,,0.0
FDX6L2Z-78406A11-AA ,6,2024-12-01,False,9.0,0.0,,0.0
FDX6L2Z-78406A11-AA ,7,2025-01-01,False,9.0,0.0,,0.0
FDX6L2Z-78406A11-AA ,8,2025-02-01,False,9.0,0.0,,0.0
FDX6L2Z-78406A11-AA ,9,2025-03-01,False,9.0,0.0,,0.0
FDX6L2Z-78406A11-AA ,10,2025-04-01,False,9.0,0.0,,2.0
FDX6L2Z-78406A11-AA ,11,2025-05-01,False,7.0,2.0,1.0,0.0
FDX6L2Z-78406A11-AA ,12,2025-06-01,False,7.0,0.0,3.0,
FDX6L2Z-8190-AA ,0,2024-06-01,False,9.0,0.0,,0.0
FDX6L2Z-8190-AA ,1,2024-07-01,False,9.0,0.0,,0.0
FDX6L2Z-8190-AA ,2,2024-08-01,False,9.0,0.0,,0.0
FDX6L2Z-8190-AA ,3,2024-09-01,False,9.0,0.0,,2.0
FDX6L2Z-8190-AA ,4,2024-10-01,False,7.0,2.0,,1.0
FDX6L2Z-8190-AA ,5,2024-11-01,False,6.0,1.0,,2.0
FDX6L2Z-8190-AA ,6,2024-12-01,False,4.0,2.0,,0.0
FDX6L2Z-8190-AA ,7,2025-01-01,False,4.0,0.0,,0.0
FDX6L2Z-8190-AA ,8,2025-02-01,False,4.0,0.0,,2.0
FDX6L2Z-8190-AA ,9,2025-03-01,False,2.0,2.0,,0.0
FDX6L2Z-8190-AA ,10,2025-04-01,False,2.0,0.0,,0.0
FDX6L2Z-8190-AA ,11,2025-05-01,False,8.0,0.0,1.0,1.0
FDX6L2Z-8190-AA ,12,2025-06-01,False,7.0,1.0,1.0,
FDX6L3Z-3084-AR ,0,2024-06-01,False,7.0,0.0,,2.0
FDX6L3Z-3084-AR ,1,2024-07-01,False,5.0,2.0,,0.0
FDX6L3Z-3084-AR ,2,2024-08-01,False,5.0,0.0,,0.0
FDX6L3Z-3084-AR ,3,2024-09-01,False,5.0,0.0,,0.0
FDX6L3Z-3084-AR ,4,2024-10-01,False,5.0,0.0,,1.0
FDX6L3Z-3084-AR ,5,2024-11-01,False,4.0,1.0,,0.0
FDX6L3Z-3084-AR ,6,2024-12-01,False,4.0,0.0,,0.0
FDX6L3Z-3084-AR ,7,2025-01-01,False,4.0,0.0,,0.0
FDX6L3Z-3084-AR ,8,2025-02-01,False,4.0,0.0,,2.0
FDX6L3Z-3084-AR ,9,2025-03-01,False,2.0,2.0,,0.0
FDX6L3Z-3084-AR ,10,2025-04-01,False,2.0,0.0,,1.0
FDX6L3Z-3084-AR ,11,2025-05-01,False,1.0,1.0,0.0,0.0
FDX6L3Z-3084-AR ,12,2025-06-01,False,1.0,0.0,0.0,
FDX6L3Z-3085-AL ,0,2024-06-01,False,8.0,0.0,,1.0
FDX6L3Z-3085-AL ,1,2024-07-01,False,7.0,1.0,,0.0
FDX6L3Z-3085-AL ,2,2024-08-01,False,7.0,0.0,,0.0
FDX6L3Z-3085-AL ,3,2024-09-01,False,7.0,0.0,,0.0
FDX6L3Z-3085-AL ,4,2024-10-01,False,7.0,0.0,,1.0
FDX6L3Z-3085-AL ,5,2024-11-01,False,6.0,1.0,,0.0
FDX6L3Z-3085-AL ,6,2024-12-01,False,6.0,0.0,,0.0
FDX6L3Z-3085-AL ,7,2025-01-01,False,6.0,0.0,,0.0
FDX6L3Z-3085-AL ,8,2025-02-01,False,6.0,0.0,,2.0
FDX6L3Z-3085-AL ,9,2025-03-01,False,4.0,2.0,,0.0
FDX6L3Z-3085-AL ,10,2025-04-01,False,4.0,0.0,,1.0
FDX6L3Z-3085-AL ,11,2025-05-01,False,3.0,1.0,0.0,0.0
FDX6L3Z-3085-AL ,12,2025-06-01,False,3.0,0.0,0.0,
FDX6L8Z-3078-AA ,0,2024-06-01,False,5.0,0.0,,0.0
FDX6L8Z-3078-AA ,1,2024-07-01,False,5.0,0.0,,0.0
FDX6L8Z-3078-AA ,2,2024-08-01,False,5.0,0.0,,0.0
FDX6L8Z-3078-AA ,3,2024-09-01,False,5.0,0.0,,0.0
FDX6L8Z-3078-AA ,4,2024-10-01,False,5.0,0.0,,0.0
FDX6L8Z-3078-AA ,5,2024-11-01,False,5.0,0.0,,0.0
FDX6L8Z-3078-AA ,6,2024-12-01,False,5.0,0.0,,2.0
FDX6L8Z-3078-AA ,7,2025-01-01,False,3.0,2.0,,1.0
FDX6L8Z-3078-AA ,8,2025-02-01,False,2.0,1.0,,0.0
FDX6L8Z-3078-AA ,9,2025-03-01,False,2.0,0.0,,0.0
FDX6L8Z-3078-AA ,10,2025-04-01,False,2.0,0.0,,0.0
FDX6L8Z-3078-AA ,11,2025-05-01,False,2.0,0.0,1.0,0.0
FDX6L8Z-3078-AA ,12,2025-06-01,False,7.0,0.0,0.0,
FDX6L8Z-3079-AA ,0,2024-06-01,False,5.0,0.0,,0.0
FDX6L8Z-3079-AA ,1,2024-07-01,False,5.0,0.0,,0.0
FDX6L8Z-3079-AA ,2,2024-08-01,False,5.0,0.0,,0.0
FDX6L8Z-3079-AA ,3,2024-09-01,False,5.0,0.0,,0.0
FDX6L8Z-3079-AA ,4,2024-10-01,False,5.0,0.0,,0.0
FDX6L8Z-3079-AA ,5,2024-11-01,False,5.0,0.0,,0.0
FDX6L8Z-3079-AA ,6,2024-12-01,False,5.0,0.0,,2.0
FDX6L8Z-3079-AA ,7,2025-01-01,False,3.0,2.0,,1.0
FDX6L8Z-3079-AA ,8,2025-02-01,False,2.0,1.0,,0.0
FDX6L8Z-3079-AA ,9,2025-03-01,False,2.0,0.0,,0.0
FDX6L8Z-3079-AA ,10,2025-04-01,False,2.0,0.0,,0.0
FDX6L8Z-3079-AA ,11,2025-05-01,False,2.0,0.0,1.0,0.0
FDX6L8Z-3079-AA ,12,2025-06-01,False,7.0,0.0,0.0,
FDX6R3Z-17682-AA ,0,2024-06-01,False,4.0,0.0,,0.0
FDX6R3Z-17682-AA ,1,2024-07-01,False,4.0,0.0,,0.0
FDX6R3Z-17682-AA ,2,2024-08-01,False,4.0,0.0,,0.0
FDX6R3Z-17682-AA ,3,2024-09-01,False,4.0,0.0,,0.0
FDX6R3Z-17682-AA ,4,2024-10-01,False,4.0,0.0,,0.0
FDX6R3Z-17682-AA ,5,2024-11-01,False,4.0,0.0,,0.0
FDX6R3Z-17682-AA ,6,2024-12-01,False,4.0,0.0,,0.0
FDX6R3Z-17682-AA ,7,2025-01-01,False,4.0,0.0,,1.0
FDX6R3Z-17682-AA ,8,2025-02-01,False,3.0,1.0,,0.0
FDX6R3Z-17682-AA ,9,2025-03-01,False,3.0,0.0,,1.0
FDX6R3Z-17682-AA ,10,2025-04-01,False,2.0,1.0,,1.0
FDX6R3Z-17682-AA ,11,2025-05-01,False,1.0,1.0,0.0,0.0
FDX6R3Z-17682-AA ,12,2025-06-01,False,1.0,0.0,1.0,
FDX6R3Z-17683-AA ,0,2024-06-01,False,2.0,1.0,,0.0
FDX6R3Z-17683-AA ,1,2024-07-01,False,2.0,0.0,,0.0
FDX6R3Z-17683-AA ,2,2024-08-01,False,2.0,0.0,,1.0
FDX6R3Z-17683-AA ,3,2024-09-01,False,1.0,1.0,,0.0
FDX6R3Z-17683-AA ,4,2024-10-01,False,1.0,0.0,,0.0
FDX6R3Z-17683-AA ,5,2024-11-01,False,1.0,0.0,,0.0
FDX6R3Z-17683-AA ,6,2024-12-01,False,1.0,0.0,,1.0
FDX6R3Z-17683-AA ,7,2025-01-01,False,0.0,1.0,,0.0
FDX6R3Z-17683-AA ,8,2025-02-01,True,0.0,0.0,,0.0
FDX6R3Z-17683-AA ,9,2025-03-01,True,0.0,0.0,,0.0
FDX6R3Z-17683-AA ,10,2025-04-01,True,6.0,0.0,,1.0
FDX6R3Z-17683-AA ,11,2025-05-01,False,5.0,1.0,0.0,0.0
FDX6R3Z-17683-AA ,12,2025-06-01,False,5.0,0.0,0.0,
FDX6W3Z-13008-AC ,0,2024-06-01,False,47.0,5.0,,6.0
FDX6W3Z-13008-AC ,1,2024-07-01,False,41.0,6.0,,6.0
FDX6W3Z-13008-AC ,2,2024-08-01,False,35.0,6.0,,1.0
FDX6W3Z-13008-AC ,3,2024-09-01,False,34.0,1.0,,14.0
FDX6W3Z-13008-AC ,4,2024-10-01,False,20.0,14.0,,4.0
FDX6W3Z-13008-AC ,5,2024-11-01,False,24.0,4.0,,10.0
FDX6W3Z-13008-AC ,6,2024-12-01,False,14.0,10.0,,3.0
FDX6W3Z-13008-AC ,7,2025-01-01,False,39.0,3.0,,4.0
FDX6W3Z-13008-AC ,8,2025-02-01,False,35.0,4.0,,2.0
FDX6W3Z-13008-AC ,9,2025-03-01,False,33.0,2.0,,3.0
FDX6W3Z-13008-AC ,10,2025-04-01,False,54.0,3.0,,2.0
FDX6W3Z-13008-AC ,11,2025-05-01,False,52.0,2.0,3.0,5.0
FDX6W3Z-13008-AC ,12,2025-06-01,False,47.0,5.0,3.0,
FDX6W3Z-13008-BA ,0,2024-06-01,False,51.0,9.0,,4.0
FDX6W3Z-13008-BA ,1,2024-07-01,False,47.0,4.0,,3.0
FDX6W3Z-13008-BA ,2,2024-08-01,False,44.0,3.0,,2.0
FDX6W3Z-13008-BA ,3,2024-09-01,False,42.0,2.0,,8.0
FDX6W3Z-13008-BA ,4,2024-10-01,False,34.0,8.0,,3.0
FDX6W3Z-13008-BA ,5,2024-11-01,False,39.0,3.0,,7.0
FDX6W3Z-13008-BA ,6,2024-12-01,False,32.0,7.0,,4.0
FDX6W3Z-13008-BA ,7,2025-01-01,False,44.0,4.0,,5.0
FDX6W3Z-13008-BA ,8,2025-02-01,False,39.0,5.0,,2.0
FDX6W3Z-13008-BA ,9,2025-03-01,False,37.0,2.0,,2.0
FDX6W3Z-13008-BA ,10,2025-04-01,False,59.0,2.0,,2.0
FDX6W3Z-13008-BA ,11,2025-05-01,False,57.0,2.0,3.0,4.0
FDX6W3Z-13008-BA ,12,2025-06-01,False,53.0,4.0,3.0,
FDX6W3Z-13200-AA ,0,2024-06-01,False,231.0,15.0,,13.0
FDX6W3Z-13200-AA ,1,2024-07-01,False,218.0,13.0,,18.0
FDX6W3Z-13200-AA ,2,2024-08-01,False,200.0,18.0,,11.0
FDX6W3Z-13200-AA ,3,2024-09-01,False,189.0,11.0,,25.0
FDX6W3Z-13200-AA ,4,2024-10-01,False,164.0,25.0,,22.0
FDX6W3Z-13200-AA ,5,2024-11-01,False,142.0,22.0,,23.0
FDX6W3Z-13200-AA ,6,2024-12-01,False,119.0,23.0,,27.0
FDX6W3Z-13200-AA ,7,2025-01-01,False,92.0,27.0,,18.0
FDX6W3Z-13200-AA ,8,2025-02-01,False,74.0,18.0,,22.0
FDX6W3Z-13200-AA ,9,2025-03-01,False,52.0,22.0,,23.0
FDX6W3Z-13200-AA ,10,2025-04-01,False,189.0,23.0,,22.0
FDX6W3Z-13200-AA ,11,2025-05-01,False,207.0,22.0,29.0,14.0
FDX6W3Z-13200-AA ,12,2025-06-01,False,193.0,14.0,18.0,
FDX6W3Z-13201-AA ,0,2024-06-01,True,210.0,10.0,,19.0
FDX6W3Z-13201-AA ,1,2024-07-01,False,191.0,19.0,,17.0
FDX6W3Z-13201-AA ,2,2024-08-01,False,174.0,17.0,,9.0
FDX6W3Z-13201-AA ,3,2024-09-01,False,165.0,9.0,,22.0
FDX6W3Z-13201-AA ,4,2024-10-01,False,143.0,22.0,,25.0
FDX6W3Z-13201-AA ,5,2024-11-01,False,118.0,25.0,,17.0
FDX6W3Z-13201-AA ,6,2024-12-01,False,101.0,17.0,,30.0
FDX6W3Z-13201-AA ,7,2025-01-01,False,71.0,30.0,,16.0
FDX6W3Z-13201-AA ,8,2025-02-01,False,55.0,16.0,,31.0
FDX6W3Z-13201-AA ,9,2025-03-01,False,24.0,31.0,,21.0
FDX6W3Z-13201-AA ,10,2025-04-01,False,163.0,21.0,,21.0
FDX6W3Z-13201-AA ,11,2025-05-01,False,181.0,21.0,31.0,24.0
FDX6W3Z-13201-AA ,12,2025-06-01,False,157.0,24.0,30.0,
FDX6W3Z-15200-AA ,0,2024-06-01,False,32.0,11.0,,12.0
FDX6W3Z-15200-AA ,1,2024-07-01,False,20.0,12.0,,3.0
FDX6W3Z-15200-AA ,2,2024-08-01,False,17.0,3.0,,9.0
FDX6W3Z-15200-AA ,3,2024-09-01,False,8.0,9.0,,2.0
FDX6W3Z-15200-AA ,4,2024-10-01,False,66.0,2.0,,3.0
FDX6W3Z-15200-AA ,5,2024-11-01,False,63.0,3.0,,5.0
FDX6W3Z-15200-AA ,6,2024-12-01,False,78.0,5.0,,6.0
FDX6W3Z-15200-AA ,7,2025-01-01,False,72.0,6.0,,7.0
FDX6W3Z-15200-AA ,8,2025-02-01,False,65.0,7.0,,6.0
FDX6W3Z-15200-AA ,9,2025-03-01,False,59.0,6.0,,9.0
FDX6W3Z-15200-AA ,10,2025-04-01,False,50.0,9.0,,2.0
FDX6W3Z-15200-AA ,11,2025-05-01,False,48.0,2.0,4.0,5.0
FDX6W3Z-15200-AA ,12,2025-06-01,False,43.0,5.0,3.0,
FDX6W3Z-15200-BA ,0,2024-06-01,False,47.0,9.0,,11.0
FDX6W3Z-15200-BA ,1,2024-07-01,False,36.0,11.0,,3.0
FDX6W3Z-15200-BA ,2,2024-08-01,False,33.0,3.0,,7.0
FDX6W3Z-15200-BA ,3,2024-09-01,False,26.0,7.0,,5.0
FDX6W3Z-15200-BA ,4,2024-10-01,False,61.0,5.0,,1.0
FDX6W3Z-15200-BA ,5,2024-11-01,False,60.0,1.0,,4.0
FDX6W3Z-15200-BA ,6,2024-12-01,False,76.0,4.0,,6.0
FDX6W3Z-15200-BA ,7,2025-01-01,False,70.0,6.0,,5.0
FDX6W3Z-15200-BA ,8,2025-02-01,False,65.0,5.0,,8.0
FDX6W3Z-15200-BA ,9,2025-03-01,False,57.0,8.0,,5.0
FDX6W3Z-15200-BA ,10,2025-04-01,False,52.0,5.0,,2.0
FDX6W3Z-15200-BA ,11,2025-05-01,False,50.0,2.0,3.0,6.0
FDX6W3Z-15200-BA ,12,2025-06-01,False,44.0,6.0,4.0,
FDX6W3Z-17D957-APTM ,0,2024-06-01,False,5.0,11.0,,1.0
FDX6W3Z-17D957-APTM ,1,2024-07-01,False,4.0,1.0,,0.0
FDX6W3Z-17D957-APTM ,2,2024-08-01,False,4.0,0.0,,0.0
FDX6W3Z-17D957-APTM ,3,2024-09-01,False,4.0,0.0,,0.0
FDX6W3Z-17D957-APTM ,4,2024-10-01,False,4.0,0.0,,0.0
FDX6W3Z-17D957-APTM ,5,2024-11-01,False,4.0,0.0,,0.0
FDX6W3Z-17D957-APTM ,6,2024-12-01,False,1.0,0.0,,0.0
FDX6W3Z-17D957-APTM ,7,2025-01-01,False,1.0,0.0,,0.0
FDX6W3Z-17D957-APTM ,8,2025-02-01,False,1.0,0.0,,0.0
FDX6W3Z-17D957-APTM ,9,2025-03-01,False,1.0,0.0,,0.0
FDX6W3Z-17D957-APTM ,10,2025-04-01,False,1.0,0.0,,0.0
FDX6W3Z-17D957-APTM ,11,2025-05-01,False,1.0,0.0,0.0,0.0
FDX6W3Z-17D957-APTM ,12,2025-06-01,False,1.0,0.0,0.0,
FDX6W3Z-17D957-CA ,0,2024-06-01,True,18.0,25.0,,17.0
FDX6W3Z-17D957-CA ,1,2024-07-01,False,1.0,17.0,,0.0
FDX6W3Z-17D957-CA ,2,2024-08-01,True,1.0,0.0,,1.0
FDX6W3Z-17D957-CA ,3,2024-09-01,True,1.0,1.0,,9.0
FDX6W3Z-17D957-CA ,4,2024-10-01,True,75.0,9.0,,24.0
FDX6W3Z-17D957-CA ,5,2024-11-01,False,51.0,24.0,,23.0
FDX6W3Z-17D957-CA ,6,2024-12-01,False,35.0,23.0,,29.0
FDX6W3Z-17D957-CA ,7,2025-01-01,False,6.0,29.0,,6.0
FDX6W3Z-17D957-CA ,8,2025-02-01,True,0.0,6.0,,0.0
FDX6W3Z-17D957-CA ,9,2025-03-01,True,0.0,0.0,,1.0
FDX6W3Z-17D957-CA ,10,2025-04-01,True,0.0,1.0,,0.0
FDX6W3Z-17D957-CA ,11,2025-05-01,True,0.0,0.0,5.0,13.0
FDX6W3Z-17D957-CA ,12,2025-06-01,True,47.0,13.0,15.0,
FDX6W3Z-8190-AA ,0,2024-06-01,False,100.0,11.0,,5.0
FDX6W3Z-8190-AA ,1,2024-07-01,False,95.0,5.0,,3.0
FDX6W3Z-8190-AA ,2,2024-08-01,False,92.0,3.0,,8.0
FDX6W3Z-8190-AA ,3,2024-09-01,False,84.0,8.0,,15.0
FDX6W3Z-8190-AA ,4,2024-10-01,False,69.0,15.0,,14.0
FDX6W3Z-8190-AA ,5,2024-11-01,False,55.0,14.0,,8.0
FDX6W3Z-8190-AA ,6,2024-12-01,False,47.0,8.0,,5.0
FDX6W3Z-8190-AA ,7,2025-01-01,False,42.0,5.0,,2.0
FDX6W3Z-8190-AA ,8,2025-02-01,False,40.0,2.0,,4.0
FDX6W3Z-8190-AA ,9,2025-03-01,False,36.0,4.0,,11.0
FDX6W3Z-8190-AA ,10,2025-04-01,False,92.0,11.0,,4.0
FDX6W3Z-8190-AA ,11,2025-05-01,False,88.0,4.0,6.0,2.0
FDX6W3Z-8190-AA ,12,2025-06-01,False,86.0,2.0,5.0,
FDX6W3Z-8200-AA ,0,2024-06-01,False,2.0,13.0,,31.0
FDX6W3Z-8200-AA ,1,2024-07-01,True,31.0,31.0,,18.0
FDX6W3Z-8200-AA ,2,2024-08-01,False,13.0,18.0,,8.0
FDX6W3Z-8200-AA ,3,2024-09-01,False,5.0,8.0,,2.0
FDX6W3Z-8200-AA ,4,2024-10-01,True,3.0,2.0,,1.0
FDX6W3Z-8200-AA ,5,2024-11-01,True,62.0,1.0,,10.0
FDX6W3Z-8200-AA ,6,2024-12-01,False,52.0,10.0,,4.0
FDX6W3Z-8200-AA ,7,2025-01-01,False,48.0,4.0,,9.0
FDX6W3Z-8200-AA ,8,2025-02-01,False,39.0,9.0,,8.0
FDX6W3Z-8200-AA ,9,2025-03-01,False,31.0,8.0,,10.0
FDX6W3Z-8200-AA ,10,2025-04-01,False,81.0,10.0,,6.0
FDX6W3Z-8200-AA ,11,2025-05-01,False,99.0,6.0,11.0,5.0
FDX6W3Z-8200-AA ,12,2025-06-01,False,94.0,5.0,7.0,
FDX6W7Z-16054-A ,0,2024-06-01,False,7.0,2.0,,0.0
FDX6W7Z-16054-A ,1,2024-07-01,False,7.0,0.0,,1.0
FDX6W7Z-16054-A ,2,2024-08-01,False,6.0,1.0,,1.0
FDX6W7Z-16054-A ,3,2024-09-01,False,5.0,1.0,,1.0
FDX6W7Z-16054-A ,4,2024-10-01,False,4.0,1.0,,0.0
FDX6W7Z-16054-A ,5,2024-11-01,False,4.0,0.0,,1.0
FDX6W7Z-16054-A ,6,2024-12-01,False,3.0,1.0,,2.0
FDX6W7Z-16054-A ,7,2025-01-01,False,1.0,2.0,,1.0
FDX6W7Z-16054-A ,8,2025-02-01,False,2.0,1.0,,0.0
FDX6W7Z-16054-A ,9,2025-03-01,False,2.0,0.0,,3.0
FDX6W7Z-16054-A ,10,2025-04-01,False,5.0,3.0,,0.0
FDX6W7Z-16054-A ,11,2025-05-01,False,10.0,0.0,1.0,0.0
FDX6W7Z-16054-A ,12,2025-06-01,False,10.0,0.0,1.0,
FDX6W7Z-16055-B ,0,2024-06-01,False,12.0,0.0,,0.0
FDX6W7Z-16055-B ,1,2024-07-01,False,12.0,0.0,,0.0
FDX6W7Z-16055-B ,2,2024-08-01,False,12.0,0.0,,0.0
FDX6W7Z-16055-B ,3,2024-09-01,False,12.0,0.0,,1.0
FDX6W7Z-16055-B ,4,2024-10-01,False,11.0,1.0,,1.0
FDX6W7Z-16055-B ,5,2024-11-01,False,10.0,1.0,,1.0
FDX6W7Z-16055-B ,6,2024-12-01,False,9.0,1.0,,3.0
FDX6W7Z-16055-B ,7,2025-01-01,False,6.0,3.0,,1.0
FDX6W7Z-16055-B ,8,2025-02-01,False,7.0,1.0,,0.0
FDX6W7Z-16055-B ,9,2025-03-01,False,7.0,0.0,,0.0
FDX6W7Z-16055-B ,10,2025-04-01,False,7.0,0.0,,0.0
FDX6W7Z-16055-B ,11,2025-05-01,False,12.0,0.0,1.0,0.0
FDX6W7Z-16055-B ,12,2025-06-01,False,12.0,0.0,1.0,
FDX6W7Z-16138-A ,0,2024-06-01,False,7.0,1.0,,1.0
FDX6W7Z-16138-A ,1,2024-07-01,False,6.0,1.0,,1.0
FDX6W7Z-16138-A ,2,2024-08-01,False,5.0,1.0,,0.0
FDX6W7Z-16138-A ,3,2024-09-01,False,5.0,0.0,,0.0
FDX6W7Z-16138-A ,4,2024-10-01,False,5.0,0.0,,1.0
FDX6W7Z-16138-A ,5,2024-11-01,False,4.0,1.0,,0.0
FDX6W7Z-16138-A ,6,2024-12-01,False,4.0,0.0,,2.0
FDX6W7Z-16138-A ,7,2025-01-01,False,2.0,2.0,,0.0
FDX6W7Z-16138-A ,8,2025-02-01,False,2.0,0.0,,0.0
FDX6W7Z-16138-A ,9,2025-03-01,False,2.0,0.0,,1.0
FDX6W7Z-16138-A ,10,2025-04-01,False,1.0,1.0,,0.0
FDX6W7Z-16138-A ,11,2025-05-01,False,1.0,0.0,0.0,0.0
FDX6W7Z-16138-A ,12,2025-06-01,False,1.0,0.0,0.0,
FDX6W7Z-16612-A ,0,2024-06-01,True,0.0,0.0,,1.0
FDX6W7Z-16612-A ,1,2024-07-01,True,5.0,1.0,,0.0
FDX6W7Z-16612-A ,2,2024-08-01,False,5.0,0.0,,2.0
FDX6W7Z-16612-A ,3,2024-09-01,False,9.0,2.0,,6.0
FDX6W7Z-16612-A ,4,2024-10-01,False,3.0,6.0,,0.0
FDX6W7Z-16612-A ,5,2024-11-01,False,3.0,0.0,,0.0
FDX6W7Z-16612-A ,6,2024-12-01,False,21.0,0.0,,6.0
FDX6W7Z-16612-A ,7,2025-01-01,False,15.0,6.0,,3.0
FDX6W7Z-16612-A ,8,2025-02-01,False,12.0,3.0,,5.0
FDX6W7Z-16612-A ,9,2025-03-01,False,7.0,5.0,,1.0
FDX6W7Z-16612-A ,10,2025-04-01,False,6.0,1.0,,1.0
FDX6W7Z-16612-A ,11,2025-05-01,False,5.0,1.0,2.0,0.0
FDX6W7Z-16612-A ,12,2025-06-01,False,15.0,0.0,2.0,
FDX6W7Z-17682-AA ,0,2024-06-01,False,62.0,15.0,,7.0
FDX6W7Z-17682-AA ,1,2024-07-01,False,55.0,7.0,,5.0
FDX6W7Z-17682-AA ,2,2024-08-01,False,50.0,5.0,,16.0
FDX6W7Z-17682-AA ,3,2024-09-01,False,34.0,16.0,,8.0
FDX6W7Z-17682-AA ,4,2024-10-01,False,26.0,8.0,,15.0
FDX6W7Z-17682-AA ,5,2024-11-01,False,35.0,15.0,,9.0
FDX6W7Z-17682-AA ,6,2024-12-01,False,86.0,9.0,,6.0
FDX6W7Z-17682-AA ,7,2025-01-01,False,80.0,6.0,,9.0
FDX6W7Z-17682-AA ,8,2025-02-01,False,71.0,9.0,,10.0
FDX6W7Z-17682-AA ,9,2025-03-01,False,61.0,10.0,,10.0
FDX6W7Z-17682-AA ,10,2025-04-01,False,51.0,10.0,,8.0
FDX6W7Z-17682-AA ,11,2025-05-01,False,85.0,8.0,11.0,3.0
FDX6W7Z-17682-AA ,12,2025-06-01,False,82.0,3.0,9.0,
FDX6W7Z-17683-AA ,0,2024-06-01,False,42.0,12.0,,11.0
FDX6W7Z-17683-AA ,1,2024-07-01,False,31.0,11.0,,2.0
FDX6W7Z-17683-AA ,2,2024-08-01,False,29.0,2.0,,6.0
FDX6W7Z-17683-AA ,3,2024-09-01,False,23.0,6.0,,5.0
FDX6W7Z-17683-AA ,4,2024-10-01,False,18.0,5.0,,7.0
FDX6W7Z-17683-AA ,5,2024-11-01,False,47.0,7.0,,0.0
FDX6W7Z-17683-AA ,6,2024-12-01,False,71.0,0.0,,1.0
FDX6W7Z-17683-AA ,7,2025-01-01,False,70.0,1.0,,5.0
FDX6W7Z-17683-AA ,8,2025-02-01,False,65.0,5.0,,2.0
FDX6W7Z-17683-AA ,9,2025-03-01,False,63.0,2.0,,3.0
FDX6W7Z-17683-AA ,10,2025-04-01,False,84.0,3.0,,4.0
FDX6W7Z-17683-AA ,11,2025-05-01,False,80.0,4.0,6.0,2.0
FDX6W7Z-17683-AA ,12,2025-06-01,False,78.0,2.0,5.0,
FDX6W7Z-17D957-APTM ,0,2024-06-01,False,2.0,0.0,,0.0
FDX6W7Z-17D957-APTM ,1,2024-07-01,False,2.0,0.0,,0.0
FDX6W7Z-17D957-APTM ,2,2024-08-01,False,2.0,0.0,,1.0
FDX6W7Z-17D957-APTM ,3,2024-09-01,False,1.0,1.0,,0.0
FDX6W7Z-17D957-APTM ,4,2024-10-01,False,1.0,0.0,,0.0
FDX6W7Z-17D957-APTM ,5,2024-11-01,False,1.0,0.0,,0.0
FDX6W7Z-17D957-APTM ,6,2024-12-01,False,1.0,0.0,,0.0
FDX6W7Z-17D957-APTM ,7,2025-01-01,False,1.0,0.0,,0.0
FDX6W7Z-17D957-APTM ,8,2025-02-01,False,1.0,0.0,,0.0
FDX6W7Z-17D957-APTM ,9,2025-03-01,False,1.0,0.0,,0.0
FDX6W7Z-17D957-APTM ,10,2025-04-01,False,1.0,0.0,,0.0
FDX6W7Z-17D957-APTM ,11,2025-05-01,False,1.0,0.0,0.0,0.0
FDX6W7Z-17D957-APTM ,12,2025-06-01,False,1.0,0.0,0.0,
FDX6W7Z-8190-A ,0,2024-06-01,True,58.0,23.0,,34.0
FDX6W7Z-8190-A ,1,2024-07-01,False,24.0,34.0,,20.0
FDX6W7Z-8190-A ,2,2024-08-01,False,4.0,20.0,,1.0
FDX6W7Z-8190-A ,3,2024-09-01,True,3.0,1.0,,1.0
FDX6W7Z-8190-A ,4,2024-10-01,True,2.0,1.0,,6.0
FDX6W7Z-8190-A ,5,2024-11-01,True,46.0,6.0,,14.0
FDX6W7Z-8190-A ,6,2024-12-01,False,32.0,14.0,,12.0
FDX6W7Z-8190-A ,7,2025-01-01,False,20.0,12.0,,3.0
FDX6W7Z-8190-A ,8,2025-02-01,False,17.0,3.0,,13.0
FDX6W7Z-8190-A ,9,2025-03-01,False,4.0,13.0,,28.0
FDX6W7Z-8190-A ,10,2025-04-01,True,127.0,28.0,,32.0
FDX6W7Z-8190-A ,11,2025-05-01,False,95.0,32.0,12.0,12.0
FDX6W7Z-8190-A ,12,2025-06-01,False,83.0,12.0,10.0,
FDX7L1Z-13008-AB ,0,2024-06-01,False,18.0,1.0,,5.0
FDX7L1Z-13008-AB ,1,2024-07-01,False,13.0,5.0,,2.0
FDX7L1Z-13008-AB ,2,2024-08-01,False,11.0,2.0,,1.0
FDX7L1Z-13008-AB ,3,2024-09-01,False,10.0,1.0,,1.0
FDX7L1Z-13008-AB ,4,2024-10-01,False,9.0,1.0,,2.0
FDX7L1Z-13008-AB ,5,2024-11-01,False,7.0,2.0,,2.0
FDX7L1Z-13008-AB ,6,2024-12-01,False,5.0,2.0,,0.0
FDX7L1Z-13008-AB ,7,2025-01-01,False,5.0,0.0,,0.0
FDX7L1Z-13008-AB ,8,2025-02-01,False,5.0,0.0,,4.0
FDX7L1Z-13008-AB ,9,2025-03-01,False,1.0,4.0,,0.0
FDX7L1Z-13008-AB ,10,2025-04-01,True,21.0,0.0,,1.0
FDX7L1Z-13008-AB ,11,2025-05-01,False,20.0,1.0,2.0,0.0
FDX7L1Z-13008-AB ,12,2025-06-01,False,20.0,0.0,1.0,
FDX7L1Z-13008-BB ,0,2024-06-01,False,22.0,2.0,,2.0
FDX7L1Z-13008-BB ,1,2024-07-01,False,20.0,2.0,,1.0
FDX7L1Z-13008-BB ,2,2024-08-01,False,19.0,1.0,,1.0
FDX7L1Z-13008-BB ,3,2024-09-01,False,18.0,1.0,,2.0
FDX7L1Z-13008-BB ,4,2024-10-01,False,16.0,2.0,,2.0
FDX7L1Z-13008-BB ,5,2024-11-01,False,14.0,2.0,,1.0
FDX7L1Z-13008-BB ,6,2024-12-01,False,13.0,1.0,,0.0
FDX7L1Z-13008-BB ,7,2025-01-01,False,13.0,0.0,,0.0
FDX7L1Z-13008-BB ,8,2025-02-01,False,13.0,0.0,,3.0
FDX7L1Z-13008-BB ,9,2025-03-01,False,10.0,3.0,,1.0
FDX7L1Z-13008-BB ,10,2025-04-01,False,29.0,1.0,,0.0
FDX7L1Z-13008-BB ,11,2025-05-01,False,29.0,0.0,1.0,0.0
FDX7L1Z-13008-BB ,12,2025-06-01,False,29.0,0.0,1.0,
FDX7L1Z-13404-AA ,0,2024-06-01,False,26.0,2.0,,2.0
FDX7L1Z-13404-AA ,1,2024-07-01,False,24.0,2.0,,2.0
FDX7L1Z-13404-AA ,2,2024-08-01,False,22.0,2.0,,5.0
FDX7L1Z-13404-AA ,3,2024-09-01,False,17.0,5.0,,1.0
FDX7L1Z-13404-AA ,4,2024-10-01,False,16.0,1.0,,5.0
FDX7L1Z-13404-AA ,5,2024-11-01,False,11.0,5.0,,4.0
FDX7L1Z-13404-AA ,6,2024-12-01,False,25.0,4.0,,3.0
FDX7L1Z-13404-AA ,7,2025-01-01,False,22.0,3.0,,1.0
FDX7L1Z-13404-AA ,8,2025-02-01,False,21.0,1.0,,2.0
FDX7L1Z-13404-AA ,9,2025-03-01,False,19.0,2.0,,3.0
FDX7L1Z-13404-AA ,10,2025-04-01,False,34.0,3.0,,2.0
FDX7L1Z-13404-AA ,11,2025-05-01,False,32.0,2.0,2.0,1.0
FDX7L1Z-13404-AA ,12,2025-06-01,False,31.0,1.0,2.0,
FDX7L1Z-13405-AA ,0,2024-06-01,False,20.0,1.0,,4.0
FDX7L1Z-13405-AA ,1,2024-07-01,False,16.0,4.0,,1.0
FDX7L1Z-13405-AA ,2,2024-08-01,False,15.0,1.0,,2.0
FDX7L1Z-13405-AA ,3,2024-09-01,False,13.0,2.0,,1.0
FDX7L1Z-13405-AA ,4,2024-10-01,False,12.0,1.0,,5.0
FDX7L1Z-13405-AA ,5,2024-11-01,False,19.0,5.0,,0.0
FDX7L1Z-13405-AA ,6,2024-12-01,False,31.0,0.0,,5.0
FDX7L1Z-13405-AA ,7,2025-01-01,False,26.0,5.0,,2.0
FDX7L1Z-13405-AA ,8,2025-02-01,False,24.0,2.0,,2.0
FDX7L1Z-13405-AA ,9,2025-03-01,False,22.0,2.0,,10.0
FDX7L1Z-13405-AA ,10,2025-04-01,False,18.0,10.0,,7.0
FDX7L1Z-13405-AA ,11,2025-05-01,False,11.0,7.0,2.0,3.0
FDX7L1Z-13405-AA ,12,2025-06-01,False,8.0,3.0,3.0,
FDX7L1Z-16102-A ,0,2024-06-01,False,7.0,0.0,,0.0
FDX7L1Z-16102-A ,1,2024-07-01,False,7.0,0.0,,0.0
FDX7L1Z-16102-A ,2,2024-08-01,False,7.0,0.0,,0.0
FDX7L1Z-16102-A ,3,2024-09-01,False,7.0,0.0,,0.0
FDX7L1Z-16102-A ,4,2024-10-01,False,7.0,0.0,,0.0
FDX7L1Z-16102-A ,5,2024-11-01,False,7.0,0.0,,0.0
FDX7L1Z-16102-A ,6,2024-12-01,False,7.0,0.0,,0.0
FDX7L1Z-16102-A ,7,2025-01-01,False,7.0,0.0,,0.0
FDX7L1Z-16102-A ,8,2025-02-01,False,7.0,0.0,,1.0
FDX7L1Z-16102-A ,9,2025-03-01,False,6.0,1.0,,0.0
FDX7L1Z-16102-A ,10,2025-04-01,False,6.0,0.0,,0.0
FDX7L1Z-16102-A ,11,2025-05-01,False,6.0,0.0,0.0,2.0
FDX7L1Z-16102-A ,12,2025-06-01,False,4.0,2.0,0.0,
FDX7L1Z-16612-A ,0,2024-06-01,False,0.0,1.0,,0.0
FDX7L1Z-16612-A ,1,2024-07-01,True,0.0,0.0,,0.0
FDX7L1Z-16612-A ,2,2024-08-01,True,0.0,0.0,,0.0
FDX7L1Z-16612-A ,3,2024-09-01,True,3.0,0.0,,0.0
FDX7L1Z-16612-A ,4,2024-10-01,False,3.0,0.0,,2.0
FDX7L1Z-16612-A ,5,2024-11-01,False,1.0,2.0,,1.0
FDX7L1Z-16612-A ,6,2024-12-01,False,0.0,1.0,,0.0
FDX7L1Z-16612-A ,7,2025-01-01,True,0.0,0.0,,0.0
FDX7L1Z-16612-A ,8,2025-02-01,True,0.0,0.0,,0.0
FDX7L1Z-16612-A ,9,2025-03-01,True,0.0,0.0,,0.0
FDX7L1Z-16612-A ,10,2025-04-01,True,4.0,0.0,,1.0
FDX7L1Z-16612-A ,11,2025-05-01,False,3.0,1.0,0.0,0.0
FDX7L1Z-16612-A ,12,2025-06-01,False,3.0,0.0,0.0,
FDX7L1Z-16C826-AA ,0,2024-06-01,False,84.0,14.0,,10.0
FDX7L1Z-16C826-AA ,1,2024-07-01,False,74.0,10.0,,6.0
FDX7L1Z-16C826-AA ,2,2024-08-01,False,68.0,6.0,,2.0
FDX7L1Z-16C826-AA ,3,2024-09-01,False,66.0,2.0,,10.0
FDX7L1Z-16C826-AA ,4,2024-10-01,False,56.0,10.0,,12.0
FDX7L1Z-16C826-AA ,5,2024-11-01,False,44.0,12.0,,16.0
FDX7L1Z-16C826-AA ,6,2024-12-01,False,28.0,16.0,,20.0
FDX7L1Z-16C826-AA ,7,2025-01-01,False,8.0,20.0,,8.0
FDX7L1Z-16C826-AA ,8,2025-02-01,True,0.0,8.0,,0.0
FDX7L1Z-16C826-AA ,9,2025-03-01,True,0.0,0.0,,2.0
FDX7L1Z-16C826-AA ,10,2025-04-01,True,58.0,2.0,,10.0
FDX7L1Z-16C826-AA ,11,2025-05-01,False,100.0,10.0,13.0,6.0
FDX7L1Z-16C826-AA ,12,2025-06-01,False,94.0,6.0,8.0,
FDX7L1Z-17D957-AA ,0,2024-06-01,False,0.0,5.0,,0.0
FDX7L1Z-17D957-AA ,1,2024-07-01,True,0.0,0.0,,0.0
FDX7L1Z-17D957-AA ,2,2024-08-01,True,0.0,0.0,,0.0
FDX7L1Z-17D957-AA ,3,2024-09-01,True,0.0,0.0,,0.0
FDX7L1Z-17D957-AA ,4,2024-10-01,True,20.0,0.0,,2.0
FDX7L1Z-17D957-AA ,5,2024-11-01,False,18.0,2.0,,1.0
FDX7L1Z-17D957-AA ,6,2024-12-01,False,17.0,1.0,,3.0
FDX7L1Z-17D957-AA ,7,2025-01-01,False,24.0,3.0,,0.0
FDX7L1Z-17D957-AA ,8,2025-02-01,False,24.0,0.0,,3.0
FDX7L1Z-17D957-AA ,9,2025-03-01,False,21.0,3.0,,4.0
FDX7L1Z-17D957-AA ,10,2025-04-01,False,17.0,4.0,,5.0
FDX7L1Z-17D957-AA ,11,2025-05-01,False,12.0,5.0,3.0,0.0
FDX7L1Z-17D957-AA ,12,2025-06-01,False,12.0,0.0,3.0,
FDX7L1Z-17D957-APTM ,0,2024-06-01,False,1.0,1.0,,1.0
FDX7L1Z-17D957-APTM ,1,2024-07-01,False,0.0,1.0,,0.0
FDX7L1Z-17D957-APTM ,2,2024-08-01,True,0.0,0.0,,0.0
FDX7L1Z-17D957-APTM ,3,2024-09-01,True,10.0,0.0,,0.0
FDX7L1Z-17D957-APTM ,4,2024-10-01,False,10.0,0.0,,1.0
FDX7L1Z-17D957-APTM ,5,2024-11-01,False,9.0,1.0,,1.0
FDX7L1Z-17D957-APTM ,6,2024-12-01,False,18.0,1.0,,1.0
FDX7L1Z-17D957-APTM ,7,2025-01-01,False,17.0,1.0,,0.0
FDX7L1Z-17D957-APTM ,8,2025-02-01,False,17.0,0.0,,2.0
FDX7L1Z-17D957-APTM ,9,2025-03-01,False,15.0,2.0,,1.0
FDX7L1Z-17D957-APTM ,10,2025-04-01,False,14.0,1.0,,1.0
FDX7L1Z-17D957-APTM ,11,2025-05-01,False,13.0,1.0,1.0,0.0
FDX7L1Z-17D957-APTM ,12,2025-06-01,False,13.0,0.0,1.0,
FDX7L1Z-78406A10-B ,0,2024-06-01,True,0.0,0.0,,0.0
FDX7L1Z-78406A10-B ,1,2024-07-01,True,25.0,0.0,,1.0
FDX7L1Z-78406A10-B ,2,2024-08-01,False,24.0,1.0,,2.0
FDX7L1Z-78406A10-B ,3,2024-09-01,False,22.0,2.0,,0.0
FDX7L1Z-78406A10-B ,4,2024-10-01,False,22.0,0.0,,1.0
FDX7L1Z-78406A10-B ,5,2024-11-01,False,21.0,1.0,,16.0
FDX7L1Z-78406A10-B ,6,2024-12-01,False,5.0,16.0,,3.0
FDX7L1Z-78406A10-B ,7,2025-01-01,False,2.0,3.0,,2.0
FDX7L1Z-78406A10-B ,8,2025-02-01,True,0.0,2.0,,0.0
FDX7L1Z-78406A10-B ,9,2025-03-01,True,0.0,0.0,,3.0
FDX7L1Z-78406A10-B ,10,2025-04-01,True,22.0,3.0,,0.0
FDX7L1Z-78406A10-B ,11,2025-05-01,False,42.0,0.0,6.0,1.0
FDX7L1Z-78406A10-B ,12,2025-06-01,False,41.0,1.0,1.0,
FDX7L1Z-78406A11-B ,0,2024-06-01,True,27.0,4.0,,0.0
FDX7L1Z-78406A11-B ,1,2024-07-01,False,52.0,0.0,,1.0
FDX7L1Z-78406A11-B ,2,2024-08-01,False,51.0,1.0,,4.0
FDX7L1Z-78406A11-B ,3,2024-09-01,False,47.0,4.0,,0.0
FDX7L1Z-78406A11-B ,4,2024-10-01,False,47.0,0.0,,3.0
FDX7L1Z-78406A11-B ,5,2024-11-01,False,44.0,3.0,,13.0
FDX7L1Z-78406A11-B ,6,2024-12-01,False,31.0,13.0,,15.0
FDX7L1Z-78406A11-B ,7,2025-01-01,False,16.0,15.0,,2.0
FDX7L1Z-78406A11-B ,8,2025-02-01,False,14.0,2.0,,2.0
FDX7L1Z-78406A11-B ,9,2025-03-01,False,12.0,2.0,,1.0
FDX7L1Z-78406A11-B ,10,2025-04-01,False,36.0,1.0,,0.0
FDX7L1Z-78406A11-B ,11,2025-05-01,False,56.0,0.0,3.0,5.0
FDX7L1Z-78406A11-B ,12,2025-06-01,False,51.0,5.0,2.0,
FDX7L1Z-7842104-A ,0,2024-06-01,False,19.0,1.0,,1.0
FDX7L1Z-7842104-A ,1,2024-07-01,False,18.0,1.0,,0.0
FDX7L1Z-7842104-A ,2,2024-08-01,False,18.0,0.0,,0.0
FDX7L1Z-7842104-A ,3,2024-09-01,False,18.0,0.0,,1.0
FDX7L1Z-7842104-A ,4,2024-10-01,False,17.0,1.0,,0.0
FDX7L1Z-7842104-A ,5,2024-11-01,False,17.0,0.0,,2.0
FDX7L1Z-7842104-A ,6,2024-12-01,False,15.0,2.0,,4.0
FDX7L1Z-7842104-A ,7,2025-01-01,False,11.0,4.0,,1.0
FDX7L1Z-7842104-A ,8,2025-02-01,False,10.0,1.0,,0.0
FDX7L1Z-7842104-A ,9,2025-03-01,False,10.0,0.0,,0.0
FDX7L1Z-7842104-A ,10,2025-04-01,False,10.0,0.0,,1.0
FDX7L1Z-7842104-A ,11,2025-05-01,False,9.0,1.0,1.0,0.0
FDX7L1Z-7842104-A ,12,2025-06-01,False,19.0,0.0,1.0,
FDX7L1Z-7842105-A ,0,2024-06-01,False,10.0,1.0,,1.0
FDX7L1Z-7842105-A ,1,2024-07-01,False,29.0,1.0,,0.0
FDX7L1Z-7842105-A ,2,2024-08-01,False,29.0,0.0,,0.0
FDX7L1Z-7842105-A ,3,2024-09-01,False,29.0,0.0,,1.0
FDX7L1Z-7842105-A ,4,2024-10-01,False,28.0,1.0,,0.0
FDX7L1Z-7842105-A ,5,2024-11-01,False,28.0,0.0,,2.0
FDX7L1Z-7842105-A ,6,2024-12-01,False,26.0,2.0,,2.0
FDX7L1Z-7842105-A ,7,2025-01-01,False,24.0,2.0,,1.0
FDX7L1Z-7842105-A ,8,2025-02-01,False,23.0,1.0,,0.0
FDX7L1Z-7842105-A ,9,2025-03-01,False,23.0,0.0,,2.0
FDX7L1Z-7842105-A ,10,2025-04-01,False,21.0,2.0,,1.0
FDX7L1Z-7842105-A ,11,2025-05-01,False,19.0,1.0,1.0,0.0
FDX7L1Z-7842105-A ,12,2025-06-01,False,19.0,0.0,1.0,
FDX7L1Z-8146-BA ,0,2024-06-01,False,2.0,0.0,,0.0
FDX7L1Z-8146-BA ,1,2024-07-01,False,2.0,0.0,,2.0
FDX7L1Z-8146-BA ,2,2024-08-01,False,0.0,2.0,,0.0
FDX7L1Z-8146-BA ,3,2024-09-01,True,0.0,0.0,,0.0
FDX7L1Z-8146-BA ,4,2024-10-01,True,0.0,0.0,,0.0
FDX7L1Z-8146-BA ,5,2024-11-01,True,0.0,0.0,,0.0
FDX7L1Z-8146-BA ,6,2024-12-01,True,0.0,0.0,,0.0
FDX7L1Z-8146-BA ,7,2025-01-01,True,0.0,0.0,,0.0
FDX7L1Z-8146-BA ,8,2025-02-01,True,0.0,0.0,,0.0
FDX7L1Z-8146-BA ,9,2025-03-01,True,0.0,0.0,,0.0
FDX7L1Z-8146-BA ,10,2025-04-01,True,0.0,0.0,,0.0
FDX7L1Z-8146-BA ,11,2025-05-01,True,0.0,0.0,0.0,0.0
FDX7L1Z-8146-BA ,12,2025-06-01,True,0.0,0.0,0.0,
FDX7L1Z-8200-BA ,0,2024-06-01,False,17.0,0.0,,0.0
FDX7L1Z-8200-BA ,1,2024-07-01,False,17.0,0.0,,5.0
FDX7L1Z-8200-BA ,2,2024-08-01,False,12.0,5.0,,0.0
FDX7L1Z-8200-BA ,3,2024-09-01,False,12.0,0.0,,3.0
FDX7L1Z-8200-BA ,4,2024-10-01,False,9.0,3.0,,1.0
FDX7L1Z-8200-BA ,5,2024-11-01,False,8.0,1.0,,2.0
FDX7L1Z-8200-BA ,6,2024-12-01,False,6.0,2.0,,1.0
FDX7L1Z-8200-BA ,7,2025-01-01,False,10.0,1.0,,3.0
FDX7L1Z-8200-BA ,8,2025-02-01,False,7.0,3.0,,1.0
FDX7L1Z-8200-BA ,9,2025-03-01,False,6.0,1.0,,13.0
FDX7L1Z-8200-BA ,10,2025-04-01,False,13.0,13.0,,3.0
FDX7L1Z-8200-BA ,11,2025-05-01,False,10.0,3.0,3.0,1.0
FDX7L1Z-8200-BA ,12,2025-06-01,False,9.0,1.0,2.0,
FDX7L2Z-3078-AB ,0,2024-06-01,False,5.0,0.0,,2.0
FDX7L2Z-3078-AB ,1,2024-07-01,False,3.0,2.0,,0.0
FDX7L2Z-3078-AB ,2,2024-08-01,False,3.0,0.0,,1.0
FDX7L2Z-3078-AB ,3,2024-09-01,False,2.0,1.0,,0.0
FDX7L2Z-3078-AB ,4,2024-10-01,False,2.0,0.0,,0.0
FDX7L2Z-3078-AB ,5,2024-11-01,False,6.0,0.0,,0.0
FDX7L2Z-3078-AB ,6,2024-12-01,False,6.0,0.0,,0.0
FDX7L2Z-3078-AB ,7,2025-01-01,False,6.0,0.0,,1.0
FDX7L2Z-3078-AB ,8,2025-02-01,False,5.0,1.0,,1.0
FDX7L2Z-3078-AB ,9,2025-03-01,False,4.0,1.0,,0.0
FDX7L2Z-3078-AB ,10,2025-04-01,False,4.0,0.0,,0.0
FDX7L2Z-3078-AB ,11,2025-05-01,False,4.0,0.0,1.0,0.0
FDX7L2Z-3078-AB ,12,2025-06-01,False,4.0,0.0,1.0,
FDX7L2Z-3079-AB ,0,2024-06-01,False,5.0,0.0,,2.0
FDX7L2Z-3079-AB ,1,2024-07-01,False,3.0,2.0,,0.0
FDX7L2Z-3079-AB ,2,2024-08-01,False,3.0,0.0,,1.0
FDX7L2Z-3079-AB ,3,2024-09-01,False,2.0,1.0,,0.0
FDX7L2Z-3079-AB ,4,2024-10-01,False,2.0,0.0,,0.0
FDX7L2Z-3079-AB ,5,2024-11-01,False,6.0,0.0,,0.0
FDX7L2Z-3079-AB ,6,2024-12-01,False,6.0,0.0,,0.0
FDX7L2Z-3079-AB ,7,2025-01-01,False,6.0,0.0,,1.0
FDX7L2Z-3079-AB ,8,2025-02-01,False,5.0,1.0,,1.0
FDX7L2Z-3079-AB ,9,2025-03-01,False,4.0,1.0,,0.0
FDX7L2Z-3079-AB ,10,2025-04-01,False,4.0,0.0,,0.0
FDX7L2Z-3079-AB ,11,2025-05-01,False,4.0,0.0,1.0,0.0
FDX7L2Z-3079-AB ,12,2025-06-01,False,4.0,0.0,1.0,
FDX7R3Z-13008-C ,0,2024-06-01,False,4.0,0.0,,0.0
FDX7R3Z-13008-C ,1,2024-07-01,False,4.0,0.0,,0.0
FDX7R3Z-13008-C ,2,2024-08-01,False,4.0,0.0,,0.0
FDX7R3Z-13008-C ,3,2024-09-01,False,4.0,0.0,,0.0
FDX7R3Z-13008-C ,4,2024-10-01,False,4.0,0.0,,0.0
FDX7R3Z-13008-C ,5,2024-11-01,False,4.0,0.0,,1.0
FDX7R3Z-13008-C ,6,2024-12-01,False,3.0,1.0,,1.0
FDX7R3Z-13008-C ,7,2025-01-01,False,2.0,1.0,,0.0
FDX7R3Z-13008-C ,8,2025-02-01,False,2.0,0.0,,0.0
FDX7R3Z-13008-C ,9,2025-03-01,False,2.0,0.0,,0.0
FDX7R3Z-13008-C ,10,2025-04-01,False,2.0,0.0,,0.0
FDX7R3Z-13008-C ,11,2025-05-01,False,2.0,0.0,0.0,0.0
FDX7R3Z-13008-C ,12,2025-06-01,False,2.0,0.0,0.0,
FDX7T4Z-13404-B ,0,2024-06-01,False,5.0,0.0,,0.0
FDX7T4Z-13404-B ,1,2024-07-01,False,5.0,0.0,,0.0
FDX7T4Z-13404-B ,2,2024-08-01,False,5.0,0.0,,0.0
FDX7T4Z-13404-B ,3,2024-09-01,False,5.0,0.0,,0.0
FDX7T4Z-13404-B ,4,2024-10-01,False,5.0,0.0,,0.0
FDX7T4Z-13404-B ,5,2024-11-01,False,5.0,0.0,,0.0
FDX7T4Z-13404-B ,6,2024-12-01,False,5.0,0.0,,0.0
FDX7T4Z-13404-B ,7,2025-01-01,False,5.0,0.0,,1.0
FDX7T4Z-13404-B ,8,2025-02-01,False,4.0,1.0,,0.0
FDX7T4Z-13404-B ,9,2025-03-01,False,4.0,0.0,,0.0
FDX7T4Z-13404-B ,10,2025-04-01,False,4.0,0.0,,0.0
FDX7T4Z-13404-B ,11,2025-05-01,False,4.0,0.0,0.0,0.0
FDX7T4Z-13404-B ,12,2025-06-01,False,4.0,0.0,0.0,
FDX7T4Z-13405-B ,0,2024-06-01,False,3.0,0.0,,0.0
FDX7T4Z-13405-B ,1,2024-07-01,False,3.0,0.0,,0.0
FDX7T4Z-13405-B ,2,2024-08-01,False,3.0,0.0,,1.0
FDX7T4Z-13405-B ,3,2024-09-01,False,2.0,1.0,,0.0
FDX7T4Z-13405-B ,4,2024-10-01,False,2.0,0.0,,0.0
FDX7T4Z-13405-B ,5,2024-11-01,False,2.0,0.0,,0.0
FDX7T4Z-13405-B ,6,2024-12-01,False,2.0,0.0,,0.0
FDX7T4Z-13405-B ,7,2025-01-01,False,2.0,0.0,,0.0
FDX7T4Z-13405-B ,8,2025-02-01,False,2.0,0.0,,1.0
FDX7T4Z-13405-B ,9,2025-03-01,False,1.0,1.0,,0.0
FDX7T4Z-13405-B ,10,2025-04-01,False,1.0,0.0,,0.0
FDX7T4Z-13405-B ,11,2025-05-01,False,1.0,0.0,0.0,0.0
FDX7T4Z-13405-B ,12,2025-06-01,False,1.0,0.0,0.0,
FDX7T4Z-16102-B ,0,2024-06-01,False,10.0,1.0,,0.0
FDX7T4Z-16102-B ,1,2024-07-01,False,10.0,0.0,,1.0
FDX7T4Z-16102-B ,2,2024-08-01,False,9.0,1.0,,2.0
FDX7T4Z-16102-B ,3,2024-09-01,False,7.0,2.0,,1.0
FDX7T4Z-16102-B ,4,2024-10-01,False,6.0,1.0,,0.0
FDX7T4Z-16102-B ,5,2024-11-01,False,6.0,0.0,,2.0
FDX7T4Z-16102-B ,6,2024-12-01,False,4.0,2.0,,0.0
FDX7T4Z-16102-B ,7,2025-01-01,False,4.0,0.0,,0.0
FDX7T4Z-16102-B ,8,2025-02-01,False,4.0,0.0,,0.0
FDX7T4Z-16102-B ,9,2025-03-01,False,4.0,0.0,,1.0
FDX7T4Z-16102-B ,10,2025-04-01,False,3.0,1.0,,0.0
FDX7T4Z-16102-B ,11,2025-05-01,False,3.0,0.0,0.0,0.0
FDX7T4Z-16102-B ,12,2025-06-01,False,3.0,0.0,1.0,
FDX7T4Z-16103-B ,0,2024-06-01,False,5.0,0.0,,1.0
FDX7T4Z-16103-B ,1,2024-07-01,False,4.0,1.0,,0.0
FDX7T4Z-16103-B ,2,2024-08-01,False,4.0,0.0,,1.0
FDX7T4Z-16103-B ,3,2024-09-01,False,3.0,1.0,,0.0
FDX7T4Z-16103-B ,4,2024-10-01,False,3.0,0.0,,0.0
FDX7T4Z-16103-B ,5,2024-11-01,False,3.0,0.0,,1.0
FDX7T4Z-16103-B ,6,2024-12-01,False,2.0,1.0,,0.0
FDX7T4Z-16103-B ,7,2025-01-01,False,2.0,0.0,,0.0
FDX7T4Z-16103-B ,8,2025-02-01,False,2.0,0.0,,0.0
FDX7T4Z-16103-B ,9,2025-03-01,False,2.0,0.0,,1.0
FDX7T4Z-16103-B ,10,2025-04-01,False,1.0,1.0,,0.0
FDX7T4Z-16103-B ,11,2025-05-01,False,1.0,0.0,0.0,0.0
FDX7T4Z-16103-B ,12,2025-06-01,False,1.0,0.0,0.0,
FDX7T4Z-5500-A ,0,2024-06-01,True,24.0,0.0,,2.0
FDX7T4Z-5500-A ,1,2024-07-01,False,22.0,2.0,,0.0
FDX7T4Z-5500-A ,2,2024-08-01,False,22.0,0.0,,0.0
FDX7T4Z-5500-A ,3,2024-09-01,False,22.0,0.0,,2.0
FDX7T4Z-5500-A ,4,2024-10-01,False,20.0,2.0,,0.0
FDX7T4Z-5500-A ,5,2024-11-01,False,20.0,0.0,,6.0
FDX7T4Z-5500-A ,6,2024-12-01,False,14.0,6.0,,2.0
FDX7T4Z-5500-A ,7,2025-01-01,False,12.0,2.0,,2.0
FDX7T4Z-5500-A ,8,2025-02-01,False,10.0,2.0,,2.0
FDX7T4Z-5500-A ,9,2025-03-01,False,8.0,2.0,,0.0
FDX7T4Z-5500-A ,10,2025-04-01,False,32.0,0.0,,2.0
FDX7T4Z-5500-A ,11,2025-05-01,False,30.0,2.0,2.0,0.0
FDX7T4Z-5500-A ,12,2025-06-01,False,30.0,0.0,1.0,
FDX7T4Z-5500-AA ,0,2024-06-01,True,0.0,0.0,,0.0
FDX7T4Z-5500-AA ,1,2024-07-01,True,0.0,0.0,,0.0
FDX7T4Z-5500-AA ,2,2024-08-01,True,0.0,0.0,,0.0
FDX7T4Z-5500-AA ,3,2024-09-01,True,0.0,0.0,,2.0
FDX7T4Z-5500-AA ,4,2024-10-01,True,20.0,2.0,,0.0
FDX7T4Z-5500-AA ,5,2024-11-01,False,20.0,0.0,,6.0
FDX7T4Z-5500-AA ,6,2024-12-01,False,14.0,6.0,,2.0
FDX7T4Z-5500-AA ,7,2025-01-01,False,12.0,2.0,,2.0
FDX7T4Z-5500-AA ,8,2025-02-01,False,10.0,2.0,,2.0
FDX7T4Z-5500-AA ,9,2025-03-01,False,8.0,2.0,,0.0
FDX7T4Z-5500-AA ,10,2025-04-01,False,28.0,0.0,,2.0
FDX7T4Z-5500-AA ,11,2025-05-01,False,26.0,2.0,1.0,0.0
FDX7T4Z-5500-AA ,12,2025-06-01,False,26.0,0.0,1.0,
FDX7T4Z-5A649-AA ,0,2024-06-01,False,6.0,0.0,,0.0
FDX7T4Z-5A649-AA ,1,2024-07-01,False,6.0,0.0,,3.0
FDX7T4Z-5A649-AA ,2,2024-08-01,False,3.0,3.0,,0.0
FDX7T4Z-5A649-AA ,3,2024-09-01,False,3.0,0.0,,0.0
FDX7T4Z-5A649-AA ,4,2024-10-01,False,21.0,0.0,,0.0
FDX7T4Z-5A649-AA ,5,2024-11-01,False,21.0,0.0,,10.0
FDX7T4Z-5A649-AA ,6,2024-12-01,False,11.0,10.0,,0.0
FDX7T4Z-5A649-AA ,7,2025-01-01,False,11.0,0.0,,2.0
FDX7T4Z-5A649-AA ,8,2025-02-01,False,9.0,2.0,,4.0
FDX7T4Z-5A649-AA ,9,2025-03-01,False,5.0,4.0,,0.0
FDX7T4Z-5A649-AA ,10,2025-04-01,False,5.0,0.0,,2.0
FDX7T4Z-5A649-AA ,11,2025-05-01,False,3.0,2.0,1.0,0.0
FDX7T4Z-5A649-AA ,12,2025-06-01,False,3.0,0.0,1.0,
FDX7T4Z-78406A10-A ,0,2024-06-01,True,1.0,0.0,,1.0
FDX7T4Z-78406A10-A ,1,2024-07-01,True,25.0,1.0,,3.0
FDX7T4Z-78406A10-A ,2,2024-08-01,False,27.0,3.0,,0.0
FDX7T4Z-78406A10-A ,3,2024-09-01,False,32.0,0.0,,2.0
FDX7T4Z-78406A10-A ,4,2024-10-01,False,30.0,2.0,,4.0
FDX7T4Z-78406A10-A ,5,2024-11-01,False,26.0,4.0,,10.0
FDX7T4Z-78406A10-A ,6,2024-12-01,False,16.0,10.0,,9.0
FDX7T4Z-78406A10-A ,7,2025-01-01,False,7.0,9.0,,0.0
FDX7T4Z-78406A10-A ,8,2025-02-01,False,7.0,0.0,,0.0
FDX7T4Z-78406A10-A ,9,2025-03-01,False,7.0,0.0,,2.0
FDX7T4Z-78406A10-A ,10,2025-04-01,False,5.0,2.0,,0.0
FDX7T4Z-78406A10-A ,11,2025-05-01,False,5.0,0.0,3.0,0.0
FDX7T4Z-78406A10-A ,12,2025-06-01,False,5.0,0.0,3.0,
FDX7T4Z-78406A11-A ,0,2024-06-01,False,3.0,0.0,,1.0
FDX7T4Z-78406A11-A ,1,2024-07-01,False,27.0,1.0,,3.0
FDX7T4Z-78406A11-A ,2,2024-08-01,False,29.0,3.0,,0.0
FDX7T4Z-78406A11-A ,3,2024-09-01,False,34.0,0.0,,2.0
FDX7T4Z-78406A11-A ,4,2024-10-01,False,32.0,2.0,,4.0
FDX7T4Z-78406A11-A ,5,2024-11-01,False,28.0,4.0,,4.0
FDX7T4Z-78406A11-A ,6,2024-12-01,False,24.0,4.0,,1.0
FDX7T4Z-78406A11-A ,7,2025-01-01,False,23.0,1.0,,14.0
FDX7T4Z-78406A11-A ,8,2025-02-01,False,9.0,14.0,,0.0
FDX7T4Z-78406A11-A ,9,2025-03-01,False,9.0,0.0,,1.0
FDX7T4Z-78406A11-A ,10,2025-04-01,False,8.0,1.0,,0.0
FDX7T4Z-78406A11-A ,11,2025-05-01,False,8.0,0.0,4.0,0.0
FDX7T4Z-78406A11-A ,12,2025-06-01,False,8.0,0.0,3.0,
FDX8A8Z-13008-B ,0,2024-06-01,False,2.0,0.0,,0.0
FDX8A8Z-13008-B ,1,2024-07-01,False,2.0,0.0,,0.0
FDX8A8Z-13008-B ,2,2024-08-01,False,2.0,0.0,,0.0
FDX8A8Z-13008-B ,3,2024-09-01,False,2.0,0.0,,0.0
FDX8A8Z-13008-B ,4,2024-10-01,False,2.0,0.0,,0.0
FDX8A8Z-13008-B ,5,2024-11-01,False,2.0,0.0,,0.0
FDX8A8Z-13008-B ,6,2024-12-01,False,2.0,0.0,,0.0
FDX8A8Z-13008-B ,7,2025-01-01,False,2.0,0.0,,0.0
FDX8A8Z-13008-B ,8,2025-02-01,False,2.0,0.0,,0.0
FDX8A8Z-13008-B ,9,2025-03-01,False,2.0,0.0,,0.0
FDX8A8Z-13008-B ,10,2025-04-01,False,2.0,0.0,,1.0
FDX8A8Z-13008-B ,11,2025-05-01,False,1.0,1.0,0.0,0.0
FDX8A8Z-13008-B ,12,2025-06-01,False,1.0,0.0,0.0,
FDX8L2Z-8200-DA ,0,2024-06-01,False,11.0,0.0,,0.0
FDX8L2Z-8200-DA ,1,2024-07-01,False,11.0,0.0,,2.0
FDX8L2Z-8200-DA ,2,2024-08-01,False,9.0,2.0,,1.0
FDX8L2Z-8200-DA ,3,2024-09-01,False,8.0,1.0,,3.0
FDX8L2Z-8200-DA ,4,2024-10-01,False,5.0,3.0,,2.0
FDX8L2Z-8200-DA ,5,2024-11-01,False,3.0,2.0,,0.0
FDX8L2Z-8200-DA ,6,2024-12-01,False,3.0,0.0,,0.0
FDX8L2Z-8200-DA ,7,2025-01-01,False,3.0,0.0,,1.0
FDX8L2Z-8200-DA ,8,2025-02-01,False,2.0,1.0,,1.0
FDX8L2Z-8200-DA ,9,2025-03-01,False,1.0,1.0,,1.0
FDX8L2Z-8200-DA ,10,2025-04-01,False,10.0,1.0,,0.0
FDX8L2Z-8200-DA ,11,2025-05-01,False,10.0,0.0,1.0,0.0
FDX8L2Z-8200-DA ,12,2025-06-01,False,10.0,0.0,1.0,
FDX8L2Z-8A080-B ,0,2024-06-01,False,14.0,2.0,,0.0
FDX8L2Z-8A080-B ,1,2024-07-01,False,14.0,0.0,,0.0
FDX8L2Z-8A080-B ,2,2024-08-01,False,14.0,0.0,,1.0
FDX8L2Z-8A080-B ,3,2024-09-01,False,13.0,1.0,,0.0
FDX8L2Z-8A080-B ,4,2024-10-01,False,13.0,0.0,,1.0
FDX8L2Z-8A080-B ,5,2024-11-01,False,12.0,1.0,,0.0
FDX8L2Z-8A080-B ,6,2024-12-01,False,12.0,0.0,,1.0
FDX8L2Z-8A080-B ,7,2025-01-01,False,11.0,1.0,,0.0
FDX8L2Z-8A080-B ,8,2025-02-01,False,11.0,0.0,,1.0
FDX8L2Z-8A080-B ,9,2025-03-01,False,10.0,1.0,,0.0
FDX8L2Z-8A080-B ,10,2025-04-01,False,10.0,0.0,,1.0
FDX8L2Z-8A080-B ,11,2025-05-01,False,9.0,1.0,1.0,1.0
FDX8L2Z-8A080-B ,12,2025-06-01,False,8.0,1.0,1.0,
FDX8T4Z-3078-A ,0,2024-06-01,False,10.0,1.0,,1.0
FDX8T4Z-3078-A ,1,2024-07-01,False,9.0,1.0,,1.0
FDX8T4Z-3078-A ,2,2024-08-01,False,8.0,1.0,,0.0
FDX8T4Z-3078-A ,3,2024-09-01,False,8.0,0.0,,0.0
FDX8T4Z-3078-A ,4,2024-10-01,False,8.0,0.0,,2.0
FDX8T4Z-3078-A ,5,2024-11-01,False,6.0,2.0,,1.0
FDX8T4Z-3078-A ,6,2024-12-01,False,5.0,1.0,,2.0
FDX8T4Z-3078-A ,7,2025-01-01,False,3.0,2.0,,0.0
FDX8T4Z-3078-A ,8,2025-02-01,False,3.0,0.0,,1.0
FDX8T4Z-3078-A ,9,2025-03-01,False,2.0,1.0,,0.0
FDX8T4Z-3078-A ,10,2025-04-01,False,2.0,0.0,,0.0
FDX8T4Z-3078-A ,11,2025-05-01,False,2.0,0.0,0.0,1.0
FDX8T4Z-3078-A ,12,2025-06-01,False,13.0,1.0,1.0,
FDX8T4Z-3079-A ,0,2024-06-01,False,5.0,0.0,,1.0
FDX8T4Z-3079-A ,1,2024-07-01,False,4.0,1.0,,1.0
FDX8T4Z-3079-A ,2,2024-08-01,False,3.0,1.0,,0.0
FDX8T4Z-3079-A ,3,2024-09-01,False,3.0,0.0,,0.0
FDX8T4Z-3079-A ,4,2024-10-01,False,11.0,0.0,,2.0
FDX8T4Z-3079-A ,5,2024-11-01,False,9.0,2.0,,1.0
FDX8T4Z-3079-A ,6,2024-12-01,False,8.0,1.0,,2.0
FDX8T4Z-3079-A ,7,2025-01-01,False,6.0,2.0,,0.0
FDX8T4Z-3079-A ,8,2025-02-01,False,6.0,0.0,,0.0
FDX8T4Z-3079-A ,9,2025-03-01,False,6.0,0.0,,1.0
FDX8T4Z-3079-A ,10,2025-04-01,False,5.0,1.0,,0.0
FDX8T4Z-3079-A ,11,2025-05-01,False,5.0,0.0,0.0,1.0
FDX8T4Z-3079-A ,12,2025-06-01,False,12.0,1.0,1.0,
FDX8W3Z-13404-A ,0,2024-06-01,False,20.0,0.0,,3.0
FDX8W3Z-13404-A ,1,2024-07-01,False,17.0,3.0,,2.0
FDX8W3Z-13404-A ,2,2024-08-01,False,15.0,2.0,,3.0
FDX8W3Z-13404-A ,3,2024-09-01,False,12.0,3.0,,2.0
FDX8W3Z-13404-A ,4,2024-10-01,False,10.0,2.0,,1.0
FDX8W3Z-13404-A ,5,2024-11-01,False,9.0,1.0,,0.0
FDX8W3Z-13404-A ,6,2024-12-01,False,9.0,0.0,,1.0
FDX8W3Z-13404-A ,7,2025-01-01,False,8.0,1.0,,3.0
FDX8W3Z-13404-A ,8,2025-02-01,False,5.0,3.0,,0.0
FDX8W3Z-13404-A ,9,2025-03-01,False,5.0,0.0,,2.0
FDX8W3Z-13404-A ,10,2025-04-01,False,11.0,2.0,,1.0
FDX8W3Z-13404-A ,11,2025-05-01,False,10.0,1.0,2.0,1.0
FDX8W3Z-13404-A ,12,2025-06-01,False,17.0,1.0,2.0,
FDX8W3Z-13405-A ,0,2024-06-01,False,23.0,0.0,,2.0
FDX8W3Z-13405-A ,1,2024-07-01,False,21.0,2.0,,3.0
FDX8W3Z-13405-A ,2,2024-08-01,False,18.0,3.0,,4.0
FDX8W3Z-13405-A ,3,2024-09-01,False,14.0,4.0,,7.0
FDX8W3Z-13405-A ,4,2024-10-01,False,7.0,7.0,,5.0
FDX8W3Z-13405-A ,5,2024-11-01,False,2.0,5.0,,0.0
FDX8W3Z-13405-A ,6,2024-12-01,True,2.0,0.0,,0.0
FDX8W3Z-13405-A ,7,2025-01-01,True,2.0,0.0,,2.0
FDX8W3Z-13405-A ,8,2025-02-01,True,0.0,2.0,,0.0
FDX8W3Z-13405-A ,9,2025-03-01,True,0.0,0.0,,1.0
FDX8W3Z-13405-A ,10,2025-04-01,True,29.0,1.0,,1.0
FDX8W3Z-13405-A ,11,2025-05-01,False,28.0,1.0,6.0,2.0
FDX8W3Z-13405-A ,12,2025-06-01,False,26.0,2.0,5.0,
FDX8W7Z-13404-B ,0,2024-06-01,False,9.0,2.0,,4.0
FDX8W7Z-13404-B ,1,2024-07-01,False,5.0,4.0,,2.0
FDX8W7Z-13404-B ,2,2024-08-01,False,3.0,2.0,,1.0
FDX8W7Z-13404-B ,3,2024-09-01,False,2.0,1.0,,0.0
FDX8W7Z-13404-B ,4,2024-10-01,False,2.0,0.0,,0.0
FDX8W7Z-13404-B ,5,2024-11-01,False,14.0,0.0,,1.0
FDX8W7Z-13404-B ,6,2024-12-01,False,13.0,1.0,,2.0
FDX8W7Z-13404-B ,7,2025-01-01,False,11.0,2.0,,2.0
FDX8W7Z-13404-B ,8,2025-02-01,False,9.0,2.0,,2.0
FDX8W7Z-13404-B ,9,2025-03-01,False,7.0,2.0,,3.0
FDX8W7Z-13404-B ,10,2025-04-01,False,4.0,3.0,,2.0
FDX8W7Z-13404-B ,11,2025-05-01,False,3.0,2.0,1.0,1.0
FDX8W7Z-13404-B ,12,2025-06-01,False,14.0,1.0,3.0,
FDX8W7Z-13405-B ,0,2024-06-01,False,12.0,4.0,,6.0
FDX8W7Z-13405-B ,1,2024-07-01,False,6.0,6.0,,1.0
FDX8W7Z-13405-B ,2,2024-08-01,False,5.0,1.0,,1.0
FDX8W7Z-13405-B ,3,2024-09-01,False,4.0,1.0,,1.0
FDX8W7Z-13405-B ,4,2024-10-01,False,3.0,1.0,,0.0
FDX8W7Z-13405-B ,5,2024-11-01,False,15.0,0.0,,3.0
FDX8W7Z-13405-B ,6,2024-12-01,False,12.0,3.0,,1.0
FDX8W7Z-13405-B ,7,2025-01-01,False,11.0,1.0,,0.0
FDX8W7Z-13405-B ,8,2025-02-01,False,11.0,0.0,,2.0
FDX8W7Z-13405-B ,9,2025-03-01,False,9.0,2.0,,3.0
FDX8W7Z-13405-B ,10,2025-04-01,False,6.0,3.0,,2.0
FDX8W7Z-13405-B ,11,2025-05-01,False,4.0,2.0,2.0,1.0
FDX8W7Z-13405-B ,12,2025-06-01,False,15.0,1.0,3.0,
FDX9L1Z-16C826-A ,0,2024-06-01,False,20.0,0.0,,2.0
FDX9L1Z-16C826-A ,1,2024-07-01,False,18.0,2.0,,2.0
FDX9L1Z-16C826-A ,2,2024-08-01,False,16.0,2.0,,6.0
FDX9L1Z-16C826-A ,3,2024-09-01,False,10.0,6.0,,0.0
FDX9L1Z-16C826-A ,4,2024-10-01,False,10.0,0.0,,0.0
FDX9L1Z-16C826-A ,5,2024-11-01,False,10.0,0.0,,6.0
FDX9L1Z-16C826-A ,6,2024-12-01,False,4.0,6.0,,3.0
FDX9L1Z-16C826-A ,7,2025-01-01,False,1.0,3.0,,0.0
FDX9L1Z-16C826-A ,8,2025-02-01,True,1.0,0.0,,0.0
FDX9L1Z-16C826-A ,9,2025-03-01,True,1.0,0.0,,0.0
FDX9L1Z-16C826-A ,10,2025-04-01,True,31.0,0.0,,2.0
FDX9L1Z-16C826-A ,11,2025-05-01,False,30.0,2.0,4.0,1.0
FDX9L1Z-16C826-A ,12,2025-06-01,False,29.0,1.0,2.0,
FDX9L1Z-16C826-B ,0,2024-06-01,False,20.0,0.0,,0.0
FDX9L1Z-16C826-B ,1,2024-07-01,False,20.0,0.0,,2.0
FDX9L1Z-16C826-B ,2,2024-08-01,False,18.0,2.0,,0.0
FDX9L1Z-16C826-B ,3,2024-09-01,False,18.0,0.0,,0.0
FDX9L1Z-16C826-B ,4,2024-10-01,False,18.0,0.0,,0.0
FDX9L1Z-16C826-B ,5,2024-11-01,False,18.0,0.0,,6.0
FDX9L1Z-16C826-B ,6,2024-12-01,False,12.0,6.0,,6.0
FDX9L1Z-16C826-B ,7,2025-01-01,False,6.0,6.0,,4.0
FDX9L1Z-16C826-B ,8,2025-02-01,False,2.0,4.0,,0.0
FDX9L1Z-16C826-B ,9,2025-03-01,False,2.0,0.0,,0.0
FDX9L1Z-16C826-B ,10,2025-04-01,False,2.0,0.0,,0.0
FDX9L1Z-16C826-B ,11,2025-05-01,False,27.0,0.0,1.0,1.0
FDX9L1Z-16C826-B ,12,2025-06-01,False,26.0,1.0,2.0,
FDX9L3Z-16102-A ,0,2024-06-01,False,3.0,0.0,,0.0
FDX9L3Z-16102-A ,1,2024-07-01,False,3.0,0.0,,0.0
FDX9L3Z-16102-A ,2,2024-08-01,False,3.0,0.0,,0.0
FDX9L3Z-16102-A ,3,2024-09-01,False,3.0,0.0,,0.0
FDX9L3Z-16102-A ,4,2024-10-01,False,3.0,0.0,,0.0
FDX9L3Z-16102-A ,5,2024-11-01,False,3.0,0.0,,0.0
FDX9L3Z-16102-A ,6,2024-12-01,False,3.0,0.0,,0.0
FDX9L3Z-16102-A ,7,2025-01-01,False,3.0,0.0,,0.0
FDX9L3Z-16102-A ,8,2025-02-01,False,3.0,0.0,,0.0
FDX9L3Z-16102-A ,9,2025-03-01,False,3.0,0.0,,2.0
FDX9L3Z-16102-A ,10,2025-04-01,False,1.0,2.0,,0.0
FDX9L3Z-16102-A ,11,2025-05-01,False,1.0,0.0,1.0,0.0
FDX9L3Z-16102-A ,12,2025-06-01,False,1.0,0.0,1.0,
FDX9L3Z-16103-A ,0,2024-06-01,False,5.0,0.0,,0.0
FDX9L3Z-16103-A ,1,2024-07-01,False,5.0,0.0,,0.0
FDX9L3Z-16103-A ,2,2024-08-01,False,5.0,0.0,,0.0
FDX9L3Z-16103-A ,3,2024-09-01,False,5.0,0.0,,0.0
FDX9L3Z-16103-A ,4,2024-10-01,False,5.0,0.0,,0.0
FDX9L3Z-16103-A ,5,2024-11-01,False,5.0,0.0,,0.0
FDX9L3Z-16103-A ,6,2024-12-01,False,5.0,0.0,,0.0
FDX9L3Z-16103-A ,7,2025-01-01,False,5.0,0.0,,0.0
FDX9L3Z-16103-A ,8,2025-02-01,False,5.0,0.0,,0.0
FDX9L3Z-16103-A ,9,2025-03-01,False,5.0,0.0,,2.0
FDX9L3Z-16103-A ,10,2025-04-01,False,3.0,2.0,,0.0
FDX9L3Z-16103-A ,11,2025-05-01,False,3.0,0.0,0.0,0.0
FDX9L3Z-16103-A ,12,2025-06-01,False,3.0,0.0,0.0,
FDX9L3Z-16612-A ,0,2024-06-01,False,1.0,0.0,,0.0
FDX9L3Z-16612-A ,1,2024-07-01,False,1.0,0.0,,0.0
FDX9L3Z-16612-A ,2,2024-08-01,False,1.0,0.0,,0.0
FDX9L3Z-16612-A ,3,2024-09-01,False,1.0,0.0,,0.0
FDX9L3Z-16612-A ,4,2024-10-01,False,1.0,0.0,,0.0
FDX9L3Z-16612-A ,5,2024-11-01,False,1.0,0.0,,0.0
FDX9L3Z-16612-A ,6,2024-12-01,False,1.0,0.0,,0.0
FDX9L3Z-16612-A ,7,2025-01-01,False,1.0,0.0,,0.0
FDX9L3Z-16612-A ,8,2025-02-01,False,1.0,0.0,,1.0
FDX9L3Z-16612-A ,9,2025-03-01,False,0.0,1.0,,0.0
FDX9L3Z-16612-A ,10,2025-04-01,True,0.0,0.0,,0.0
FDX9L3Z-16612-A ,11,2025-05-01,True,0.0,0.0,0.0,0.0
FDX9L3Z-16612-A ,12,2025-06-01,True,0.0,0.0,0.0,
FDX9L3Z-16C826-A ,0,2024-06-01,False,15.0,0.0,,0.0
FDX9L3Z-16C826-A ,1,2024-07-01,False,15.0,0.0,,2.0
FDX9L3Z-16C826-A ,2,2024-08-01,False,13.0,2.0,,2.0
FDX9L3Z-16C826-A ,3,2024-09-01,False,11.0,2.0,,0.0
FDX9L3Z-16C826-A ,4,2024-10-01,False,11.0,0.0,,0.0
FDX9L3Z-16C826-A ,5,2024-11-01,False,11.0,0.0,,4.0
FDX9L3Z-16C826-A ,6,2024-12-01,False,7.0,4.0,,2.0
FDX9L3Z-16C826-A ,7,2025-01-01,False,5.0,2.0,,0.0
FDX9L3Z-16C826-A ,8,2025-02-01,False,5.0,0.0,,0.0
FDX9L3Z-16C826-A ,9,2025-03-01,False,5.0,0.0,,0.0
FDX9L3Z-16C826-A ,10,2025-04-01,False,35.0,0.0,,0.0
FDX9L3Z-16C826-A ,11,2025-05-01,False,35.0,0.0,1.0,0.0
FDX9L3Z-16C826-A ,12,2025-06-01,False,35.0,0.0,1.0,
FDX9L3Z-17682-BB ,0,2024-06-01,False,4.0,0.0,,0.0
FDX9L3Z-17682-BB ,1,2024-07-01,False,4.0,0.0,,0.0
FDX9L3Z-17682-BB ,2,2024-08-01,False,4.0,0.0,,1.0
FDX9L3Z-17682-BB ,3,2024-09-01,False,3.0,1.0,,0.0
FDX9L3Z-17682-BB ,4,2024-10-01,False,3.0,0.0,,0.0
FDX9L3Z-17682-BB ,5,2024-11-01,False,3.0,0.0,,1.0
FDX9L3Z-17682-BB ,6,2024-12-01,False,2.0,1.0,,0.0
FDX9L3Z-17682-BB ,7,2025-01-01,False,2.0,0.0,,0.0
FDX9L3Z-17682-BB ,8,2025-02-01,False,2.0,0.0,,0.0
FDX9L3Z-17682-BB ,9,2025-03-01,False,2.0,0.0,,0.0
FDX9L3Z-17682-BB ,10,2025-04-01,False,2.0,0.0,,0.0
FDX9L3Z-17682-BB ,11,2025-05-01,False,2.0,0.0,0.0,0.0
FDX9L3Z-17682-BB ,12,2025-06-01,False,2.0,0.0,0.0,
FDX9L3Z-17757-B ,0,2024-06-01,False,2.0,1.0,,0.0
FDX9L3Z-17757-B ,1,2024-07-01,False,2.0,0.0,,1.0
FDX9L3Z-17757-B ,2,2024-08-01,False,1.0,1.0,,0.0
FDX9L3Z-17757-B ,3,2024-09-01,False,1.0,0.0,,0.0
FDX9L3Z-17757-B ,4,2024-10-01,False,1.0,0.0,,0.0
FDX9L3Z-17757-B ,5,2024-11-01,False,1.0,0.0,,0.0
FDX9L3Z-17757-B ,6,2024-12-01,False,6.0,0.0,,0.0
FDX9L3Z-17757-B ,7,2025-01-01,False,6.0,0.0,,0.0
FDX9L3Z-17757-B ,8,2025-02-01,False,6.0,0.0,,0.0
FDX9L3Z-17757-B ,9,2025-03-01,False,6.0,0.0,,0.0
FDX9L3Z-17757-B ,10,2025-04-01,False,6.0,0.0,,0.0
FDX9L3Z-17757-B ,11,2025-05-01,False,6.0,0.0,0.0,0.0
FDX9L3Z-17757-B ,12,2025-06-01,False,6.0,0.0,0.0,
FDX9L3Z-17906-DPTM ,0,2024-06-01,False,1.0,0.0,,0.0
FDX9L3Z-17906-DPTM ,1,2024-07-01,False,1.0,0.0,,0.0
FDX9L3Z-17906-DPTM ,2,2024-08-01,False,1.0,0.0,,0.0
FDX9L3Z-17906-DPTM ,3,2024-09-01,False,1.0,0.0,,0.0
FDX9L3Z-17906-DPTM ,4,2024-10-01,False,1.0,0.0,,0.0
FDX9L3Z-17906-DPTM ,5,2024-11-01,False,1.0,0.0,,1.0
FDX9L3Z-17906-DPTM ,6,2024-12-01,False,0.0,1.0,,0.0
FDX9L3Z-17906-DPTM ,7,2025-01-01,True,0.0,0.0,,0.0
FDX9L3Z-17906-DPTM ,8,2025-02-01,True,0.0,0.0,,0.0
FDX9L3Z-17906-DPTM ,9,2025-03-01,True,0.0,0.0,,0.0
FDX9L3Z-17906-DPTM ,10,2025-04-01,True,1.0,0.0,,1.0
FDX9L3Z-17906-DPTM ,11,2025-05-01,False,0.0,1.0,1.0,0.0
FDX9L3Z-17906-DPTM ,12,2025-06-01,True,0.0,0.0,0.0,
FDX9L3Z-17B807-B ,0,2024-06-01,False,2.0,0.0,,1.0
FDX9L3Z-17B807-B ,1,2024-07-01,False,1.0,1.0,,0.0
FDX9L3Z-17B807-B ,2,2024-08-01,False,1.0,0.0,,1.0
FDX9L3Z-17B807-B ,3,2024-09-01,False,0.0,1.0,,0.0
FDX9L3Z-17B807-B ,4,2024-10-01,True,12.0,0.0,,1.0
FDX9L3Z-17B807-B ,5,2024-11-01,False,11.0,1.0,,0.0
FDX9L3Z-17B807-B ,6,2024-12-01,False,11.0,0.0,,1.0
FDX9L3Z-17B807-B ,7,2025-01-01,False,10.0,1.0,,1.0
FDX9L3Z-17B807-B ,8,2025-02-01,False,9.0,1.0,,0.0
FDX9L3Z-17B807-B ,9,2025-03-01,False,9.0,0.0,,1.0
FDX9L3Z-17B807-B ,10,2025-04-01,False,8.0,1.0,,1.0
FDX9L3Z-17B807-B ,11,2025-05-01,False,7.0,1.0,1.0,0.0
FDX9L3Z-17B807-B ,12,2025-06-01,False,11.0,0.0,1.0,
FDX9L3Z-17B807-C ,0,2024-06-01,True,0.0,0.0,,0.0
FDX9L3Z-17B807-C ,1,2024-07-01,True,0.0,0.0,,0.0
FDX9L3Z-17B807-C ,2,2024-08-01,True,0.0,0.0,,0.0
FDX9L3Z-17B807-C ,3,2024-09-01,True,0.0,0.0,,0.0
FDX9L3Z-17B807-C ,4,2024-10-01,True,2.0,0.0,,1.0
FDX9L3Z-17B807-C ,5,2024-11-01,False,1.0,1.0,,1.0
FDX9L3Z-17B807-C ,6,2024-12-01,False,0.0,1.0,,0.0
FDX9L3Z-17B807-C ,7,2025-01-01,True,0.0,0.0,,0.0
FDX9L3Z-17B807-C ,8,2025-02-01,True,0.0,0.0,,0.0
FDX9L3Z-17B807-C ,9,2025-03-01,True,0.0,0.0,,0.0
FDX9L3Z-17B807-C ,10,2025-04-01,True,4.0,0.0,,0.0
FDX9L3Z-17B807-C ,11,2025-05-01,False,4.0,0.0,0.0,0.0
FDX9L3Z-17B807-C ,12,2025-06-01,False,4.0,0.0,1.0,
FDX9L3Z-17E810-B ,0,2024-06-01,False,3.0,1.0,,0.0
FDX9L3Z-17E810-B ,1,2024-07-01,False,3.0,0.0,,2.0
FDX9L3Z-17E810-B ,2,2024-08-01,False,1.0,2.0,,1.0
FDX9L3Z-17E810-B ,3,2024-09-01,False,0.0,1.0,,0.0
FDX9L3Z-17E810-B ,4,2024-10-01,True,10.0,0.0,,1.0
FDX9L3Z-17E810-B ,5,2024-11-01,False,9.0,1.0,,4.0
FDX9L3Z-17E810-B ,6,2024-12-01,False,5.0,4.0,,0.0
FDX9L3Z-17E810-B ,7,2025-01-01,False,5.0,0.0,,0.0
FDX9L3Z-17E810-B ,8,2025-02-01,False,5.0,0.0,,1.0
FDX9L3Z-17E810-B ,9,2025-03-01,False,4.0,1.0,,1.0
FDX9L3Z-17E810-B ,10,2025-04-01,False,3.0,1.0,,2.0
FDX9L3Z-17E810-B ,11,2025-05-01,False,11.0,2.0,2.0,0.0
FDX9L3Z-17E810-B ,12,2025-06-01,False,11.0,0.0,1.0,
FDX9L3Z-17E811-A ,0,2024-06-01,False,8.0,0.0,,0.0
FDX9L3Z-17E811-A ,1,2024-07-01,False,8.0,0.0,,0.0
FDX9L3Z-17E811-A ,2,2024-08-01,False,8.0,0.0,,0.0
FDX9L3Z-17E811-A ,3,2024-09-01,False,8.0,0.0,,0.0
FDX9L3Z-17E811-A ,4,2024-10-01,False,8.0,0.0,,1.0
FDX9L3Z-17E811-A ,5,2024-11-01,False,7.0,1.0,,2.0
FDX9L3Z-17E811-A ,6,2024-12-01,False,5.0,2.0,,1.0
FDX9L3Z-17E811-A ,7,2025-01-01,False,4.0,1.0,,0.0
FDX9L3Z-17E811-A ,8,2025-02-01,False,4.0,0.0,,0.0
FDX9L3Z-17E811-A ,9,2025-03-01,False,4.0,0.0,,2.0
FDX9L3Z-17E811-A ,10,2025-04-01,False,2.0,2.0,,0.0
FDX9L3Z-17E811-A ,11,2025-05-01,False,2.0,0.0,1.0,1.0
FDX9L3Z-17E811-A ,12,2025-06-01,False,1.0,1.0,0.0,
FDX9L3Z-3078-A ,0,2024-06-01,False,9.0,0.0,,1.0
FDX9L3Z-3078-A ,1,2024-07-01,False,8.0,1.0,,0.0
FDX9L3Z-3078-A ,2,2024-08-01,False,8.0,0.0,,0.0
FDX9L3Z-3078-A ,3,2024-09-01,False,8.0,0.0,,0.0
FDX9L3Z-3078-A ,4,2024-10-01,False,8.0,0.0,,0.0
FDX9L3Z-3078-A ,5,2024-11-01,False,8.0,0.0,,1.0
FDX9L3Z-3078-A ,6,2024-12-01,False,7.0,1.0,,0.0
FDX9L3Z-3078-A ,7,2025-01-01,False,7.0,0.0,,0.0
FDX9L3Z-3078-A ,8,2025-02-01,False,7.0,0.0,,1.0
FDX9L3Z-3078-A ,9,2025-03-01,False,6.0,1.0,,0.0
FDX9L3Z-3078-A ,10,2025-04-01,False,6.0,0.0,,0.0
FDX9L3Z-3078-A ,11,2025-05-01,False,6.0,0.0,0.0,1.0
FDX9L3Z-3078-A ,12,2025-06-01,False,5.0,1.0,1.0,
FDX9L3Z-3079-A ,0,2024-06-01,False,3.0,1.0,,1.0
FDX9L3Z-3079-A ,1,2024-07-01,False,2.0,1.0,,0.0
FDX9L3Z-3079-A ,2,2024-08-01,False,2.0,0.0,,0.0
FDX9L3Z-3079-A ,3,2024-09-01,False,2.0,0.0,,0.0
FDX9L3Z-3079-A ,4,2024-10-01,False,2.0,0.0,,0.0
FDX9L3Z-3079-A ,5,2024-11-01,False,2.0,0.0,,0.0
FDX9L3Z-3079-A ,6,2024-12-01,False,2.0,0.0,,0.0
FDX9L3Z-3079-A ,7,2025-01-01,False,2.0,0.0,,0.0
FDX9L3Z-3079-A ,8,2025-02-01,False,2.0,0.0,,1.0
FDX9L3Z-3079-A ,9,2025-03-01,False,1.0,1.0,,0.0
FDX9L3Z-3079-A ,10,2025-04-01,False,13.0,0.0,,0.0
FDX9L3Z-3079-A ,11,2025-05-01,False,13.0,0.0,0.0,1.0
FDX9L3Z-3079-A ,12,2025-06-01,False,12.0,1.0,1.0,
FDX9R3Z-15200-B ,0,2024-06-01,True,0.0,0.0,,0.0
FDX9R3Z-15200-B ,1,2024-07-01,True,0.0,0.0,,0.0
FDX9R3Z-15200-B ,2,2024-08-01,True,0.0,0.0,,0.0
FDX9R3Z-15200-B ,3,2024-09-01,True,0.0,0.0,,0.0
FDX9R3Z-15200-B ,4,2024-10-01,True,0.0,0.0,,1.0
FDX9R3Z-15200-B ,5,2024-11-01,True,1.0,1.0,,0.0
FDX9R3Z-15200-B ,6,2024-12-01,False,1.0,0.0,,0.0
FDX9R3Z-15200-B ,7,2025-01-01,False,1.0,0.0,,0.0
FDX9R3Z-15200-B ,8,2025-02-01,False,1.0,0.0,,0.0
FDX9R3Z-15200-B ,9,2025-03-01,False,1.0,0.0,,0.0
FDX9R3Z-15200-B ,10,2025-04-01,False,1.0,0.0,,0.0
FDX9R3Z-15200-B ,11,2025-05-01,False,1.0,0.0,0.0,0.0
FDX9R3Z-15200-B ,12,2025-06-01,False,1.0,0.0,0.0,
FDX9R3Z-5A649-B ,0,2024-06-01,False,11.0,0.0,,0.0
FDX9R3Z-5A649-B ,1,2024-07-01,False,11.0,0.0,,2.0
FDX9R3Z-5A649-B ,2,2024-08-01,False,9.0,2.0,,2.0
FDX9R3Z-5A649-B ,3,2024-09-01,False,7.0,2.0,,0.0
FDX9R3Z-5A649-B ,4,2024-10-01,False,7.0,0.0,,2.0
FDX9R3Z-5A649-B ,5,2024-11-01,False,5.0,2.0,,2.0
FDX9R3Z-5A649-B ,6,2024-12-01,False,3.0,2.0,,0.0
FDX9R3Z-5A649-B ,7,2025-01-01,False,3.0,0.0,,0.0
FDX9R3Z-5A649-B ,8,2025-02-01,False,3.0,0.0,,0.0
FDX9R3Z-5A649-B ,9,2025-03-01,False,3.0,0.0,,0.0
FDX9R3Z-5A649-B ,10,2025-04-01,False,3.0,0.0,,0.0
FDX9R3Z-5A649-B ,11,2025-05-01,False,3.0,0.0,0.0,2.0
FDX9R3Z-5A649-B ,12,2025-06-01,False,1.0,2.0,0.0,
FDX9T4Z-8A080-A ,0,2024-06-01,False,7.0,2.0,,0.0
FDX9T4Z-8A080-A ,1,2024-07-01,False,19.0,0.0,,2.0
FDX9T4Z-8A080-A ,2,2024-08-01,False,17.0,2.0,,0.0
FDX9T4Z-8A080-A ,3,2024-09-01,False,17.0,0.0,,2.0
FDX9T4Z-8A080-A ,4,2024-10-01,False,15.0,2.0,,4.0
FDX9T4Z-8A080-A ,5,2024-11-01,False,11.0,4.0,,1.0
FDX9T4Z-8A080-A ,6,2024-12-01,False,10.0,1.0,,4.0
FDX9T4Z-8A080-A ,7,2025-01-01,False,6.0,4.0,,4.0
FDX9T4Z-8A080-A ,8,2025-02-01,False,2.0,4.0,,1.0
FDX9T4Z-8A080-A ,9,2025-03-01,False,1.0,1.0,,0.0
FDX9T4Z-8A080-A ,10,2025-04-01,True,19.0,0.0,,2.0
FDX9T4Z-8A080-A ,11,2025-05-01,False,17.0,2.0,3.0,2.0
FDX9T4Z-8A080-A ,12,2025-06-01,False,15.0,2.0,2.0,
FDXAD-1044 ,0,2024-06-01,False,24.0,0.0,,0.0
FDXAD-1044 ,1,2024-07-01,False,24.0,0.0,,0.0
FDXAD-1044 ,2,2024-08-01,False,24.0,0.0,,0.0
FDXAD-1044 ,3,2024-09-01,False,24.0,0.0,,0.0
FDXAD-1044 ,4,2024-10-01,False,24.0,0.0,,0.0
FDXAD-1044 ,5,2024-11-01,False,24.0,0.0,,1.0
FDXAD-1044 ,6,2024-12-01,False,23.0,1.0,,0.0
FDXAD-1044 ,7,2025-01-01,False,23.0,0.0,,0.0
FDXAD-1044 ,8,2025-02-01,False,23.0,0.0,,0.0
FDXAD-1044 ,9,2025-03-01,False,23.0,0.0,,0.0
FDXAD-1044 ,10,2025-04-01,False,23.0,0.0,,0.0
FDXAD-1044 ,11,2025-05-01,False,23.0,0.0,0.0,0.0
FDXAD-1044 ,12,2025-06-01,False,23.0,0.0,0.0,
FDXAD-1050 ,0,2024-06-01,False,36.0,4.0,,2.0
FDXAD-1050 ,1,2024-07-01,False,34.0,2.0,,5.0
FDXAD-1050 ,2,2024-08-01,False,29.0,5.0,,4.0
FDXAD-1050 ,3,2024-09-01,False,25.0,4.0,,2.0
FDXAD-1050 ,4,2024-10-01,False,23.0,2.0,,0.0
FDXAD-1050 ,5,2024-11-01,False,23.0,0.0,,0.0
FDXAD-1050 ,6,2024-12-01,False,23.0,0.0,,0.0
FDXAD-1050 ,7,2025-01-01,False,23.0,0.0,,4.0
FDXAD-1050 ,8,2025-02-01,False,19.0,4.0,,5.0
FDXAD-1050 ,9,2025-03-01,False,14.0,5.0,,0.0
FDXAD-1050 ,10,2025-04-01,False,14.0,0.0,,3.0
FDXAD-1050 ,11,2025-05-01,False,11.0,3.0,3.0,2.0
FDXAD-1050 ,12,2025-06-01,False,45.0,2.0,2.0,
FDXAD-1059 ,0,2024-06-01,False,45.0,5.0,,12.0
FDXAD-1059 ,1,2024-07-01,False,33.0,12.0,,11.0
FDXAD-1059 ,2,2024-08-01,False,22.0,11.0,,1.0
FDXAD-1059 ,3,2024-09-01,False,21.0,1.0,,0.0
FDXAD-1059 ,4,2024-10-01,False,21.0,0.0,,6.0
FDXAD-1059 ,5,2024-11-01,False,15.0,6.0,,9.0
FDXAD-1059 ,6,2024-12-01,False,46.0,9.0,,4.0
FDXAD-1059 ,7,2025-01-01,False,42.0,4.0,,8.0
FDXAD-1059 ,8,2025-02-01,False,34.0,8.0,,4.0
FDXAD-1059 ,9,2025-03-01,False,30.0,4.0,,5.0
FDXAD-1059 ,10,2025-04-01,False,25.0,5.0,,0.0
FDXAD-1059 ,11,2025-05-01,False,25.0,0.0,4.0,0.0
FDXAD-1059 ,12,2025-06-01,False,25.0,0.0,3.0,
FDXAD-1066 ,0,2024-06-01,False,30.0,3.0,,11.0
FDXAD-1066 ,1,2024-07-01,False,19.0,11.0,,1.0
FDXAD-1066 ,2,2024-08-01,False,18.0,1.0,,8.0
FDXAD-1066 ,3,2024-09-01,False,10.0,8.0,,4.0
FDXAD-1066 ,4,2024-10-01,False,6.0,4.0,,0.0
FDXAD-1066 ,5,2024-11-01,False,30.0,0.0,,0.0
FDXAD-1066 ,6,2024-12-01,False,30.0,0.0,,2.0
FDXAD-1066 ,7,2025-01-01,False,28.0,2.0,,1.0
FDXAD-1066 ,8,2025-02-01,False,27.0,1.0,,1.0
FDXAD-1066 ,9,2025-03-01,False,26.0,1.0,,2.0
FDXAD-1066 ,10,2025-04-01,False,24.0,2.0,,2.0
FDXAD-1066 ,11,2025-05-01,False,22.0,2.0,3.0,0.0
FDXAD-1066 ,12,2025-06-01,False,46.0,0.0,2.0,
FDXAD-1100 ,0,2024-06-01,False,34.0,1.0,,2.0
FDXAD-1100 ,1,2024-07-01,False,32.0,2.0,,5.0
FDXAD-1100 ,2,2024-08-01,False,27.0,5.0,,0.0
FDXAD-1100 ,3,2024-09-01,False,27.0,0.0,,4.0
FDXAD-1100 ,4,2024-10-01,False,23.0,4.0,,2.0
FDXAD-1100 ,5,2024-11-01,False,21.0,2.0,,0.0
FDXAD-1100 ,6,2024-12-01,False,21.0,0.0,,2.0
FDXAD-1100 ,7,2025-01-01,False,19.0,2.0,,2.0
FDXAD-1100 ,8,2025-02-01,False,17.0,2.0,,2.0
FDXAD-1100 ,9,2025-03-01,False,15.0,2.0,,3.0
FDXAD-1100 ,10,2025-04-01,False,36.0,3.0,,0.0
FDXAD-1100 ,11,2025-05-01,False,36.0,0.0,2.0,0.0
FDXAD-1100 ,12,2025-06-01,False,36.0,0.0,2.0,
FDXAD-1147 ,0,2024-06-01,False,2.0,0.0,,1.0
FDXAD-1147 ,1,2024-07-01,False,1.0,1.0,,1.0
FDXAD-1147 ,2,2024-08-01,True,0.0,1.0,,0.0
FDXAD-1147 ,3,2024-09-01,True,0.0,0.0,,0.0
FDXAD-1147 ,4,2024-10-01,True,24.0,0.0,,3.0
FDXAD-1147 ,5,2024-11-01,False,21.0,3.0,,2.0
FDXAD-1147 ,6,2024-12-01,False,19.0,2.0,,2.0
FDXAD-1147 ,7,2025-01-01,False,17.0,2.0,,2.0
FDXAD-1147 ,8,2025-02-01,False,15.0,2.0,,0.0
FDXAD-1147 ,9,2025-03-01,False,15.0,0.0,,2.0
FDXAD-1147 ,10,2025-04-01,False,37.0,2.0,,4.0
FDXAD-1147 ,11,2025-05-01,False,33.0,4.0,3.0,0.0
FDXAD-1147 ,12,2025-06-01,False,33.0,0.0,2.0,
FDXAG1Z-16C826-A ,0,2024-06-01,False,18.0,2.0,,6.0
FDXAG1Z-16C826-A ,1,2024-07-01,False,27.0,6.0,,2.0
FDXAG1Z-16C826-A ,2,2024-08-01,False,25.0,2.0,,4.0
FDXAG1Z-16C826-A ,3,2024-09-01,False,21.0,4.0,,2.0
FDXAG1Z-16C826-A ,4,2024-10-01,False,19.0,2.0,,4.0
FDXAG1Z-16C826-A ,5,2024-11-01,False,15.0,4.0,,4.0
FDXAG1Z-16C826-A ,6,2024-12-01,False,11.0,4.0,,4.0
FDXAG1Z-16C826-A ,7,2025-01-01,False,7.0,4.0,,0.0
FDXAG1Z-16C826-A ,8,2025-02-01,False,7.0,0.0,,0.0
FDXAG1Z-16C826-A ,9,2025-03-01,False,7.0,0.0,,0.0
FDXAG1Z-16C826-A ,10,2025-04-01,False,7.0,0.0,,0.0
FDXAG1Z-16C826-A ,11,2025-05-01,False,20.0,0.0,1.0,0.0
FDXAG1Z-16C826-A ,12,2025-06-01,False,20.0,0.0,3.0,
FDXAG1Z-16C826-B ,0,2024-06-01,False,31.0,0.0,,2.0
FDXAG1Z-16C826-B ,1,2024-07-01,False,29.0,2.0,,2.0
FDXAG1Z-16C826-B ,2,2024-08-01,False,27.0,2.0,,0.0
FDXAG1Z-16C826-B ,3,2024-09-01,False,27.0,0.0,,2.0
FDXAG1Z-16C826-B ,4,2024-10-01,False,25.0,2.0,,4.0
FDXAG1Z-16C826-B ,5,2024-11-01,False,21.0,4.0,,2.0
FDXAG1Z-16C826-B ,6,2024-12-01,False,19.0,2.0,,2.0
FDXAG1Z-16C826-B ,7,2025-01-01,False,17.0,2.0,,0.0
FDXAG1Z-16C826-B ,8,2025-02-01,False,17.0,0.0,,0.0
FDXAG1Z-16C826-B ,9,2025-03-01,False,17.0,0.0,,2.0
FDXAG1Z-16C826-B ,10,2025-04-01,False,15.0,2.0,,2.0
FDXAG1Z-16C826-B ,11,2025-05-01,False,25.0,2.0,2.0,2.0
FDXAG1Z-16C826-B ,12,2025-06-01,False,23.0,2.0,2.0,
FDXAG1Z-54406A10-A ,0,2024-06-01,False,4.0,0.0,,0.0
FDXAG1Z-54406A10-A ,1,2024-07-01,False,4.0,0.0,,2.0
FDXAG1Z-54406A10-A ,2,2024-08-01,False,2.0,2.0,,0.0
FDXAG1Z-54406A10-A ,3,2024-09-01,False,2.0,0.0,,0.0
FDXAG1Z-54406A10-A ,4,2024-10-01,False,2.0,0.0,,2.0
FDXAG1Z-54406A10-A ,5,2024-11-01,False,0.0,2.0,,0.0
FDXAG1Z-54406A10-A ,6,2024-12-01,True,0.0,0.0,,0.0
FDXAG1Z-54406A10-A ,7,2025-01-01,True,0.0,0.0,,0.0
FDXAG1Z-54406A10-A ,8,2025-02-01,True,0.0,0.0,,0.0
FDXAG1Z-54406A10-A ,9,2025-03-01,True,0.0,0.0,,0.0
FDXAG1Z-54406A10-A ,10,2025-04-01,True,10.0,0.0,,0.0
FDXAG1Z-54406A10-A ,11,2025-05-01,False,10.0,0.0,1.0,0.0
FDXAG1Z-54406A10-A ,12,2025-06-01,False,10.0,0.0,1.0,
FDXAG1Z-8A080-S ,0,2024-06-01,False,15.0,4.0,,2.0
FDXAG1Z-8A080-S ,1,2024-07-01,False,13.0,2.0,,4.0
FDXAG1Z-8A080-S ,2,2024-08-01,False,9.0,4.0,,0.0
FDXAG1Z-8A080-S ,3,2024-09-01,False,9.0,0.0,,4.0
FDXAG1Z-8A080-S ,4,2024-10-01,False,5.0,4.0,,2.0
FDXAG1Z-8A080-S ,5,2024-11-01,False,19.0,2.0,,6.0
FDXAG1Z-8A080-S ,6,2024-12-01,False,13.0,6.0,,2.0
FDXAG1Z-8A080-S ,7,2025-01-01,False,11.0,2.0,,5.0
FDXAG1Z-8A080-S ,8,2025-02-01,False,6.0,5.0,,0.0
FDXAG1Z-8A080-S ,9,2025-03-01,False,6.0,0.0,,2.0
FDXAG1Z-8A080-S ,10,2025-04-01,False,4.0,2.0,,1.0
FDXAG1Z-8A080-S ,11,2025-05-01,False,15.0,1.0,2.0,2.0
FDXAG1Z-8A080-S ,12,2025-06-01,False,37.0,2.0,2.0,
FDXAL1Z-15200-A ,0,2024-06-01,False,12.0,0.0,,0.0
FDXAL1Z-15200-A ,1,2024-07-01,False,12.0,0.0,,0.0
FDXAL1Z-15200-A ,2,2024-08-01,False,12.0,0.0,,0.0
FDXAL1Z-15200-A ,3,2024-09-01,False,12.0,0.0,,4.0
FDXAL1Z-15200-A ,4,2024-10-01,False,28.0,4.0,,0.0
FDXAL1Z-15200-A ,5,2024-11-01,False,28.0,0.0,,2.0
FDXAL1Z-15200-A ,6,2024-12-01,False,26.0,2.0,,2.0
FDXAL1Z-15200-A ,7,2025-01-01,False,24.0,2.0,,2.0
FDXAL1Z-15200-A ,8,2025-02-01,False,22.0,2.0,,3.0
FDXAL1Z-15200-A ,9,2025-03-01,False,19.0,3.0,,5.0
FDXAL1Z-15200-A ,10,2025-04-01,False,14.0,5.0,,2.0
FDXAL1Z-15200-A ,11,2025-05-01,False,12.0,2.0,3.0,1.0
FDXAL1Z-15200-A ,12,2025-06-01,False,11.0,1.0,2.0,
FDXAL3Z-3084-B ,0,2024-06-01,False,10.0,1.0,,4.0
FDXAL3Z-3084-B ,1,2024-07-01,False,6.0,4.0,,0.0
FDXAL3Z-3084-B ,2,2024-08-01,False,6.0,0.0,,0.0
FDXAL3Z-3084-B ,3,2024-09-01,False,6.0,0.0,,2.0
FDXAL3Z-3084-B ,4,2024-10-01,False,4.0,2.0,,1.0
FDXAL3Z-3084-B ,5,2024-11-01,False,13.0,1.0,,1.0
FDXAL3Z-3084-B ,6,2024-12-01,False,12.0,1.0,,0.0
FDXAL3Z-3084-B ,7,2025-01-01,False,12.0,0.0,,0.0
FDXAL3Z-3084-B ,8,2025-02-01,False,12.0,0.0,,0.0
FDXAL3Z-3084-B ,9,2025-03-01,False,12.0,0.0,,0.0
FDXAL3Z-3084-B ,10,2025-04-01,False,12.0,0.0,,0.0
FDXAL3Z-3084-B ,11,2025-05-01,False,12.0,0.0,0.0,0.0
FDXAL3Z-3084-B ,12,2025-06-01,False,12.0,0.0,1.0,
FDXAL3Z-3085-B ,0,2024-06-01,False,10.0,1.0,,4.0
FDXAL3Z-3085-B ,1,2024-07-01,False,6.0,4.0,,0.0
FDXAL3Z-3085-B ,2,2024-08-01,False,6.0,0.0,,0.0
FDXAL3Z-3085-B ,3,2024-09-01,False,6.0,0.0,,1.0
FDXAL3Z-3085-B ,4,2024-10-01,False,5.0,1.0,,1.0
FDXAL3Z-3085-B ,5,2024-11-01,False,14.0,1.0,,1.0
FDXAL3Z-3085-B ,6,2024-12-01,False,13.0,1.0,,0.0
FDXAL3Z-3085-B ,7,2025-01-01,False,13.0,0.0,,0.0
FDXAL3Z-3085-B ,8,2025-02-01,False,13.0,0.0,,0.0
FDXAL3Z-3085-B ,9,2025-03-01,False,13.0,0.0,,0.0
FDXAL3Z-3085-B ,10,2025-04-01,False,13.0,0.0,,0.0
FDXAL3Z-3085-B ,11,2025-05-01,False,13.0,0.0,1.0,0.0
FDXAL3Z-3085-B ,12,2025-06-01,False,13.0,0.0,1.0,
FDXAR3Z-16005-A ,0,2024-06-01,False,1.0,0.0,,0.0
FDXAR3Z-16005-A ,1,2024-07-01,False,1.0,0.0,,0.0
FDXAR3Z-16005-A ,2,2024-08-01,False,1.0,0.0,,0.0
FDXAR3Z-16005-A ,3,2024-09-01,False,1.0,0.0,,1.0
FDXAR3Z-16005-A ,4,2024-10-01,False,2.0,1.0,,0.0
FDXAR3Z-16005-A ,5,2024-11-01,False,2.0,0.0,,0.0
FDXAR3Z-16005-A ,6,2024-12-01,False,2.0,0.0,,0.0
FDXAR3Z-16005-A ,7,2025-01-01,False,2.0,0.0,,0.0
FDXAR3Z-16005-A ,8,2025-02-01,False,2.0,0.0,,0.0
FDXAR3Z-16005-A ,9,2025-03-01,False,2.0,0.0,,0.0
FDXAR3Z-16005-A ,10,2025-04-01,False,2.0,0.0,,0.0
FDXAR3Z-16005-A ,11,2025-05-01,False,2.0,0.0,0.0,0.0
FDXAR3Z-16005-A ,12,2025-06-01,False,2.0,0.0,0.0,
FDXAR3Z-16102-A ,0,2024-06-01,False,7.0,0.0,,0.0
FDXAR3Z-16102-A ,1,2024-07-01,False,7.0,0.0,,0.0
FDXAR3Z-16102-A ,2,2024-08-01,False,7.0,0.0,,0.0
FDXAR3Z-16102-A ,3,2024-09-01,False,7.0,0.0,,1.0
FDXAR3Z-16102-A ,4,2024-10-01,False,6.0,1.0,,0.0
FDXAR3Z-16102-A ,5,2024-11-01,False,6.0,0.0,,0.0
FDXAR3Z-16102-A ,6,2024-12-01,False,6.0,0.0,,0.0
FDXAR3Z-16102-A ,7,2025-01-01,False,6.0,0.0,,0.0
FDXAR3Z-16102-A ,8,2025-02-01,False,6.0,0.0,,0.0
FDXAR3Z-16102-A ,9,2025-03-01,False,6.0,0.0,,0.0
FDXAR3Z-16102-A ,10,2025-04-01,False,6.0,0.0,,0.0
FDXAR3Z-16102-A ,11,2025-05-01,False,6.0,0.0,0.0,2.0
FDXAR3Z-16102-A ,12,2025-06-01,False,4.0,2.0,0.0,
FDXAR3Z-16102-B ,0,2024-06-01,False,5.0,0.0,,0.0
FDXAR3Z-16102-B ,1,2024-07-01,False,5.0,0.0,,0.0
FDXAR3Z-16102-B ,2,2024-08-01,False,5.0,0.0,,0.0
FDXAR3Z-16102-B ,3,2024-09-01,False,5.0,0.0,,1.0
FDXAR3Z-16102-B ,4,2024-10-01,False,4.0,1.0,,0.0
FDXAR3Z-16102-B ,5,2024-11-01,False,4.0,0.0,,0.0
FDXAR3Z-16102-B ,6,2024-12-01,False,4.0,0.0,,0.0
FDXAR3Z-16102-B ,7,2025-01-01,False,4.0,0.0,,0.0
FDXAR3Z-16102-B ,8,2025-02-01,False,4.0,0.0,,0.0
FDXAR3Z-16102-B ,9,2025-03-01,False,4.0,0.0,,0.0
FDXAR3Z-16102-B ,10,2025-04-01,False,4.0,0.0,,0.0
FDXAR3Z-16102-B ,11,2025-05-01,False,4.0,0.0,0.0,1.0
FDXAR3Z-16102-B ,12,2025-06-01,False,3.0,1.0,0.0,
FDXAR3Z-16103-A ,0,2024-06-01,False,7.0,0.0,,0.0
FDXAR3Z-16103-A ,1,2024-07-01,False,7.0,0.0,,0.0
FDXAR3Z-16103-A ,2,2024-08-01,False,7.0,0.0,,1.0
FDXAR3Z-16103-A ,3,2024-09-01,False,6.0,1.0,,1.0
FDXAR3Z-16103-A ,4,2024-10-01,False,5.0,1.0,,0.0
FDXAR3Z-16103-A ,5,2024-11-01,False,5.0,0.0,,0.0
FDXAR3Z-16103-A ,6,2024-12-01,False,5.0,0.0,,0.0
FDXAR3Z-16103-A ,7,2025-01-01,False,5.0,0.0,,0.0
FDXAR3Z-16103-A ,8,2025-02-01,False,5.0,0.0,,0.0
FDXAR3Z-16103-A ,9,2025-03-01,False,5.0,0.0,,0.0
FDXAR3Z-16103-A ,10,2025-04-01,False,5.0,0.0,,0.0
FDXAR3Z-16103-A ,11,2025-05-01,False,5.0,0.0,0.0,1.0
FDXAR3Z-16103-A ,12,2025-06-01,False,4.0,1.0,0.0,
FDXAR3Z-16103-B ,0,2024-06-01,False,3.0,0.0,,0.0
FDXAR3Z-16103-B ,1,2024-07-01,False,3.0,0.0,,0.0
FDXAR3Z-16103-B ,2,2024-08-01,False,3.0,0.0,,1.0
FDXAR3Z-16103-B ,3,2024-09-01,False,2.0,1.0,,1.0
FDXAR3Z-16103-B ,4,2024-10-01,False,1.0,1.0,,0.0
FDXAR3Z-16103-B ,5,2024-11-01,False,1.0,0.0,,0.0
FDXAR3Z-16103-B ,6,2024-12-01,False,1.0,0.0,,0.0
FDXAR3Z-16103-B ,7,2025-01-01,False,1.0,0.0,,0.0
FDXAR3Z-16103-B ,8,2025-02-01,False,1.0,0.0,,0.0
FDXAR3Z-16103-B ,9,2025-03-01,False,1.0,0.0,,0.0
FDXAR3Z-16103-B ,10,2025-04-01,False,6.0,0.0,,0.0
FDXAR3Z-16103-B ,11,2025-05-01,False,6.0,0.0,0.0,1.0
FDXAR3Z-16103-B ,12,2025-06-01,False,5.0,1.0,0.0,
FDXAR3Z-17618-A ,0,2024-06-01,False,2.0,0.0,,0.0
FDXAR3Z-17618-A ,1,2024-07-01,False,7.0,0.0,,0.0
FDXAR3Z-17618-A ,2,2024-08-01,False,7.0,0.0,,0.0
FDXAR3Z-17618-A ,3,2024-09-01,False,7.0,0.0,,3.0
FDXAR3Z-17618-A ,4,2024-10-01,False,4.0,3.0,,0.0
FDXAR3Z-17618-A ,5,2024-11-01,False,4.0,0.0,,0.0
FDXAR3Z-17618-A ,6,2024-12-01,False,4.0,0.0,,0.0
FDXAR3Z-17618-A ,7,2025-01-01,False,4.0,0.0,,0.0
FDXAR3Z-17618-A ,8,2025-02-01,False,4.0,0.0,,0.0
FDXAR3Z-17618-A ,9,2025-03-01,False,4.0,0.0,,1.0
FDXAR3Z-17618-A ,10,2025-04-01,False,3.0,1.0,,0.0
FDXAR3Z-17618-A ,11,2025-05-01,False,3.0,0.0,0.0,0.0
FDXAR3Z-17618-A ,12,2025-06-01,False,8.0,0.0,1.0,
FDXAR3Z-3078-B ,0,2024-06-01,False,8.0,0.0,,0.0
FDXAR3Z-3078-B ,1,2024-07-01,False,8.0,0.0,,2.0
FDXAR3Z-3078-B ,2,2024-08-01,False,6.0,2.0,,0.0
FDXAR3Z-3078-B ,3,2024-09-01,False,6.0,0.0,,0.0
FDXAR3Z-3078-B ,4,2024-10-01,False,6.0,0.0,,1.0
FDXAR3Z-3078-B ,5,2024-11-01,False,5.0,1.0,,0.0
FDXAR3Z-3078-B ,6,2024-12-01,False,5.0,0.0,,0.0
FDXAR3Z-3078-B ,7,2025-01-01,False,5.0,0.0,,0.0
FDXAR3Z-3078-B ,8,2025-02-01,False,5.0,0.0,,0.0
FDXAR3Z-3078-B ,9,2025-03-01,False,5.0,0.0,,0.0
FDXAR3Z-3078-B ,10,2025-04-01,False,5.0,0.0,,0.0
FDXAR3Z-3078-B ,11,2025-05-01,False,5.0,0.0,0.0,0.0
FDXAR3Z-3078-B ,12,2025-06-01,False,5.0,0.0,0.0,
FDXAR3Z-3079-B ,0,2024-06-01,False,7.0,0.0,,0.0
FDXAR3Z-3079-B ,1,2024-07-01,False,7.0,0.0,,1.0
FDXAR3Z-3079-B ,2,2024-08-01,False,6.0,1.0,,0.0
FDXAR3Z-3079-B ,3,2024-09-01,False,6.0,0.0,,0.0
FDXAR3Z-3079-B ,4,2024-10-01,False,6.0,0.0,,0.0
FDXAR3Z-3079-B ,5,2024-11-01,False,6.0,0.0,,0.0
FDXAR3Z-3079-B ,6,2024-12-01,False,6.0,0.0,,0.0
FDXAR3Z-3079-B ,7,2025-01-01,False,6.0,0.0,,0.0
FDXAR3Z-3079-B ,8,2025-02-01,False,6.0,0.0,,0.0
FDXAR3Z-3079-B ,9,2025-03-01,False,6.0,0.0,,0.0
FDXAR3Z-3079-B ,10,2025-04-01,False,6.0,0.0,,0.0
FDXAR3Z-3079-B ,11,2025-05-01,False,6.0,0.0,0.0,0.0
FDXAR3Z-3079-B ,12,2025-06-01,False,6.0,0.0,0.0,
FDXAT4Z-17682-AA ,0,2024-06-01,False,23.0,1.0,,2.0
FDXAT4Z-17682-AA ,1,2024-07-01,False,21.0,2.0,,1.0
FDXAT4Z-17682-AA ,2,2024-08-01,False,20.0,1.0,,5.0
FDXAT4Z-17682-AA ,3,2024-09-01,False,15.0,5.0,,0.0
FDXAT4Z-17682-AA ,4,2024-10-01,False,15.0,0.0,,1.0
FDXAT4Z-17682-AA ,5,2024-11-01,False,14.0,1.0,,1.0
FDXAT4Z-17682-AA ,6,2024-12-01,False,13.0,1.0,,4.0
FDXAT4Z-17682-AA ,7,2025-01-01,False,9.0,4.0,,0.0
FDXAT4Z-17682-AA ,8,2025-02-01,False,9.0,0.0,,3.0
FDXAT4Z-17682-AA ,9,2025-03-01,False,6.0,3.0,,2.0
FDXAT4Z-17682-AA ,10,2025-04-01,False,4.0,2.0,,2.0
FDXAT4Z-17682-AA ,11,2025-05-01,False,2.0,2.0,1.0,0.0
FDXAT4Z-17682-AA ,12,2025-06-01,False,18.0,0.0,2.0,
FDXAT4Z-17683-AA ,0,2024-06-01,False,14.0,1.0,,1.0
FDXAT4Z-17683-AA ,1,2024-07-01,False,13.0,1.0,,0.0
FDXAT4Z-17683-AA ,2,2024-08-01,False,13.0,0.0,,1.0
FDXAT4Z-17683-AA ,3,2024-09-01,False,12.0,1.0,,0.0
FDXAT4Z-17683-AA ,4,2024-10-01,False,12.0,0.0,,3.0
FDXAT4Z-17683-AA ,5,2024-11-01,False,21.0,3.0,,0.0
FDXAT4Z-17683-AA ,6,2024-12-01,False,21.0,0.0,,0.0
FDXAT4Z-17683-AA ,7,2025-01-01,False,21.0,0.0,,0.0
FDXAT4Z-17683-AA ,8,2025-02-01,False,21.0,0.0,,1.0
FDXAT4Z-17683-AA ,9,2025-03-01,False,20.0,1.0,,3.0
FDXAT4Z-17683-AA ,10,2025-04-01,False,17.0,3.0,,1.0
FDXAT4Z-17683-AA ,11,2025-05-01,False,16.0,1.0,1.0,0.0
FDXAT4Z-17683-AA ,12,2025-06-01,False,16.0,0.0,1.0,
FDXBA5Z-3C377-C ,0,2024-06-01,False,5.0,0.0,,0.0
FDXBA5Z-3C377-C ,1,2024-07-01,False,5.0,0.0,,0.0
FDXBA5Z-3C377-C ,2,2024-08-01,False,13.0,0.0,,0.0
FDXBA5Z-3C377-C ,3,2024-09-01,False,13.0,0.0,,0.0
FDXBA5Z-3C377-C ,4,2024-10-01,False,23.0,0.0,,0.0
FDXBA5Z-3C377-C ,5,2024-11-01,False,23.0,0.0,,1.0
FDXBA5Z-3C377-C ,6,2024-12-01,False,22.0,1.0,,2.0
FDXBA5Z-3C377-C ,7,2025-01-01,False,20.0,2.0,,0.0
FDXBA5Z-3C377-C ,8,2025-02-01,False,20.0,0.0,,2.0
FDXBA5Z-3C377-C ,9,2025-03-01,False,18.0,2.0,,0.0
FDXBA5Z-3C377-C ,10,2025-04-01,False,18.0,0.0,,2.0
FDXBA5Z-3C377-C ,11,2025-05-01,False,16.0,2.0,1.0,2.0
FDXBA5Z-3C377-C ,12,2025-06-01,False,14.0,2.0,1.0,
FDXBB5Z-13008-J ,0,2024-06-01,False,3.0,0.0,,0.0
FDXBB5Z-13008-J ,1,2024-07-01,False,3.0,0.0,,0.0
FDXBB5Z-13008-J ,2,2024-08-01,False,3.0,0.0,,0.0
FDXBB5Z-13008-J ,3,2024-09-01,False,3.0,0.0,,1.0
FDXBB5Z-13008-J ,4,2024-10-01,False,2.0,1.0,,0.0
FDXBB5Z-13008-J ,5,2024-11-01,False,2.0,0.0,,0.0
FDXBB5Z-13008-J ,6,2024-12-01,False,2.0,0.0,,0.0
FDXBB5Z-13008-J ,7,2025-01-01,False,2.0,0.0,,0.0
FDXBB5Z-13008-J ,8,2025-02-01,False,2.0,0.0,,0.0
FDXBB5Z-13008-J ,9,2025-03-01,False,2.0,0.0,,0.0
FDXBB5Z-13008-J ,10,2025-04-01,False,2.0,0.0,,0.0
FDXBB5Z-13008-J ,11,2025-05-01,False,2.0,0.0,0.0,0.0
FDXBB5Z-13008-J ,12,2025-06-01,False,2.0,0.0,0.0,
FDXBB5Z-13404-C ,0,2024-06-01,False,7.0,1.0,,0.0
FDXBB5Z-13404-C ,1,2024-07-01,False,7.0,0.0,,0.0
FDXBB5Z-13404-C ,2,2024-08-01,False,7.0,0.0,,0.0
FDXBB5Z-13404-C ,3,2024-09-01,False,7.0,0.0,,0.0
FDXBB5Z-13404-C ,4,2024-10-01,False,7.0,0.0,,0.0
FDXBB5Z-13404-C ,5,2024-11-01,False,7.0,0.0,,0.0
FDXBB5Z-13404-C ,6,2024-12-01,False,7.0,0.0,,1.0
FDXBB5Z-13404-C ,7,2025-01-01,False,6.0,1.0,,0.0
FDXBB5Z-13404-C ,8,2025-02-01,False,6.0,0.0,,0.0
FDXBB5Z-13404-C ,9,2025-03-01,False,6.0,0.0,,0.0
FDXBB5Z-13404-C ,10,2025-04-01,False,6.0,0.0,,0.0
FDXBB5Z-13404-C ,11,2025-05-01,False,6.0,0.0,0.0,0.0
FDXBB5Z-13404-C ,12,2025-06-01,False,6.0,0.0,0.0,
FDXBB5Z-13405-C ,0,2024-06-01,False,11.0,0.0,,2.0
FDXBB5Z-13405-C ,1,2024-07-01,False,9.0,2.0,,0.0
FDXBB5Z-13405-C ,2,2024-08-01,False,9.0,0.0,,1.0
FDXBB5Z-13405-C ,3,2024-09-01,False,8.0,1.0,,1.0
FDXBB5Z-13405-C ,4,2024-10-01,False,7.0,1.0,,0.0
FDXBB5Z-13405-C ,5,2024-11-01,False,7.0,0.0,,0.0
FDXBB5Z-13405-C ,6,2024-12-01,False,7.0,0.0,,0.0
FDXBB5Z-13405-C ,7,2025-01-01,False,7.0,0.0,,0.0
FDXBB5Z-13405-C ,8,2025-02-01,False,7.0,0.0,,1.0
FDXBB5Z-13405-C ,9,2025-03-01,False,6.0,1.0,,0.0
FDXBB5Z-13405-C ,10,2025-04-01,False,6.0,0.0,,0.0
FDXBB5Z-13405-C ,11,2025-05-01,False,6.0,0.0,0.0,0.0
FDXBB5Z-13405-C ,12,2025-06-01,False,6.0,0.0,1.0,
FDXBB5Z-17618-A ,0,2024-06-01,False,10.0,0.0,,0.0
FDXBB5Z-17618-A ,1,2024-07-01,False,10.0,0.0,,0.0
FDXBB5Z-17618-A ,2,2024-08-01,False,10.0,0.0,,0.0
FDXBB5Z-17618-A ,3,2024-09-01,False,10.0,0.0,,0.0
FDXBB5Z-17618-A ,4,2024-10-01,False,10.0,0.0,,1.0
FDXBB5Z-17618-A ,5,2024-11-01,False,9.0,1.0,,2.0
FDXBB5Z-17618-A ,6,2024-12-01,False,7.0,2.0,,1.0
FDXBB5Z-17618-A ,7,2025-01-01,False,6.0,1.0,,1.0
FDXBB5Z-17618-A ,8,2025-02-01,False,5.0,1.0,,1.0
FDXBB5Z-17618-A ,9,2025-03-01,False,6.0,1.0,,0.0
FDXBB5Z-17618-A ,10,2025-04-01,False,6.0,0.0,,0.0
FDXBB5Z-17618-A ,11,2025-05-01,False,6.0,0.0,0.0,0.0
FDXBB5Z-17618-A ,12,2025-06-01,False,6.0,0.0,0.0,
FDXBB5Z-17682-NA ,0,2024-06-01,False,8.0,0.0,,1.0
FDXBB5Z-17682-NA ,1,2024-07-01,False,7.0,1.0,,1.0
FDXBB5Z-17682-NA ,2,2024-08-01,False,6.0,1.0,,0.0
FDXBB5Z-17682-NA ,3,2024-09-01,False,6.0,0.0,,2.0
FDXBB5Z-17682-NA ,4,2024-10-01,False,4.0,2.0,,0.0
FDXBB5Z-17682-NA ,5,2024-11-01,False,4.0,0.0,,0.0
FDXBB5Z-17682-NA ,6,2024-12-01,False,4.0,0.0,,0.0
FDXBB5Z-17682-NA ,7,2025-01-01,False,4.0,0.0,,0.0
FDXBB5Z-17682-NA ,8,2025-02-01,False,4.0,0.0,,0.0
FDXBB5Z-17682-NA ,9,2025-03-01,False,4.0,0.0,,0.0
FDXBB5Z-17682-NA ,10,2025-04-01,False,4.0,0.0,,0.0
FDXBB5Z-17682-NA ,11,2025-05-01,False,4.0,0.0,1.0,0.0
FDXBB5Z-17682-NA ,12,2025-06-01,False,4.0,0.0,1.0,
FDXBB5Z-17683-NA ,0,2024-06-01,False,8.0,0.0,,0.0
FDXBB5Z-17683-NA ,1,2024-07-01,False,8.0,0.0,,0.0
FDXBB5Z-17683-NA ,2,2024-08-01,False,8.0,0.0,,0.0
FDXBB5Z-17683-NA ,3,2024-09-01,False,8.0,0.0,,0.0
FDXBB5Z-17683-NA ,4,2024-10-01,False,8.0,0.0,,0.0
FDXBB5Z-17683-NA ,5,2024-11-01,False,8.0,0.0,,0.0
FDXBB5Z-17683-NA ,6,2024-12-01,False,8.0,0.0,,0.0
FDXBB5Z-17683-NA ,7,2025-01-01,False,8.0,0.0,,0.0
FDXBB5Z-17683-NA ,8,2025-02-01,False,8.0,0.0,,0.0
FDXBB5Z-17683-NA ,9,2025-03-01,False,8.0,0.0,,0.0
FDXBB5Z-17683-NA ,10,2025-04-01,False,8.0,0.0,,2.0
FDXBB5Z-17683-NA ,11,2025-05-01,False,6.0,2.0,0.0,1.0
FDXBB5Z-17683-NA ,12,2025-06-01,False,5.0,1.0,1.0,
FDXBB5Z-3078-A ,0,2024-06-01,False,3.0,3.0,,1.0
FDXBB5Z-3078-A ,1,2024-07-01,False,2.0,1.0,,0.0
FDXBB5Z-3078-A ,2,2024-08-01,False,2.0,0.0,,0.0
FDXBB5Z-3078-A ,3,2024-09-01,False,2.0,0.0,,0.0
FDXBB5Z-3078-A ,4,2024-10-01,False,2.0,0.0,,0.0
FDXBB5Z-3078-A ,5,2024-11-01,False,14.0,0.0,,3.0
FDXBB5Z-3078-A ,6,2024-12-01,False,11.0,3.0,,0.0
FDXBB5Z-3078-A ,7,2025-01-01,False,11.0,0.0,,1.0
FDXBB5Z-3078-A ,8,2025-02-01,False,10.0,1.0,,2.0
FDXBB5Z-3078-A ,9,2025-03-01,False,8.0,2.0,,0.0
FDXBB5Z-3078-A ,10,2025-04-01,False,8.0,0.0,,1.0
FDXBB5Z-3078-A ,11,2025-05-01,False,7.0,1.0,1.0,0.0
FDXBB5Z-3078-A ,12,2025-06-01,False,7.0,0.0,2.0,
FDXBB5Z-3078-B ,0,2024-06-01,True,-1.0,1.0,,0.0
FDXBB5Z-3078-B ,1,2024-07-01,True,0.0,0.0,,0.0
FDXBB5Z-3078-B ,2,2024-08-01,True,0.0,0.0,,0.0
FDXBB5Z-3078-B ,3,2024-09-01,True,0.0,0.0,,0.0
FDXBB5Z-3078-B ,4,2024-10-01,True,0.0,0.0,,0.0
FDXBB5Z-3078-B ,5,2024-11-01,True,0.0,0.0,,0.0
FDXBB5Z-3078-B ,6,2024-12-01,True,0.0,0.0,,0.0
FDXBB5Z-3078-B ,7,2025-01-01,True,0.0,0.0,,0.0
FDXBB5Z-3078-B ,8,2025-02-01,True,0.0,0.0,,0.0
FDXBB5Z-3078-B ,9,2025-03-01,True,0.0,0.0,,0.0
FDXBB5Z-3078-B ,10,2025-04-01,True,0.0,0.0,,0.0
FDXBB5Z-3078-B ,11,2025-05-01,True,0.0,0.0,0.0,0.0
FDXBB5Z-3078-B ,12,2025-06-01,True,0.0,0.0,0.0,
FDXBB5Z-3079-A ,0,2024-06-01,False,6.0,3.0,,1.0
FDXBB5Z-3079-A ,1,2024-07-01,False,5.0,1.0,,0.0
FDXBB5Z-3079-A ,2,2024-08-01,False,5.0,0.0,,0.0
FDXBB5Z-3079-A ,3,2024-09-01,False,5.0,0.0,,0.0
FDXBB5Z-3079-A ,4,2024-10-01,False,5.0,0.0,,0.0
FDXBB5Z-3079-A ,5,2024-11-01,False,17.0,0.0,,3.0
FDXBB5Z-3079-A ,6,2024-12-01,False,14.0,3.0,,0.0
FDXBB5Z-3079-A ,7,2025-01-01,False,14.0,0.0,,1.0
FDXBB5Z-3079-A ,8,2025-02-01,False,13.0,1.0,,2.0
FDXBB5Z-3079-A ,9,2025-03-01,False,11.0,2.0,,0.0
FDXBB5Z-3079-A ,10,2025-04-01,False,11.0,0.0,,1.0
FDXBB5Z-3079-A ,11,2025-05-01,False,10.0,1.0,1.0,0.0
FDXBB5Z-3079-A ,12,2025-06-01,False,10.0,0.0,1.0,
FDXBB5Z-3C377-B ,0,2024-06-01,False,4.0,4.0,,0.0
FDXBB5Z-3C377-B ,1,2024-07-01,False,4.0,0.0,,4.0
FDXBB5Z-3C377-B ,2,2024-08-01,False,0.0,4.0,,0.0
FDXBB5Z-3C377-B ,3,2024-09-01,True,0.0,0.0,,0.0
FDXBB5Z-3C377-B ,4,2024-10-01,True,0.0,0.0,,0.0
FDXBB5Z-3C377-B ,5,2024-11-01,True,0.0,0.0,,0.0
FDXBB5Z-3C377-B ,6,2024-12-01,True,0.0,0.0,,0.0
FDXBB5Z-3C377-B ,7,2025-01-01,True,0.0,0.0,,0.0
FDXBB5Z-3C377-B ,8,2025-02-01,True,0.0,0.0,,0.0
FDXBB5Z-3C377-B ,9,2025-03-01,True,0.0,0.0,,0.0
FDXBB5Z-3C377-B ,10,2025-04-01,True,0.0,0.0,,0.0
FDXBB5Z-3C377-B ,11,2025-05-01,True,0.0,0.0,0.0,0.0
FDXBB5Z-3C377-B ,12,2025-06-01,True,0.0,0.0,0.0,
FDXBB5Z-78406A10-A ,0,2024-06-01,False,8.0,0.0,,0.0
FDXBB5Z-78406A10-A ,1,2024-07-01,False,8.0,0.0,,1.0
FDXBB5Z-78406A10-A ,2,2024-08-01,False,7.0,1.0,,0.0
FDXBB5Z-78406A10-A ,3,2024-09-01,False,7.0,0.0,,0.0
FDXBB5Z-78406A10-A ,4,2024-10-01,False,7.0,0.0,,0.0
FDXBB5Z-78406A10-A ,5,2024-11-01,False,7.0,0.0,,3.0
FDXBB5Z-78406A10-A ,6,2024-12-01,False,4.0,3.0,,3.0
FDXBB5Z-78406A10-A ,7,2025-01-01,False,1.0,3.0,,1.0
FDXBB5Z-78406A10-A ,8,2025-02-01,False,0.0,1.0,,0.0
FDXBB5Z-78406A10-A ,9,2025-03-01,True,0.0,0.0,,0.0
FDXBB5Z-78406A10-A ,10,2025-04-01,True,24.0,0.0,,0.0
FDXBB5Z-78406A10-A ,11,2025-05-01,False,24.0,0.0,1.0,2.0
FDXBB5Z-78406A10-A ,12,2025-06-01,False,22.0,2.0,1.0,
FDXBB5Z-78406A10-B ,0,2024-06-01,False,2.0,0.0,,0.0
FDXBB5Z-78406A10-B ,1,2024-07-01,False,2.0,0.0,,0.0
FDXBB5Z-78406A10-B ,2,2024-08-01,False,2.0,0.0,,0.0
FDXBB5Z-78406A10-B ,3,2024-09-01,False,2.0,0.0,,0.0
FDXBB5Z-78406A10-B ,4,2024-10-01,False,2.0,0.0,,1.0
FDXBB5Z-78406A10-B ,5,2024-11-01,False,1.0,1.0,,0.0
FDXBB5Z-78406A10-B ,6,2024-12-01,False,1.0,0.0,,0.0
FDXBB5Z-78406A10-B ,7,2025-01-01,False,1.0,0.0,,1.0
FDXBB5Z-78406A10-B ,8,2025-02-01,False,0.0,1.0,,0.0
FDXBB5Z-78406A10-B ,9,2025-03-01,True,0.0,0.0,,0.0
FDXBB5Z-78406A10-B ,10,2025-04-01,True,0.0,0.0,,0.0
FDXBB5Z-78406A10-B ,11,2025-05-01,True,0.0,0.0,0.0,0.0
FDXBB5Z-78406A10-B ,12,2025-06-01,True,0.0,0.0,0.0,
FDXBB5Z-78406A11-AA ,0,2024-06-01,True,6.0,0.0,,0.0
FDXBB5Z-78406A11-AA ,1,2024-07-01,False,6.0,0.0,,1.0
FDXBB5Z-78406A11-AA ,2,2024-08-01,False,5.0,1.0,,0.0
FDXBB5Z-78406A11-AA ,3,2024-09-01,False,5.0,0.0,,0.0
FDXBB5Z-78406A11-AA ,4,2024-10-01,False,5.0,0.0,,1.0
FDXBB5Z-78406A11-AA ,5,2024-11-01,False,4.0,1.0,,3.0
FDXBB5Z-78406A11-AA ,6,2024-12-01,False,1.0,3.0,,1.0
FDXBB5Z-78406A11-AA ,7,2025-01-01,False,0.0,1.0,,0.0
FDXBB5Z-78406A11-AA ,8,2025-02-01,True,0.0,0.0,,0.0
FDXBB5Z-78406A11-AA ,9,2025-03-01,True,0.0,0.0,,0.0
FDXBB5Z-78406A11-AA ,10,2025-04-01,True,0.0,0.0,,0.0
FDXBB5Z-78406A11-AA ,11,2025-05-01,True,0.0,0.0,0.0,0.0
FDXBB5Z-78406A11-AA ,12,2025-06-01,True,0.0,0.0,0.0,
FDXBB5Z-8200-AA ,0,2024-06-01,True,4.0,1.0,,1.0
FDXBB5Z-8200-AA ,1,2024-07-01,False,3.0,1.0,,3.0
FDXBB5Z-8200-AA ,2,2024-08-01,False,0.0,3.0,,0.0
FDXBB5Z-8200-AA ,3,2024-09-01,True,0.0,0.0,,0.0
FDXBB5Z-8200-AA ,4,2024-10-01,True,0.0,0.0,,0.0
FDXBB5Z-8200-AA ,5,2024-11-01,True,0.0,0.0,,0.0
FDXBB5Z-8200-AA ,6,2024-12-01,True,0.0,0.0,,0.0
FDXBB5Z-8200-AA ,7,2025-01-01,True,0.0,0.0,,0.0
FDXBB5Z-8200-AA ,8,2025-02-01,True,0.0,0.0,,1.0
FDXBB5Z-8200-AA ,9,2025-03-01,True,4.0,1.0,,4.0
FDXBB5Z-8200-AA ,10,2025-04-01,False,0.0,4.0,,0.0
FDXBB5Z-8200-AA ,11,2025-05-01,True,0.0,0.0,1.0,0.0
FDXBB5Z-8200-AA ,12,2025-06-01,True,0.0,0.0,0.0,
FDXBG1Z-13008-A ,0,2024-06-01,False,4.0,0.0,,0.0
FDXBG1Z-13008-A ,1,2024-07-01,False,4.0,0.0,,3.0
FDXBG1Z-13008-A ,2,2024-08-01,False,1.0,3.0,,0.0
FDXBG1Z-13008-A ,3,2024-09-01,False,1.0,0.0,,0.0
FDXBG1Z-13008-A ,4,2024-10-01,False,1.0,0.0,,1.0
FDXBG1Z-13008-A ,5,2024-11-01,False,0.0,1.0,,0.0
FDXBG1Z-13008-A ,6,2024-12-01,True,4.0,0.0,,1.0
FDXBG1Z-13008-A ,7,2025-01-01,False,3.0,1.0,,0.0
FDXBG1Z-13008-A ,8,2025-02-01,False,3.0,0.0,,0.0
FDXBG1Z-13008-A ,9,2025-03-01,False,3.0,0.0,,1.0
FDXBG1Z-13008-A ,10,2025-04-01,False,2.0,1.0,,1.0
FDXBG1Z-13008-A ,11,2025-05-01,False,1.0,1.0,0.0,0.0
FDXBG1Z-13008-A ,12,2025-06-01,False,1.0,0.0,0.0,
FDXBG1Z-13008-B ,0,2024-06-01,False,3.0,0.0,,0.0
FDXBG1Z-13008-B ,1,2024-07-01,False,3.0,0.0,,1.0
FDXBG1Z-13008-B ,2,2024-08-01,False,2.0,1.0,,0.0
FDXBG1Z-13008-B ,3,2024-09-01,False,2.0,0.0,,0.0
FDXBG1Z-13008-B ,4,2024-10-01,False,2.0,0.0,,1.0
FDXBG1Z-13008-B ,5,2024-11-01,False,1.0,1.0,,0.0
FDXBG1Z-13008-B ,6,2024-12-01,False,5.0,0.0,,0.0
FDXBG1Z-13008-B ,7,2025-01-01,False,5.0,0.0,,0.0
FDXBG1Z-13008-B ,8,2025-02-01,False,5.0,0.0,,0.0
FDXBG1Z-13008-B ,9,2025-03-01,False,5.0,0.0,,0.0
FDXBG1Z-13008-B ,10,2025-04-01,False,5.0,0.0,,1.0
FDXBG1Z-13008-B ,11,2025-05-01,False,4.0,1.0,0.0,0.0
FDXBG1Z-13008-B ,12,2025-06-01,False,4.0,0.0,1.0,
FDXBG1Z-16102-A ,0,2024-06-01,False,4.0,1.0,,1.0
FDXBG1Z-16102-A ,1,2024-07-01,False,3.0,1.0,,1.0
FDXBG1Z-16102-A ,2,2024-08-01,False,2.0,1.0,,0.0
FDXBG1Z-16102-A ,3,2024-09-01,False,2.0,0.0,,1.0
FDXBG1Z-16102-A ,4,2024-10-01,False,1.0,1.0,,0.0
FDXBG1Z-16102-A ,5,2024-11-01,False,1.0,0.0,,0.0
FDXBG1Z-16102-A ,6,2024-12-01,False,1.0,0.0,,0.0
FDXBG1Z-16102-A ,7,2025-01-01,False,1.0,0.0,,0.0
FDXBG1Z-16102-A ,8,2025-02-01,False,1.0,0.0,,0.0
FDXBG1Z-16102-A ,9,2025-03-01,False,1.0,0.0,,0.0
FDXBG1Z-16102-A ,10,2025-04-01,False,1.0,0.0,,0.0
FDXBG1Z-16102-A ,11,2025-05-01,False,1.0,0.0,0.0,0.0
FDXBG1Z-16102-A ,12,2025-06-01,False,1.0,0.0,0.0,
FDXBG1Z-16103-A ,0,2024-06-01,False,10.0,1.0,,1.0
FDXBG1Z-16103-A ,1,2024-07-01,False,9.0,1.0,,1.0
FDXBG1Z-16103-A ,2,2024-08-01,False,8.0,1.0,,0.0
FDXBG1Z-16103-A ,3,2024-09-01,False,8.0,0.0,,0.0
FDXBG1Z-16103-A ,4,2024-10-01,False,8.0,0.0,,0.0
FDXBG1Z-16103-A ,5,2024-11-01,False,8.0,0.0,,0.0
FDXBG1Z-16103-A ,6,2024-12-01,False,8.0,0.0,,0.0
FDXBG1Z-16103-A ,7,2025-01-01,False,8.0,0.0,,0.0
FDXBG1Z-16103-A ,8,2025-02-01,False,8.0,0.0,,0.0
FDXBG1Z-16103-A ,9,2025-03-01,False,8.0,0.0,,0.0
FDXBG1Z-16103-A ,10,2025-04-01,False,8.0,0.0,,0.0
FDXBG1Z-16103-A ,11,2025-05-01,False,8.0,0.0,0.0,0.0
FDXBG1Z-16103-A ,12,2025-06-01,False,8.0,0.0,0.0,
FDXBL1Z-17K835-HA ,0,2024-06-01,True,0.0,0.0,,0.0
FDXBL1Z-17K835-HA ,1,2024-07-01,True,0.0,0.0,,0.0
FDXBL1Z-17K835-HA ,2,2024-08-01,True,0.0,0.0,,0.0
FDXBL1Z-17K835-HA ,3,2024-09-01,True,0.0,0.0,,0.0
FDXBL1Z-17K835-HA ,4,2024-10-01,True,2.0,0.0,,0.0
FDXBL1Z-17K835-HA ,5,2024-11-01,False,2.0,0.0,,1.0
FDXBL1Z-17K835-HA ,6,2024-12-01,False,1.0,1.0,,0.0
FDXBL1Z-17K835-HA ,7,2025-01-01,False,1.0,0.0,,0.0
FDXBL1Z-17K835-HA ,8,2025-02-01,False,1.0,0.0,,1.0
FDXBL1Z-17K835-HA ,9,2025-03-01,False,0.0,1.0,,0.0
FDXBL1Z-17K835-HA ,10,2025-04-01,True,0.0,0.0,,0.0
FDXBL1Z-17K835-HA ,11,2025-05-01,True,2.0,0.0,0.0,0.0
FDXBL1Z-17K835-HA ,12,2025-06-01,False,2.0,0.0,0.0,
FDXBL3Z-13404-AB ,0,2024-06-01,False,9.0,0.0,,3.0
FDXBL3Z-13404-AB ,1,2024-07-01,False,6.0,3.0,,0.0
FDXBL3Z-13404-AB ,2,2024-08-01,False,6.0,0.0,,0.0
FDXBL3Z-13404-AB ,3,2024-09-01,False,6.0,0.0,,0.0
FDXBL3Z-13404-AB ,4,2024-10-01,False,6.0,0.0,,1.0
FDXBL3Z-13404-AB ,5,2024-11-01,False,17.0,1.0,,0.0
FDXBL3Z-13404-AB ,6,2024-12-01,False,17.0,0.0,,0.0
FDXBL3Z-13404-AB ,7,2025-01-01,False,17.0,0.0,,0.0
FDXBL3Z-13404-AB ,8,2025-02-01,False,17.0,0.0,,1.0
FDXBL3Z-13404-AB ,9,2025-03-01,False,16.0,1.0,,0.0
FDXBL3Z-13404-AB ,10,2025-04-01,False,16.0,0.0,,1.0
FDXBL3Z-13404-AB ,11,2025-05-01,False,15.0,1.0,1.0,0.0
FDXBL3Z-13404-AB ,12,2025-06-01,False,15.0,0.0,1.0,
FDXBL3Z-13404-B ,0,2024-06-01,False,13.0,0.0,,1.0
FDXBL3Z-13404-B ,1,2024-07-01,False,12.0,1.0,,1.0
FDXBL3Z-13404-B ,2,2024-08-01,False,11.0,1.0,,3.0
FDXBL3Z-13404-B ,3,2024-09-01,False,8.0,3.0,,3.0
FDXBL3Z-13404-B ,4,2024-10-01,False,5.0,3.0,,2.0
FDXBL3Z-13404-B ,5,2024-11-01,False,15.0,2.0,,4.0
FDXBL3Z-13404-B ,6,2024-12-01,False,11.0,4.0,,3.0
FDXBL3Z-13404-B ,7,2025-01-01,False,20.0,3.0,,0.0
FDXBL3Z-13404-B ,8,2025-02-01,False,20.0,0.0,,4.0
FDXBL3Z-13404-B ,9,2025-03-01,False,16.0,4.0,,1.0
FDXBL3Z-13404-B ,10,2025-04-01,False,15.0,1.0,,0.0
FDXBL3Z-13404-B ,11,2025-05-01,False,15.0,0.0,1.0,0.0
FDXBL3Z-13404-B ,12,2025-06-01,False,27.0,0.0,2.0,
FDXBL3Z-13405-AB ,0,2024-06-01,False,17.0,0.0,,1.0
FDXBL3Z-13405-AB ,1,2024-07-01,False,16.0,1.0,,1.0
FDXBL3Z-13405-AB ,2,2024-08-01,False,15.0,1.0,,0.0
FDXBL3Z-13405-AB ,3,2024-09-01,False,15.0,0.0,,0.0
FDXBL3Z-13405-AB ,4,2024-10-01,False,15.0,0.0,,1.0
FDXBL3Z-13405-AB ,5,2024-11-01,False,14.0,1.0,,1.0
FDXBL3Z-13405-AB ,6,2024-12-01,False,13.0,1.0,,0.0
FDXBL3Z-13405-AB ,7,2025-01-01,False,13.0,0.0,,0.0
FDXBL3Z-13405-AB ,8,2025-02-01,False,13.0,0.0,,1.0
FDXBL3Z-13405-AB ,9,2025-03-01,False,12.0,1.0,,1.0
FDXBL3Z-13405-AB ,10,2025-04-01,False,11.0,1.0,,1.0
FDXBL3Z-13405-AB ,11,2025-05-01,False,10.0,1.0,2.0,0.0
FDXBL3Z-13405-AB ,12,2025-06-01,False,10.0,0.0,2.0,
FDXBL3Z-13405-B ,0,2024-06-01,False,15.0,1.0,,1.0
FDXBL3Z-13405-B ,1,2024-07-01,False,14.0,1.0,,0.0
FDXBL3Z-13405-B ,2,2024-08-01,False,14.0,0.0,,6.0
FDXBL3Z-13405-B ,3,2024-09-01,False,8.0,6.0,,5.0
FDXBL3Z-13405-B ,4,2024-10-01,False,3.0,5.0,,2.0
FDXBL3Z-13405-B ,5,2024-11-01,False,13.0,2.0,,7.0
FDXBL3Z-13405-B ,6,2024-12-01,False,6.0,7.0,,6.0
FDXBL3Z-13405-B ,7,2025-01-01,False,12.0,6.0,,0.0
FDXBL3Z-13405-B ,8,2025-02-01,False,12.0,0.0,,3.0
FDXBL3Z-13405-B ,9,2025-03-01,False,9.0,3.0,,2.0
FDXBL3Z-13405-B ,10,2025-04-01,False,19.0,2.0,,1.0
FDXBL3Z-13405-B ,11,2025-05-01,False,18.0,1.0,3.0,0.0
FDXBL3Z-13405-B ,12,2025-06-01,False,42.0,0.0,2.0,
FDXBL3Z-15200-A ,0,2024-06-01,False,21.0,2.0,,0.0
FDXBL3Z-15200-A ,1,2024-07-01,False,21.0,0.0,,0.0
FDXBL3Z-15200-A ,2,2024-08-01,False,21.0,0.0,,0.0
FDXBL3Z-15200-A ,3,2024-09-01,False,21.0,0.0,,0.0
FDXBL3Z-15200-A ,4,2024-10-01,False,21.0,0.0,,0.0
FDXBL3Z-15200-A ,5,2024-11-01,False,21.0,0.0,,0.0
FDXBL3Z-15200-A ,6,2024-12-01,False,21.0,0.0,,0.0
FDXBL3Z-15200-A ,7,2025-01-01,False,21.0,0.0,,2.0
FDXBL3Z-15200-A ,8,2025-02-01,False,19.0,2.0,,0.0
FDXBL3Z-15200-A ,9,2025-03-01,False,19.0,0.0,,0.0
FDXBL3Z-15200-A ,10,2025-04-01,False,19.0,0.0,,0.0
FDXBL3Z-15200-A ,11,2025-05-01,False,19.0,0.0,0.0,0.0
FDXBL3Z-15200-A ,12,2025-06-01,False,19.0,0.0,0.0,
FDXBL3Z-17682-CA ,0,2024-06-01,False,8.0,3.0,,1.0
FDXBL3Z-17682-CA ,1,2024-07-01,False,7.0,1.0,,0.0
FDXBL3Z-17682-CA ,2,2024-08-01,False,7.0,0.0,,0.0
FDXBL3Z-17682-CA ,3,2024-09-01,False,7.0,0.0,,2.0
FDXBL3Z-17682-CA ,4,2024-10-01,False,25.0,2.0,,0.0
FDXBL3Z-17682-CA ,5,2024-11-01,False,25.0,0.0,,4.0
FDXBL3Z-17682-CA ,6,2024-12-01,False,21.0,4.0,,5.0
FDXBL3Z-17682-CA ,7,2025-01-01,False,16.0,5.0,,0.0
FDXBL3Z-17682-CA ,8,2025-02-01,False,16.0,0.0,,0.0
FDXBL3Z-17682-CA ,9,2025-03-01,False,16.0,0.0,,0.0
FDXBL3Z-17682-CA ,10,2025-04-01,False,16.0,0.0,,0.0
FDXBL3Z-17682-CA ,11,2025-05-01,False,22.0,0.0,3.0,0.0
FDXBL3Z-17682-CA ,12,2025-06-01,False,22.0,0.0,2.0,
FDXBL3Z-17683-CA ,0,2024-06-01,False,3.0,4.0,,0.0
FDXBL3Z-17683-CA ,1,2024-07-01,False,3.0,0.0,,0.0
FDXBL3Z-17683-CA ,2,2024-08-01,False,3.0,0.0,,0.0
FDXBL3Z-17683-CA ,3,2024-09-01,False,3.0,0.0,,1.0
FDXBL3Z-17683-CA ,4,2024-10-01,False,22.0,1.0,,0.0
FDXBL3Z-17683-CA ,5,2024-11-01,False,22.0,0.0,,5.0
FDXBL3Z-17683-CA ,6,2024-12-01,False,17.0,5.0,,10.0
FDXBL3Z-17683-CA ,7,2025-01-01,False,7.0,10.0,,4.0
FDXBL3Z-17683-CA ,8,2025-02-01,False,3.0,4.0,,1.0
FDXBL3Z-17683-CA ,9,2025-03-01,False,2.0,1.0,,0.0
FDXBL3Z-17683-CA ,10,2025-04-01,True,2.0,0.0,,0.0
FDXBL3Z-17683-CA ,11,2025-05-01,True,34.0,0.0,4.0,2.0
FDXBL3Z-17683-CA ,12,2025-06-01,False,32.0,2.0,3.0,
FDXBR3Z-17682-AA ,0,2024-06-01,False,6.0,0.0,,0.0
FDXBR3Z-17682-AA ,1,2024-07-01,False,6.0,0.0,,0.0
FDXBR3Z-17682-AA ,2,2024-08-01,False,6.0,0.0,,0.0
FDXBR3Z-17682-AA ,3,2024-09-01,False,6.0,0.0,,0.0
FDXBR3Z-17682-AA ,4,2024-10-01,False,6.0,0.0,,0.0
FDXBR3Z-17682-AA ,5,2024-11-01,False,6.0,0.0,,0.0
FDXBR3Z-17682-AA ,6,2024-12-01,False,6.0,0.0,,1.0
FDXBR3Z-17682-AA ,7,2025-01-01,False,5.0,1.0,,0.0
FDXBR3Z-17682-AA ,8,2025-02-01,False,5.0,0.0,,0.0
FDXBR3Z-17682-AA ,9,2025-03-01,False,5.0,0.0,,1.0
FDXBR3Z-17682-AA ,10,2025-04-01,False,4.0,1.0,,0.0
FDXBR3Z-17682-AA ,11,2025-05-01,False,4.0,0.0,1.0,0.0
FDXBR3Z-17682-AA ,12,2025-06-01,False,4.0,0.0,1.0,
FDXBR3Z-17683-AA ,0,2024-06-01,False,5.0,0.0,,0.0
FDXBR3Z-17683-AA ,1,2024-07-01,False,5.0,0.0,,0.0
FDXBR3Z-17683-AA ,2,2024-08-01,False,5.0,0.0,,0.0
FDXBR3Z-17683-AA ,3,2024-09-01,False,5.0,0.0,,0.0
FDXBR3Z-17683-AA ,4,2024-10-01,False,5.0,0.0,,0.0
FDXBR3Z-17683-AA ,5,2024-11-01,False,5.0,0.0,,0.0
FDXBR3Z-17683-AA ,6,2024-12-01,False,5.0,0.0,,0.0
FDXBR3Z-17683-AA ,7,2025-01-01,False,5.0,0.0,,0.0
FDXBR3Z-17683-AA ,8,2025-02-01,False,5.0,0.0,,0.0
FDXBR3Z-17683-AA ,9,2025-03-01,False,5.0,0.0,,1.0
FDXBR3Z-17683-AA ,10,2025-04-01,False,4.0,1.0,,0.0
FDXBR3Z-17683-AA ,11,2025-05-01,False,4.0,0.0,0.0,0.0
FDXBR3Z-17683-AA ,12,2025-06-01,False,4.0,0.0,0.0,
FDXBRG-13 ,0,2024-06-01,True,25.0,0.0,,2.0
FDXBRG-13 ,1,2024-07-01,False,23.0,2.0,,1.0
FDXBRG-13 ,2,2024-08-01,False,22.0,1.0,,0.0
FDXBRG-13 ,3,2024-09-01,False,22.0,0.0,,3.0
FDXBRG-13 ,4,2024-10-01,False,19.0,3.0,,2.0
FDXBRG-13 ,5,2024-11-01,False,17.0,2.0,,1.0
FDXBRG-13 ,6,2024-12-01,False,16.0,1.0,,5.0
FDXBRG-13 ,7,2025-01-01,False,11.0,5.0,,3.0
FDXBRG-13 ,8,2025-02-01,False,5.0,3.0,,1.0
FDXBRG-13 ,9,2025-03-01,False,5.0,1.0,,2.0
FDXBRG-13 ,10,2025-04-01,False,4.0,2.0,,1.0
FDXBRG-13 ,11,2025-05-01,False,4.0,1.0,1.0,0.0
FDXBRG-13 ,12,2025-06-01,False,4.0,0.0,2.0,
FDXBRG-4 ,0,2024-06-01,False,10.0,0.0,,1.0
FDXBRG-4 ,1,2024-07-01,False,9.0,1.0,,1.0
FDXBRG-4 ,2,2024-08-01,False,8.0,1.0,,0.0
FDXBRG-4 ,3,2024-09-01,False,8.0,0.0,,1.0
FDXBRG-4 ,4,2024-10-01,False,7.0,1.0,,1.0
FDXBRG-4 ,5,2024-11-01,False,6.0,1.0,,0.0
FDXBRG-4 ,6,2024-12-01,False,6.0,0.0,,1.0
FDXBRG-4 ,7,2025-01-01,False,5.0,1.0,,0.0
FDXBRG-4 ,8,2025-02-01,False,5.0,0.0,,0.0
FDXBRG-4 ,9,2025-03-01,False,5.0,0.0,,1.0
FDXBRG-4 ,10,2025-04-01,False,4.0,1.0,,0.0
FDXBRG-4 ,11,2025-05-01,False,4.0,0.0,0.0,0.0
FDXBRG-4 ,12,2025-06-01,False,4.0,0.0,0.0,
FDXBT4Z-13008-A ,0,2024-06-01,False,12.0,1.0,,0.0
FDXBT4Z-13008-A ,1,2024-07-01,False,18.0,0.0,,0.0
FDXBT4Z-13008-A ,2,2024-08-01,False,18.0,0.0,,0.0
FDXBT4Z-13008-A ,3,2024-09-01,False,18.0,0.0,,0.0
FDXBT4Z-13008-A ,4,2024-10-01,False,18.0,0.0,,0.0
FDXBT4Z-13008-A ,5,2024-11-01,False,18.0,0.0,,0.0
FDXBT4Z-13008-A ,6,2024-12-01,False,18.0,0.0,,1.0
FDXBT4Z-13008-A ,7,2025-01-01,False,17.0,1.0,,0.0
FDXBT4Z-13008-A ,8,2025-02-01,False,17.0,0.0,,0.0
FDXBT4Z-13008-A ,9,2025-03-01,False,17.0,0.0,,0.0
FDXBT4Z-13008-A ,10,2025-04-01,False,17.0,0.0,,0.0
FDXBT4Z-13008-A ,11,2025-05-01,False,17.0,0.0,1.0,0.0
FDXBT4Z-13008-A ,12,2025-06-01,False,17.0,0.0,1.0,
FDXBT4Z-13008-B ,0,2024-06-01,False,13.0,0.0,,0.0
FDXBT4Z-13008-B ,1,2024-07-01,False,13.0,0.0,,0.0
FDXBT4Z-13008-B ,2,2024-08-01,False,13.0,0.0,,0.0
FDXBT4Z-13008-B ,3,2024-09-01,False,13.0,0.0,,0.0
FDXBT4Z-13008-B ,4,2024-10-01,False,13.0,0.0,,0.0
FDXBT4Z-13008-B ,5,2024-11-01,False,13.0,0.0,,1.0
FDXBT4Z-13008-B ,6,2024-12-01,False,12.0,1.0,,0.0
FDXBT4Z-13008-B ,7,2025-01-01,False,12.0,0.0,,0.0
FDXBT4Z-13008-B ,8,2025-02-01,False,12.0,0.0,,0.0
FDXBT4Z-13008-B ,9,2025-03-01,False,12.0,0.0,,0.0
FDXBT4Z-13008-B ,10,2025-04-01,False,12.0,0.0,,0.0
FDXBT4Z-13008-B ,11,2025-05-01,False,12.0,0.0,0.0,0.0
FDXBT4Z-13008-B ,12,2025-06-01,False,12.0,0.0,0.0,
FDXBT4Z-13404-B ,0,2024-06-01,False,5.0,0.0,,0.0
FDXBT4Z-13404-B ,1,2024-07-01,False,5.0,0.0,,0.0
FDXBT4Z-13404-B ,2,2024-08-01,False,5.0,0.0,,0.0
FDXBT4Z-13404-B ,3,2024-09-01,False,5.0,0.0,,0.0
FDXBT4Z-13404-B ,4,2024-10-01,False,5.0,0.0,,0.0
FDXBT4Z-13404-B ,5,2024-11-01,False,5.0,0.0,,0.0
FDXBT4Z-13404-B ,6,2024-12-01,False,5.0,0.0,,0.0
FDXBT4Z-13404-B ,7,2025-01-01,False,5.0,0.0,,0.0
FDXBT4Z-13404-B ,8,2025-02-01,False,5.0,0.0,,0.0
FDXBT4Z-13404-B ,9,2025-03-01,False,5.0,0.0,,0.0
FDXBT4Z-13404-B ,10,2025-04-01,False,5.0,0.0,,1.0
FDXBT4Z-13404-B ,11,2025-05-01,False,4.0,1.0,0.0,0.0
FDXBT4Z-13404-B ,12,2025-06-01,False,4.0,0.0,0.0,
FDXBT4Z-13405-B ,0,2024-06-01,False,1.0,0.0,,0.0
FDXBT4Z-13405-B ,1,2024-07-01,False,7.0,0.0,,0.0
FDXBT4Z-13405-B ,2,2024-08-01,False,7.0,0.0,,0.0
FDXBT4Z-13405-B ,3,2024-09-01,False,7.0,0.0,,2.0
FDXBT4Z-13405-B ,4,2024-10-01,False,5.0,2.0,,0.0
FDXBT4Z-13405-B ,5,2024-11-01,False,5.0,0.0,,0.0
FDXBT4Z-13405-B ,6,2024-12-01,False,5.0,0.0,,0.0
FDXBT4Z-13405-B ,7,2025-01-01,False,5.0,0.0,,0.0
FDXBT4Z-13405-B ,8,2025-02-01,False,5.0,0.0,,0.0
FDXBT4Z-13405-B ,9,2025-03-01,False,5.0,0.0,,0.0
FDXBT4Z-13405-B ,10,2025-04-01,False,5.0,0.0,,0.0
FDXBT4Z-13405-B ,11,2025-05-01,False,5.0,0.0,0.0,0.0
FDXBT4Z-13405-B ,12,2025-06-01,False,5.0,0.0,0.0,
FDXBT4Z-17618-A ,0,2024-06-01,True,0.0,0.0,,0.0
FDXBT4Z-17618-A ,1,2024-07-01,True,0.0,0.0,,0.0
FDXBT4Z-17618-A ,2,2024-08-01,True,4.0,0.0,,0.0
FDXBT4Z-17618-A ,3,2024-09-01,False,4.0,0.0,,0.0
FDXBT4Z-17618-A ,4,2024-10-01,False,4.0,0.0,,1.0
FDXBT4Z-17618-A ,5,2024-11-01,False,3.0,1.0,,0.0
FDXBT4Z-17618-A ,6,2024-12-01,False,3.0,0.0,,0.0
FDXBT4Z-17618-A ,7,2025-01-01,False,3.0,0.0,,0.0
FDXBT4Z-17618-A ,8,2025-02-01,False,3.0,0.0,,1.0
FDXBT4Z-17618-A ,9,2025-03-01,False,2.0,1.0,,0.0
FDXBT4Z-17618-A ,10,2025-04-01,False,2.0,0.0,,1.0
FDXBT4Z-17618-A ,11,2025-05-01,False,1.0,1.0,0.0,0.0
FDXBT4Z-17618-A ,12,2025-06-01,False,1.0,0.0,0.0,
FDXBT4Z-17D957-APTM ,0,2024-06-01,False,4.0,0.0,,0.0
FDXBT4Z-17D957-APTM ,1,2024-07-01,False,4.0,0.0,,0.0
FDXBT4Z-17D957-APTM ,2,2024-08-01,False,4.0,0.0,,1.0
FDXBT4Z-17D957-APTM ,3,2024-09-01,False,3.0,1.0,,0.0
FDXBT4Z-17D957-APTM ,4,2024-10-01,False,3.0,0.0,,0.0
FDXBT4Z-17D957-APTM ,5,2024-11-01,False,3.0,0.0,,0.0
FDXBT4Z-17D957-APTM ,6,2024-12-01,False,3.0,0.0,,0.0
FDXBT4Z-17D957-APTM ,7,2025-01-01,False,3.0,0.0,,0.0
FDXBT4Z-17D957-APTM ,8,2025-02-01,False,3.0,0.0,,0.0
FDXBT4Z-17D957-APTM ,9,2025-03-01,False,3.0,0.0,,0.0
FDXBT4Z-17D957-APTM ,10,2025-04-01,False,3.0,0.0,,0.0
FDXBT4Z-17D957-APTM ,11,2025-05-01,False,3.0,0.0,0.0,0.0
FDXBT4Z-17D957-APTM ,12,2025-06-01,False,3.0,0.0,0.0,
FDXBT4Z-17D957-BPTM ,0,2024-06-01,True,0.0,0.0,,0.0
FDXBT4Z-17D957-BPTM ,1,2024-07-01,True,3.0,0.0,,0.0
FDXBT4Z-17D957-BPTM ,2,2024-08-01,False,3.0,0.0,,2.0
FDXBT4Z-17D957-BPTM ,3,2024-09-01,False,1.0,2.0,,1.0
FDXBT4Z-17D957-BPTM ,4,2024-10-01,False,0.0,1.0,,0.0
FDXBT4Z-17D957-BPTM ,5,2024-11-01,True,0.0,0.0,,0.0
FDXBT4Z-17D957-BPTM ,6,2024-12-01,True,0.0,0.0,,0.0
FDXBT4Z-17D957-BPTM ,7,2025-01-01,True,0.0,0.0,,0.0
FDXBT4Z-17D957-BPTM ,8,2025-02-01,True,0.0,0.0,,0.0
FDXBT4Z-17D957-BPTM ,9,2025-03-01,True,0.0,0.0,,0.0
FDXBT4Z-17D957-BPTM ,10,2025-04-01,True,5.0,0.0,,0.0
FDXBT4Z-17D957-BPTM ,11,2025-05-01,False,5.0,0.0,1.0,0.0
FDXBT4Z-17D957-BPTM ,12,2025-06-01,False,5.0,0.0,0.0,
FDXBT4Z-5500-B ,0,2024-06-01,False,3.0,1.0,,0.0
FDXBT4Z-5500-B ,1,2024-07-01,False,3.0,0.0,,0.0
FDXBT4Z-5500-B ,2,2024-08-01,False,3.0,0.0,,0.0
FDXBT4Z-5500-B ,3,2024-09-01,False,3.0,0.0,,0.0
FDXBT4Z-5500-B ,4,2024-10-01,False,3.0,0.0,,0.0
FDXBT4Z-5500-B ,5,2024-11-01,False,13.0,0.0,,2.0
FDXBT4Z-5500-B ,6,2024-12-01,False,11.0,2.0,,1.0
FDXBT4Z-5500-B ,7,2025-01-01,False,10.0,1.0,,1.0
FDXBT4Z-5500-B ,8,2025-02-01,False,9.0,1.0,,0.0
FDXBT4Z-5500-B ,9,2025-03-01,False,9.0,0.0,,0.0
FDXBT4Z-5500-B ,10,2025-04-01,False,9.0,0.0,,0.0
FDXBT4Z-5500-B ,11,2025-05-01,False,9.0,0.0,1.0,0.0
FDXBT4Z-5500-B ,12,2025-06-01,False,19.0,0.0,1.0,
FDXBT4Z-5500-C ,0,2024-06-01,False,5.0,1.0,,0.0
FDXBT4Z-5500-C ,1,2024-07-01,False,5.0,0.0,,0.0
FDXBT4Z-5500-C ,2,2024-08-01,False,5.0,0.0,,0.0
FDXBT4Z-5500-C ,3,2024-09-01,False,5.0,0.0,,0.0
FDXBT4Z-5500-C ,4,2024-10-01,False,5.0,0.0,,0.0
FDXBT4Z-5500-C ,5,2024-11-01,False,5.0,0.0,,2.0
FDXBT4Z-5500-C ,6,2024-12-01,False,3.0,2.0,,1.0
FDXBT4Z-5500-C ,7,2025-01-01,False,2.0,1.0,,1.0
FDXBT4Z-5500-C ,8,2025-02-01,False,1.0,1.0,,0.0
FDXBT4Z-5500-C ,9,2025-03-01,False,1.0,0.0,,0.0
FDXBT4Z-5500-C ,10,2025-04-01,False,1.0,0.0,,0.0
FDXBT4Z-5500-C ,11,2025-05-01,False,1.0,0.0,0.0,0.0
FDXBT4Z-5500-C ,12,2025-06-01,False,11.0,0.0,0.0,
FDXBT4Z-5A649-A ,0,2024-06-01,False,5.0,1.0,,0.0
FDXBT4Z-5A649-A ,1,2024-07-01,False,10.0,0.0,,0.0
FDXBT4Z-5A649-A ,2,2024-08-01,False,10.0,0.0,,0.0
FDXBT4Z-5A649-A ,3,2024-09-01,False,10.0,0.0,,0.0
FDXBT4Z-5A649-A ,4,2024-10-01,False,10.0,0.0,,0.0
FDXBT4Z-5A649-A ,5,2024-11-01,False,10.0,0.0,,4.0
FDXBT4Z-5A649-A ,6,2024-12-01,False,6.0,4.0,,5.0
FDXBT4Z-5A649-A ,7,2025-01-01,False,1.0,5.0,,1.0
FDXBT4Z-5A649-A ,8,2025-02-01,False,0.0,1.0,,0.0
FDXBT4Z-5A649-A ,9,2025-03-01,True,0.0,0.0,,0.0
FDXBT4Z-5A649-A ,10,2025-04-01,True,15.0,0.0,,0.0
FDXBT4Z-5A649-A ,11,2025-05-01,False,15.0,0.0,1.0,0.0
FDXBT4Z-5A649-A ,12,2025-06-01,False,15.0,0.0,3.0,
FDXBT4Z-5A649-B ,0,2024-06-01,True,4.0,1.0,,0.0
FDXBT4Z-5A649-B ,1,2024-07-01,False,4.0,0.0,,0.0
FDXBT4Z-5A649-B ,2,2024-08-01,False,4.0,0.0,,0.0
FDXBT4Z-5A649-B ,3,2024-09-01,False,4.0,0.0,,0.0
FDXBT4Z-5A649-B ,4,2024-10-01,False,9.0,0.0,,0.0
FDXBT4Z-5A649-B ,5,2024-11-01,False,9.0,0.0,,4.0
FDXBT4Z-5A649-B ,6,2024-12-01,False,5.0,4.0,,5.0
FDXBT4Z-5A649-B ,7,2025-01-01,False,0.0,5.0,,0.0
FDXBT4Z-5A649-B ,8,2025-02-01,True,0.0,0.0,,0.0
FDXBT4Z-5A649-B ,9,2025-03-01,True,0.0,0.0,,0.0
FDXBT4Z-5A649-B ,10,2025-04-01,True,15.0,0.0,,0.0
FDXBT4Z-5A649-B ,11,2025-05-01,False,15.0,0.0,3.0,0.0
FDXBT4Z-5A649-B ,12,2025-06-01,False,15.0,0.0,1.0,
FDXCA8Z-13404-A ,0,2024-06-01,False,8.0,1.0,,1.0
FDXCA8Z-13404-A ,1,2024-07-01,False,7.0,1.0,,0.0
FDXCA8Z-13404-A ,2,2024-08-01,False,7.0,0.0,,0.0
FDXCA8Z-13404-A ,3,2024-09-01,False,7.0,0.0,,0.0
FDXCA8Z-13404-A ,4,2024-10-01,False,7.0,0.0,,0.0
FDXCA8Z-13404-A ,5,2024-11-01,False,7.0,0.0,,1.0
FDXCA8Z-13404-A ,6,2024-12-01,False,6.0,1.0,,0.0
FDXCA8Z-13404-A ,7,2025-01-01,False,6.0,0.0,,0.0
FDXCA8Z-13404-A ,8,2025-02-01,False,6.0,0.0,,0.0
FDXCA8Z-13404-A ,9,2025-03-01,False,6.0,0.0,,0.0
FDXCA8Z-13404-A ,10,2025-04-01,False,6.0,0.0,,0.0
FDXCA8Z-13404-A ,11,2025-05-01,False,6.0,0.0,0.0,0.0
FDXCA8Z-13404-A ,12,2025-06-01,False,6.0,0.0,0.0,
FDXCA8Z-13405-A ,0,2024-06-01,False,6.0,0.0,,1.0
FDXCA8Z-13405-A ,1,2024-07-01,False,5.0,1.0,,0.0
FDXCA8Z-13405-A ,2,2024-08-01,False,5.0,0.0,,0.0
FDXCA8Z-13405-A ,3,2024-09-01,False,5.0,0.0,,0.0
FDXCA8Z-13405-A ,4,2024-10-01,False,5.0,0.0,,1.0
FDXCA8Z-13405-A ,5,2024-11-01,False,4.0,1.0,,0.0
FDXCA8Z-13405-A ,6,2024-12-01,False,4.0,0.0,,0.0
FDXCA8Z-13405-A ,7,2025-01-01,False,4.0,0.0,,3.0
FDXCA8Z-13405-A ,8,2025-02-01,False,1.0,3.0,,0.0
FDXCA8Z-13405-A ,9,2025-03-01,False,1.0,0.0,,0.0
FDXCA8Z-13405-A ,10,2025-04-01,False,1.0,0.0,,0.0
FDXCA8Z-13405-A ,11,2025-05-01,False,1.0,0.0,0.0,1.0
FDXCA8Z-13405-A ,12,2025-06-01,False,4.0,1.0,0.0,
FDXCA8Z-8A080-A ,0,2024-06-01,False,1.0,4.0,,0.0
FDXCA8Z-8A080-A ,1,2024-07-01,True,1.0,0.0,,0.0
FDXCA8Z-8A080-A ,2,2024-08-01,True,1.0,0.0,,0.0
FDXCA8Z-8A080-A ,3,2024-09-01,True,1.0,0.0,,0.0
FDXCA8Z-8A080-A ,4,2024-10-01,True,1.0,0.0,,0.0
FDXCA8Z-8A080-A ,5,2024-11-01,True,13.0,0.0,,4.0
FDXCA8Z-8A080-A ,6,2024-12-01,False,9.0,4.0,,1.0
FDXCA8Z-8A080-A ,7,2025-01-01,False,8.0,1.0,,5.0
FDXCA8Z-8A080-A ,8,2025-02-01,False,3.0,5.0,,2.0
FDXCA8Z-8A080-A ,9,2025-03-01,False,1.0,2.0,,0.0
FDXCA8Z-8A080-A ,10,2025-04-01,True,1.0,0.0,,1.0
FDXCA8Z-8A080-A ,11,2025-05-01,True,0.0,1.0,1.0,0.0
FDXCA8Z-8A080-A ,12,2025-06-01,True,12.0,0.0,2.0,
FDXCG1Z-17682-B ,0,2024-06-01,False,5.0,0.0,,0.0
FDXCG1Z-17682-B ,1,2024-07-01,False,5.0,0.0,,0.0
FDXCG1Z-17682-B ,2,2024-08-01,False,5.0,0.0,,0.0
FDXCG1Z-17682-B ,3,2024-09-01,False,5.0,0.0,,0.0
FDXCG1Z-17682-B ,4,2024-10-01,False,5.0,0.0,,0.0
FDXCG1Z-17682-B ,5,2024-11-01,False,5.0,0.0,,0.0
FDXCG1Z-17682-B ,6,2024-12-01,False,5.0,0.0,,0.0
FDXCG1Z-17682-B ,7,2025-01-01,False,5.0,0.0,,0.0
FDXCG1Z-17682-B ,8,2025-02-01,False,5.0,0.0,,0.0
FDXCG1Z-17682-B ,9,2025-03-01,False,5.0,0.0,,0.0
FDXCG1Z-17682-B ,10,2025-04-01,False,5.0,0.0,,0.0
FDXCG1Z-17682-B ,11,2025-05-01,False,5.0,0.0,1.0,1.0
FDXCG1Z-17682-B ,12,2025-06-01,False,4.0,1.0,0.0,
FDXCG1Z-17683-B ,0,2024-06-01,False,3.0,0.0,,0.0
FDXCG1Z-17683-B ,1,2024-07-01,False,3.0,0.0,,0.0
FDXCG1Z-17683-B ,2,2024-08-01,False,3.0,0.0,,0.0
FDXCG1Z-17683-B ,3,2024-09-01,False,3.0,0.0,,0.0
FDXCG1Z-17683-B ,4,2024-10-01,False,3.0,0.0,,1.0
FDXCG1Z-17683-B ,5,2024-11-01,False,2.0,1.0,,0.0
FDXCG1Z-17683-B ,6,2024-12-01,False,2.0,0.0,,1.0
FDXCG1Z-17683-B ,7,2025-01-01,False,1.0,1.0,,0.0
FDXCG1Z-17683-B ,8,2025-02-01,False,1.0,0.0,,0.0
FDXCG1Z-17683-B ,9,2025-03-01,False,1.0,0.0,,0.0
FDXCG1Z-17683-B ,10,2025-04-01,False,1.0,0.0,,0.0
FDXCG1Z-17683-B ,11,2025-05-01,False,1.0,0.0,0.0,1.0
FDXCG1Z-17683-B ,12,2025-06-01,False,0.0,1.0,0.0,
FDXCL1Z-17682-AA ,0,2024-06-01,False,11.0,2.0,,1.0
FDXCL1Z-17682-AA ,1,2024-07-01,False,10.0,1.0,,1.0
FDXCL1Z-17682-AA ,2,2024-08-01,False,9.0,1.0,,1.0
FDXCL1Z-17682-AA ,3,2024-09-01,False,8.0,1.0,,0.0
FDXCL1Z-17682-AA ,4,2024-10-01,False,8.0,0.0,,1.0
FDXCL1Z-17682-AA ,5,2024-11-01,False,7.0,1.0,,1.0
FDXCL1Z-17682-AA ,6,2024-12-01,False,6.0,1.0,,0.0
FDXCL1Z-17682-AA ,7,2025-01-01,False,6.0,0.0,,1.0
FDXCL1Z-17682-AA ,8,2025-02-01,False,5.0,1.0,,1.0
FDXCL1Z-17682-AA ,9,2025-03-01,False,4.0,1.0,,0.0
FDXCL1Z-17682-AA ,10,2025-04-01,False,4.0,0.0,,0.0
FDXCL1Z-17682-AA ,11,2025-05-01,False,4.0,0.0,1.0,0.0
FDXCL1Z-17682-AA ,12,2025-06-01,False,4.0,0.0,1.0,
FDXCL1Z-17683-AA ,0,2024-06-01,False,5.0,0.0,,1.0
FDXCL1Z-17683-AA ,1,2024-07-01,False,4.0,1.0,,0.0
FDXCL1Z-17683-AA ,2,2024-08-01,False,4.0,0.0,,0.0
FDXCL1Z-17683-AA ,3,2024-09-01,False,4.0,0.0,,0.0
FDXCL1Z-17683-AA ,4,2024-10-01,False,16.0,0.0,,0.0
FDXCL1Z-17683-AA ,5,2024-11-01,False,16.0,0.0,,1.0
FDXCL1Z-17683-AA ,6,2024-12-01,False,15.0,1.0,,0.0
FDXCL1Z-17683-AA ,7,2025-01-01,False,15.0,0.0,,1.0
FDXCL1Z-17683-AA ,8,2025-02-01,False,14.0,1.0,,0.0
FDXCL1Z-17683-AA ,9,2025-03-01,False,14.0,0.0,,2.0
FDXCL1Z-17683-AA ,10,2025-04-01,False,12.0,2.0,,0.0
FDXCL1Z-17683-AA ,11,2025-05-01,False,12.0,0.0,1.0,0.0
FDXCL1Z-17683-AA ,12,2025-06-01,False,12.0,0.0,1.0,
FDXCR3Z-3079-D ,0,2024-06-01,False,6.0,0.0,,1.0
FDXCR3Z-3079-D ,1,2024-07-01,False,5.0,1.0,,0.0
FDXCR3Z-3079-D ,2,2024-08-01,False,5.0,0.0,,1.0
FDXCR3Z-3079-D ,3,2024-09-01,False,4.0,1.0,,0.0
FDXCR3Z-3079-D ,4,2024-10-01,False,4.0,0.0,,0.0
FDXCR3Z-3079-D ,5,2024-11-01,False,4.0,0.0,,0.0
FDXCR3Z-3079-D ,6,2024-12-01,False,4.0,0.0,,0.0
FDXCR3Z-3079-D ,7,2025-01-01,False,4.0,0.0,,0.0
FDXCR3Z-3079-D ,8,2025-02-01,False,4.0,0.0,,0.0
FDXCR3Z-3079-D ,9,2025-03-01,False,4.0,0.0,,0.0
FDXCR3Z-3079-D ,10,2025-04-01,False,4.0,0.0,,0.0
FDXCR3Z-3079-D ,11,2025-05-01,False,4.0,0.0,0.0,0.0
FDXCR3Z-3079-D ,12,2025-06-01,False,4.0,0.0,0.0,
FDXCR3Z-8A080-A ,0,2024-06-01,False,3.0,0.0,,0.0
FDXCR3Z-8A080-A ,1,2024-07-01,False,3.0,0.0,,0.0
FDXCR3Z-8A080-A ,2,2024-08-01,False,3.0,0.0,,0.0
FDXCR3Z-8A080-A ,3,2024-09-01,False,3.0,0.0,,1.0
FDXCR3Z-8A080-A ,4,2024-10-01,False,2.0,1.0,,0.0
FDXCR3Z-8A080-A ,5,2024-11-01,False,2.0,0.0,,0.0
FDXCR3Z-8A080-A ,6,2024-12-01,False,2.0,0.0,,0.0
FDXCR3Z-8A080-A ,7,2025-01-01,False,2.0,0.0,,0.0
FDXCR3Z-8A080-A ,8,2025-02-01,False,2.0,0.0,,0.0
FDXCR3Z-8A080-A ,9,2025-03-01,False,2.0,0.0,,0.0
FDXCR3Z-8A080-A ,10,2025-04-01,False,2.0,0.0,,0.0
FDXCR3Z-8A080-A ,11,2025-05-01,False,2.0,0.0,0.0,0.0
FDXCR3Z-8A080-A ,12,2025-06-01,False,2.0,0.0,0.0,
FDXCT4Z-16138-A ,0,2024-06-01,False,3.0,0.0,,0.0
FDXCT4Z-16138-A ,1,2024-07-01,False,7.0,0.0,,1.0
FDXCT4Z-16138-A ,2,2024-08-01,False,6.0,1.0,,2.0
FDXCT4Z-16138-A ,3,2024-09-01,False,5.0,2.0,,1.0
FDXCT4Z-16138-A ,4,2024-10-01,False,4.0,1.0,,0.0
FDXCT4Z-16138-A ,5,2024-11-01,False,4.0,0.0,,1.0
FDXCT4Z-16138-A ,6,2024-12-01,False,9.0,1.0,,2.0
FDXCT4Z-16138-A ,7,2025-01-01,False,7.0,2.0,,0.0
FDXCT4Z-16138-A ,8,2025-02-01,False,7.0,0.0,,0.0
FDXCT4Z-16138-A ,9,2025-03-01,False,7.0,0.0,,1.0
FDXCT4Z-16138-A ,10,2025-04-01,False,6.0,1.0,,0.0
FDXCT4Z-16138-A ,11,2025-05-01,False,9.0,0.0,0.0,0.0
FDXCT4Z-16138-A ,12,2025-06-01,False,10.0,0.0,1.0,
FDXCT4Z-5500-A ,0,2024-06-01,True,1.0,0.0,,2.0
FDXCT4Z-5500-A ,1,2024-07-01,True,14.0,2.0,,2.0
FDXCT4Z-5500-A ,2,2024-08-01,False,12.0,2.0,,0.0
FDXCT4Z-5500-A ,3,2024-09-01,False,12.0,0.0,,0.0
FDXCT4Z-5500-A ,4,2024-10-01,False,12.0,0.0,,0.0
FDXCT4Z-5500-A ,5,2024-11-01,False,12.0,0.0,,6.0
FDXCT4Z-5500-A ,6,2024-12-01,False,6.0,6.0,,6.0
FDXCT4Z-5500-A ,7,2025-01-01,False,0.0,6.0,,6.0
FDXCT4Z-5500-A ,8,2025-02-01,True,0.0,6.0,,0.0
FDXCT4Z-5500-A ,9,2025-03-01,True,0.0,0.0,,0.0
FDXCT4Z-5500-A ,10,2025-04-01,True,25.0,0.0,,0.0
FDXCT4Z-5500-A ,11,2025-05-01,False,25.0,0.0,4.0,0.0
FDXCT4Z-5500-A ,12,2025-06-01,False,25.0,0.0,2.0,
FDXCT4Z-5500-B ,0,2024-06-01,False,18.0,2.0,,0.0
FDXCT4Z-5500-B ,1,2024-07-01,False,18.0,0.0,,2.0
FDXCT4Z-5500-B ,2,2024-08-01,False,16.0,2.0,,0.0
FDXCT4Z-5500-B ,3,2024-09-01,False,16.0,0.0,,0.0
FDXCT4Z-5500-B ,4,2024-10-01,False,16.0,0.0,,0.0
FDXCT4Z-5500-B ,5,2024-11-01,False,28.0,0.0,,8.0
FDXCT4Z-5500-B ,6,2024-12-01,False,20.0,8.0,,2.0
FDXCT4Z-5500-B ,7,2025-01-01,False,18.0,2.0,,12.0
FDXCT4Z-5500-B ,8,2025-02-01,False,6.0,12.0,,0.0
FDXCT4Z-5500-B ,9,2025-03-01,False,6.0,0.0,,2.0
FDXCT4Z-5500-B ,10,2025-04-01,False,28.0,2.0,,0.0
FDXCT4Z-5500-B ,11,2025-05-01,False,28.0,0.0,2.0,1.0
FDXCT4Z-5500-B ,12,2025-06-01,False,27.0,1.0,2.0,
FDXDA5Z-3078-A ,0,2024-06-01,False,5.0,0.0,,1.0
FDXDA5Z-3078-A ,1,2024-07-01,False,4.0,1.0,,1.0
FDXDA5Z-3078-A ,2,2024-08-01,False,3.0,1.0,,0.0
FDXDA5Z-3078-A ,3,2024-09-01,False,3.0,0.0,,0.0
FDXDA5Z-3078-A ,4,2024-10-01,False,15.0,0.0,,0.0
FDXDA5Z-3078-A ,5,2024-11-01,False,15.0,0.0,,2.0
FDXDA5Z-3078-A ,6,2024-12-01,False,13.0,2.0,,2.0
FDXDA5Z-3078-A ,7,2025-01-01,False,11.0,2.0,,0.0
FDXDA5Z-3078-A ,8,2025-02-01,False,11.0,0.0,,1.0
FDXDA5Z-3078-A ,9,2025-03-01,False,10.0,1.0,,2.0
FDXDA5Z-3078-A ,10,2025-04-01,False,8.0,2.0,,0.0
FDXDA5Z-3078-A ,11,2025-05-01,False,8.0,0.0,3.0,0.0
FDXDA5Z-3078-A ,12,2025-06-01,False,8.0,0.0,1.0,
FDXDA5Z-3079-A ,0,2024-06-01,False,6.0,0.0,,1.0
FDXDA5Z-3079-A ,1,2024-07-01,False,5.0,1.0,,1.0
FDXDA5Z-3079-A ,2,2024-08-01,False,4.0,1.0,,0.0
FDXDA5Z-3079-A ,3,2024-09-01,False,4.0,0.0,,0.0
FDXDA5Z-3079-A ,4,2024-10-01,False,16.0,0.0,,0.0
FDXDA5Z-3079-A ,5,2024-11-01,False,16.0,0.0,,1.0
FDXDA5Z-3079-A ,6,2024-12-01,False,15.0,1.0,,2.0
FDXDA5Z-3079-A ,7,2025-01-01,False,13.0,2.0,,0.0
FDXDA5Z-3079-A ,8,2025-02-01,False,13.0,0.0,,1.0
FDXDA5Z-3079-A ,9,2025-03-01,False,12.0,1.0,,2.0
FDXDA5Z-3079-A ,10,2025-04-01,False,10.0,2.0,,0.0
FDXDA5Z-3079-A ,11,2025-05-01,False,10.0,0.0,3.0,0.0
FDXDA5Z-3079-A ,12,2025-06-01,False,10.0,0.0,1.0,
FDXDA5Z-3C339-A ,0,2024-06-01,False,12.0,0.0,,0.0
FDXDA5Z-3C339-A ,1,2024-07-01,False,12.0,0.0,,1.0
FDXDA5Z-3C339-A ,2,2024-08-01,False,11.0,1.0,,0.0
FDXDA5Z-3C339-A ,3,2024-09-01,False,11.0,0.0,,1.0
FDXDA5Z-3C339-A ,4,2024-10-01,False,10.0,1.0,,1.0
FDXDA5Z-3C339-A ,5,2024-11-01,False,9.0,1.0,,1.0
FDXDA5Z-3C339-A ,6,2024-12-01,False,8.0,1.0,,0.0
FDXDA5Z-3C339-A ,7,2025-01-01,False,8.0,0.0,,0.0
FDXDA5Z-3C339-A ,8,2025-02-01,False,8.0,0.0,,0.0
FDXDA5Z-3C339-A ,9,2025-03-01,False,8.0,0.0,,1.0
FDXDA5Z-3C339-A ,10,2025-04-01,False,7.0,1.0,,1.0
FDXDA5Z-3C339-A ,11,2025-05-01,False,6.0,1.0,1.0,0.0
FDXDA5Z-3C339-A ,12,2025-06-01,False,6.0,0.0,0.0,
FDXDA5Z-3C403-A ,0,2024-06-01,False,9.0,0.0,,0.0
FDXDA5Z-3C403-A ,1,2024-07-01,False,9.0,0.0,,1.0
FDXDA5Z-3C403-A ,2,2024-08-01,False,8.0,1.0,,0.0
FDXDA5Z-3C403-A ,3,2024-09-01,False,8.0,0.0,,1.0
FDXDA5Z-3C403-A ,4,2024-10-01,False,7.0,1.0,,1.0
FDXDA5Z-3C403-A ,5,2024-11-01,False,6.0,1.0,,2.0
FDXDA5Z-3C403-A ,6,2024-12-01,False,4.0,2.0,,0.0
FDXDA5Z-3C403-A ,7,2025-01-01,False,4.0,0.0,,0.0
FDXDA5Z-3C403-A ,8,2025-02-01,False,4.0,0.0,,0.0
FDXDA5Z-3C403-A ,9,2025-03-01,False,4.0,0.0,,1.0
FDXDA5Z-3C403-A ,10,2025-04-01,False,3.0,1.0,,1.0
FDXDA5Z-3C403-A ,11,2025-05-01,False,2.0,1.0,0.0,0.0
FDXDA5Z-3C403-A ,12,2025-06-01,False,2.0,0.0,0.0,
FDXDA8Z-13008-A ,0,2024-06-01,False,2.0,0.0,,0.0
FDXDA8Z-13008-A ,1,2024-07-01,False,2.0,0.0,,0.0
FDXDA8Z-13008-A ,2,2024-08-01,False,2.0,0.0,,0.0
FDXDA8Z-13008-A ,3,2024-09-01,False,2.0,0.0,,0.0
FDXDA8Z-13008-A ,4,2024-10-01,False,2.0,0.0,,0.0
FDXDA8Z-13008-A ,5,2024-11-01,False,2.0,0.0,,0.0
FDXDA8Z-13008-A ,6,2024-12-01,False,2.0,0.0,,0.0
FDXDA8Z-13008-A ,7,2025-01-01,False,2.0,0.0,,0.0
FDXDA8Z-13008-A ,8,2025-02-01,False,2.0,0.0,,0.0
FDXDA8Z-13008-A ,9,2025-03-01,False,2.0,0.0,,0.0
FDXDA8Z-13008-A ,10,2025-04-01,False,2.0,0.0,,0.0
FDXDA8Z-13008-A ,11,2025-05-01,False,2.0,0.0,1.0,1.0
FDXDA8Z-13008-A ,12,2025-06-01,False,1.0,1.0,0.0,
FDXDA8Z-13008-C ,0,2024-06-01,False,1.0,1.0,,0.0
FDXDA8Z-13008-C ,1,2024-07-01,False,1.0,0.0,,0.0
FDXDA8Z-13008-C ,2,2024-08-01,False,1.0,0.0,,0.0
FDXDA8Z-13008-C ,3,2024-09-01,False,1.0,0.0,,0.0
FDXDA8Z-13008-C ,4,2024-10-01,False,1.0,0.0,,1.0
FDXDA8Z-13008-C ,5,2024-11-01,False,0.0,1.0,,0.0
FDXDA8Z-13008-C ,6,2024-12-01,True,0.0,0.0,,0.0
FDXDA8Z-13008-C ,7,2025-01-01,True,0.0,0.0,,0.0
FDXDA8Z-13008-C ,8,2025-02-01,True,0.0,0.0,,0.0
FDXDA8Z-13008-C ,9,2025-03-01,True,0.0,0.0,,0.0
FDXDA8Z-13008-C ,10,2025-04-01,True,2.0,0.0,,0.0
FDXDA8Z-13008-C ,11,2025-05-01,False,2.0,0.0,0.0,0.0
FDXDA8Z-13008-C ,12,2025-06-01,False,2.0,0.0,0.0,
FDXDA8Z-17682-BA ,0,2024-06-01,False,5.0,0.0,,1.0
FDXDA8Z-17682-BA ,1,2024-07-01,False,4.0,1.0,,0.0
FDXDA8Z-17682-BA ,2,2024-08-01,False,4.0,0.0,,0.0
FDXDA8Z-17682-BA ,3,2024-09-01,False,4.0,0.0,,0.0
FDXDA8Z-17682-BA ,4,2024-10-01,False,4.0,0.0,,0.0
FDXDA8Z-17682-BA ,5,2024-11-01,False,4.0,0.0,,0.0
FDXDA8Z-17682-BA ,6,2024-12-01,False,4.0,0.0,,0.0
FDXDA8Z-17682-BA ,7,2025-01-01,False,4.0,0.0,,1.0
FDXDA8Z-17682-BA ,8,2025-02-01,False,3.0,1.0,,0.0
FDXDA8Z-17682-BA ,9,2025-03-01,False,3.0,0.0,,0.0
FDXDA8Z-17682-BA ,10,2025-04-01,False,3.0,0.0,,0.0
FDXDA8Z-17682-BA ,11,2025-05-01,False,9.0,0.0,1.0,0.0
FDXDA8Z-17682-BA ,12,2025-06-01,False,9.0,0.0,0.0,
FDXDA8Z-17683-BA ,0,2024-06-01,False,0.0,1.0,,0.0
FDXDA8Z-17683-BA ,1,2024-07-01,True,0.0,0.0,,0.0
FDXDA8Z-17683-BA ,2,2024-08-01,True,0.0,0.0,,0.0
FDXDA8Z-17683-BA ,3,2024-09-01,True,0.0,0.0,,0.0
FDXDA8Z-17683-BA ,4,2024-10-01,True,6.0,0.0,,0.0
FDXDA8Z-17683-BA ,5,2024-11-01,False,6.0,0.0,,0.0
FDXDA8Z-17683-BA ,6,2024-12-01,False,6.0,0.0,,0.0
FDXDA8Z-17683-BA ,7,2025-01-01,False,6.0,0.0,,0.0
FDXDA8Z-17683-BA ,8,2025-02-01,False,6.0,0.0,,0.0
FDXDA8Z-17683-BA ,9,2025-03-01,False,6.0,0.0,,0.0
FDXDA8Z-17683-BA ,10,2025-04-01,False,6.0,0.0,,0.0
FDXDA8Z-17683-BA ,11,2025-05-01,False,6.0,0.0,0.0,0.0
FDXDA8Z-17683-BA ,12,2025-06-01,False,6.0,0.0,0.0,
FDXDG-491 ,0,2024-06-01,True,389.0,25.0,,31.0
FDXDG-491 ,1,2024-07-01,False,358.0,31.0,,45.0
FDXDG-491 ,2,2024-08-01,False,313.0,45.0,,14.0
FDXDG-491 ,3,2024-09-01,False,299.0,14.0,,22.0
FDXDG-491 ,4,2024-10-01,False,277.0,22.0,,15.0
FDXDG-491 ,5,2024-11-01,False,262.0,15.0,,23.0
FDXDG-491 ,6,2024-12-01,False,239.0,23.0,,26.0
FDXDG-491 ,7,2025-01-01,False,213.0,26.0,,27.0
FDXDG-491 ,8,2025-02-01,False,186.0,27.0,,27.0
FDXDG-491 ,9,2025-03-01,False,159.0,27.0,,46.0
FDXDG-491 ,10,2025-04-01,False,113.0,46.0,,96.0
FDXDG-491 ,11,2025-05-01,False,217.0,96.0,38.0,81.0
FDXDG-491 ,12,2025-06-01,False,136.0,81.0,51.0,
FDXDG-511 ,0,2024-06-01,False,18.0,0.0,,3.0
FDXDG-511 ,1,2024-07-01,False,15.0,3.0,,0.0
FDXDG-511 ,2,2024-08-01,False,15.0,0.0,,0.0
FDXDG-511 ,3,2024-09-01,False,15.0,0.0,,0.0
FDXDG-511 ,4,2024-10-01,False,65.0,0.0,,0.0
FDXDG-511 ,5,2024-11-01,False,65.0,0.0,,0.0
FDXDG-511 ,6,2024-12-01,False,65.0,0.0,,10.0
FDXDG-511 ,7,2025-01-01,False,55.0,10.0,,3.0
FDXDG-511 ,8,2025-02-01,False,52.0,3.0,,0.0
FDXDG-511 ,9,2025-03-01,False,52.0,0.0,,4.0
FDXDG-511 ,10,2025-04-01,False,48.0,4.0,,11.0
FDXDG-511 ,11,2025-05-01,False,37.0,11.0,10.0,1.0
FDXDG-511 ,12,2025-06-01,False,36.0,1.0,5.0,
FDXDG-521 ,0,2024-06-01,True,48.0,2.0,,1.0
FDXDG-521 ,1,2024-07-01,False,47.0,1.0,,0.0
FDXDG-521 ,2,2024-08-01,False,47.0,0.0,,4.0
FDXDG-521 ,3,2024-09-01,False,43.0,4.0,,13.0
FDXDG-521 ,4,2024-10-01,False,30.0,13.0,,2.0
FDXDG-521 ,5,2024-11-01,False,28.0,2.0,,0.0
FDXDG-521 ,6,2024-12-01,False,28.0,0.0,,0.0
FDXDG-521 ,7,2025-01-01,False,28.0,0.0,,0.0
FDXDG-521 ,8,2025-02-01,False,28.0,0.0,,0.0
FDXDG-521 ,9,2025-03-01,False,28.0,0.0,,2.0
FDXDG-521 ,10,2025-04-01,False,26.0,2.0,,10.0
FDXDG-521 ,11,2025-05-01,False,16.0,10.0,4.0,1.0
FDXDG-521 ,12,2025-06-01,False,15.0,1.0,3.0,
FDXDG1Z-13008-A ,0,2024-06-01,False,3.0,0.0,,1.0
FDXDG1Z-13008-A ,1,2024-07-01,False,2.0,1.0,,0.0
FDXDG1Z-13008-A ,2,2024-08-01,False,2.0,0.0,,0.0
FDXDG1Z-13008-A ,3,2024-09-01,False,2.0,0.0,,0.0
FDXDG1Z-13008-A ,4,2024-10-01,False,2.0,0.0,,0.0
FDXDG1Z-13008-A ,5,2024-11-01,False,2.0,0.0,,0.0
FDXDG1Z-13008-A ,6,2024-12-01,False,2.0,0.0,,0.0
FDXDG1Z-13008-A ,7,2025-01-01,False,2.0,0.0,,0.0
FDXDG1Z-13008-A ,8,2025-02-01,False,2.0,0.0,,1.0
FDXDG1Z-13008-A ,9,2025-03-01,False,1.0,1.0,,0.0
FDXDG1Z-13008-A ,10,2025-04-01,False,1.0,0.0,,0.0
FDXDG1Z-13008-A ,11,2025-05-01,False,1.0,0.0,0.0,0.0
FDXDG1Z-13008-A ,12,2025-06-01,False,1.0,0.0,0.0,
FDXDG1Z-13008-C ,0,2024-06-01,False,4.0,0.0,,1.0
FDXDG1Z-13008-C ,1,2024-07-01,False,3.0,1.0,,0.0
FDXDG1Z-13008-C ,2,2024-08-01,False,3.0,0.0,,0.0
FDXDG1Z-13008-C ,3,2024-09-01,False,3.0,0.0,,0.0
FDXDG1Z-13008-C ,4,2024-10-01,False,3.0,0.0,,0.0
FDXDG1Z-13008-C ,5,2024-11-01,False,3.0,0.0,,0.0
FDXDG1Z-13008-C ,6,2024-12-01,False,3.0,0.0,,1.0
FDXDG1Z-13008-C ,7,2025-01-01,False,2.0,1.0,,0.0
FDXDG1Z-13008-C ,8,2025-02-01,False,2.0,0.0,,1.0
FDXDG1Z-13008-C ,9,2025-03-01,False,1.0,1.0,,0.0
FDXDG1Z-13008-C ,10,2025-04-01,False,1.0,0.0,,0.0
FDXDG1Z-13008-C ,11,2025-05-01,False,1.0,0.0,0.0,0.0
FDXDG1Z-13008-C ,12,2025-06-01,False,1.0,0.0,0.0,
FDXDG1Z-16138-A ,0,2024-06-01,True,0.0,0.0,,0.0
FDXDG1Z-16138-A ,1,2024-07-01,True,0.0,0.0,,0.0
FDXDG1Z-16138-A ,2,2024-08-01,True,0.0,0.0,,0.0
FDXDG1Z-16138-A ,3,2024-09-01,True,1.0,0.0,,0.0
FDXDG1Z-16138-A ,4,2024-10-01,False,1.0,0.0,,0.0
FDXDG1Z-16138-A ,5,2024-11-01,False,1.0,0.0,,0.0
FDXDG1Z-16138-A ,6,2024-12-01,False,1.0,0.0,,0.0
FDXDG1Z-16138-A ,7,2025-01-01,False,1.0,0.0,,0.0
FDXDG1Z-16138-A ,8,2025-02-01,False,1.0,0.0,,1.0
FDXDG1Z-16138-A ,9,2025-03-01,False,0.0,1.0,,0.0
FDXDG1Z-16138-A ,10,2025-04-01,True,0.0,0.0,,0.0
FDXDG1Z-16138-A ,11,2025-05-01,True,0.0,0.0,0.0,0.0
FDXDG1Z-16138-A ,12,2025-06-01,True,0.0,0.0,0.0,
FDXDG1Z-54406A10-A ,0,2024-06-01,True,0.0,0.0,,0.0
FDXDG1Z-54406A10-A ,1,2024-07-01,True,0.0,0.0,,0.0
FDXDG1Z-54406A10-A ,2,2024-08-01,True,0.0,0.0,,0.0
FDXDG1Z-54406A10-A ,3,2024-09-01,True,0.0,0.0,,0.0
FDXDG1Z-54406A10-A ,4,2024-10-01,True,0.0,0.0,,0.0
FDXDG1Z-54406A10-A ,5,2024-11-01,True,0.0,0.0,,0.0
FDXDG1Z-54406A10-A ,6,2024-12-01,True,0.0,0.0,,0.0
FDXDG1Z-54406A10-A ,7,2025-01-01,True,0.0,0.0,,0.0
FDXDG1Z-54406A10-A ,8,2025-02-01,True,0.0,0.0,,0.0
FDXDG1Z-54406A10-A ,9,2025-03-01,True,0.0,0.0,,0.0
FDXDG1Z-54406A10-A ,10,2025-04-01,True,0.0,0.0,,0.0
FDXDG1Z-54406A10-A ,11,2025-05-01,True,10.0,0.0,0.0,2.0
FDXDG1Z-54406A10-A ,12,2025-06-01,False,8.0,2.0,5.0,
FDXDL3Z-13008-A ,0,2024-06-01,False,2.0,1.0,,1.0
FDXDL3Z-13008-A ,1,2024-07-01,False,1.0,1.0,,1.0
FDXDL3Z-13008-A ,2,2024-08-01,False,0.0,1.0,,0.0
FDXDL3Z-13008-A ,3,2024-09-01,True,0.0,0.0,,0.0
FDXDL3Z-13008-A ,4,2024-10-01,True,0.0,0.0,,0.0
FDXDL3Z-13008-A ,5,2024-11-01,True,6.0,0.0,,0.0
FDXDL3Z-13008-A ,6,2024-12-01,False,6.0,0.0,,0.0
FDXDL3Z-13008-A ,7,2025-01-01,False,6.0,0.0,,0.0
FDXDL3Z-13008-A ,8,2025-02-01,False,6.0,0.0,,2.0
FDXDL3Z-13008-A ,9,2025-03-01,False,4.0,2.0,,2.0
FDXDL3Z-13008-A ,10,2025-04-01,False,2.0,2.0,,0.0
FDXDL3Z-13008-A ,11,2025-05-01,False,2.0,0.0,0.0,0.0
FDXDL3Z-13008-A ,12,2025-06-01,False,2.0,0.0,0.0,
FDXDL3Z-13008-B ,0,2024-06-01,False,3.0,1.0,,0.0
FDXDL3Z-13008-B ,1,2024-07-01,False,3.0,0.0,,1.0
FDXDL3Z-13008-B ,2,2024-08-01,False,2.0,1.0,,0.0
FDXDL3Z-13008-B ,3,2024-09-01,False,2.0,0.0,,0.0
FDXDL3Z-13008-B ,4,2024-10-01,False,2.0,0.0,,0.0
FDXDL3Z-13008-B ,5,2024-11-01,False,8.0,0.0,,0.0
FDXDL3Z-13008-B ,6,2024-12-01,False,8.0,0.0,,0.0
FDXDL3Z-13008-B ,7,2025-01-01,False,8.0,0.0,,0.0
FDXDL3Z-13008-B ,8,2025-02-01,False,8.0,0.0,,2.0
FDXDL3Z-13008-B ,9,2025-03-01,False,6.0,2.0,,2.0
FDXDL3Z-13008-B ,10,2025-04-01,False,4.0,2.0,,0.0
FDXDL3Z-13008-B ,11,2025-05-01,False,4.0,0.0,0.0,0.0
FDXDL3Z-13008-B ,12,2025-06-01,False,4.0,0.0,0.0,
FDXDL3Z-13008-FB ,0,2024-06-01,False,1.0,1.0,,0.0
FDXDL3Z-13008-FB ,1,2024-07-01,False,1.0,0.0,,0.0
FDXDL3Z-13008-FB ,2,2024-08-01,False,1.0,0.0,,0.0
FDXDL3Z-13008-FB ,3,2024-09-01,False,1.0,0.0,,0.0
FDXDL3Z-13008-FB ,4,2024-10-01,False,1.0,0.0,,0.0
FDXDL3Z-13008-FB ,5,2024-11-01,False,1.0,0.0,,0.0
FDXDL3Z-13008-FB ,6,2024-12-01,False,1.0,0.0,,0.0
FDXDL3Z-13008-FB ,7,2025-01-01,False,1.0,0.0,,0.0
FDXDL3Z-13008-FB ,8,2025-02-01,False,1.0,0.0,,0.0
FDXDL3Z-13008-FB ,9,2025-03-01,False,1.0,0.0,,0.0
FDXDL3Z-13008-FB ,10,2025-04-01,False,1.0,0.0,,0.0
FDXDL3Z-13008-FB ,11,2025-05-01,False,1.0,0.0,0.0,0.0
FDXDL3Z-13008-FB ,12,2025-06-01,False,1.0,0.0,0.0,
FDXDL3Z-8200-DA ,0,2024-06-01,False,4.0,0.0,,0.0
FDXDL3Z-8200-DA ,1,2024-07-01,False,4.0,0.0,,0.0
FDXDL3Z-8200-DA ,2,2024-08-01,False,4.0,0.0,,0.0
FDXDL3Z-8200-DA ,3,2024-09-01,False,4.0,0.0,,0.0
FDXDL3Z-8200-DA ,4,2024-10-01,False,4.0,0.0,,0.0
FDXDL3Z-8200-DA ,5,2024-11-01,False,4.0,0.0,,1.0
FDXDL3Z-8200-DA ,6,2024-12-01,False,3.0,1.0,,0.0
FDXDL3Z-8200-DA ,7,2025-01-01,False,3.0,0.0,,1.0
FDXDL3Z-8200-DA ,8,2025-02-01,False,2.0,1.0,,0.0
FDXDL3Z-8200-DA ,9,2025-03-01,False,2.0,0.0,,0.0
FDXDL3Z-8200-DA ,10,2025-04-01,False,2.0,0.0,,0.0
FDXDL3Z-8200-DA ,11,2025-05-01,False,2.0,0.0,0.0,0.0
FDXDL3Z-8200-DA ,12,2025-06-01,False,2.0,0.0,0.0,
FDXDR3Z-17626-B ,0,2024-06-01,False,2.0,1.0,,0.0
FDXDR3Z-17626-B ,1,2024-07-01,False,2.0,0.0,,0.0
FDXDR3Z-17626-B ,2,2024-08-01,False,2.0,0.0,,1.0
FDXDR3Z-17626-B ,3,2024-09-01,False,1.0,1.0,,0.0
FDXDR3Z-17626-B ,4,2024-10-01,False,1.0,0.0,,0.0
FDXDR3Z-17626-B ,5,2024-11-01,False,1.0,0.0,,0.0
FDXDR3Z-17626-B ,6,2024-12-01,False,11.0,0.0,,0.0
FDXDR3Z-17626-B ,7,2025-01-01,False,11.0,0.0,,0.0
FDXDR3Z-17626-B ,8,2025-02-01,False,11.0,0.0,,0.0
FDXDR3Z-17626-B ,9,2025-03-01,False,11.0,0.0,,0.0
FDXDR3Z-17626-B ,10,2025-04-01,False,11.0,0.0,,1.0
FDXDR3Z-17626-B ,11,2025-05-01,False,10.0,1.0,0.0,0.0
FDXDR3Z-17626-B ,12,2025-06-01,False,10.0,0.0,0.0,
FDXDR3Z-17682-AA ,0,2024-06-01,False,7.0,0.0,,0.0
FDXDR3Z-17682-AA ,1,2024-07-01,False,7.0,0.0,,0.0
FDXDR3Z-17682-AA ,2,2024-08-01,False,7.0,0.0,,0.0
FDXDR3Z-17682-AA ,3,2024-09-01,False,7.0,0.0,,0.0
FDXDR3Z-17682-AA ,4,2024-10-01,False,7.0,0.0,,0.0
FDXDR3Z-17682-AA ,5,2024-11-01,False,7.0,0.0,,0.0
FDXDR3Z-17682-AA ,6,2024-12-01,False,7.0,0.0,,0.0
FDXDR3Z-17682-AA ,7,2025-01-01,False,7.0,0.0,,0.0
FDXDR3Z-17682-AA ,8,2025-02-01,False,7.0,0.0,,0.0
FDXDR3Z-17682-AA ,9,2025-03-01,False,7.0,0.0,,2.0
FDXDR3Z-17682-AA ,10,2025-04-01,False,5.0,2.0,,1.0
FDXDR3Z-17682-AA ,11,2025-05-01,False,4.0,1.0,1.0,0.0
FDXDR3Z-17682-AA ,12,2025-06-01,False,4.0,0.0,1.0,
FDXDR3Z-17683-AA ,0,2024-06-01,False,5.0,0.0,,0.0
FDXDR3Z-17683-AA ,1,2024-07-01,False,5.0,0.0,,0.0
FDXDR3Z-17683-AA ,2,2024-08-01,False,5.0,0.0,,0.0
FDXDR3Z-17683-AA ,3,2024-09-01,False,5.0,0.0,,0.0
FDXDR3Z-17683-AA ,4,2024-10-01,False,5.0,0.0,,0.0
FDXDR3Z-17683-AA ,5,2024-11-01,False,5.0,0.0,,0.0
FDXDR3Z-17683-AA ,6,2024-12-01,False,5.0,0.0,,0.0
FDXDR3Z-17683-AA ,7,2025-01-01,False,5.0,0.0,,0.0
FDXDR3Z-17683-AA ,8,2025-02-01,False,5.0,0.0,,0.0
FDXDR3Z-17683-AA ,9,2025-03-01,False,5.0,0.0,,0.0
FDXDR3Z-17683-AA ,10,2025-04-01,False,5.0,0.0,,0.0
FDXDR3Z-17683-AA ,11,2025-05-01,False,5.0,0.0,1.0,1.0
FDXDR3Z-17683-AA ,12,2025-06-01,False,4.0,1.0,0.0,
FDXE7ZZ-13200-A ,0,2024-06-01,True,0.0,0.0,,0.0
FDXE7ZZ-13200-A ,1,2024-07-01,True,20.0,0.0,,1.0
FDXE7ZZ-13200-A ,2,2024-08-01,False,19.0,1.0,,0.0
FDXE7ZZ-13200-A ,3,2024-09-01,False,19.0,0.0,,0.0
FDXE7ZZ-13200-A ,4,2024-10-01,False,19.0,0.0,,2.0
FDXE7ZZ-13200-A ,5,2024-11-01,False,17.0,2.0,,0.0
FDXE7ZZ-13200-A ,6,2024-12-01,False,17.0,0.0,,1.0
FDXE7ZZ-13200-A ,7,2025-01-01,False,16.0,1.0,,5.0
FDXE7ZZ-13200-A ,8,2025-02-01,False,11.0,5.0,,0.0
FDXE7ZZ-13200-A ,9,2025-03-01,False,11.0,0.0,,1.0
FDXE7ZZ-13200-A ,10,2025-04-01,False,10.0,1.0,,1.0
FDXE7ZZ-13200-A ,11,2025-05-01,False,9.0,1.0,1.0,0.0
FDXE7ZZ-13200-A ,12,2025-06-01,False,9.0,0.0,1.0,
FDXE7ZZ-13201-A ,0,2024-06-01,False,12.0,0.0,,0.0
FDXE7ZZ-13201-A ,1,2024-07-01,False,12.0,0.0,,0.0
FDXE7ZZ-13201-A ,2,2024-08-01,False,12.0,0.0,,0.0
FDXE7ZZ-13201-A ,3,2024-09-01,False,12.0,0.0,,0.0
FDXE7ZZ-13201-A ,4,2024-10-01,False,12.0,0.0,,1.0
FDXE7ZZ-13201-A ,5,2024-11-01,False,11.0,1.0,,1.0
FDXE7ZZ-13201-A ,6,2024-12-01,False,10.0,1.0,,2.0
FDXE7ZZ-13201-A ,7,2025-01-01,False,8.0,2.0,,6.0
FDXE7ZZ-13201-A ,8,2025-02-01,False,2.0,6.0,,0.0
FDXE7ZZ-13201-A ,9,2025-03-01,False,2.0,0.0,,1.0
FDXE7ZZ-13201-A ,10,2025-04-01,False,1.0,1.0,,0.0
FDXE7ZZ-13201-A ,11,2025-05-01,False,1.0,0.0,0.0,0.0
FDXE7ZZ-13201-A ,12,2025-06-01,False,1.0,0.0,0.0,
FDXE7ZZ-13404-A ,0,2024-06-01,True,0.0,12.0,,0.0
FDXE7ZZ-13404-A ,1,2024-07-01,True,0.0,0.0,,0.0
FDXE7ZZ-13404-A ,2,2024-08-01,True,0.0,0.0,,0.0
FDXE7ZZ-13404-A ,3,2024-09-01,True,0.0,0.0,,0.0
FDXE7ZZ-13404-A ,4,2024-10-01,True,0.0,0.0,,0.0
FDXE7ZZ-13404-A ,5,2024-11-01,True,0.0,0.0,,5.0
FDXE7ZZ-13404-A ,6,2024-12-01,True,1.0,5.0,,0.0
FDXE7ZZ-13404-A ,7,2025-01-01,True,1.0,0.0,,0.0
FDXE7ZZ-13404-A ,8,2025-02-01,True,1.0,0.0,,0.0
FDXE7ZZ-13404-A ,9,2025-03-01,True,1.0,0.0,,0.0
FDXE7ZZ-13404-A ,10,2025-04-01,True,1.0,0.0,,6.0
FDXE7ZZ-13404-A ,11,2025-05-01,True,1.0,6.0,4.0,12.0
FDXE7ZZ-13404-A ,12,2025-06-01,True,1.0,12.0,2.0,
FDXE7ZZ-13405-A ,0,2024-06-01,True,0.0,12.0,,0.0
FDXE7ZZ-13405-A ,1,2024-07-01,True,0.0,0.0,,0.0
FDXE7ZZ-13405-A ,2,2024-08-01,True,0.0,0.0,,0.0
FDXE7ZZ-13405-A ,3,2024-09-01,True,0.0,0.0,,0.0
FDXE7ZZ-13405-A ,4,2024-10-01,True,0.0,0.0,,0.0
FDXE7ZZ-13405-A ,5,2024-11-01,True,0.0,0.0,,5.0
FDXE7ZZ-13405-A ,6,2024-12-01,True,1.0,5.0,,0.0
FDXE7ZZ-13405-A ,7,2025-01-01,True,1.0,0.0,,0.0
FDXE7ZZ-13405-A ,8,2025-02-01,True,1.0,0.0,,0.0
FDXE7ZZ-13405-A ,9,2025-03-01,True,1.0,0.0,,0.0
FDXE7ZZ-13405-A ,10,2025-04-01,True,1.0,0.0,,6.0
FDXE7ZZ-13405-A ,11,2025-05-01,True,1.0,6.0,4.0,12.0
FDXE7ZZ-13405-A ,12,2025-06-01,True,1.0,12.0,2.0,
FDXE7ZZ-15A201-A ,0,2024-06-01,False,9.0,0.0,,0.0
FDXE7ZZ-15A201-A ,1,2024-07-01,False,9.0,0.0,,0.0
FDXE7ZZ-15A201-A ,2,2024-08-01,False,9.0,0.0,,0.0
FDXE7ZZ-15A201-A ,3,2024-09-01,False,9.0,0.0,,0.0
FDXE7ZZ-15A201-A ,4,2024-10-01,False,9.0,0.0,,1.0
FDXE7ZZ-15A201-A ,5,2024-11-01,False,8.0,1.0,,0.0
FDXE7ZZ-15A201-A ,6,2024-12-01,False,8.0,0.0,,1.0
FDXE7ZZ-15A201-A ,7,2025-01-01,False,7.0,1.0,,5.0
FDXE7ZZ-15A201-A ,8,2025-02-01,False,2.0,5.0,,0.0
FDXE7ZZ-15A201-A ,9,2025-03-01,False,2.0,0.0,,1.0
FDXE7ZZ-15A201-A ,10,2025-04-01,False,1.0,1.0,,0.0
FDXE7ZZ-15A201-A ,11,2025-05-01,False,1.0,0.0,0.0,0.0
FDXE7ZZ-15A201-A ,12,2025-06-01,False,1.0,0.0,0.0,
FDXE7ZZ-15A201-B ,0,2024-06-01,False,9.0,0.0,,0.0
FDXE7ZZ-15A201-B ,1,2024-07-01,False,9.0,0.0,,0.0
FDXE7ZZ-15A201-B ,2,2024-08-01,False,9.0,0.0,,0.0
FDXE7ZZ-15A201-B ,3,2024-09-01,False,9.0,0.0,,0.0
FDXE7ZZ-15A201-B ,4,2024-10-01,False,9.0,0.0,,1.0
FDXE7ZZ-15A201-B ,5,2024-11-01,False,8.0,1.0,,0.0
FDXE7ZZ-15A201-B ,6,2024-12-01,False,8.0,0.0,,1.0
FDXE7ZZ-15A201-B ,7,2025-01-01,False,7.0,1.0,,5.0
FDXE7ZZ-15A201-B ,8,2025-02-01,False,2.0,5.0,,0.0
FDXE7ZZ-15A201-B ,9,2025-03-01,False,2.0,0.0,,1.0
FDXE7ZZ-15A201-B ,10,2025-04-01,False,1.0,1.0,,0.0
FDXE7ZZ-15A201-B ,11,2025-05-01,False,1.0,0.0,0.0,0.0
FDXE7ZZ-15A201-B ,12,2025-06-01,False,1.0,0.0,0.0,
FDXE8AZ-15A201-B ,0,2024-06-01,False,0.0,0.0,,0.0
FDXE8AZ-15A201-B ,1,2024-07-01,True,10.0,0.0,,0.0
FDXE8AZ-15A201-B ,2,2024-08-01,False,10.0,0.0,,0.0
FDXE8AZ-15A201-B ,3,2024-09-01,False,10.0,0.0,,0.0
FDXE8AZ-15A201-B ,4,2024-10-01,False,10.0,0.0,,1.0
FDXE8AZ-15A201-B ,5,2024-11-01,False,9.0,1.0,,0.0
FDXE8AZ-15A201-B ,6,2024-12-01,False,9.0,0.0,,0.0
FDXE8AZ-15A201-B ,7,2025-01-01,False,9.0,0.0,,0.0
FDXE8AZ-15A201-B ,8,2025-02-01,False,9.0,0.0,,0.0
FDXE8AZ-15A201-B ,9,2025-03-01,False,9.0,0.0,,0.0
FDXE8AZ-15A201-B ,10,2025-04-01,False,9.0,0.0,,0.0
FDXE8AZ-15A201-B ,11,2025-05-01,False,9.0,0.0,0.0,0.0
FDXE8AZ-15A201-B ,12,2025-06-01,False,9.0,0.0,0.0,
FDXE8LY-1012-A ,0,2024-06-01,False,47.0,0.0,,0.0
FDXE8LY-1012-A ,1,2024-07-01,False,47.0,0.0,,0.0
FDXE8LY-1012-A ,2,2024-08-01,False,47.0,0.0,,0.0
FDXE8LY-1012-A ,3,2024-09-01,False,47.0,0.0,,0.0
FDXE8LY-1012-A ,4,2024-10-01,False,47.0,0.0,,0.0
FDXE8LY-1012-A ,5,2024-11-01,False,47.0,0.0,,0.0
FDXE8LY-1012-A ,6,2024-12-01,False,47.0,0.0,,46.0
FDXE8LY-1012-A ,7,2025-01-01,False,2.0,46.0,,0.0
FDXE8LY-1012-A ,8,2025-02-01,True,2.0,0.0,,0.0
FDXE8LY-1012-A ,9,2025-03-01,True,2.0,0.0,,0.0
FDXE8LY-1012-A ,10,2025-04-01,True,2.0,0.0,,0.0
FDXE8LY-1012-A ,11,2025-05-01,True,2.0,0.0,1.0,0.0
FDXE8LY-1012-A ,12,2025-06-01,True,2.0,0.0,1.0,
FDXE8MY-17997-A ,0,2024-06-01,False,0.0,0.0,,0.0
FDXE8MY-17997-A ,1,2024-07-01,True,1.0,0.0,,0.0
FDXE8MY-17997-A ,2,2024-08-01,False,1.0,0.0,,0.0
FDXE8MY-17997-A ,3,2024-09-01,False,1.0,0.0,,0.0
FDXE8MY-17997-A ,4,2024-10-01,False,1.0,0.0,,1.0
FDXE8MY-17997-A ,5,2024-11-01,False,0.0,1.0,,0.0
FDXE8MY-17997-A ,6,2024-12-01,True,0.0,0.0,,0.0
FDXE8MY-17997-A ,7,2025-01-01,True,0.0,0.0,,0.0
FDXE8MY-17997-A ,8,2025-02-01,True,0.0,0.0,,0.0
FDXE8MY-17997-A ,9,2025-03-01,True,0.0,0.0,,0.0
FDXE8MY-17997-A ,10,2025-04-01,True,0.0,0.0,,0.0
FDXE8MY-17997-A ,11,2025-05-01,True,0.0,0.0,0.0,0.0
FDXE8MY-17997-A ,12,2025-06-01,True,0.0,0.0,0.0,
FDXE9SZ-13200-A ,0,2024-06-01,False,0.0,0.0,,0.0
FDXE9SZ-13200-A ,1,2024-07-01,True,1.0,0.0,,0.0
FDXE9SZ-13200-A ,2,2024-08-01,False,1.0,0.0,,0.0
FDXE9SZ-13200-A ,3,2024-09-01,False,1.0,0.0,,0.0
FDXE9SZ-13200-A ,4,2024-10-01,False,1.0,0.0,,1.0
FDXE9SZ-13200-A ,5,2024-11-01,False,0.0,1.0,,0.0
FDXE9SZ-13200-A ,6,2024-12-01,True,0.0,0.0,,0.0
FDXE9SZ-13200-A ,7,2025-01-01,True,0.0,0.0,,0.0
FDXE9SZ-13200-A ,8,2025-02-01,True,0.0,0.0,,0.0
FDXE9SZ-13200-A ,9,2025-03-01,True,0.0,0.0,,0.0
FDXE9SZ-13200-A ,10,2025-04-01,True,0.0,0.0,,0.0
FDXE9SZ-13200-A ,11,2025-05-01,True,0.0,0.0,0.0,0.0
FDXE9SZ-13200-A ,12,2025-06-01,True,0.0,0.0,0.0,
FDXE9TZ-13008-C ,0,2024-06-01,False,3.0,0.0,,0.0
FDXE9TZ-13008-C ,1,2024-07-01,False,3.0,0.0,,0.0
FDXE9TZ-13008-C ,2,2024-08-01,False,3.0,0.0,,0.0
FDXE9TZ-13008-C ,3,2024-09-01,False,3.0,0.0,,0.0
FDXE9TZ-13008-C ,4,2024-10-01,False,3.0,0.0,,0.0
FDXE9TZ-13008-C ,5,2024-11-01,False,3.0,0.0,,0.0
FDXE9TZ-13008-C ,6,2024-12-01,False,3.0,0.0,,0.0
FDXE9TZ-13008-C ,7,2025-01-01,False,3.0,0.0,,0.0
FDXE9TZ-13008-C ,8,2025-02-01,False,3.0,0.0,,1.0
FDXE9TZ-13008-C ,9,2025-03-01,False,2.0,1.0,,0.0
FDXE9TZ-13008-C ,10,2025-04-01,False,2.0,0.0,,0.0
FDXE9TZ-13008-C ,11,2025-05-01,False,2.0,0.0,0.0,0.0
FDXE9TZ-13008-C ,12,2025-06-01,False,2.0,0.0,0.0,
FDXE9TZ-13008-D ,0,2024-06-01,False,3.0,0.0,,0.0
FDXE9TZ-13008-D ,1,2024-07-01,False,3.0,0.0,,0.0
FDXE9TZ-13008-D ,2,2024-08-01,False,3.0,0.0,,0.0
FDXE9TZ-13008-D ,3,2024-09-01,False,3.0,0.0,,0.0
FDXE9TZ-13008-D ,4,2024-10-01,False,3.0,0.0,,0.0
FDXE9TZ-13008-D ,5,2024-11-01,False,3.0,0.0,,0.0
FDXE9TZ-13008-D ,6,2024-12-01,False,3.0,0.0,,0.0
FDXE9TZ-13008-D ,7,2025-01-01,False,3.0,0.0,,0.0
FDXE9TZ-13008-D ,8,2025-02-01,False,3.0,0.0,,1.0
FDXE9TZ-13008-D ,9,2025-03-01,False,2.0,1.0,,0.0
FDXE9TZ-13008-D ,10,2025-04-01,False,2.0,0.0,,0.0
FDXE9TZ-13008-D ,11,2025-05-01,False,2.0,0.0,0.0,0.0
FDXE9TZ-13008-D ,12,2025-06-01,False,2.0,0.0,0.0,
FDXE9TZ-13404-C ,0,2024-06-01,False,5.0,0.0,,0.0
FDXE9TZ-13404-C ,1,2024-07-01,False,5.0,0.0,,0.0
FDXE9TZ-13404-C ,2,2024-08-01,False,5.0,0.0,,0.0
FDXE9TZ-13404-C ,3,2024-09-01,False,5.0,0.0,,0.0
FDXE9TZ-13404-C ,4,2024-10-01,False,5.0,0.0,,0.0
FDXE9TZ-13404-C ,5,2024-11-01,False,5.0,0.0,,0.0
FDXE9TZ-13404-C ,6,2024-12-01,False,5.0,0.0,,0.0
FDXE9TZ-13404-C ,7,2025-01-01,False,5.0,0.0,,0.0
FDXE9TZ-13404-C ,8,2025-02-01,False,5.0,0.0,,4.0
FDXE9TZ-13404-C ,9,2025-03-01,False,1.0,4.0,,0.0
FDXE9TZ-13404-C ,10,2025-04-01,False,1.0,0.0,,0.0
FDXE9TZ-13404-C ,11,2025-05-01,False,1.0,0.0,0.0,0.0
FDXE9TZ-13404-C ,12,2025-06-01,False,1.0,0.0,0.0,
FDXE9TZ-13405-C ,0,2024-06-01,False,7.0,0.0,,0.0
FDXE9TZ-13405-C ,1,2024-07-01,False,7.0,0.0,,0.0
FDXE9TZ-13405-C ,2,2024-08-01,False,7.0,0.0,,0.0
FDXE9TZ-13405-C ,3,2024-09-01,False,7.0,0.0,,0.0
FDXE9TZ-13405-C ,4,2024-10-01,False,7.0,0.0,,0.0
FDXE9TZ-13405-C ,5,2024-11-01,False,7.0,0.0,,0.0
FDXE9TZ-13405-C ,6,2024-12-01,False,7.0,0.0,,0.0
FDXE9TZ-13405-C ,7,2025-01-01,False,7.0,0.0,,0.0
FDXE9TZ-13405-C ,8,2025-02-01,False,7.0,0.0,,4.0
FDXE9TZ-13405-C ,9,2025-03-01,False,3.0,4.0,,0.0
FDXE9TZ-13405-C ,10,2025-04-01,False,3.0,0.0,,0.0
FDXE9TZ-13405-C ,11,2025-05-01,False,3.0,0.0,0.0,0.0
FDXE9TZ-13405-C ,12,2025-06-01,False,3.0,0.0,0.0,
FDXE9ZZ-13008-A ,0,2024-06-01,False,14.0,0.0,,0.0
FDXE9ZZ-13008-A ,1,2024-07-01,False,14.0,0.0,,0.0
FDXE9ZZ-13008-A ,2,2024-08-01,False,14.0,0.0,,0.0
FDXE9ZZ-13008-A ,3,2024-09-01,False,14.0,0.0,,0.0
FDXE9ZZ-13008-A ,4,2024-10-01,False,14.0,0.0,,1.0
FDXE9ZZ-13008-A ,5,2024-11-01,False,13.0,1.0,,0.0
FDXE9ZZ-13008-A ,6,2024-12-01,False,13.0,0.0,,1.0
FDXE9ZZ-13008-A ,7,2025-01-01,False,12.0,1.0,,5.0
FDXE9ZZ-13008-A ,8,2025-02-01,False,7.0,5.0,,0.0
FDXE9ZZ-13008-A ,9,2025-03-01,False,7.0,0.0,,1.0
FDXE9ZZ-13008-A ,10,2025-04-01,False,6.0,1.0,,1.0
FDXE9ZZ-13008-A ,11,2025-05-01,False,5.0,1.0,3.0,0.0
FDXE9ZZ-13008-A ,12,2025-06-01,False,5.0,0.0,1.0,
FDXE9ZZ-13008-B ,0,2024-06-01,False,17.0,0.0,,0.0
FDXE9ZZ-13008-B ,1,2024-07-01,False,17.0,0.0,,0.0
FDXE9ZZ-13008-B ,2,2024-08-01,False,17.0,0.0,,0.0
FDXE9ZZ-13008-B ,3,2024-09-01,False,17.0,0.0,,0.0
FDXE9ZZ-13008-B ,4,2024-10-01,False,17.0,0.0,,1.0
FDXE9ZZ-13008-B ,5,2024-11-01,False,16.0,1.0,,0.0
FDXE9ZZ-13008-B ,6,2024-12-01,False,16.0,0.0,,1.0
FDXE9ZZ-13008-B ,7,2025-01-01,False,15.0,1.0,,5.0
FDXE9ZZ-13008-B ,8,2025-02-01,False,10.0,5.0,,0.0
FDXE9ZZ-13008-B ,9,2025-03-01,False,10.0,0.0,,1.0
FDXE9ZZ-13008-B ,10,2025-04-01,False,9.0,1.0,,0.0
FDXE9ZZ-13008-B ,11,2025-05-01,False,9.0,0.0,1.0,0.0
FDXE9ZZ-13008-B ,12,2025-06-01,False,9.0,0.0,1.0,
FDXEL3Z-3084-A ,0,2024-06-01,False,26.0,0.0,,1.0
FDXEL3Z-3084-A ,1,2024-07-01,False,25.0,1.0,,4.0
FDXEL3Z-3084-A ,2,2024-08-01,False,21.0,4.0,,0.0
FDXEL3Z-3084-A ,3,2024-09-01,False,21.0,0.0,,2.0
FDXEL3Z-3084-A ,4,2024-10-01,False,19.0,2.0,,0.0
FDXEL3Z-3084-A ,5,2024-11-01,False,19.0,0.0,,5.0
FDXEL3Z-3084-A ,6,2024-12-01,False,14.0,5.0,,1.0
FDXEL3Z-3084-A ,7,2025-01-01,False,13.0,1.0,,1.0
FDXEL3Z-3084-A ,8,2025-02-01,False,12.0,1.0,,4.0
FDXEL3Z-3084-A ,9,2025-03-01,False,8.0,4.0,,0.0
FDXEL3Z-3084-A ,10,2025-04-01,False,8.0,0.0,,5.0
FDXEL3Z-3084-A ,11,2025-05-01,False,23.0,5.0,3.0,2.0
FDXEL3Z-3084-A ,12,2025-06-01,False,21.0,2.0,3.0,
FDXEL3Z-3085-A ,0,2024-06-01,False,29.0,0.0,,1.0
FDXEL3Z-3085-A ,1,2024-07-01,False,28.0,1.0,,4.0
FDXEL3Z-3085-A ,2,2024-08-01,False,24.0,4.0,,0.0
FDXEL3Z-3085-A ,3,2024-09-01,False,24.0,0.0,,2.0
FDXEL3Z-3085-A ,4,2024-10-01,False,22.0,2.0,,0.0
FDXEL3Z-3085-A ,5,2024-11-01,False,22.0,0.0,,5.0
FDXEL3Z-3085-A ,6,2024-12-01,False,17.0,5.0,,1.0
FDXEL3Z-3085-A ,7,2025-01-01,False,16.0,1.0,,1.0
FDXEL3Z-3085-A ,8,2025-02-01,False,15.0,1.0,,3.0
FDXEL3Z-3085-A ,9,2025-03-01,False,12.0,3.0,,0.0
FDXEL3Z-3085-A ,10,2025-04-01,False,12.0,0.0,,5.0
FDXEL3Z-3085-A ,11,2025-05-01,False,27.0,5.0,2.0,2.0
FDXEL3Z-3085-A ,12,2025-06-01,False,25.0,2.0,3.0,
FDXF0ZZ-8A284-A ,0,2024-06-01,False,4.0,0.0,,0.0
FDXF0ZZ-8A284-A ,1,2024-07-01,False,4.0,0.0,,0.0
FDXF0ZZ-8A284-A ,2,2024-08-01,False,4.0,0.0,,0.0
FDXF0ZZ-8A284-A ,3,2024-09-01,False,4.0,0.0,,0.0
FDXF0ZZ-8A284-A ,4,2024-10-01,False,4.0,0.0,,0.0
FDXF0ZZ-8A284-A ,5,2024-11-01,False,4.0,0.0,,0.0
FDXF0ZZ-8A284-A ,6,2024-12-01,False,4.0,0.0,,0.0
FDXF0ZZ-8A284-A ,7,2025-01-01,False,4.0,0.0,,0.0
FDXF0ZZ-8A284-A ,8,2025-02-01,False,4.0,0.0,,0.0
FDXF0ZZ-8A284-A ,9,2025-03-01,False,4.0,0.0,,0.0
FDXF0ZZ-8A284-A ,10,2025-04-01,False,4.0,0.0,,4.0
FDXF0ZZ-8A284-A ,11,2025-05-01,False,0.0,4.0,0.0,0.0
FDXF0ZZ-8A284-A ,12,2025-06-01,True,0.0,0.0,0.0,
FDXF1AZ-13200-A ,0,2024-06-01,False,0.0,0.0,,0.0
FDXF1AZ-13200-A ,1,2024-07-01,True,1.0,0.0,,0.0
FDXF1AZ-13200-A ,2,2024-08-01,False,1.0,0.0,,0.0
FDXF1AZ-13200-A ,3,2024-09-01,False,1.0,0.0,,0.0
FDXF1AZ-13200-A ,4,2024-10-01,False,1.0,0.0,,1.0
FDXF1AZ-13200-A ,5,2024-11-01,False,0.0,1.0,,0.0
FDXF1AZ-13200-A ,6,2024-12-01,True,0.0,0.0,,0.0
FDXF1AZ-13200-A ,7,2025-01-01,True,0.0,0.0,,0.0
FDXF1AZ-13200-A ,8,2025-02-01,True,0.0,0.0,,0.0
FDXF1AZ-13200-A ,9,2025-03-01,True,0.0,0.0,,0.0
FDXF1AZ-13200-A ,10,2025-04-01,True,0.0,0.0,,0.0
FDXF1AZ-13200-A ,11,2025-05-01,True,0.0,0.0,0.0,0.0
FDXF1AZ-13200-A ,12,2025-06-01,True,0.0,0.0,0.0,
FDXF1AZ-15A201-B ,0,2024-06-01,False,0.0,0.0,,0.0
FDXF1AZ-15A201-B ,1,2024-07-01,True,5.0,0.0,,0.0
FDXF1AZ-15A201-B ,2,2024-08-01,False,5.0,0.0,,0.0
FDXF1AZ-15A201-B ,3,2024-09-01,False,5.0,0.0,,0.0
FDXF1AZ-15A201-B ,4,2024-10-01,False,5.0,0.0,,2.0
FDXF1AZ-15A201-B ,5,2024-11-01,False,3.0,2.0,,0.0
FDXF1AZ-15A201-B ,6,2024-12-01,False,3.0,0.0,,0.0
FDXF1AZ-15A201-B ,7,2025-01-01,False,3.0,0.0,,0.0
FDXF1AZ-15A201-B ,8,2025-02-01,False,3.0,0.0,,0.0
FDXF1AZ-15A201-B ,9,2025-03-01,False,3.0,0.0,,0.0
FDXF1AZ-15A201-B ,10,2025-04-01,False,3.0,0.0,,0.0
FDXF1AZ-15A201-B ,11,2025-05-01,False,3.0,0.0,0.0,0.0
FDXF1AZ-15A201-B ,12,2025-06-01,False,3.0,0.0,0.0,
FDXF2AZ-13007-A ,0,2024-06-01,False,0.0,0.0,,0.0
FDXF2AZ-13007-A ,1,2024-07-01,True,3.0,0.0,,0.0
FDXF2AZ-13007-A ,2,2024-08-01,False,3.0,0.0,,0.0
FDXF2AZ-13007-A ,3,2024-09-01,False,3.0,0.0,,0.0
FDXF2AZ-13007-A ,4,2024-10-01,False,3.0,0.0,,1.0
FDXF2AZ-13007-A ,5,2024-11-01,False,2.0,1.0,,0.0
FDXF2AZ-13007-A ,6,2024-12-01,False,2.0,0.0,,0.0
FDXF2AZ-13007-A ,7,2025-01-01,False,2.0,0.0,,0.0
FDXF2AZ-13007-A ,8,2025-02-01,False,2.0,0.0,,0.0
FDXF2AZ-13007-A ,9,2025-03-01,False,2.0,0.0,,0.0
FDXF2AZ-13007-A ,10,2025-04-01,False,2.0,0.0,,0.0
FDXF2AZ-13007-A ,11,2025-05-01,False,2.0,0.0,0.0,0.0
FDXF2AZ-13007-A ,12,2025-06-01,False,2.0,0.0,0.0,
FDXF2AZ-13007-B ,0,2024-06-01,False,3.0,0.0,,0.0
FDXF2AZ-13007-B ,1,2024-07-01,False,3.0,0.0,,0.0
FDXF2AZ-13007-B ,2,2024-08-01,False,3.0,0.0,,0.0
FDXF2AZ-13007-B ,3,2024-09-01,False,3.0,0.0,,0.0
FDXF2AZ-13007-B ,4,2024-10-01,False,3.0,0.0,,2.0
FDXF2AZ-13007-B ,5,2024-11-01,False,1.0,2.0,,0.0
FDXF2AZ-13007-B ,6,2024-12-01,False,1.0,0.0,,0.0
FDXF2AZ-13007-B ,7,2025-01-01,False,1.0,0.0,,0.0
FDXF2AZ-13007-B ,8,2025-02-01,False,1.0,0.0,,0.0
FDXF2AZ-13007-B ,9,2025-03-01,False,1.0,0.0,,0.0
FDXF2AZ-13007-B ,10,2025-04-01,False,1.0,0.0,,0.0
FDXF2AZ-13007-B ,11,2025-05-01,False,1.0,0.0,0.0,0.0
FDXF2AZ-13007-B ,12,2025-06-01,False,1.0,0.0,0.0,
FDXF2AZ-13008-A ,0,2024-06-01,False,14.0,0.0,,0.0
FDXF2AZ-13008-A ,1,2024-07-01,False,14.0,0.0,,0.0
FDXF2AZ-13008-A ,2,2024-08-01,False,14.0,0.0,,0.0
FDXF2AZ-13008-A ,3,2024-09-01,False,14.0,0.0,,0.0
FDXF2AZ-13008-A ,4,2024-10-01,False,14.0,0.0,,2.0
FDXF2AZ-13008-A ,5,2024-11-01,False,12.0,2.0,,0.0
FDXF2AZ-13008-A ,6,2024-12-01,False,12.0,0.0,,0.0
FDXF2AZ-13008-A ,7,2025-01-01,False,12.0,0.0,,0.0
FDXF2AZ-13008-A ,8,2025-02-01,False,12.0,0.0,,0.0
FDXF2AZ-13008-A ,9,2025-03-01,False,12.0,0.0,,0.0
FDXF2AZ-13008-A ,10,2025-04-01,False,12.0,0.0,,0.0
FDXF2AZ-13008-A ,11,2025-05-01,False,12.0,0.0,0.0,0.0
FDXF2AZ-13008-A ,12,2025-06-01,False,12.0,0.0,0.0,
FDXF2AZ-13008-B ,0,2024-06-01,False,18.0,0.0,,0.0
FDXF2AZ-13008-B ,1,2024-07-01,False,18.0,0.0,,0.0
FDXF2AZ-13008-B ,2,2024-08-01,False,18.0,0.0,,0.0
FDXF2AZ-13008-B ,3,2024-09-01,False,18.0,0.0,,0.0
FDXF2AZ-13008-B ,4,2024-10-01,False,18.0,0.0,,3.0
FDXF2AZ-13008-B ,5,2024-11-01,False,15.0,3.0,,0.0
FDXF2AZ-13008-B ,6,2024-12-01,False,15.0,0.0,,0.0
FDXF2AZ-13008-B ,7,2025-01-01,False,15.0,0.0,,0.0
FDXF2AZ-13008-B ,8,2025-02-01,False,15.0,0.0,,0.0
FDXF2AZ-13008-B ,9,2025-03-01,False,15.0,0.0,,0.0
FDXF2AZ-13008-B ,10,2025-04-01,False,15.0,0.0,,0.0
FDXF2AZ-13008-B ,11,2025-05-01,False,15.0,0.0,0.0,0.0
FDXF2AZ-13008-B ,12,2025-06-01,False,15.0,0.0,0.0,
FDXF2AZ-13200-B ,0,2024-06-01,False,4.0,0.0,,0.0
FDXF2AZ-13200-B ,1,2024-07-01,False,4.0,0.0,,0.0
FDXF2AZ-13200-B ,2,2024-08-01,False,4.0,0.0,,0.0
FDXF2AZ-13200-B ,3,2024-09-01,False,4.0,0.0,,0.0
FDXF2AZ-13200-B ,4,2024-10-01,False,4.0,0.0,,1.0
FDXF2AZ-13200-B ,5,2024-11-01,False,3.0,1.0,,0.0
FDXF2AZ-13200-B ,6,2024-12-01,False,3.0,0.0,,0.0
FDXF2AZ-13200-B ,7,2025-01-01,False,3.0,0.0,,0.0
FDXF2AZ-13200-B ,8,2025-02-01,False,3.0,0.0,,0.0
FDXF2AZ-13200-B ,9,2025-03-01,False,3.0,0.0,,0.0
FDXF2AZ-13200-B ,10,2025-04-01,False,3.0,0.0,,0.0
FDXF2AZ-13200-B ,11,2025-05-01,False,3.0,0.0,0.0,0.0
FDXF2AZ-13200-B ,12,2025-06-01,False,3.0,0.0,0.0,
FDXF2AZ-13201-A ,0,2024-06-01,False,2.0,0.0,,0.0
FDXF2AZ-13201-A ,1,2024-07-01,False,2.0,0.0,,0.0
FDXF2AZ-13201-A ,2,2024-08-01,False,2.0,0.0,,0.0
FDXF2AZ-13201-A ,3,2024-09-01,False,2.0,0.0,,0.0
FDXF2AZ-13201-A ,4,2024-10-01,False,2.0,0.0,,1.0
FDXF2AZ-13201-A ,5,2024-11-01,False,1.0,1.0,,0.0
FDXF2AZ-13201-A ,6,2024-12-01,False,1.0,0.0,,0.0
FDXF2AZ-13201-A ,7,2025-01-01,False,1.0,0.0,,0.0
FDXF2AZ-13201-A ,8,2025-02-01,False,1.0,0.0,,0.0
FDXF2AZ-13201-A ,9,2025-03-01,False,1.0,0.0,,0.0
FDXF2AZ-13201-A ,10,2025-04-01,False,1.0,0.0,,0.0
FDXF2AZ-13201-A ,11,2025-05-01,False,1.0,0.0,0.0,0.0
FDXF2AZ-13201-A ,12,2025-06-01,False,1.0,0.0,0.0,
FDXF2AZ-13201-B ,0,2024-06-01,False,4.0,0.0,,0.0
FDXF2AZ-13201-B ,1,2024-07-01,False,4.0,0.0,,0.0
FDXF2AZ-13201-B ,2,2024-08-01,False,4.0,0.0,,0.0
FDXF2AZ-13201-B ,3,2024-09-01,False,4.0,0.0,,0.0
FDXF2AZ-13201-B ,4,2024-10-01,False,4.0,0.0,,2.0
FDXF2AZ-13201-B ,5,2024-11-01,False,2.0,2.0,,0.0
FDXF2AZ-13201-B ,6,2024-12-01,False,2.0,0.0,,0.0
FDXF2AZ-13201-B ,7,2025-01-01,False,2.0,0.0,,0.0
FDXF2AZ-13201-B ,8,2025-02-01,False,2.0,0.0,,0.0
FDXF2AZ-13201-B ,9,2025-03-01,False,2.0,0.0,,0.0
FDXF2AZ-13201-B ,10,2025-04-01,False,2.0,0.0,,0.0
FDXF2AZ-13201-B ,11,2025-05-01,False,2.0,0.0,0.0,0.0
FDXF2AZ-13201-B ,12,2025-06-01,False,2.0,0.0,0.0,
FDXF2AZ-5427008-A ,0,2024-06-01,False,11.0,0.0,,1.0
FDXF2AZ-5427008-A ,1,2024-07-01,False,10.0,1.0,,2.0
FDXF2AZ-5427008-A ,2,2024-08-01,False,8.0,2.0,,2.0
FDXF2AZ-5427008-A ,3,2024-09-01,False,6.0,2.0,,2.0
FDXF2AZ-5427008-A ,4,2024-10-01,False,4.0,2.0,,0.0
FDXF2AZ-5427008-A ,5,2024-11-01,False,4.0,0.0,,0.0
FDXF2AZ-5427008-A ,6,2024-12-01,False,4.0,0.0,,1.0
FDXF2AZ-5427008-A ,7,2025-01-01,False,3.0,1.0,,0.0
FDXF2AZ-5427008-A ,8,2025-02-01,False,3.0,0.0,,0.0
FDXF2AZ-5427008-A ,9,2025-03-01,False,3.0,0.0,,0.0
FDXF2AZ-5427008-A ,10,2025-04-01,False,3.0,0.0,,0.0
FDXF2AZ-5427008-A ,11,2025-05-01,False,3.0,0.0,0.0,0.0
FDXF2AZ-5427008-A ,12,2025-06-01,False,3.0,0.0,1.0,
FDXF2AZ-5427009-A ,0,2024-06-01,False,11.0,0.0,,0.0
FDXF2AZ-5427009-A ,1,2024-07-01,False,11.0,0.0,,2.0
FDXF2AZ-5427009-A ,2,2024-08-01,False,9.0,2.0,,0.0
FDXF2AZ-5427009-A ,3,2024-09-01,False,9.0,0.0,,1.0
FDXF2AZ-5427009-A ,4,2024-10-01,False,8.0,1.0,,1.0
FDXF2AZ-5427009-A ,5,2024-11-01,False,7.0,1.0,,0.0
FDXF2AZ-5427009-A ,6,2024-12-01,False,7.0,0.0,,1.0
FDXF2AZ-5427009-A ,7,2025-01-01,False,6.0,1.0,,0.0
FDXF2AZ-5427009-A ,8,2025-02-01,False,6.0,0.0,,0.0
FDXF2AZ-5427009-A ,9,2025-03-01,False,6.0,0.0,,0.0
FDXF2AZ-5427009-A ,10,2025-04-01,False,6.0,0.0,,0.0
FDXF2AZ-5427009-A ,11,2025-05-01,False,6.0,0.0,0.0,0.0
FDXF2AZ-5427009-A ,12,2025-06-01,False,6.0,0.0,1.0,
FDXF2GZ-8A080-A ,0,2024-06-01,True,0.0,0.0,,0.0
FDXF2GZ-8A080-A ,1,2024-07-01,True,0.0,0.0,,0.0
FDXF2GZ-8A080-A ,2,2024-08-01,True,0.0,0.0,,0.0
FDXF2GZ-8A080-A ,3,2024-09-01,True,0.0,0.0,,0.0
FDXF2GZ-8A080-A ,4,2024-10-01,True,0.0,0.0,,0.0
FDXF2GZ-8A080-A ,5,2024-11-01,True,0.0,0.0,,0.0
FDXF2GZ-8A080-A ,6,2024-12-01,True,6.0,0.0,,1.0
FDXF2GZ-8A080-A ,7,2025-01-01,False,5.0,1.0,,0.0
FDXF2GZ-8A080-A ,8,2025-02-01,False,5.0,0.0,,0.0
FDXF2GZ-8A080-A ,9,2025-03-01,False,5.0,0.0,,0.0
FDXF2GZ-8A080-A ,10,2025-04-01,False,5.0,0.0,,0.0
FDXF2GZ-8A080-A ,11,2025-05-01,False,5.0,0.0,0.0,0.0
FDXF2GZ-8A080-A ,12,2025-06-01,False,5.0,0.0,0.0,
FDXF2MY-13008-B ,0,2024-06-01,False,15.0,0.0,,0.0
FDXF2MY-13008-B ,1,2024-07-01,False,15.0,0.0,,0.0
FDXF2MY-13008-B ,2,2024-08-01,False,15.0,0.0,,0.0
FDXF2MY-13008-B ,3,2024-09-01,False,15.0,0.0,,0.0
FDXF2MY-13008-B ,4,2024-10-01,False,15.0,0.0,,1.0
FDXF2MY-13008-B ,5,2024-11-01,False,14.0,1.0,,0.0
FDXF2MY-13008-B ,6,2024-12-01,False,14.0,0.0,,0.0
FDXF2MY-13008-B ,7,2025-01-01,False,14.0,0.0,,0.0
FDXF2MY-13008-B ,8,2025-02-01,False,14.0,0.0,,0.0
FDXF2MY-13008-B ,9,2025-03-01,False,14.0,0.0,,0.0
FDXF2MY-13008-B ,10,2025-04-01,False,14.0,0.0,,0.0
FDXF2MY-13008-B ,11,2025-05-01,False,14.0,0.0,0.0,0.0
FDXF2MY-13008-B ,12,2025-06-01,False,14.0,0.0,0.0,
FDXF2MY-15A201-C ,0,2024-06-01,False,0.0,0.0,,0.0
FDXF2MY-15A201-C ,1,2024-07-01,True,6.0,0.0,,0.0
FDXF2MY-15A201-C ,2,2024-08-01,False,6.0,0.0,,0.0
FDXF2MY-15A201-C ,3,2024-09-01,False,6.0,0.0,,0.0
FDXF2MY-15A201-C ,4,2024-10-01,False,6.0,0.0,,1.0
FDXF2MY-15A201-C ,5,2024-11-01,False,5.0,1.0,,0.0
FDXF2MY-15A201-C ,6,2024-12-01,False,5.0,0.0,,0.0
FDXF2MY-15A201-C ,7,2025-01-01,False,5.0,0.0,,0.0
FDXF2MY-15A201-C ,8,2025-02-01,False,5.0,0.0,,0.0
FDXF2MY-15A201-C ,9,2025-03-01,False,5.0,0.0,,0.0
FDXF2MY-15A201-C ,10,2025-04-01,False,5.0,0.0,,0.0
FDXF2MY-15A201-C ,11,2025-05-01,False,5.0,0.0,0.0,0.0
FDXF2MY-15A201-C ,12,2025-06-01,False,5.0,0.0,0.0,
FDXF2MY-15A201-D ,0,2024-06-01,False,14.0,0.0,,0.0
FDXF2MY-15A201-D ,1,2024-07-01,False,14.0,0.0,,0.0
FDXF2MY-15A201-D ,2,2024-08-01,False,14.0,0.0,,0.0
FDXF2MY-15A201-D ,3,2024-09-01,False,14.0,0.0,,0.0
FDXF2MY-15A201-D ,4,2024-10-01,False,14.0,0.0,,3.0
FDXF2MY-15A201-D ,5,2024-11-01,False,11.0,3.0,,0.0
FDXF2MY-15A201-D ,6,2024-12-01,False,11.0,0.0,,0.0
FDXF2MY-15A201-D ,7,2025-01-01,False,11.0,0.0,,0.0
FDXF2MY-15A201-D ,8,2025-02-01,False,11.0,0.0,,0.0
FDXF2MY-15A201-D ,9,2025-03-01,False,11.0,0.0,,0.0
FDXF2MY-15A201-D ,10,2025-04-01,False,11.0,0.0,,0.0
FDXF2MY-15A201-D ,11,2025-05-01,False,11.0,0.0,0.0,0.0
FDXF2MY-15A201-D ,12,2025-06-01,False,11.0,0.0,0.0,
FDXF2TZ-13007-B ,0,2024-06-01,False,4.0,0.0,,0.0
FDXF2TZ-13007-B ,1,2024-07-01,False,4.0,0.0,,0.0
FDXF2TZ-13007-B ,2,2024-08-01,False,4.0,0.0,,0.0
FDXF2TZ-13007-B ,3,2024-09-01,False,4.0,0.0,,0.0
FDXF2TZ-13007-B ,4,2024-10-01,False,4.0,0.0,,1.0
FDXF2TZ-13007-B ,5,2024-11-01,False,3.0,1.0,,0.0
FDXF2TZ-13007-B ,6,2024-12-01,False,3.0,0.0,,0.0
FDXF2TZ-13007-B ,7,2025-01-01,False,3.0,0.0,,0.0
FDXF2TZ-13007-B ,8,2025-02-01,False,3.0,0.0,,0.0
FDXF2TZ-13007-B ,9,2025-03-01,False,3.0,0.0,,0.0
FDXF2TZ-13007-B ,10,2025-04-01,False,3.0,0.0,,0.0
FDXF2TZ-13007-B ,11,2025-05-01,False,3.0,0.0,0.0,0.0
FDXF2TZ-13007-B ,12,2025-06-01,False,3.0,0.0,0.0,
FDXF37Z-13008-A ,0,2024-06-01,False,0.0,0.0,,0.0
FDXF37Z-13008-A ,1,2024-07-01,True,0.0,0.0,,0.0
FDXF37Z-13008-A ,2,2024-08-01,True,0.0,0.0,,0.0
FDXF37Z-13008-A ,3,2024-09-01,True,0.0,0.0,,0.0
FDXF37Z-13008-A ,4,2024-10-01,True,0.0,0.0,,0.0
FDXF37Z-13008-A ,5,2024-11-01,True,0.0,0.0,,1.0
FDXF37Z-13008-A ,6,2024-12-01,True,0.0,1.0,,0.0
FDXF37Z-13008-A ,7,2025-01-01,True,0.0,0.0,,0.0
FDXF37Z-13008-A ,8,2025-02-01,True,0.0,0.0,,0.0
FDXF37Z-13008-A ,9,2025-03-01,True,0.0,0.0,,0.0
FDXF37Z-13008-A ,10,2025-04-01,True,0.0,0.0,,0.0
FDXF37Z-13008-A ,11,2025-05-01,True,0.0,0.0,0.0,0.0
FDXF37Z-13008-A ,12,2025-06-01,True,0.0,0.0,0.0,
FDXF37Z-13008-B ,0,2024-06-01,False,0.0,0.0,,0.0
FDXF37Z-13008-B ,1,2024-07-01,True,3.0,0.0,,0.0
FDXF37Z-13008-B ,2,2024-08-01,False,3.0,0.0,,0.0
FDXF37Z-13008-B ,3,2024-09-01,False,3.0,0.0,,0.0
FDXF37Z-13008-B ,4,2024-10-01,False,3.0,0.0,,1.0
FDXF37Z-13008-B ,5,2024-11-01,False,2.0,1.0,,1.0
FDXF37Z-13008-B ,6,2024-12-01,False,1.0,1.0,,0.0
FDXF37Z-13008-B ,7,2025-01-01,False,1.0,0.0,,0.0
FDXF37Z-13008-B ,8,2025-02-01,False,1.0,0.0,,0.0
FDXF37Z-13008-B ,9,2025-03-01,False,1.0,0.0,,0.0
FDXF37Z-13008-B ,10,2025-04-01,False,1.0,0.0,,0.0
FDXF37Z-13008-B ,11,2025-05-01,False,1.0,0.0,0.0,0.0
FDXF37Z-13008-B ,12,2025-06-01,False,1.0,0.0,0.0,
FDXF3AZ-5423208-B ,0,2024-06-01,False,49.0,0.0,,0.0
FDXF3AZ-5423208-B ,1,2024-07-01,False,49.0,0.0,,0.0
FDXF3AZ-5423208-B ,2,2024-08-01,False,49.0,0.0,,0.0
FDXF3AZ-5423208-B ,3,2024-09-01,False,49.0,0.0,,0.0
FDXF3AZ-5423208-B ,4,2024-10-01,False,49.0,0.0,,0.0
FDXF3AZ-5423208-B ,5,2024-11-01,False,49.0,0.0,,0.0
FDXF3AZ-5423208-B ,6,2024-12-01,False,49.0,0.0,,1.0
FDXF3AZ-5423208-B ,7,2025-01-01,False,48.0,1.0,,0.0
FDXF3AZ-5423208-B ,8,2025-02-01,False,48.0,0.0,,0.0
FDXF3AZ-5423208-B ,9,2025-03-01,False,48.0,0.0,,0.0
FDXF3AZ-5423208-B ,10,2025-04-01,False,48.0,0.0,,0.0
FDXF3AZ-5423208-B ,11,2025-05-01,False,48.0,0.0,0.0,0.0
FDXF3AZ-5423208-B ,12,2025-06-01,False,48.0,0.0,0.0,
FDXF3AZ-5423209-B ,0,2024-06-01,False,59.0,3.0,,3.0
FDXF3AZ-5423209-B ,1,2024-07-01,False,56.0,3.0,,6.0
FDXF3AZ-5423209-B ,2,2024-08-01,False,50.0,6.0,,3.0
FDXF3AZ-5423209-B ,3,2024-09-01,False,47.0,3.0,,2.0
FDXF3AZ-5423209-B ,4,2024-10-01,False,45.0,2.0,,0.0
FDXF3AZ-5423209-B ,5,2024-11-01,False,45.0,0.0,,2.0
FDXF3AZ-5423209-B ,6,2024-12-01,False,43.0,2.0,,3.0
FDXF3AZ-5423209-B ,7,2025-01-01,False,40.0,3.0,,0.0
FDXF3AZ-5423209-B ,8,2025-02-01,False,40.0,0.0,,0.0
FDXF3AZ-5423209-B ,9,2025-03-01,False,40.0,0.0,,3.0
FDXF3AZ-5423209-B ,10,2025-04-01,False,37.0,3.0,,0.0
FDXF3AZ-5423209-B ,11,2025-05-01,False,37.0,0.0,2.0,0.0
FDXF3AZ-5423209-B ,12,2025-06-01,False,37.0,0.0,2.0,
FDXF3VY-5423208-A ,0,2024-06-01,False,3.0,0.0,,0.0
FDXF3VY-5423208-A ,1,2024-07-01,False,3.0,0.0,,0.0
FDXF3VY-5423208-A ,2,2024-08-01,False,3.0,0.0,,0.0
FDXF3VY-5423208-A ,3,2024-09-01,False,3.0,0.0,,0.0
FDXF3VY-5423208-A ,4,2024-10-01,False,3.0,0.0,,0.0
FDXF3VY-5423208-A ,5,2024-11-01,False,3.0,0.0,,0.0
FDXF3VY-5423208-A ,6,2024-12-01,False,3.0,0.0,,0.0
FDXF3VY-5423208-A ,7,2025-01-01,False,3.0,0.0,,0.0
FDXF3VY-5423208-A ,8,2025-02-01,False,3.0,0.0,,1.0
FDXF3VY-5423208-A ,9,2025-03-01,False,2.0,1.0,,0.0
FDXF3VY-5423208-A ,10,2025-04-01,False,2.0,0.0,,0.0
FDXF3VY-5423208-A ,11,2025-05-01,False,2.0,0.0,0.0,0.0
FDXF3VY-5423208-A ,12,2025-06-01,False,2.0,0.0,0.0,
FDXF4DZ-13008-A ,0,2024-06-01,False,0.0,0.0,,0.0
FDXF4DZ-13008-A ,1,2024-07-01,True,9.0,0.0,,0.0
FDXF4DZ-13008-A ,2,2024-08-01,False,9.0,0.0,,0.0
FDXF4DZ-13008-A ,3,2024-09-01,False,9.0,0.0,,0.0
FDXF4DZ-13008-A ,4,2024-10-01,False,9.0,0.0,,1.0
FDXF4DZ-13008-A ,5,2024-11-01,False,8.0,1.0,,0.0
FDXF4DZ-13008-A ,6,2024-12-01,False,8.0,0.0,,0.0
FDXF4DZ-13008-A ,7,2025-01-01,False,8.0,0.0,,0.0
FDXF4DZ-13008-A ,8,2025-02-01,False,8.0,0.0,,0.0
FDXF4DZ-13008-A ,9,2025-03-01,False,8.0,0.0,,0.0
FDXF4DZ-13008-A ,10,2025-04-01,False,8.0,0.0,,0.0
FDXF4DZ-13008-A ,11,2025-05-01,False,8.0,0.0,0.0,0.0
FDXF4DZ-13008-A ,12,2025-06-01,False,8.0,0.0,0.0,
FDXF4DZ-13008-B ,0,2024-06-01,False,0.0,0.0,,0.0
FDXF4DZ-13008-B ,1,2024-07-01,True,7.0,0.0,,0.0
FDXF4DZ-13008-B ,2,2024-08-01,False,7.0,0.0,,0.0
FDXF4DZ-13008-B ,3,2024-09-01,False,7.0,0.0,,0.0
FDXF4DZ-13008-B ,4,2024-10-01,False,7.0,0.0,,2.0
FDXF4DZ-13008-B ,5,2024-11-01,False,5.0,2.0,,0.0
FDXF4DZ-13008-B ,6,2024-12-01,False,5.0,0.0,,0.0
FDXF4DZ-13008-B ,7,2025-01-01,False,5.0,0.0,,0.0
FDXF4DZ-13008-B ,8,2025-02-01,False,5.0,0.0,,0.0
FDXF4DZ-13008-B ,9,2025-03-01,False,5.0,0.0,,0.0
FDXF4DZ-13008-B ,10,2025-04-01,False,5.0,0.0,,0.0
FDXF4DZ-13008-B ,11,2025-05-01,False,5.0,0.0,0.0,0.0
FDXF4DZ-13008-B ,12,2025-06-01,False,5.0,0.0,0.0,
FDXF4ZZ-6038-C ,0,2024-06-01,True,0.0,0.0,,0.0
FDXF4ZZ-6038-C ,1,2024-07-01,True,0.0,0.0,,0.0
FDXF4ZZ-6038-C ,2,2024-08-01,True,0.0,0.0,,0.0
FDXF4ZZ-6038-C ,3,2024-09-01,True,0.0,0.0,,0.0
FDXF4ZZ-6038-C ,4,2024-10-01,True,0.0,0.0,,0.0
FDXF4ZZ-6038-C ,5,2024-11-01,True,0.0,0.0,,0.0
FDXF4ZZ-6038-C ,6,2024-12-01,True,0.0,0.0,,0.0
FDXF4ZZ-6038-C ,7,2025-01-01,True,0.0,0.0,,0.0
FDXF4ZZ-6038-C ,8,2025-02-01,True,0.0,0.0,,0.0
FDXF4ZZ-6038-C ,9,2025-03-01,True,0.0,0.0,,0.0
FDXF4ZZ-6038-C ,10,2025-04-01,True,0.0,0.0,,1.0
FDXF4ZZ-6038-C ,11,2025-05-01,True,1.0,1.0,0.0,0.0
FDXF4ZZ-6038-C ,12,2025-06-01,False,1.0,0.0,0.0,
FDXF4ZZ-6038-D ,0,2024-06-01,True,0.0,0.0,,0.0
FDXF4ZZ-6038-D ,1,2024-07-01,True,0.0,0.0,,0.0
FDXF4ZZ-6038-D ,2,2024-08-01,True,0.0,0.0,,0.0
FDXF4ZZ-6038-D ,3,2024-09-01,True,0.0,0.0,,0.0
FDXF4ZZ-6038-D ,4,2024-10-01,True,0.0,0.0,,0.0
FDXF4ZZ-6038-D ,5,2024-11-01,True,0.0,0.0,,0.0
FDXF4ZZ-6038-D ,6,2024-12-01,True,0.0,0.0,,0.0
FDXF4ZZ-6038-D ,7,2025-01-01,True,0.0,0.0,,0.0
FDXF4ZZ-6038-D ,8,2025-02-01,True,0.0,0.0,,0.0
FDXF4ZZ-6038-D ,9,2025-03-01,True,0.0,0.0,,0.0
FDXF4ZZ-6038-D ,10,2025-04-01,True,0.0,0.0,,1.0
FDXF4ZZ-6038-D ,11,2025-05-01,True,1.0,1.0,0.0,0.0
FDXF4ZZ-6038-D ,12,2025-06-01,False,1.0,0.0,0.0,
FDXF5MY-13008-B ,0,2024-06-01,False,4.0,0.0,,0.0
FDXF5MY-13008-B ,1,2024-07-01,False,4.0,0.0,,0.0
FDXF5MY-13008-B ,2,2024-08-01,False,4.0,0.0,,0.0
FDXF5MY-13008-B ,3,2024-09-01,False,4.0,0.0,,0.0
FDXF5MY-13008-B ,4,2024-10-01,False,4.0,0.0,,1.0
FDXF5MY-13008-B ,5,2024-11-01,False,3.0,1.0,,0.0
FDXF5MY-13008-B ,6,2024-12-01,False,3.0,0.0,,0.0
FDXF5MY-13008-B ,7,2025-01-01,False,3.0,0.0,,0.0
FDXF5MY-13008-B ,8,2025-02-01,False,3.0,0.0,,0.0
FDXF5MY-13008-B ,9,2025-03-01,False,3.0,0.0,,0.0
FDXF5MY-13008-B ,10,2025-04-01,False,3.0,0.0,,0.0
FDXF5MY-13008-B ,11,2025-05-01,False,3.0,0.0,0.0,0.0
FDXF5MY-13008-B ,12,2025-06-01,False,3.0,0.0,0.0,
FDXF5MY-17D957-A ,0,2024-06-01,False,3.0,0.0,,0.0
FDXF5MY-17D957-A ,1,2024-07-01,False,3.0,0.0,,0.0
FDXF5MY-17D957-A ,2,2024-08-01,False,3.0,0.0,,0.0
FDXF5MY-17D957-A ,3,2024-09-01,False,3.0,0.0,,0.0
FDXF5MY-17D957-A ,4,2024-10-01,False,3.0,0.0,,0.0
FDXF5MY-17D957-A ,5,2024-11-01,False,3.0,0.0,,0.0
FDXF5MY-17D957-A ,6,2024-12-01,False,3.0,0.0,,2.0
FDXF5MY-17D957-A ,7,2025-01-01,False,1.0,2.0,,1.0
FDXF5MY-17D957-A ,8,2025-02-01,False,0.0,1.0,,0.0
FDXF5MY-17D957-A ,9,2025-03-01,True,0.0,0.0,,0.0
FDXF5MY-17D957-A ,10,2025-04-01,True,0.0,0.0,,0.0
FDXF5MY-17D957-A ,11,2025-05-01,True,0.0,0.0,0.0,0.0
FDXF5MY-17D957-A ,12,2025-06-01,True,0.0,0.0,0.0,
FDXF5TZ-13008-A ,0,2024-06-01,False,3.0,0.0,,0.0
FDXF5TZ-13008-A ,1,2024-07-01,False,3.0,0.0,,0.0
FDXF5TZ-13008-A ,2,2024-08-01,False,3.0,0.0,,0.0
FDXF5TZ-13008-A ,3,2024-09-01,False,3.0,0.0,,0.0
FDXF5TZ-13008-A ,4,2024-10-01,False,3.0,0.0,,1.0
FDXF5TZ-13008-A ,5,2024-11-01,False,2.0,1.0,,0.0
FDXF5TZ-13008-A ,6,2024-12-01,False,2.0,0.0,,0.0
FDXF5TZ-13008-A ,7,2025-01-01,False,2.0,0.0,,0.0
FDXF5TZ-13008-A ,8,2025-02-01,False,2.0,0.0,,0.0
FDXF5TZ-13008-A ,9,2025-03-01,False,2.0,0.0,,0.0
FDXF5TZ-13008-A ,10,2025-04-01,False,2.0,0.0,,0.0
FDXF5TZ-13008-A ,11,2025-05-01,False,2.0,0.0,0.0,0.0
FDXF5TZ-13008-A ,12,2025-06-01,False,2.0,0.0,0.0,
FDXF65Z-16C826-AA ,0,2024-06-01,False,21.0,0.0,,0.0
FDXF65Z-16C826-AA ,1,2024-07-01,False,21.0,0.0,,2.0
FDXF65Z-16C826-AA ,2,2024-08-01,False,19.0,2.0,,0.0
FDXF65Z-16C826-AA ,3,2024-09-01,False,19.0,0.0,,0.0
FDXF65Z-16C826-AA ,4,2024-10-01,False,19.0,0.0,,2.0
FDXF65Z-16C826-AA ,5,2024-11-01,False,17.0,2.0,,0.0
FDXF65Z-16C826-AA ,6,2024-12-01,False,17.0,0.0,,0.0
FDXF65Z-16C826-AA ,7,2025-01-01,False,17.0,0.0,,0.0
FDXF65Z-16C826-AA ,8,2025-02-01,False,17.0,0.0,,0.0
FDXF65Z-16C826-AA ,9,2025-03-01,False,17.0,0.0,,0.0
FDXF65Z-16C826-AA ,10,2025-04-01,False,17.0,0.0,,0.0
FDXF65Z-16C826-AA ,11,2025-05-01,False,17.0,0.0,0.0,0.0
FDXF65Z-16C826-AA ,12,2025-06-01,False,17.0,0.0,0.0,
FDXF67Z-13405-AA ,0,2024-06-01,False,2.0,0.0,,0.0
FDXF67Z-13405-AA ,1,2024-07-01,False,2.0,0.0,,0.0
FDXF67Z-13405-AA ,2,2024-08-01,False,2.0,0.0,,0.0
FDXF67Z-13405-AA ,3,2024-09-01,False,2.0,0.0,,0.0
FDXF67Z-13405-AA ,4,2024-10-01,False,2.0,0.0,,1.0
FDXF67Z-13405-AA ,5,2024-11-01,False,1.0,1.0,,0.0
FDXF67Z-13405-AA ,6,2024-12-01,False,1.0,0.0,,0.0
FDXF67Z-13405-AA ,7,2025-01-01,False,1.0,0.0,,0.0
FDXF67Z-13405-AA ,8,2025-02-01,False,1.0,0.0,,0.0
FDXF67Z-13405-AA ,9,2025-03-01,False,1.0,0.0,,0.0
FDXF67Z-13405-AA ,10,2025-04-01,False,1.0,0.0,,0.0
FDXF67Z-13405-AA ,11,2025-05-01,False,1.0,0.0,0.0,0.0
FDXF67Z-13405-AA ,12,2025-06-01,False,1.0,0.0,0.0,
FDXF6VZ-5A242-AA ,0,2024-06-01,False,10.0,3.0,,2.0
FDXF6VZ-5A242-AA ,1,2024-07-01,False,8.0,2.0,,7.0
FDXF6VZ-5A242-AA ,2,2024-08-01,False,1.0,7.0,,0.0
FDXF6VZ-5A242-AA ,3,2024-09-01,True,1.0,0.0,,0.0
FDXF6VZ-5A242-AA ,4,2024-10-01,True,1.0,0.0,,0.0
FDXF6VZ-5A242-AA ,5,2024-11-01,True,1.0,0.0,,0.0
FDXF6VZ-5A242-AA ,6,2024-12-01,True,1.0,0.0,,0.0
FDXF6VZ-5A242-AA ,7,2025-01-01,True,1.0,0.0,,0.0
FDXF6VZ-5A242-AA ,8,2025-02-01,True,1.0,0.0,,0.0
FDXF6VZ-5A242-AA ,9,2025-03-01,True,21.0,0.0,,0.0
FDXF6VZ-5A242-AA ,10,2025-04-01,False,21.0,0.0,,2.0
FDXF6VZ-5A242-AA ,11,2025-05-01,False,19.0,2.0,2.0,0.0
FDXF6VZ-5A242-AA ,12,2025-06-01,False,19.0,0.0,2.0,
FDXF75Z-13200-AC ,0,2024-06-01,True,0.0,0.0,,0.0
FDXF75Z-13200-AC ,1,2024-07-01,True,6.0,0.0,,0.0
FDXF75Z-13200-AC ,2,2024-08-01,False,6.0,0.0,,0.0
FDXF75Z-13200-AC ,3,2024-09-01,False,6.0,0.0,,0.0
FDXF75Z-13200-AC ,4,2024-10-01,False,6.0,0.0,,0.0
FDXF75Z-13200-AC ,5,2024-11-01,False,6.0,0.0,,0.0
FDXF75Z-13200-AC ,6,2024-12-01,False,6.0,0.0,,0.0
FDXF75Z-13200-AC ,7,2025-01-01,False,6.0,0.0,,1.0
FDXF75Z-13200-AC ,8,2025-02-01,False,5.0,1.0,,1.0
FDXF75Z-13200-AC ,9,2025-03-01,False,4.0,1.0,,1.0
FDXF75Z-13200-AC ,10,2025-04-01,False,3.0,1.0,,0.0
FDXF75Z-13200-AC ,11,2025-05-01,False,3.0,0.0,0.0,0.0
FDXF75Z-13200-AC ,12,2025-06-01,False,3.0,0.0,0.0,
FDXF75Z-13201-AC ,0,2024-06-01,True,0.0,0.0,,0.0
FDXF75Z-13201-AC ,1,2024-07-01,True,6.0,0.0,,0.0
FDXF75Z-13201-AC ,2,2024-08-01,False,6.0,0.0,,0.0
FDXF75Z-13201-AC ,3,2024-09-01,False,6.0,0.0,,0.0
FDXF75Z-13201-AC ,4,2024-10-01,False,6.0,0.0,,0.0
FDXF75Z-13201-AC ,5,2024-11-01,False,6.0,0.0,,0.0
FDXF75Z-13201-AC ,6,2024-12-01,False,6.0,0.0,,0.0
FDXF75Z-13201-AC ,7,2025-01-01,False,6.0,0.0,,2.0
FDXF75Z-13201-AC ,8,2025-02-01,False,4.0,2.0,,0.0
FDXF75Z-13201-AC ,9,2025-03-01,False,4.0,0.0,,1.0
FDXF75Z-13201-AC ,10,2025-04-01,False,3.0,1.0,,0.0
FDXF75Z-13201-AC ,11,2025-05-01,False,3.0,0.0,1.0,0.0
FDXF75Z-13201-AC ,12,2025-06-01,False,3.0,0.0,0.0,
FDXF75Z-13404-AC ,0,2024-06-01,False,3.0,0.0,,1.0
FDXF75Z-13404-AC ,1,2024-07-01,False,2.0,1.0,,0.0
FDXF75Z-13404-AC ,2,2024-08-01,False,2.0,0.0,,0.0
FDXF75Z-13404-AC ,3,2024-09-01,False,2.0,0.0,,0.0
FDXF75Z-13404-AC ,4,2024-10-01,False,2.0,0.0,,0.0
FDXF75Z-13404-AC ,5,2024-11-01,False,2.0,0.0,,0.0
FDXF75Z-13404-AC ,6,2024-12-01,False,2.0,0.0,,1.0
FDXF75Z-13404-AC ,7,2025-01-01,False,1.0,1.0,,0.0
FDXF75Z-13404-AC ,8,2025-02-01,False,1.0,0.0,,0.0
FDXF75Z-13404-AC ,9,2025-03-01,False,1.0,0.0,,1.0
FDXF75Z-13404-AC ,10,2025-04-01,False,0.0,1.0,,0.0
FDXF75Z-13404-AC ,11,2025-05-01,True,6.0,0.0,0.0,0.0
FDXF75Z-13404-AC ,12,2025-06-01,False,6.0,0.0,0.0,
FDXF75Z-13405-AC ,0,2024-06-01,False,7.0,0.0,,1.0
FDXF75Z-13405-AC ,1,2024-07-01,False,6.0,1.0,,1.0
FDXF75Z-13405-AC ,2,2024-08-01,False,5.0,1.0,,1.0
FDXF75Z-13405-AC ,3,2024-09-01,False,4.0,1.0,,0.0
FDXF75Z-13405-AC ,4,2024-10-01,False,4.0,0.0,,1.0
FDXF75Z-13405-AC ,5,2024-11-01,False,3.0,1.0,,0.0
FDXF75Z-13405-AC ,6,2024-12-01,False,3.0,0.0,,0.0
FDXF75Z-13405-AC ,7,2025-01-01,False,3.0,0.0,,0.0
FDXF75Z-13405-AC ,8,2025-02-01,False,3.0,0.0,,0.0
FDXF75Z-13405-AC ,9,2025-03-01,False,3.0,0.0,,0.0
FDXF75Z-13405-AC ,10,2025-04-01,False,3.0,0.0,,0.0
FDXF75Z-13405-AC ,11,2025-05-01,False,5.0,0.0,0.0,0.0
FDXF75Z-13405-AC ,12,2025-06-01,False,5.0,0.0,0.0,
FDXF75Z-6730-BA ,0,2024-06-01,False,432.0,2.0,,0.0
FDXF75Z-6730-BA ,1,2024-07-01,False,432.0,0.0,,2.0
FDXF75Z-6730-BA ,2,2024-08-01,False,430.0,2.0,,2.0
FDXF75Z-6730-BA ,3,2024-09-01,False,428.0,2.0,,1.0
FDXF75Z-6730-BA ,4,2024-10-01,False,427.0,1.0,,10.0
FDXF75Z-6730-BA ,5,2024-11-01,False,417.0,10.0,,2.0
FDXF75Z-6730-BA ,6,2024-12-01,False,415.0,2.0,,43.0
FDXF75Z-6730-BA ,7,2025-01-01,False,372.0,43.0,,2.0
FDXF75Z-6730-BA ,8,2025-02-01,False,370.0,2.0,,3.0
FDXF75Z-6730-BA ,9,2025-03-01,False,367.0,3.0,,2.0
FDXF75Z-6730-BA ,10,2025-04-01,False,365.0,2.0,,0.0
FDXF75Z-6730-BA ,11,2025-05-01,False,365.0,0.0,5.0,0.0
FDXF75Z-6730-BA ,12,2025-06-01,False,365.0,0.0,4.0,
FDXF85Z-13008-AA ,0,2024-06-01,False,1.0,0.0,,0.0
FDXF85Z-13008-AA ,1,2024-07-01,False,1.0,0.0,,0.0
FDXF85Z-13008-AA ,2,2024-08-01,False,1.0,0.0,,0.0
FDXF85Z-13008-AA ,3,2024-09-01,False,1.0,0.0,,0.0
FDXF85Z-13008-AA ,4,2024-10-01,False,1.0,0.0,,0.0
FDXF85Z-13008-AA ,5,2024-11-01,False,1.0,0.0,,0.0
FDXF85Z-13008-AA ,6,2024-12-01,False,1.0,0.0,,0.0
FDXF85Z-13008-AA ,7,2025-01-01,False,1.0,0.0,,0.0
FDXF85Z-13008-AA ,8,2025-02-01,False,1.0,0.0,,1.0
FDXF85Z-13008-AA ,9,2025-03-01,False,0.0,1.0,,0.0
FDXF85Z-13008-AA ,10,2025-04-01,True,0.0,0.0,,0.0
FDXF85Z-13008-AA ,11,2025-05-01,True,0.0,0.0,0.0,0.0
FDXF85Z-13008-AA ,12,2025-06-01,True,0.0,0.0,0.0,
FDXF85Z-13404-CA ,0,2024-06-01,False,1.0,0.0,,1.0
FDXF85Z-13404-CA ,1,2024-07-01,False,0.0,1.0,,0.0
FDXF85Z-13404-CA ,2,2024-08-01,True,0.0,0.0,,0.0
FDXF85Z-13404-CA ,3,2024-09-01,True,0.0,0.0,,0.0
FDXF85Z-13404-CA ,4,2024-10-01,True,0.0,0.0,,0.0
FDXF85Z-13404-CA ,5,2024-11-01,True,0.0,0.0,,0.0
FDXF85Z-13404-CA ,6,2024-12-01,True,0.0,0.0,,0.0
FDXF85Z-13404-CA ,7,2025-01-01,True,0.0,0.0,,0.0
FDXF85Z-13404-CA ,8,2025-02-01,True,0.0,0.0,,0.0
FDXF85Z-13404-CA ,9,2025-03-01,True,0.0,0.0,,0.0
FDXF85Z-13404-CA ,10,2025-04-01,True,0.0,0.0,,0.0
FDXF85Z-13404-CA ,11,2025-05-01,True,0.0,0.0,0.0,0.0
FDXF85Z-13404-CA ,12,2025-06-01,True,0.0,0.0,0.0,
FDXF85Z-13405-CA ,0,2024-06-01,False,5.0,0.0,,0.0
FDXF85Z-13405-CA ,1,2024-07-01,False,5.0,0.0,,0.0
FDXF85Z-13405-CA ,2,2024-08-01,False,5.0,0.0,,0.0
FDXF85Z-13405-CA ,3,2024-09-01,False,5.0,0.0,,0.0
FDXF85Z-13405-CA ,4,2024-10-01,False,5.0,0.0,,0.0
FDXF85Z-13405-CA ,5,2024-11-01,False,5.0,0.0,,0.0
FDXF85Z-13405-CA ,6,2024-12-01,False,5.0,0.0,,0.0
FDXF85Z-13405-CA ,7,2025-01-01,False,5.0,0.0,,0.0
FDXF85Z-13405-CA ,8,2025-02-01,False,5.0,0.0,,0.0
FDXF85Z-13405-CA ,9,2025-03-01,False,5.0,0.0,,0.0
FDXF85Z-13405-CA ,10,2025-04-01,False,5.0,0.0,,1.0
FDXF85Z-13405-CA ,11,2025-05-01,False,4.0,1.0,0.0,0.0
FDXF85Z-13405-CA ,12,2025-06-01,False,4.0,0.0,0.0,
FDXF8AZ-13008-AA ,0,2024-06-01,False,130.0,19.0,,10.0
FDXF8AZ-13008-AA ,1,2024-07-01,False,120.0,10.0,,13.0
FDXF8AZ-13008-AA ,2,2024-08-01,False,107.0,13.0,,5.0
FDXF8AZ-13008-AA ,3,2024-09-01,False,102.0,5.0,,7.0
FDXF8AZ-13008-AA ,4,2024-10-01,False,95.0,7.0,,8.0
FDXF8AZ-13008-AA ,5,2024-11-01,False,87.0,8.0,,13.0
FDXF8AZ-13008-AA ,6,2024-12-01,False,76.0,13.0,,6.0
FDXF8AZ-13008-AA ,7,2025-01-01,False,70.0,6.0,,23.0
FDXF8AZ-13008-AA ,8,2025-02-01,False,47.0,23.0,,18.0
FDXF8AZ-13008-AA ,9,2025-03-01,False,29.0,18.0,,25.0
FDXF8AZ-13008-AA ,10,2025-04-01,False,50.0,25.0,,10.0
FDXF8AZ-13008-AA ,11,2025-05-01,False,64.0,10.0,13.0,10.0
FDXF8AZ-13008-AA ,12,2025-06-01,False,90.0,10.0,13.0,
FDXF8AZ-13008-BA ,0,2024-06-01,False,116.0,19.0,,11.0
FDXF8AZ-13008-BA ,1,2024-07-01,False,105.0,11.0,,7.0
FDXF8AZ-13008-BA ,2,2024-08-01,False,98.0,7.0,,4.0
FDXF8AZ-13008-BA ,3,2024-09-01,False,94.0,4.0,,6.0
FDXF8AZ-13008-BA ,4,2024-10-01,False,88.0,6.0,,11.0
FDXF8AZ-13008-BA ,5,2024-11-01,False,77.0,11.0,,16.0
FDXF8AZ-13008-BA ,6,2024-12-01,False,63.0,16.0,,6.0
FDXF8AZ-13008-BA ,7,2025-01-01,False,57.0,6.0,,21.0
FDXF8AZ-13008-BA ,8,2025-02-01,False,36.0,21.0,,21.0
FDXF8AZ-13008-BA ,9,2025-03-01,False,15.0,21.0,,25.0
FDXF8AZ-13008-BA ,10,2025-04-01,False,37.0,25.0,,11.0
FDXF8AZ-13008-BA ,11,2025-05-01,False,50.0,11.0,13.0,8.0
FDXF8AZ-13008-BA ,12,2025-06-01,False,78.0,8.0,13.0,
FDXF8AZ-13832-AA ,0,2024-06-01,False,34.0,3.0,,0.0
FDXF8AZ-13832-AA ,1,2024-07-01,False,34.0,0.0,,6.0
FDXF8AZ-13832-AA ,2,2024-08-01,False,28.0,6.0,,2.0
FDXF8AZ-13832-AA ,3,2024-09-01,False,26.0,2.0,,11.0
FDXF8AZ-13832-AA ,4,2024-10-01,False,15.0,11.0,,6.0
FDXF8AZ-13832-AA ,5,2024-11-01,False,9.0,6.0,,0.0
FDXF8AZ-13832-AA ,6,2024-12-01,False,9.0,0.0,,0.0
FDXF8AZ-13832-AA ,7,2025-01-01,False,9.0,0.0,,0.0
FDXF8AZ-13832-AA ,8,2025-02-01,False,9.0,0.0,,3.0
FDXF8AZ-13832-AA ,9,2025-03-01,False,46.0,3.0,,7.0
FDXF8AZ-13832-AA ,10,2025-04-01,False,69.0,7.0,,0.0
FDXF8AZ-13832-AA ,11,2025-05-01,False,69.0,0.0,3.0,0.0
FDXF8AZ-13832-AA ,12,2025-06-01,False,69.0,0.0,3.0,
FDXF8AZ-15A201-AA ,0,2024-06-01,False,233.0,8.0,,10.0
FDXF8AZ-15A201-AA ,1,2024-07-01,False,223.0,10.0,,14.0
FDXF8AZ-15A201-AA ,2,2024-08-01,False,209.0,14.0,,3.0
FDXF8AZ-15A201-AA ,3,2024-09-01,False,206.0,3.0,,7.0
FDXF8AZ-15A201-AA ,4,2024-10-01,False,199.0,7.0,,10.0
FDXF8AZ-15A201-AA ,5,2024-11-01,False,189.0,10.0,,10.0
FDXF8AZ-15A201-AA ,6,2024-12-01,False,179.0,10.0,,6.0
FDXF8AZ-15A201-AA ,7,2025-01-01,False,173.0,6.0,,12.0
FDXF8AZ-15A201-AA ,8,2025-02-01,False,161.0,12.0,,13.0
FDXF8AZ-15A201-AA ,9,2025-03-01,False,148.0,13.0,,10.0
FDXF8AZ-15A201-AA ,10,2025-04-01,False,138.0,10.0,,10.0
FDXF8AZ-15A201-AA ,11,2025-05-01,False,128.0,10.0,10.0,3.0
FDXF8AZ-15A201-AA ,12,2025-06-01,False,125.0,3.0,15.0,
FDXF8AZ-15A201-AB ,0,2024-06-01,False,187.0,10.0,,13.0
FDXF8AZ-15A201-AB ,1,2024-07-01,False,174.0,13.0,,12.0
FDXF8AZ-15A201-AB ,2,2024-08-01,False,162.0,12.0,,7.0
FDXF8AZ-15A201-AB ,3,2024-09-01,False,155.0,7.0,,4.0
FDXF8AZ-15A201-AB ,4,2024-10-01,False,151.0,4.0,,11.0
FDXF8AZ-15A201-AB ,5,2024-11-01,False,140.0,11.0,,11.0
FDXF8AZ-15A201-AB ,6,2024-12-01,False,129.0,11.0,,7.0
FDXF8AZ-15A201-AB ,7,2025-01-01,False,122.0,7.0,,11.0
FDXF8AZ-15A201-AB ,8,2025-02-01,False,111.0,11.0,,9.0
FDXF8AZ-15A201-AB ,9,2025-03-01,False,102.0,9.0,,10.0
FDXF8AZ-15A201-AB ,10,2025-04-01,False,92.0,10.0,,5.0
FDXF8AZ-15A201-AB ,11,2025-05-01,False,87.0,5.0,8.0,8.0
FDXF8AZ-15A201-AB ,12,2025-06-01,False,79.0,8.0,8.0,
FDXF8AZ-16005-AA ,0,2024-06-01,False,5.0,1.0,,3.0
FDXF8AZ-16005-AA ,1,2024-07-01,False,2.0,3.0,,1.0
FDXF8AZ-16005-AA ,2,2024-08-01,False,1.0,1.0,,0.0
FDXF8AZ-16005-AA ,3,2024-09-01,True,1.0,0.0,,1.0
FDXF8AZ-16005-AA ,4,2024-10-01,True,5.0,1.0,,1.0
FDXF8AZ-16005-AA ,5,2024-11-01,False,4.0,1.0,,1.0
FDXF8AZ-16005-AA ,6,2024-12-01,False,3.0,1.0,,2.0
FDXF8AZ-16005-AA ,7,2025-01-01,False,7.0,2.0,,0.0
FDXF8AZ-16005-AA ,8,2025-02-01,False,7.0,0.0,,1.0
FDXF8AZ-16005-AA ,9,2025-03-01,False,6.0,1.0,,4.0
FDXF8AZ-16005-AA ,10,2025-04-01,False,2.0,4.0,,2.0
FDXF8AZ-16005-AA ,11,2025-05-01,False,6.0,2.0,2.0,0.0
FDXF8AZ-16005-AA ,12,2025-06-01,False,11.0,0.0,3.0,
FDXF8AZ-16006-AA ,0,2024-06-01,False,9.0,0.0,,0.0
FDXF8AZ-16006-AA ,1,2024-07-01,False,9.0,0.0,,1.0
FDXF8AZ-16006-AA ,2,2024-08-01,False,8.0,1.0,,0.0
FDXF8AZ-16006-AA ,3,2024-09-01,False,8.0,0.0,,1.0
FDXF8AZ-16006-AA ,4,2024-10-01,False,7.0,1.0,,0.0
FDXF8AZ-16006-AA ,5,2024-11-01,False,7.0,0.0,,0.0
FDXF8AZ-16006-AA ,6,2024-12-01,False,7.0,0.0,,1.0
FDXF8AZ-16006-AA ,7,2025-01-01,False,6.0,1.0,,0.0
FDXF8AZ-16006-AA ,8,2025-02-01,False,6.0,0.0,,0.0
FDXF8AZ-16006-AA ,9,2025-03-01,False,6.0,0.0,,3.0
FDXF8AZ-16006-AA ,10,2025-04-01,False,3.0,3.0,,2.0
FDXF8AZ-16006-AA ,11,2025-05-01,False,5.0,2.0,2.0,0.0
FDXF8AZ-16006-AA ,12,2025-06-01,False,5.0,0.0,1.0,
FDXF8AZ-16C826-AA ,0,2024-06-01,False,68.0,78.0,,25.0
FDXF8AZ-16C826-AA ,1,2024-07-01,True,293.0,25.0,,42.0
FDXF8AZ-16C826-AA ,2,2024-08-01,False,251.0,42.0,,60.0
FDXF8AZ-16C826-AA ,3,2024-09-01,False,191.0,60.0,,135.0
FDXF8AZ-16C826-AA ,4,2024-10-01,False,56.0,135.0,,90.0
FDXF8AZ-16C826-AA ,5,2024-11-01,True,166.0,90.0,,127.0
FDXF8AZ-16C826-AA ,6,2024-12-01,False,39.0,127.0,,22.0
FDXF8AZ-16C826-AA ,7,2025-01-01,True,19.0,22.0,,5.0
FDXF8AZ-16C826-AA ,8,2025-02-01,True,14.0,5.0,,2.0
FDXF8AZ-16C826-AA ,9,2025-03-01,True,12.0,2.0,,184.0
FDXF8AZ-16C826-AA ,10,2025-04-01,True,428.0,184.0,,217.0
FDXF8AZ-16C826-AA ,11,2025-05-01,False,211.0,217.0,135.0,79.0
FDXF8AZ-16C826-AA ,12,2025-06-01,False,138.0,79.0,99.0,
FDXF8AZ-17A385-AA ,0,2024-06-01,False,109.0,11.0,,21.0
FDXF8AZ-17A385-AA ,1,2024-07-01,False,88.0,21.0,,6.0
FDXF8AZ-17A385-AA ,2,2024-08-01,False,82.0,6.0,,9.0
FDXF8AZ-17A385-AA ,3,2024-09-01,False,73.0,9.0,,7.0
FDXF8AZ-17A385-AA ,4,2024-10-01,False,66.0,7.0,,7.0
FDXF8AZ-17A385-AA ,5,2024-11-01,False,59.0,7.0,,5.0
FDXF8AZ-17A385-AA ,6,2024-12-01,False,114.0,5.0,,4.0
FDXF8AZ-17A385-AA ,7,2025-01-01,False,110.0,4.0,,8.0
FDXF8AZ-17A385-AA ,8,2025-02-01,False,102.0,8.0,,4.0
FDXF8AZ-17A385-AA ,9,2025-03-01,False,98.0,4.0,,20.0
FDXF8AZ-17A385-AA ,10,2025-04-01,False,118.0,20.0,,5.0
FDXF8AZ-17A385-AA ,11,2025-05-01,False,113.0,5.0,9.0,4.0
FDXF8AZ-17A385-AA ,12,2025-06-01,False,109.0,4.0,8.0,
FDXF8AZ-17C829-AA ,0,2024-06-01,False,57.0,3.0,,1.0
FDXF8AZ-17C829-AA ,1,2024-07-01,False,58.0,1.0,,5.0
FDXF8AZ-17C829-AA ,2,2024-08-01,False,53.0,5.0,,2.0
FDXF8AZ-17C829-AA ,3,2024-09-01,False,51.0,2.0,,4.0
FDXF8AZ-17C829-AA ,4,2024-10-01,False,47.0,4.0,,0.0
FDXF8AZ-17C829-AA ,5,2024-11-01,False,47.0,0.0,,0.0
FDXF8AZ-17C829-AA ,6,2024-12-01,False,47.0,0.0,,2.0
FDXF8AZ-17C829-AA ,7,2025-01-01,False,45.0,2.0,,1.0
FDXF8AZ-17C829-AA ,8,2025-02-01,False,44.0,1.0,,3.0
FDXF8AZ-17C829-AA ,9,2025-03-01,False,41.0,3.0,,1.0
FDXF8AZ-17C829-AA ,10,2025-04-01,False,40.0,1.0,,0.0
FDXF8AZ-17C829-AA ,11,2025-05-01,False,40.0,0.0,1.0,2.0
FDXF8AZ-17C829-AA ,12,2025-06-01,False,38.0,2.0,3.0,
FDXF8AZ-17C830-AA ,0,2024-06-01,False,13.0,1.0,,1.0
FDXF8AZ-17C830-AA ,1,2024-07-01,False,12.0,1.0,,2.0
FDXF8AZ-17C830-AA ,2,2024-08-01,False,10.0,2.0,,1.0
FDXF8AZ-17C830-AA ,3,2024-09-01,False,9.0,1.0,,2.0
FDXF8AZ-17C830-AA ,4,2024-10-01,False,7.0,2.0,,0.0
FDXF8AZ-17C830-AA ,5,2024-11-01,False,7.0,0.0,,0.0
FDXF8AZ-17C830-AA ,6,2024-12-01,False,7.0,0.0,,0.0
FDXF8AZ-17C830-AA ,7,2025-01-01,False,7.0,0.0,,1.0
FDXF8AZ-17C830-AA ,8,2025-02-01,False,6.0,1.0,,1.0
FDXF8AZ-17C830-AA ,9,2025-03-01,False,5.0,1.0,,1.0
FDXF8AZ-17C830-AA ,10,2025-04-01,False,4.0,1.0,,0.0
FDXF8AZ-17C830-AA ,11,2025-05-01,False,4.0,0.0,1.0,1.0
FDXF8AZ-17C830-AA ,12,2025-06-01,False,3.0,1.0,1.0,
FDXF8AZ-17K835-AA ,0,2024-06-01,False,118.0,29.0,,37.0
FDXF8AZ-17K835-AA ,1,2024-07-01,False,115.0,37.0,,20.0
FDXF8AZ-17K835-AA ,2,2024-08-01,False,95.0,20.0,,20.0
FDXF8AZ-17K835-AA ,3,2024-09-01,False,75.0,20.0,,25.0
FDXF8AZ-17K835-AA ,4,2024-10-01,False,50.0,25.0,,34.0
FDXF8AZ-17K835-AA ,5,2024-11-01,False,16.0,34.0,,11.0
FDXF8AZ-17K835-AA ,6,2024-12-01,True,5.0,11.0,,0.0
FDXF8AZ-17K835-AA ,7,2025-01-01,True,5.0,0.0,,0.0
FDXF8AZ-17K835-AA ,8,2025-02-01,True,5.0,0.0,,18.0
FDXF8AZ-17K835-AA ,9,2025-03-01,True,47.0,18.0,,35.0
FDXF8AZ-17K835-AA ,10,2025-04-01,False,80.0,35.0,,22.0
FDXF8AZ-17K835-AA ,11,2025-05-01,False,58.0,22.0,38.0,13.0
FDXF8AZ-17K835-AA ,12,2025-06-01,False,53.0,13.0,16.0,
FDXF8AZ-18B402-BA ,0,2024-06-01,False,29.0,0.0,,0.0
FDXF8AZ-18B402-BA ,1,2024-07-01,False,29.0,0.0,,1.0
FDXF8AZ-18B402-BA ,2,2024-08-01,False,28.0,1.0,,0.0
FDXF8AZ-18B402-BA ,3,2024-09-01,False,28.0,0.0,,0.0
FDXF8AZ-18B402-BA ,4,2024-10-01,False,28.0,0.0,,0.0
FDXF8AZ-18B402-BA ,5,2024-11-01,False,28.0,0.0,,0.0
FDXF8AZ-18B402-BA ,6,2024-12-01,False,28.0,0.0,,0.0
FDXF8AZ-18B402-BA ,7,2025-01-01,False,28.0,0.0,,0.0
FDXF8AZ-18B402-BA ,8,2025-02-01,False,28.0,0.0,,0.0
FDXF8AZ-18B402-BA ,9,2025-03-01,False,28.0,0.0,,0.0
FDXF8AZ-18B402-BA ,10,2025-04-01,False,28.0,0.0,,0.0
FDXF8AZ-18B402-BA ,11,2025-05-01,False,28.0,0.0,0.0,0.0
FDXF8AZ-18B402-BA ,12,2025-06-01,False,28.0,0.0,0.0,
FDXF8AZ-4264-AA ,0,2024-06-01,False,21.0,0.0,,2.0
FDXF8AZ-4264-AA ,1,2024-07-01,False,19.0,2.0,,0.0
FDXF8AZ-4264-AA ,2,2024-08-01,False,19.0,0.0,,0.0
FDXF8AZ-4264-AA ,3,2024-09-01,False,19.0,0.0,,4.0
FDXF8AZ-4264-AA ,4,2024-10-01,False,15.0,4.0,,2.0
FDXF8AZ-4264-AA ,5,2024-11-01,False,13.0,2.0,,3.0
FDXF8AZ-4264-AA ,6,2024-12-01,False,10.0,3.0,,0.0
FDXF8AZ-4264-AA ,7,2025-01-01,False,10.0,0.0,,0.0
FDXF8AZ-4264-AA ,8,2025-02-01,False,10.0,0.0,,1.0
FDXF8AZ-4264-AA ,9,2025-03-01,False,9.0,1.0,,1.0
FDXF8AZ-4264-AA ,10,2025-04-01,False,28.0,1.0,,0.0
FDXF8AZ-4264-AA ,11,2025-05-01,False,28.0,0.0,2.0,0.0
FDXF8AZ-4264-AA ,12,2025-06-01,False,28.0,0.0,1.0,
FDXF8AZ-5410177-AAA ,0,2024-06-01,False,3.0,0.0,,0.0
FDXF8AZ-5410177-AAA ,1,2024-07-01,False,3.0,0.0,,0.0
FDXF8AZ-5410177-AAA ,2,2024-08-01,False,3.0,0.0,,1.0
FDXF8AZ-5410177-AAA ,3,2024-09-01,False,2.0,1.0,,0.0
FDXF8AZ-5410177-AAA ,4,2024-10-01,False,2.0,0.0,,0.0
FDXF8AZ-5410177-AAA ,5,2024-11-01,False,2.0,0.0,,0.0
FDXF8AZ-5410177-AAA ,6,2024-12-01,False,2.0,0.0,,0.0
FDXF8AZ-5410177-AAA ,7,2025-01-01,False,2.0,0.0,,0.0
FDXF8AZ-5410177-AAA ,8,2025-02-01,False,2.0,0.0,,0.0
FDXF8AZ-5410177-AAA ,9,2025-03-01,False,2.0,0.0,,0.0
FDXF8AZ-5410177-AAA ,10,2025-04-01,False,2.0,0.0,,1.0
FDXF8AZ-5410177-AAA ,11,2025-05-01,False,1.0,1.0,0.0,0.0
FDXF8AZ-5410177-AAA ,12,2025-06-01,False,1.0,0.0,0.0,
FDXF8AZ-5500-CA ,0,2024-06-01,False,26.0,0.0,,2.0
FDXF8AZ-5500-CA ,1,2024-07-01,False,54.0,2.0,,4.0
FDXF8AZ-5500-CA ,2,2024-08-01,False,50.0,4.0,,0.0
FDXF8AZ-5500-CA ,3,2024-09-01,False,50.0,0.0,,4.0
FDXF8AZ-5500-CA ,4,2024-10-01,False,46.0,4.0,,4.0
FDXF8AZ-5500-CA ,5,2024-11-01,False,42.0,4.0,,10.0
FDXF8AZ-5500-CA ,6,2024-12-01,False,32.0,10.0,,4.0
FDXF8AZ-5500-CA ,7,2025-01-01,False,28.0,4.0,,0.0
FDXF8AZ-5500-CA ,8,2025-02-01,False,28.0,0.0,,2.0
FDXF8AZ-5500-CA ,9,2025-03-01,False,26.0,2.0,,2.0
FDXF8AZ-5500-CA ,10,2025-04-01,False,24.0,2.0,,2.0
FDXF8AZ-5500-CA ,11,2025-05-01,False,22.0,2.0,4.0,0.0
FDXF8AZ-5500-CA ,12,2025-06-01,False,22.0,0.0,1.0,
FDXF8AZ-5A649-AA ,0,2024-06-01,False,36.0,0.0,,2.0
FDXF8AZ-5A649-AA ,1,2024-07-01,False,34.0,2.0,,4.0
FDXF8AZ-5A649-AA ,2,2024-08-01,False,30.0,4.0,,0.0
FDXF8AZ-5A649-AA ,3,2024-09-01,False,30.0,0.0,,4.0
FDXF8AZ-5A649-AA ,4,2024-10-01,False,26.0,4.0,,8.0
FDXF8AZ-5A649-AA ,5,2024-11-01,False,18.0,8.0,,10.0
FDXF8AZ-5A649-AA ,6,2024-12-01,False,8.0,10.0,,4.0
FDXF8AZ-5A649-AA ,7,2025-01-01,False,12.0,4.0,,2.0
FDXF8AZ-5A649-AA ,8,2025-02-01,False,10.0,2.0,,5.0
FDXF8AZ-5A649-AA ,9,2025-03-01,False,5.0,5.0,,2.0
FDXF8AZ-5A649-AA ,10,2025-04-01,False,48.0,2.0,,5.0
FDXF8AZ-5A649-AA ,11,2025-05-01,False,43.0,5.0,3.0,2.0
FDXF8AZ-5A649-AA ,12,2025-06-01,False,41.0,2.0,3.0,
FDXF8AZ-5K484-AA ,0,2024-06-01,False,37.0,2.0,,0.0
FDXF8AZ-5K484-AA ,1,2024-07-01,False,37.0,0.0,,0.0
FDXF8AZ-5K484-AA ,2,2024-08-01,False,37.0,0.0,,4.0
FDXF8AZ-5K484-AA ,3,2024-09-01,False,33.0,4.0,,2.0
FDXF8AZ-5K484-AA ,4,2024-10-01,False,31.0,2.0,,4.0
FDXF8AZ-5K484-AA ,5,2024-11-01,False,27.0,4.0,,1.0
FDXF8AZ-5K484-AA ,6,2024-12-01,False,26.0,1.0,,0.0
FDXF8AZ-5K484-AA ,7,2025-01-01,False,26.0,0.0,,4.0
FDXF8AZ-5K484-AA ,8,2025-02-01,False,22.0,4.0,,8.0
FDXF8AZ-5K484-AA ,9,2025-03-01,False,14.0,8.0,,0.0
FDXF8AZ-5K484-AA ,10,2025-04-01,False,14.0,0.0,,0.0
FDXF8AZ-5K484-AA ,11,2025-05-01,False,14.0,0.0,2.0,0.0
FDXF8AZ-5K484-AA ,12,2025-06-01,False,14.0,0.0,1.0,
FDXF8AZ-8190-AA ,0,2024-06-01,True,0.0,0.0,,0.0
FDXF8AZ-8190-AA ,1,2024-07-01,True,0.0,0.0,,0.0
FDXF8AZ-8190-AA ,2,2024-08-01,True,0.0,0.0,,0.0
FDXF8AZ-8190-AA ,3,2024-09-01,True,10.0,0.0,,4.0
FDXF8AZ-8190-AA ,4,2024-10-01,False,6.0,4.0,,1.0
FDXF8AZ-8190-AA ,5,2024-11-01,False,6.0,1.0,,0.0
FDXF8AZ-8190-AA ,6,2024-12-01,False,6.0,0.0,,2.0
FDXF8AZ-8190-AA ,7,2025-01-01,False,4.0,2.0,,0.0
FDXF8AZ-8190-AA ,8,2025-02-01,False,4.0,0.0,,3.0
FDXF8AZ-8190-AA ,9,2025-03-01,False,1.0,3.0,,1.0
FDXF8AZ-8190-AA ,10,2025-04-01,False,0.0,1.0,,0.0
FDXF8AZ-8190-AA ,11,2025-05-01,True,0.0,0.0,0.0,0.0
FDXF8AZ-8190-AA ,12,2025-06-01,True,0.0,0.0,0.0,
FDXF8AZ-8200-AA ,0,2024-06-01,False,50.0,13.0,,18.0
FDXF8AZ-8200-AA ,1,2024-07-01,False,32.0,18.0,,20.0
FDXF8AZ-8200-AA ,2,2024-08-01,False,12.0,20.0,,6.0
FDXF8AZ-8200-AA ,3,2024-09-01,False,6.0,6.0,,4.0
FDXF8AZ-8200-AA ,4,2024-10-01,True,2.0,4.0,,7.0
FDXF8AZ-8200-AA ,5,2024-11-01,True,55.0,7.0,,11.0
FDXF8AZ-8200-AA ,6,2024-12-01,False,45.0,11.0,,11.0
FDXF8AZ-8200-AA ,7,2025-01-01,False,34.0,11.0,,6.0
FDXF8AZ-8200-AA ,8,2025-02-01,False,28.0,6.0,,5.0
FDXF8AZ-8200-AA ,9,2025-03-01,False,23.0,5.0,,10.0
FDXF8AZ-8200-AA ,10,2025-04-01,False,72.0,10.0,,4.0
FDXF8AZ-8200-AA ,11,2025-05-01,False,93.0,4.0,8.0,6.0
FDXF8AZ-8200-AA ,12,2025-06-01,False,87.0,6.0,8.0,
FDXF8MZ-13008-AA ,0,2024-06-01,False,6.0,3.0,,0.0
FDXF8MZ-13008-AA ,1,2024-07-01,False,6.0,0.0,,3.0
FDXF8MZ-13008-AA ,2,2024-08-01,False,3.0,3.0,,1.0
FDXF8MZ-13008-AA ,3,2024-09-01,False,2.0,1.0,,0.0
FDXF8MZ-13008-AA ,4,2024-10-01,False,22.0,0.0,,2.0
FDXF8MZ-13008-AA ,5,2024-11-01,False,20.0,2.0,,1.0
FDXF8MZ-13008-AA ,6,2024-12-01,False,19.0,1.0,,0.0
FDXF8MZ-13008-AA ,7,2025-01-01,False,19.0,0.0,,1.0
FDXF8MZ-13008-AA ,8,2025-02-01,False,18.0,1.0,,0.0
FDXF8MZ-13008-AA ,9,2025-03-01,False,18.0,0.0,,1.0
FDXF8MZ-13008-AA ,10,2025-04-01,False,17.0,1.0,,1.0
FDXF8MZ-13008-AA ,11,2025-05-01,False,16.0,1.0,2.0,0.0
FDXF8MZ-13008-AA ,12,2025-06-01,False,24.0,0.0,2.0,
FDXF8MZ-13008-BA ,0,2024-06-01,False,11.0,2.0,,1.0
FDXF8MZ-13008-BA ,1,2024-07-01,False,10.0,1.0,,3.0
FDXF8MZ-13008-BA ,2,2024-08-01,False,7.0,3.0,,1.0
FDXF8MZ-13008-BA ,3,2024-09-01,False,6.0,1.0,,1.0
FDXF8MZ-13008-BA ,4,2024-10-01,False,17.0,1.0,,3.0
FDXF8MZ-13008-BA ,5,2024-11-01,False,14.0,3.0,,2.0
FDXF8MZ-13008-BA ,6,2024-12-01,False,16.0,2.0,,1.0
FDXF8MZ-13008-BA ,7,2025-01-01,False,15.0,1.0,,1.0
FDXF8MZ-13008-BA ,8,2025-02-01,False,14.0,1.0,,0.0
FDXF8MZ-13008-BA ,9,2025-03-01,False,14.0,0.0,,2.0
FDXF8MZ-13008-BA ,10,2025-04-01,False,12.0,2.0,,1.0
FDXF8MZ-13008-BA ,11,2025-05-01,False,11.0,1.0,2.0,0.0
FDXF8MZ-13008-BA ,12,2025-06-01,False,19.0,0.0,1.0,
FDXF8MZ-13404-AA ,0,2024-06-01,True,4.0,0.0,,1.0
FDXF8MZ-13404-AA ,1,2024-07-01,False,3.0,1.0,,0.0
FDXF8MZ-13404-AA ,2,2024-08-01,False,3.0,0.0,,0.0
FDXF8MZ-13404-AA ,3,2024-09-01,False,3.0,0.0,,0.0
FDXF8MZ-13404-AA ,4,2024-10-01,False,3.0,0.0,,1.0
FDXF8MZ-13404-AA ,5,2024-11-01,False,6.0,1.0,,1.0
FDXF8MZ-13404-AA ,6,2024-12-01,False,5.0,1.0,,0.0
FDXF8MZ-13404-AA ,7,2025-01-01,False,5.0,0.0,,0.0
FDXF8MZ-13404-AA ,8,2025-02-01,False,5.0,0.0,,0.0
FDXF8MZ-13404-AA ,9,2025-03-01,False,5.0,0.0,,1.0
FDXF8MZ-13404-AA ,10,2025-04-01,False,4.0,1.0,,0.0
FDXF8MZ-13404-AA ,11,2025-05-01,False,4.0,0.0,1.0,0.0
FDXF8MZ-13404-AA ,12,2025-06-01,False,4.0,0.0,1.0,
FDXF8MZ-13405-AA ,0,2024-06-01,False,4.0,0.0,,0.0
FDXF8MZ-13405-AA ,1,2024-07-01,False,4.0,0.0,,0.0
FDXF8MZ-13405-AA ,2,2024-08-01,False,4.0,0.0,,1.0
FDXF8MZ-13405-AA ,3,2024-09-01,False,3.0,1.0,,0.0
FDXF8MZ-13405-AA ,4,2024-10-01,False,3.0,0.0,,1.0
FDXF8MZ-13405-AA ,5,2024-11-01,False,2.0,1.0,,1.0
FDXF8MZ-13405-AA ,6,2024-12-01,False,1.0,1.0,,0.0
FDXF8MZ-13405-AA ,7,2025-01-01,False,1.0,0.0,,0.0
FDXF8MZ-13405-AA ,8,2025-02-01,False,1.0,0.0,,0.0
FDXF8MZ-13405-AA ,9,2025-03-01,False,1.0,0.0,,1.0
FDXF8MZ-13405-AA ,10,2025-04-01,False,4.0,1.0,,0.0
FDXF8MZ-13405-AA ,11,2025-05-01,False,4.0,0.0,1.0,0.0
FDXF8MZ-13405-AA ,12,2025-06-01,False,4.0,0.0,1.0,
FDXF8MZ-15A201-AA ,0,2024-06-01,False,22.0,2.0,,3.0
FDXF8MZ-15A201-AA ,1,2024-07-01,False,19.0,3.0,,6.0
FDXF8MZ-15A201-AA ,2,2024-08-01,False,13.0,6.0,,2.0
FDXF8MZ-15A201-AA ,3,2024-09-01,False,11.0,2.0,,1.0
FDXF8MZ-15A201-AA ,4,2024-10-01,False,30.0,1.0,,1.0
FDXF8MZ-15A201-AA ,5,2024-11-01,False,29.0,1.0,,0.0
FDXF8MZ-15A201-AA ,6,2024-12-01,False,29.0,0.0,,1.0
FDXF8MZ-15A201-AA ,7,2025-01-01,False,28.0,1.0,,1.0
FDXF8MZ-15A201-AA ,8,2025-02-01,False,27.0,1.0,,0.0
FDXF8MZ-15A201-AA ,9,2025-03-01,False,27.0,0.0,,1.0
FDXF8MZ-15A201-AA ,10,2025-04-01,False,26.0,1.0,,2.0
FDXF8MZ-15A201-AA ,11,2025-05-01,False,24.0,2.0,2.0,2.0
FDXF8MZ-15A201-AA ,12,2025-06-01,False,22.0,2.0,3.0,
FDXF8MZ-15A201-BA ,0,2024-06-01,False,7.0,2.0,,1.0
FDXF8MZ-15A201-BA ,1,2024-07-01,False,6.0,1.0,,3.0
FDXF8MZ-15A201-BA ,2,2024-08-01,False,3.0,3.0,,1.0
FDXF8MZ-15A201-BA ,3,2024-09-01,False,12.0,1.0,,1.0
FDXF8MZ-15A201-BA ,4,2024-10-01,False,31.0,1.0,,1.0
FDXF8MZ-15A201-BA ,5,2024-11-01,False,30.0,1.0,,1.0
FDXF8MZ-15A201-BA ,6,2024-12-01,False,29.0,1.0,,0.0
FDXF8MZ-15A201-BA ,7,2025-01-01,False,29.0,0.0,,1.0
FDXF8MZ-15A201-BA ,8,2025-02-01,False,28.0,1.0,,0.0
FDXF8MZ-15A201-BA ,9,2025-03-01,False,28.0,0.0,,1.0
FDXF8MZ-15A201-BA ,10,2025-04-01,False,27.0,1.0,,1.0
FDXF8MZ-15A201-BA ,11,2025-05-01,False,26.0,1.0,1.0,1.0
FDXF8MZ-15A201-BA ,12,2025-06-01,False,25.0,1.0,1.0,
FDXF8MZ-17C829-AA ,0,2024-06-01,True,6.0,10.0,,26.0
FDXF8MZ-17C829-AA ,1,2024-07-01,True,130.0,26.0,,68.0
FDXF8MZ-17C829-AA ,2,2024-08-01,False,62.0,68.0,,24.0
FDXF8MZ-17C829-AA ,3,2024-09-01,False,38.0,24.0,,23.0
FDXF8MZ-17C829-AA ,4,2024-10-01,False,15.0,23.0,,4.0
FDXF8MZ-17C829-AA ,5,2024-11-01,True,11.0,4.0,,14.0
FDXF8MZ-17C829-AA ,6,2024-12-01,True,172.0,14.0,,14.0
FDXF8MZ-17C829-AA ,7,2025-01-01,False,158.0,14.0,,12.0
FDXF8MZ-17C829-AA ,8,2025-02-01,False,146.0,12.0,,8.0
FDXF8MZ-17C829-AA ,9,2025-03-01,False,138.0,8.0,,20.0
FDXF8MZ-17C829-AA ,10,2025-04-01,False,118.0,20.0,,14.0
FDXF8MZ-17C829-AA ,11,2025-05-01,False,104.0,14.0,12.0,10.0
FDXF8MZ-17C829-AA ,12,2025-06-01,False,94.0,10.0,12.0,
FDXF8MZ-17C830-AA ,0,2024-06-01,False,44.0,16.0,,27.0
FDXF8MZ-17C830-AA ,1,2024-07-01,False,217.0,27.0,,66.0
FDXF8MZ-17C830-AA ,2,2024-08-01,False,151.0,66.0,,24.0
FDXF8MZ-17C830-AA ,3,2024-09-01,False,127.0,24.0,,60.0
FDXF8MZ-17C830-AA ,4,2024-10-01,False,67.0,60.0,,22.0
FDXF8MZ-17C830-AA ,5,2024-11-01,False,45.0,22.0,,8.0
FDXF8MZ-17C830-AA ,6,2024-12-01,False,212.0,8.0,,39.0
FDXF8MZ-17C830-AA ,7,2025-01-01,False,173.0,39.0,,12.0
FDXF8MZ-17C830-AA ,8,2025-02-01,False,161.0,12.0,,6.0
FDXF8MZ-17C830-AA ,9,2025-03-01,False,155.0,6.0,,20.0
FDXF8MZ-17C830-AA ,10,2025-04-01,False,135.0,20.0,,8.0
FDXF8MZ-17C830-AA ,11,2025-05-01,False,227.0,8.0,20.0,11.0
FDXF8MZ-17C830-AA ,12,2025-06-01,False,216.0,11.0,23.0,
FDXF8MZ-17D957-AA ,0,2024-06-01,False,0.0,2.0,,0.0
FDXF8MZ-17D957-AA ,1,2024-07-01,True,0.0,0.0,,0.0
FDXF8MZ-17D957-AA ,2,2024-08-01,True,0.0,0.0,,0.0
FDXF8MZ-17D957-AA ,3,2024-09-01,True,5.0,0.0,,1.0
FDXF8MZ-17D957-AA ,4,2024-10-01,False,14.0,1.0,,0.0
FDXF8MZ-17D957-AA ,5,2024-11-01,False,14.0,0.0,,0.0
FDXF8MZ-17D957-AA ,6,2024-12-01,False,14.0,0.0,,1.0
FDXF8MZ-17D957-AA ,7,2025-01-01,False,13.0,1.0,,1.0
FDXF8MZ-17D957-AA ,8,2025-02-01,False,12.0,1.0,,0.0
FDXF8MZ-17D957-AA ,9,2025-03-01,False,12.0,0.0,,0.0
FDXF8MZ-17D957-AA ,10,2025-04-01,False,12.0,0.0,,0.0
FDXF8MZ-17D957-AA ,11,2025-05-01,False,12.0,0.0,0.0,3.0
FDXF8MZ-17D957-AA ,12,2025-06-01,False,9.0,3.0,1.0,
FDXF8MZ-17K835-AA ,0,2024-06-01,False,47.0,21.0,,14.0
FDXF8MZ-17K835-AA ,1,2024-07-01,False,33.0,14.0,,3.0
FDXF8MZ-17K835-AA ,2,2024-08-01,False,30.0,3.0,,0.0
FDXF8MZ-17K835-AA ,3,2024-09-01,False,30.0,0.0,,0.0
FDXF8MZ-17K835-AA ,4,2024-10-01,False,30.0,0.0,,1.0
FDXF8MZ-17K835-AA ,5,2024-11-01,False,29.0,1.0,,15.0
FDXF8MZ-17K835-AA ,6,2024-12-01,False,50.0,15.0,,17.0
FDXF8MZ-17K835-AA ,7,2025-01-01,False,42.0,17.0,,18.0
FDXF8MZ-17K835-AA ,8,2025-02-01,False,24.0,18.0,,8.0
FDXF8MZ-17K835-AA ,9,2025-03-01,False,22.0,8.0,,0.0
FDXF8MZ-17K835-AA ,10,2025-04-01,False,22.0,0.0,,1.0
FDXF8MZ-17K835-AA ,11,2025-05-01,False,21.0,1.0,5.0,14.0
FDXF8MZ-17K835-AA ,12,2025-06-01,False,81.0,14.0,5.0,
FDXF8MZ-8190-AA ,0,2024-06-01,False,10.0,2.0,,0.0
FDXF8MZ-8190-AA ,1,2024-07-01,False,10.0,0.0,,1.0
FDXF8MZ-8190-AA ,2,2024-08-01,False,9.0,1.0,,1.0
FDXF8MZ-8190-AA ,3,2024-09-01,False,8.0,1.0,,0.0
FDXF8MZ-8190-AA ,4,2024-10-01,False,8.0,0.0,,1.0
FDXF8MZ-8190-AA ,5,2024-11-01,False,7.0,1.0,,0.0
FDXF8MZ-8190-AA ,6,2024-12-01,False,7.0,0.0,,0.0
FDXF8MZ-8190-AA ,7,2025-01-01,False,7.0,0.0,,0.0
FDXF8MZ-8190-AA ,8,2025-02-01,False,7.0,0.0,,0.0
FDXF8MZ-8190-AA ,9,2025-03-01,False,7.0,0.0,,0.0
FDXF8MZ-8190-AA ,10,2025-04-01,False,7.0,0.0,,0.0
FDXF8MZ-8190-AA ,11,2025-05-01,False,7.0,0.0,0.0,0.0
FDXF8MZ-8190-AA ,12,2025-06-01,False,7.0,0.0,0.0,
FDXF8MZ-8200-AA ,0,2024-06-01,False,15.0,1.0,,1.0
FDXF8MZ-8200-AA ,1,2024-07-01,False,14.0,1.0,,1.0
FDXF8MZ-8200-AA ,2,2024-08-01,False,13.0,1.0,,0.0
FDXF8MZ-8200-AA ,3,2024-09-01,False,13.0,0.0,,1.0
FDXF8MZ-8200-AA ,4,2024-10-01,False,12.0,1.0,,0.0
FDXF8MZ-8200-AA ,5,2024-11-01,False,12.0,0.0,,1.0
FDXF8MZ-8200-AA ,6,2024-12-01,False,11.0,1.0,,1.0
FDXF8MZ-8200-AA ,7,2025-01-01,False,10.0,1.0,,0.0
FDXF8MZ-8200-AA ,8,2025-02-01,False,10.0,0.0,,0.0
FDXF8MZ-8200-AA ,9,2025-03-01,False,10.0,0.0,,2.0
FDXF8MZ-8200-AA ,10,2025-04-01,False,8.0,2.0,,0.0
FDXF8MZ-8200-AA ,11,2025-05-01,False,8.0,0.0,1.0,1.0
FDXF8MZ-8200-AA ,12,2025-06-01,False,7.0,1.0,2.0,
FDXF8VZ-16916-AA ,0,2024-06-01,False,5.0,1.0,,0.0
FDXF8VZ-16916-AA ,1,2024-07-01,False,5.0,0.0,,0.0
FDXF8VZ-16916-AA ,2,2024-08-01,False,5.0,0.0,,1.0
FDXF8VZ-16916-AA ,3,2024-09-01,False,4.0,1.0,,1.0
FDXF8VZ-16916-AA ,4,2024-10-01,False,3.0,1.0,,2.0
FDXF8VZ-16916-AA ,5,2024-11-01,False,1.0,2.0,,1.0
FDXF8VZ-16916-AA ,6,2024-12-01,False,0.0,1.0,,0.0
FDXF8VZ-16916-AA ,7,2025-01-01,True,0.0,0.0,,0.0
FDXF8VZ-16916-AA ,8,2025-02-01,True,0.0,0.0,,0.0
FDXF8VZ-16916-AA ,9,2025-03-01,True,0.0,0.0,,0.0
FDXF8VZ-16916-AA ,10,2025-04-01,True,5.0,0.0,,0.0
FDXF8VZ-16916-AA ,11,2025-05-01,False,5.0,0.0,0.0,1.0
FDXF8VZ-16916-AA ,12,2025-06-01,False,5.0,1.0,0.0,
FDXFB5Z-13404-A ,0,2024-06-01,False,4.0,0.0,,0.0
FDXFB5Z-13404-A ,1,2024-07-01,False,4.0,0.0,,0.0
FDXFB5Z-13404-A ,2,2024-08-01,False,4.0,0.0,,0.0
FDXFB5Z-13404-A ,3,2024-09-01,False,4.0,0.0,,1.0
FDXFB5Z-13404-A ,4,2024-10-01,False,3.0,1.0,,0.0
FDXFB5Z-13404-A ,5,2024-11-01,False,3.0,0.0,,0.0
FDXFB5Z-13404-A ,6,2024-12-01,False,3.0,0.0,,0.0
FDXFB5Z-13404-A ,7,2025-01-01,False,3.0,0.0,,0.0
FDXFB5Z-13404-A ,8,2025-02-01,False,3.0,0.0,,0.0
FDXFB5Z-13404-A ,9,2025-03-01,False,3.0,0.0,,0.0
FDXFB5Z-13404-A ,10,2025-04-01,False,3.0,0.0,,0.0
FDXFB5Z-13404-A ,11,2025-05-01,False,3.0,0.0,0.0,0.0
FDXFB5Z-13404-A ,12,2025-06-01,False,3.0,0.0,0.0,
FDXFB5Z-13405-A ,0,2024-06-01,False,4.0,0.0,,0.0
FDXFB5Z-13405-A ,1,2024-07-01,False,4.0,0.0,,0.0
FDXFB5Z-13405-A ,2,2024-08-01,False,4.0,0.0,,0.0
FDXFB5Z-13405-A ,3,2024-09-01,False,4.0,0.0,,0.0
FDXFB5Z-13405-A ,4,2024-10-01,False,4.0,0.0,,0.0
FDXFB5Z-13405-A ,5,2024-11-01,False,4.0,0.0,,0.0
FDXFB5Z-13405-A ,6,2024-12-01,False,4.0,0.0,,0.0
FDXFB5Z-13405-A ,7,2025-01-01,False,4.0,0.0,,1.0
FDXFB5Z-13405-A ,8,2025-02-01,False,3.0,1.0,,0.0
FDXFB5Z-13405-A ,9,2025-03-01,False,3.0,0.0,,0.0
FDXFB5Z-13405-A ,10,2025-04-01,False,3.0,0.0,,0.0
FDXFB5Z-13405-A ,11,2025-05-01,False,3.0,0.0,0.0,0.0
FDXFB5Z-13405-A ,12,2025-06-01,False,3.0,0.0,0.0,
FDXFB5Z-16006-A ,0,2024-06-01,False,1.0,0.0,,1.0
FDXFB5Z-16006-A ,1,2024-07-01,False,0.0,1.0,,0.0
FDXFB5Z-16006-A ,2,2024-08-01,True,0.0,0.0,,0.0
FDXFB5Z-16006-A ,3,2024-09-01,True,0.0,0.0,,0.0
FDXFB5Z-16006-A ,4,2024-10-01,True,0.0,0.0,,0.0
FDXFB5Z-16006-A ,5,2024-11-01,True,0.0,0.0,,0.0
FDXFB5Z-16006-A ,6,2024-12-01,True,0.0,0.0,,0.0
FDXFB5Z-16006-A ,7,2025-01-01,True,0.0,0.0,,0.0
FDXFB5Z-16006-A ,8,2025-02-01,True,0.0,0.0,,0.0
FDXFB5Z-16006-A ,9,2025-03-01,True,0.0,0.0,,0.0
FDXFB5Z-16006-A ,10,2025-04-01,True,0.0,0.0,,0.0
FDXFB5Z-16006-A ,11,2025-05-01,True,0.0,0.0,0.0,0.0
FDXFB5Z-16006-A ,12,2025-06-01,True,0.0,0.0,0.0,
FDXFB5Z-17618-C ,0,2024-06-01,False,7.0,0.0,,0.0
FDXFB5Z-17618-C ,1,2024-07-01,False,7.0,0.0,,0.0
FDXFB5Z-17618-C ,2,2024-08-01,False,7.0,0.0,,0.0
FDXFB5Z-17618-C ,3,2024-09-01,False,7.0,0.0,,0.0
FDXFB5Z-17618-C ,4,2024-10-01,False,7.0,0.0,,0.0
FDXFB5Z-17618-C ,5,2024-11-01,False,7.0,0.0,,1.0
FDXFB5Z-17618-C ,6,2024-12-01,False,6.0,1.0,,0.0
FDXFB5Z-17618-C ,7,2025-01-01,False,6.0,0.0,,0.0
FDXFB5Z-17618-C ,8,2025-02-01,False,6.0,0.0,,0.0
FDXFB5Z-17618-C ,9,2025-03-01,False,6.0,0.0,,0.0
FDXFB5Z-17618-C ,10,2025-04-01,False,6.0,0.0,,0.0
FDXFB5Z-17618-C ,11,2025-05-01,False,6.0,0.0,0.0,0.0
FDXFB5Z-17618-C ,12,2025-06-01,False,6.0,0.0,0.0,
FDXFB5Z-8200-AB ,0,2024-06-01,False,4.0,0.0,,0.0
FDXFB5Z-8200-AB ,1,2024-07-01,False,4.0,0.0,,0.0
FDXFB5Z-8200-AB ,2,2024-08-01,False,4.0,0.0,,0.0
FDXFB5Z-8200-AB ,3,2024-09-01,False,4.0,0.0,,0.0
FDXFB5Z-8200-AB ,4,2024-10-01,False,4.0,0.0,,0.0
FDXFB5Z-8200-AB ,5,2024-11-01,False,4.0,0.0,,0.0
FDXFB5Z-8200-AB ,6,2024-12-01,False,4.0,0.0,,0.0
FDXFB5Z-8200-AB ,7,2025-01-01,False,4.0,0.0,,0.0
FDXFB5Z-8200-AB ,8,2025-02-01,False,4.0,0.0,,0.0
FDXFB5Z-8200-AB ,9,2025-03-01,False,4.0,0.0,,1.0
FDXFB5Z-8200-AB ,10,2025-04-01,False,3.0,1.0,,0.0
FDXFB5Z-8200-AB ,11,2025-05-01,False,3.0,0.0,0.0,0.0
FDXFB5Z-8200-AB ,12,2025-06-01,False,3.0,0.0,0.0,
FDXFG-1036 ,0,2024-06-01,False,66.0,1.0,,6.0
FDXFG-1036 ,1,2024-07-01,False,60.0,6.0,,3.0
FDXFG-1036 ,2,2024-08-01,False,57.0,3.0,,1.0
FDXFG-1036 ,3,2024-09-01,False,56.0,1.0,,2.0
FDXFG-1036 ,4,2024-10-01,False,54.0,2.0,,4.0
FDXFG-1036 ,5,2024-11-01,False,50.0,4.0,,2.0
FDXFG-1036 ,6,2024-12-01,False,48.0,2.0,,0.0
FDXFG-1036 ,7,2025-01-01,False,48.0,0.0,,2.0
FDXFG-1036 ,8,2025-02-01,False,46.0,2.0,,2.0
FDXFG-1036 ,9,2025-03-01,False,44.0,2.0,,3.0
FDXFG-1036 ,10,2025-04-01,False,41.0,3.0,,2.0
FDXFG-1036 ,11,2025-05-01,False,39.0,2.0,2.0,1.0
FDXFG-1036 ,12,2025-06-01,False,38.0,1.0,1.0,
FDXFG-1083 ,0,2024-06-01,False,97.0,0.0,,4.0
FDXFG-1083 ,1,2024-07-01,False,93.0,4.0,,3.0
FDXFG-1083 ,2,2024-08-01,False,90.0,3.0,,3.0
FDXFG-1083 ,3,2024-09-01,False,87.0,3.0,,7.0
FDXFG-1083 ,4,2024-10-01,False,80.0,7.0,,7.0
FDXFG-1083 ,5,2024-11-01,False,73.0,7.0,,5.0
FDXFG-1083 ,6,2024-12-01,False,68.0,5.0,,0.0
FDXFG-1083 ,7,2025-01-01,False,68.0,0.0,,7.0
FDXFG-1083 ,8,2025-02-01,False,61.0,7.0,,2.0
FDXFG-1083 ,9,2025-03-01,False,59.0,2.0,,0.0
FDXFG-1083 ,10,2025-04-01,False,59.0,0.0,,2.0
FDXFG-1083 ,11,2025-05-01,False,57.0,2.0,3.0,0.0
FDXFG-1083 ,12,2025-06-01,False,57.0,0.0,1.0,
FDXFG-800-A ,0,2024-06-01,False,34.0,1.0,,11.0
FDXFG-800-A ,1,2024-07-01,False,23.0,11.0,,12.0
FDXFG-800-A ,2,2024-08-01,False,11.0,12.0,,0.0
FDXFG-800-A ,3,2024-09-01,False,11.0,0.0,,2.0
FDXFG-800-A ,4,2024-10-01,False,9.0,2.0,,0.0
FDXFG-800-A ,5,2024-11-01,False,109.0,0.0,,8.0
FDXFG-800-A ,6,2024-12-01,False,101.0,8.0,,26.0
FDXFG-800-A ,7,2025-01-01,False,75.0,26.0,,8.0
FDXFG-800-A ,8,2025-02-01,False,67.0,8.0,,4.0
FDXFG-800-A ,9,2025-03-01,False,63.0,4.0,,3.0
FDXFG-800-A ,10,2025-04-01,False,60.0,3.0,,0.0
FDXFG-800-A ,11,2025-05-01,False,60.0,0.0,3.0,3.0
FDXFG-800-A ,12,2025-06-01,False,157.0,3.0,12.0,
FDXFG-986-B ,0,2024-06-01,False,604.0,0.0,,12.0
FDXFG-986-B ,1,2024-07-01,False,592.0,12.0,,34.0
FDXFG-986-B ,2,2024-08-01,False,558.0,34.0,,24.0
FDXFG-986-B ,3,2024-09-01,False,534.0,24.0,,34.0
FDXFG-986-B ,4,2024-10-01,False,500.0,34.0,,25.0
FDXFG-986-B ,5,2024-11-01,False,475.0,25.0,,35.0
FDXFG-986-B ,6,2024-12-01,False,440.0,35.0,,65.0
FDXFG-986-B ,7,2025-01-01,False,375.0,65.0,,27.0
FDXFG-986-B ,8,2025-02-01,False,348.0,27.0,,46.0
FDXFG-986-B ,9,2025-03-01,False,302.0,46.0,,37.0
FDXFG-986-B ,10,2025-04-01,False,265.0,37.0,,33.0
FDXFG-986-B ,11,2025-05-01,False,232.0,33.0,47.0,18.0
FDXFG-986-B ,12,2025-06-01,False,219.0,18.0,35.0,
FDXFL1Z-13008-K ,0,2024-06-01,False,1.0,0.0,,0.0
FDXFL1Z-13008-K ,1,2024-07-01,False,1.0,0.0,,0.0
FDXFL1Z-13008-K ,2,2024-08-01,False,5.0,0.0,,0.0
FDXFL1Z-13008-K ,3,2024-09-01,False,5.0,0.0,,1.0
FDXFL1Z-13008-K ,4,2024-10-01,False,4.0,1.0,,0.0
FDXFL1Z-13008-K ,5,2024-11-01,False,4.0,0.0,,0.0
FDXFL1Z-13008-K ,6,2024-12-01,False,4.0,0.0,,0.0
FDXFL1Z-13008-K ,7,2025-01-01,False,4.0,0.0,,0.0
FDXFL1Z-13008-K ,8,2025-02-01,False,4.0,0.0,,0.0
FDXFL1Z-13008-K ,9,2025-03-01,False,4.0,0.0,,0.0
FDXFL1Z-13008-K ,10,2025-04-01,False,4.0,0.0,,0.0
FDXFL1Z-13008-K ,11,2025-05-01,False,4.0,0.0,0.0,0.0
FDXFL1Z-13008-K ,12,2025-06-01,False,4.0,0.0,0.0,
FDXFL1Z-8200-EPTM ,0,2024-06-01,True,0.0,0.0,,0.0
FDXFL1Z-8200-EPTM ,1,2024-07-01,True,0.0,0.0,,0.0
FDXFL1Z-8200-EPTM ,2,2024-08-01,True,3.0,0.0,,0.0
FDXFL1Z-8200-EPTM ,3,2024-09-01,False,3.0,0.0,,0.0
FDXFL1Z-8200-EPTM ,4,2024-10-01,False,3.0,0.0,,0.0
FDXFL1Z-8200-EPTM ,5,2024-11-01,False,3.0,0.0,,0.0
FDXFL1Z-8200-EPTM ,6,2024-12-01,False,3.0,0.0,,0.0
FDXFL1Z-8200-EPTM ,7,2025-01-01,False,3.0,0.0,,0.0
FDXFL1Z-8200-EPTM ,8,2025-02-01,False,3.0,0.0,,0.0
FDXFL1Z-8200-EPTM ,9,2025-03-01,False,3.0,0.0,,0.0
FDXFL1Z-8200-EPTM ,10,2025-04-01,False,3.0,0.0,,1.0
FDXFL1Z-8200-EPTM ,11,2025-05-01,False,2.0,1.0,0.0,1.0
FDXFL1Z-8200-EPTM ,12,2025-06-01,False,1.0,1.0,1.0,
FDXFL3Z-13008-J ,0,2024-06-01,False,2.0,1.0,,0.0
FDXFL3Z-13008-J ,1,2024-07-01,False,2.0,0.0,,0.0
FDXFL3Z-13008-J ,2,2024-08-01,False,2.0,0.0,,0.0
FDXFL3Z-13008-J ,3,2024-09-01,False,2.0,0.0,,0.0
FDXFL3Z-13008-J ,4,2024-10-01,False,2.0,0.0,,0.0
FDXFL3Z-13008-J ,5,2024-11-01,False,2.0,0.0,,0.0
FDXFL3Z-13008-J ,6,2024-12-01,False,2.0,0.0,,0.0
FDXFL3Z-13008-J ,7,2025-01-01,False,2.0,0.0,,0.0
FDXFL3Z-13008-J ,8,2025-02-01,False,2.0,0.0,,0.0
FDXFL3Z-13008-J ,9,2025-03-01,False,2.0,0.0,,0.0
FDXFL3Z-13008-J ,10,2025-04-01,False,2.0,0.0,,0.0
FDXFL3Z-13008-J ,11,2025-05-01,False,2.0,0.0,0.0,0.0
FDXFL3Z-13008-J ,12,2025-06-01,False,2.0,0.0,0.0,
FDXFL3Z-13404-A ,0,2024-06-01,False,11.0,0.0,,0.0
FDXFL3Z-13404-A ,1,2024-07-01,False,11.0,0.0,,1.0
FDXFL3Z-13404-A ,2,2024-08-01,False,10.0,1.0,,1.0
FDXFL3Z-13404-A ,3,2024-09-01,False,9.0,1.0,,0.0
FDXFL3Z-13404-A ,4,2024-10-01,False,9.0,0.0,,0.0
FDXFL3Z-13404-A ,5,2024-11-01,False,9.0,0.0,,0.0
FDXFL3Z-13404-A ,6,2024-12-01,False,9.0,0.0,,0.0
FDXFL3Z-13404-A ,7,2025-01-01,False,9.0,0.0,,0.0
FDXFL3Z-13404-A ,8,2025-02-01,False,9.0,0.0,,0.0
FDXFL3Z-13404-A ,9,2025-03-01,False,9.0,0.0,,0.0
FDXFL3Z-13404-A ,10,2025-04-01,False,9.0,0.0,,0.0
FDXFL3Z-13404-A ,11,2025-05-01,False,9.0,0.0,0.0,0.0
FDXFL3Z-13404-A ,12,2025-06-01,False,9.0,0.0,0.0,
FDXFL3Z-13405-A ,0,2024-06-01,False,6.0,0.0,,0.0
FDXFL3Z-13405-A ,1,2024-07-01,False,6.0,0.0,,0.0
FDXFL3Z-13405-A ,2,2024-08-01,False,6.0,0.0,,1.0
FDXFL3Z-13405-A ,3,2024-09-01,False,5.0,1.0,,0.0
FDXFL3Z-13405-A ,4,2024-10-01,False,5.0,0.0,,0.0
FDXFL3Z-13405-A ,5,2024-11-01,False,5.0,0.0,,0.0
FDXFL3Z-13405-A ,6,2024-12-01,False,5.0,0.0,,1.0
FDXFL3Z-13405-A ,7,2025-01-01,False,4.0,1.0,,0.0
FDXFL3Z-13405-A ,8,2025-02-01,False,4.0,0.0,,1.0
FDXFL3Z-13405-A ,9,2025-03-01,False,3.0,1.0,,0.0
FDXFL3Z-13405-A ,10,2025-04-01,False,3.0,0.0,,1.0
FDXFL3Z-13405-A ,11,2025-05-01,False,2.0,1.0,0.0,0.0
FDXFL3Z-13405-A ,12,2025-06-01,False,2.0,0.0,0.0,
FDXFL3Z-15200-A ,0,2024-06-01,False,9.0,1.0,,0.0
FDXFL3Z-15200-A ,1,2024-07-01,False,9.0,0.0,,0.0
FDXFL3Z-15200-A ,2,2024-08-01,False,9.0,0.0,,3.0
FDXFL3Z-15200-A ,3,2024-09-01,False,6.0,3.0,,0.0
FDXFL3Z-15200-A ,4,2024-10-01,False,6.0,0.0,,0.0
FDXFL3Z-15200-A ,5,2024-11-01,False,6.0,0.0,,0.0
FDXFL3Z-15200-A ,6,2024-12-01,False,6.0,0.0,,0.0
FDXFL3Z-15200-A ,7,2025-01-01,False,6.0,0.0,,0.0
FDXFL3Z-15200-A ,8,2025-02-01,False,6.0,0.0,,0.0
FDXFL3Z-15200-A ,9,2025-03-01,False,12.0,0.0,,0.0
FDXFL3Z-15200-A ,10,2025-04-01,False,12.0,0.0,,0.0
FDXFL3Z-15200-A ,11,2025-05-01,False,12.0,0.0,0.0,0.0
FDXFL3Z-15200-A ,12,2025-06-01,False,12.0,0.0,1.0,
FDXFL3Z-15200-B ,0,2024-06-01,False,10.0,0.0,,0.0
FDXFL3Z-15200-B ,1,2024-07-01,False,10.0,0.0,,0.0
FDXFL3Z-15200-B ,2,2024-08-01,False,10.0,0.0,,0.0
FDXFL3Z-15200-B ,3,2024-09-01,False,10.0,0.0,,0.0
FDXFL3Z-15200-B ,4,2024-10-01,False,10.0,0.0,,0.0
FDXFL3Z-15200-B ,5,2024-11-01,False,10.0,0.0,,0.0
FDXFL3Z-15200-B ,6,2024-12-01,False,10.0,0.0,,0.0
FDXFL3Z-15200-B ,7,2025-01-01,False,10.0,0.0,,0.0
FDXFL3Z-15200-B ,8,2025-02-01,False,10.0,0.0,,0.0
FDXFL3Z-15200-B ,9,2025-03-01,False,10.0,0.0,,0.0
FDXFL3Z-15200-B ,10,2025-04-01,False,10.0,0.0,,1.0
FDXFL3Z-15200-B ,11,2025-05-01,False,9.0,1.0,0.0,0.0
FDXFL3Z-15200-B ,12,2025-06-01,False,9.0,0.0,0.0,
FDXFL3Z-15201-A ,0,2024-06-01,False,1.0,1.0,,0.0
FDXFL3Z-15201-A ,1,2024-07-01,False,1.0,0.0,,0.0
FDXFL3Z-15201-A ,2,2024-08-01,False,1.0,0.0,,1.0
FDXFL3Z-15201-A ,3,2024-09-01,False,0.0,1.0,,0.0
FDXFL3Z-15201-A ,4,2024-10-01,True,0.0,0.0,,0.0
FDXFL3Z-15201-A ,5,2024-11-01,True,0.0,0.0,,0.0
FDXFL3Z-15201-A ,6,2024-12-01,True,0.0,0.0,,0.0
FDXFL3Z-15201-A ,7,2025-01-01,True,0.0,0.0,,0.0
FDXFL3Z-15201-A ,8,2025-02-01,True,0.0,0.0,,0.0
FDXFL3Z-15201-A ,9,2025-03-01,True,4.0,0.0,,0.0
FDXFL3Z-15201-A ,10,2025-04-01,False,4.0,0.0,,0.0
FDXFL3Z-15201-A ,11,2025-05-01,False,4.0,0.0,1.0,0.0
FDXFL3Z-15201-A ,12,2025-06-01,False,4.0,0.0,0.0,
FDXFL3Z-15201-B ,0,2024-06-01,False,2.0,0.0,,0.0
FDXFL3Z-15201-B ,1,2024-07-01,False,2.0,0.0,,0.0
FDXFL3Z-15201-B ,2,2024-08-01,False,2.0,0.0,,0.0
FDXFL3Z-15201-B ,3,2024-09-01,False,2.0,0.0,,0.0
FDXFL3Z-15201-B ,4,2024-10-01,False,2.0,0.0,,0.0
FDXFL3Z-15201-B ,5,2024-11-01,False,2.0,0.0,,0.0
FDXFL3Z-15201-B ,6,2024-12-01,False,2.0,0.0,,0.0
FDXFL3Z-15201-B ,7,2025-01-01,False,2.0,0.0,,0.0
FDXFL3Z-15201-B ,8,2025-02-01,False,2.0,0.0,,0.0
FDXFL3Z-15201-B ,9,2025-03-01,False,2.0,0.0,,0.0
FDXFL3Z-15201-B ,10,2025-04-01,False,2.0,0.0,,2.0
FDXFL3Z-15201-B ,11,2025-05-01,False,0.0,2.0,2.0,0.0
FDXFL3Z-15201-B ,12,2025-06-01,True,0.0,0.0,0.0,
FDXFL3Z-16612-A ,0,2024-06-01,False,5.0,1.0,,0.0
FDXFL3Z-16612-A ,1,2024-07-01,False,5.0,0.0,,1.0
FDXFL3Z-16612-A ,2,2024-08-01,False,4.0,1.0,,0.0
FDXFL3Z-16612-A ,3,2024-09-01,False,4.0,0.0,,0.0
FDXFL3Z-16612-A ,4,2024-10-01,False,4.0,0.0,,0.0
FDXFL3Z-16612-A ,5,2024-11-01,False,4.0,0.0,,0.0
FDXFL3Z-16612-A ,6,2024-12-01,False,4.0,0.0,,0.0
FDXFL3Z-16612-A ,7,2025-01-01,False,4.0,0.0,,0.0
FDXFL3Z-16612-A ,8,2025-02-01,False,4.0,0.0,,1.0
FDXFL3Z-16612-A ,9,2025-03-01,False,3.0,1.0,,1.0
FDXFL3Z-16612-A ,10,2025-04-01,False,2.0,1.0,,0.0
FDXFL3Z-16612-A ,11,2025-05-01,False,2.0,0.0,0.0,0.0
FDXFL3Z-16612-A ,12,2025-06-01,False,2.0,0.0,0.0,
FDXFL3Z-16C826-A ,0,2024-06-01,False,5.0,1.0,,0.0
FDXFL3Z-16C826-A ,1,2024-07-01,False,5.0,0.0,,0.0
FDXFL3Z-16C826-A ,2,2024-08-01,False,5.0,0.0,,0.0
FDXFL3Z-16C826-A ,3,2024-09-01,False,5.0,0.0,,1.0
FDXFL3Z-16C826-A ,4,2024-10-01,False,4.0,1.0,,0.0
FDXFL3Z-16C826-A ,5,2024-11-01,False,4.0,0.0,,0.0
FDXFL3Z-16C826-A ,6,2024-12-01,False,4.0,0.0,,0.0
FDXFL3Z-16C826-A ,7,2025-01-01,False,4.0,0.0,,1.0
FDXFL3Z-16C826-A ,8,2025-02-01,False,3.0,1.0,,2.0
FDXFL3Z-16C826-A ,9,2025-03-01,False,1.0,2.0,,1.0
FDXFL3Z-16C826-A ,10,2025-04-01,False,0.0,1.0,,0.0
FDXFL3Z-16C826-A ,11,2025-05-01,True,0.0,0.0,0.0,0.0
FDXFL3Z-16C826-A ,12,2025-06-01,True,0.0,0.0,0.0,
FDXFL3Z-16C826-B ,0,2024-06-01,False,5.0,1.0,,0.0
FDXFL3Z-16C826-B ,1,2024-07-01,False,5.0,0.0,,0.0
FDXFL3Z-16C826-B ,2,2024-08-01,False,5.0,0.0,,0.0
FDXFL3Z-16C826-B ,3,2024-09-01,False,5.0,0.0,,1.0
FDXFL3Z-16C826-B ,4,2024-10-01,False,4.0,1.0,,0.0
FDXFL3Z-16C826-B ,5,2024-11-01,False,4.0,0.0,,0.0
FDXFL3Z-16C826-B ,6,2024-12-01,False,4.0,0.0,,0.0
FDXFL3Z-16C826-B ,7,2025-01-01,False,4.0,0.0,,1.0
FDXFL3Z-16C826-B ,8,2025-02-01,False,3.0,1.0,,0.0
FDXFL3Z-16C826-B ,9,2025-03-01,False,3.0,0.0,,1.0
FDXFL3Z-16C826-B ,10,2025-04-01,False,2.0,1.0,,0.0
FDXFL3Z-16C826-B ,11,2025-05-01,False,2.0,0.0,0.0,0.0
FDXFL3Z-16C826-B ,12,2025-06-01,False,2.0,0.0,0.0,
FDXFL3Z-17626-AA ,0,2024-06-01,True,10.0,0.0,,0.0
FDXFL3Z-17626-AA ,1,2024-07-01,False,10.0,0.0,,0.0
FDXFL3Z-17626-AA ,2,2024-08-01,False,10.0,0.0,,0.0
FDXFL3Z-17626-AA ,3,2024-09-01,False,10.0,0.0,,10.0
FDXFL3Z-17626-AA ,4,2024-10-01,False,0.0,10.0,,0.0
FDXFL3Z-17626-AA ,5,2024-11-01,True,0.0,0.0,,0.0
FDXFL3Z-17626-AA ,6,2024-12-01,True,0.0,0.0,,0.0
FDXFL3Z-17626-AA ,7,2025-01-01,True,0.0,0.0,,0.0
FDXFL3Z-17626-AA ,8,2025-02-01,True,0.0,0.0,,0.0
FDXFL3Z-17626-AA ,9,2025-03-01,True,0.0,0.0,,0.0
FDXFL3Z-17626-AA ,10,2025-04-01,True,0.0,0.0,,0.0
FDXFL3Z-17626-AA ,11,2025-05-01,True,0.0,0.0,1.0,0.0
FDXFL3Z-17626-AA ,12,2025-06-01,True,10.0,0.0,0.0,
FDXFL3Z-17682-BB ,0,2024-06-01,False,5.0,1.0,,0.0
FDXFL3Z-17682-BB ,1,2024-07-01,False,5.0,0.0,,1.0
FDXFL3Z-17682-BB ,2,2024-08-01,False,4.0,1.0,,0.0
FDXFL3Z-17682-BB ,3,2024-09-01,False,4.0,0.0,,0.0
FDXFL3Z-17682-BB ,4,2024-10-01,False,4.0,0.0,,2.0
FDXFL3Z-17682-BB ,5,2024-11-01,False,6.0,2.0,,0.0
FDXFL3Z-17682-BB ,6,2024-12-01,False,6.0,0.0,,0.0
FDXFL3Z-17682-BB ,7,2025-01-01,False,6.0,0.0,,1.0
FDXFL3Z-17682-BB ,8,2025-02-01,False,5.0,1.0,,0.0
FDXFL3Z-17682-BB ,9,2025-03-01,False,5.0,0.0,,2.0
FDXFL3Z-17682-BB ,10,2025-04-01,False,3.0,2.0,,0.0
FDXFL3Z-17682-BB ,11,2025-05-01,False,3.0,0.0,0.0,0.0
FDXFL3Z-17682-BB ,12,2025-06-01,False,3.0,0.0,0.0,
FDXFL3Z-17682-DA ,0,2024-06-01,False,14.0,1.0,,1.0
FDXFL3Z-17682-DA ,1,2024-07-01,False,13.0,1.0,,0.0
FDXFL3Z-17682-DA ,2,2024-08-01,False,13.0,0.0,,0.0
FDXFL3Z-17682-DA ,3,2024-09-01,False,13.0,0.0,,0.0
FDXFL3Z-17682-DA ,4,2024-10-01,False,13.0,0.0,,1.0
FDXFL3Z-17682-DA ,5,2024-11-01,False,12.0,1.0,,5.0
FDXFL3Z-17682-DA ,6,2024-12-01,False,19.0,5.0,,1.0
FDXFL3Z-17682-DA ,7,2025-01-01,False,18.0,1.0,,0.0
FDXFL3Z-17682-DA ,8,2025-02-01,False,18.0,0.0,,0.0
FDXFL3Z-17682-DA ,9,2025-03-01,False,18.0,0.0,,1.0
FDXFL3Z-17682-DA ,10,2025-04-01,False,17.0,1.0,,2.0
FDXFL3Z-17682-DA ,11,2025-05-01,False,15.0,2.0,1.0,1.0
FDXFL3Z-17682-DA ,12,2025-06-01,False,14.0,1.0,2.0,
FDXFL3Z-17683-BB ,0,2024-06-01,False,4.0,1.0,,2.0
FDXFL3Z-17683-BB ,1,2024-07-01,False,2.0,2.0,,1.0
FDXFL3Z-17683-BB ,2,2024-08-01,False,1.0,1.0,,0.0
FDXFL3Z-17683-BB ,3,2024-09-01,False,1.0,0.0,,0.0
FDXFL3Z-17683-BB ,4,2024-10-01,False,1.0,0.0,,0.0
FDXFL3Z-17683-BB ,5,2024-11-01,False,9.0,0.0,,3.0
FDXFL3Z-17683-BB ,6,2024-12-01,False,6.0,3.0,,0.0
FDXFL3Z-17683-BB ,7,2025-01-01,False,6.0,0.0,,1.0
FDXFL3Z-17683-BB ,8,2025-02-01,False,5.0,1.0,,0.0
FDXFL3Z-17683-BB ,9,2025-03-01,False,5.0,0.0,,1.0
FDXFL3Z-17683-BB ,10,2025-04-01,False,4.0,1.0,,2.0
FDXFL3Z-17683-BB ,11,2025-05-01,False,2.0,2.0,0.0,0.0
FDXFL3Z-17683-BB ,12,2025-06-01,False,2.0,0.0,1.0,
FDXFL3Z-17683-DA ,0,2024-06-01,True,0.0,0.0,,0.0
FDXFL3Z-17683-DA ,1,2024-07-01,True,0.0,0.0,,0.0
FDXFL3Z-17683-DA ,2,2024-08-01,True,0.0,0.0,,0.0
FDXFL3Z-17683-DA ,3,2024-09-01,True,0.0,0.0,,0.0
FDXFL3Z-17683-DA ,4,2024-10-01,True,0.0,0.0,,0.0
FDXFL3Z-17683-DA ,5,2024-11-01,True,0.0,0.0,,4.0
FDXFL3Z-17683-DA ,6,2024-12-01,True,12.0,4.0,,0.0
FDXFL3Z-17683-DA ,7,2025-01-01,False,12.0,0.0,,2.0
FDXFL3Z-17683-DA ,8,2025-02-01,False,10.0,2.0,,0.0
FDXFL3Z-17683-DA ,9,2025-03-01,False,10.0,0.0,,0.0
FDXFL3Z-17683-DA ,10,2025-04-01,False,10.0,0.0,,3.0
FDXFL3Z-17683-DA ,11,2025-05-01,False,7.0,3.0,1.0,0.0
FDXFL3Z-17683-DA ,12,2025-06-01,False,7.0,0.0,2.0,
FDXFL3Z-17683-DC ,0,2024-06-01,False,11.0,2.0,,2.0
FDXFL3Z-17683-DC ,1,2024-07-01,False,9.0,2.0,,0.0
FDXFL3Z-17683-DC ,2,2024-08-01,False,9.0,0.0,,1.0
FDXFL3Z-17683-DC ,3,2024-09-01,False,8.0,1.0,,0.0
FDXFL3Z-17683-DC ,4,2024-10-01,False,8.0,0.0,,2.0
FDXFL3Z-17683-DC ,5,2024-11-01,False,6.0,2.0,,1.0
FDXFL3Z-17683-DC ,6,2024-12-01,False,5.0,1.0,,1.0
FDXFL3Z-17683-DC ,7,2025-01-01,False,4.0,1.0,,0.0
FDXFL3Z-17683-DC ,8,2025-02-01,False,4.0,0.0,,0.0
FDXFL3Z-17683-DC ,9,2025-03-01,False,4.0,0.0,,0.0
FDXFL3Z-17683-DC ,10,2025-04-01,False,12.0,0.0,,0.0
FDXFL3Z-17683-DC ,11,2025-05-01,False,12.0,0.0,0.0,1.0
FDXFL3Z-17683-DC ,12,2025-06-01,False,11.0,1.0,1.0,
FDXFL3Z-17757-A ,0,2024-06-01,False,0.0,1.0,,0.0
FDXFL3Z-17757-A ,1,2024-07-01,True,6.0,0.0,,0.0
FDXFL3Z-17757-A ,2,2024-08-01,False,6.0,0.0,,0.0
FDXFL3Z-17757-A ,3,2024-09-01,False,6.0,0.0,,0.0
FDXFL3Z-17757-A ,4,2024-10-01,False,14.0,0.0,,0.0
FDXFL3Z-17757-A ,5,2024-11-01,False,14.0,0.0,,0.0
FDXFL3Z-17757-A ,6,2024-12-01,False,14.0,0.0,,0.0
FDXFL3Z-17757-A ,7,2025-01-01,False,14.0,0.0,,0.0
FDXFL3Z-17757-A ,8,2025-02-01,False,14.0,0.0,,2.0
FDXFL3Z-17757-A ,9,2025-03-01,False,12.0,2.0,,1.0
FDXFL3Z-17757-A ,10,2025-04-01,False,11.0,1.0,,0.0
FDXFL3Z-17757-A ,11,2025-05-01,False,11.0,0.0,1.0,0.0
FDXFL3Z-17757-A ,12,2025-06-01,False,11.0,0.0,0.0,
FDXFL3Z-17A385-A ,0,2024-06-01,False,6.0,0.0,,1.0
FDXFL3Z-17A385-A ,1,2024-07-01,False,5.0,1.0,,0.0
FDXFL3Z-17A385-A ,2,2024-08-01,False,5.0,0.0,,0.0
FDXFL3Z-17A385-A ,3,2024-09-01,False,5.0,0.0,,1.0
FDXFL3Z-17A385-A ,4,2024-10-01,False,4.0,1.0,,1.0
FDXFL3Z-17A385-A ,5,2024-11-01,False,3.0,1.0,,1.0
FDXFL3Z-17A385-A ,6,2024-12-01,False,2.0,1.0,,0.0
FDXFL3Z-17A385-A ,7,2025-01-01,False,2.0,0.0,,0.0
FDXFL3Z-17A385-A ,8,2025-02-01,False,2.0,0.0,,2.0
FDXFL3Z-17A385-A ,9,2025-03-01,False,0.0,2.0,,0.0
FDXFL3Z-17A385-A ,10,2025-04-01,True,10.0,0.0,,0.0
FDXFL3Z-17A385-A ,11,2025-05-01,False,10.0,0.0,1.0,0.0
FDXFL3Z-17A385-A ,12,2025-06-01,False,10.0,0.0,1.0,
FDXFL3Z-17B984-A ,0,2024-06-01,True,1.0,1.0,,0.0
FDXFL3Z-17B984-A ,1,2024-07-01,False,1.0,0.0,,0.0
FDXFL3Z-17B984-A ,2,2024-08-01,False,1.0,0.0,,0.0
FDXFL3Z-17B984-A ,3,2024-09-01,False,1.0,0.0,,0.0
FDXFL3Z-17B984-A ,4,2024-10-01,False,1.0,0.0,,0.0
FDXFL3Z-17B984-A ,5,2024-11-01,False,1.0,0.0,,0.0
FDXFL3Z-17B984-A ,6,2024-12-01,False,1.0,0.0,,0.0
FDXFL3Z-17B984-A ,7,2025-01-01,False,1.0,0.0,,0.0
FDXFL3Z-17B984-A ,8,2025-02-01,False,1.0,0.0,,0.0
FDXFL3Z-17B984-A ,9,2025-03-01,False,1.0,0.0,,0.0
FDXFL3Z-17B984-A ,10,2025-04-01,False,1.0,0.0,,0.0
FDXFL3Z-17B984-A ,11,2025-05-01,False,1.0,0.0,0.0,0.0
FDXFL3Z-17B984-A ,12,2025-06-01,False,1.0,0.0,0.0,
FDXFL3Z-17B985-A ,0,2024-06-01,True,1.0,1.0,,0.0
FDXFL3Z-17B985-A ,1,2024-07-01,False,1.0,0.0,,0.0
FDXFL3Z-17B985-A ,2,2024-08-01,False,1.0,0.0,,0.0
FDXFL3Z-17B985-A ,3,2024-09-01,False,1.0,0.0,,0.0
FDXFL3Z-17B985-A ,4,2024-10-01,False,1.0,0.0,,0.0
FDXFL3Z-17B985-A ,5,2024-11-01,False,1.0,0.0,,0.0
FDXFL3Z-17B985-A ,6,2024-12-01,False,1.0,0.0,,0.0
FDXFL3Z-17B985-A ,7,2025-01-01,False,1.0,0.0,,0.0
FDXFL3Z-17B985-A ,8,2025-02-01,False,1.0,0.0,,0.0
FDXFL3Z-17B985-A ,9,2025-03-01,False,1.0,0.0,,0.0
FDXFL3Z-17B985-A ,10,2025-04-01,False,1.0,0.0,,0.0
FDXFL3Z-17B985-A ,11,2025-05-01,False,1.0,0.0,0.0,0.0
FDXFL3Z-17B985-A ,12,2025-06-01,False,1.0,0.0,0.0,
FDXFL3Z-17E810-AA ,0,2024-06-01,False,6.0,2.0,,1.0
FDXFL3Z-17E810-AA ,1,2024-07-01,False,5.0,1.0,,0.0
FDXFL3Z-17E810-AA ,2,2024-08-01,False,5.0,0.0,,3.0
FDXFL3Z-17E810-AA ,3,2024-09-01,False,2.0,3.0,,0.0
FDXFL3Z-17E810-AA ,4,2024-10-01,False,2.0,0.0,,1.0
FDXFL3Z-17E810-AA ,5,2024-11-01,False,1.0,1.0,,2.0
FDXFL3Z-17E810-AA ,6,2024-12-01,True,19.0,2.0,,1.0
FDXFL3Z-17E810-AA ,7,2025-01-01,False,18.0,1.0,,0.0
FDXFL3Z-17E810-AA ,8,2025-02-01,False,18.0,0.0,,1.0
FDXFL3Z-17E810-AA ,9,2025-03-01,False,17.0,1.0,,1.0
FDXFL3Z-17E810-AA ,10,2025-04-01,False,16.0,1.0,,2.0
FDXFL3Z-17E810-AA ,11,2025-05-01,False,14.0,2.0,1.0,0.0
FDXFL3Z-17E810-AA ,12,2025-06-01,False,14.0,0.0,2.0,
FDXFL3Z-3078-B ,0,2024-06-01,True,0.0,0.0,,1.0
FDXFL3Z-3078-B ,1,2024-07-01,True,0.0,1.0,,0.0
FDXFL3Z-3078-B ,2,2024-08-01,True,0.0,0.0,,0.0
FDXFL3Z-3078-B ,3,2024-09-01,True,18.0,0.0,,0.0
FDXFL3Z-3078-B ,4,2024-10-01,False,30.0,0.0,,0.0
FDXFL3Z-3078-B ,5,2024-11-01,False,30.0,0.0,,5.0
FDXFL3Z-3078-B ,6,2024-12-01,False,25.0,5.0,,2.0
FDXFL3Z-3078-B ,7,2025-01-01,False,23.0,2.0,,0.0
FDXFL3Z-3078-B ,8,2025-02-01,False,23.0,0.0,,0.0
FDXFL3Z-3078-B ,9,2025-03-01,False,23.0,0.0,,0.0
FDXFL3Z-3078-B ,10,2025-04-01,False,23.0,0.0,,0.0
FDXFL3Z-3078-B ,11,2025-05-01,False,23.0,0.0,1.0,0.0
FDXFL3Z-3078-B ,12,2025-06-01,False,23.0,0.0,1.0,
FDXFL3Z-3079-B ,0,2024-06-01,True,0.0,0.0,,0.0
FDXFL3Z-3079-B ,1,2024-07-01,True,0.0,0.0,,0.0
FDXFL3Z-3079-B ,2,2024-08-01,True,0.0,0.0,,0.0
FDXFL3Z-3079-B ,3,2024-09-01,True,18.0,0.0,,0.0
FDXFL3Z-3079-B ,4,2024-10-01,False,30.0,0.0,,0.0
FDXFL3Z-3079-B ,5,2024-11-01,False,30.0,0.0,,3.0
FDXFL3Z-3079-B ,6,2024-12-01,False,27.0,3.0,,2.0
FDXFL3Z-3079-B ,7,2025-01-01,False,25.0,2.0,,0.0
FDXFL3Z-3079-B ,8,2025-02-01,False,25.0,0.0,,0.0
FDXFL3Z-3079-B ,9,2025-03-01,False,25.0,0.0,,0.0
FDXFL3Z-3079-B ,10,2025-04-01,False,25.0,0.0,,0.0
FDXFL3Z-3079-B ,11,2025-05-01,False,25.0,0.0,1.0,0.0
FDXFL3Z-3079-B ,12,2025-06-01,False,25.0,0.0,1.0,
FDXFL3Z-3084-B ,0,2024-06-01,True,0.0,0.0,,10.0
FDXFL3Z-3084-B ,1,2024-07-01,True,8.0,10.0,,0.0
FDXFL3Z-3084-B ,2,2024-08-01,False,8.0,0.0,,3.0
FDXFL3Z-3084-B ,3,2024-09-01,False,5.0,3.0,,1.0
FDXFL3Z-3084-B ,4,2024-10-01,False,4.0,1.0,,0.0
FDXFL3Z-3084-B ,5,2024-11-01,False,4.0,0.0,,0.0
FDXFL3Z-3084-B ,6,2024-12-01,False,22.0,0.0,,1.0
FDXFL3Z-3084-B ,7,2025-01-01,False,21.0,1.0,,0.0
FDXFL3Z-3084-B ,8,2025-02-01,False,21.0,0.0,,1.0
FDXFL3Z-3084-B ,9,2025-03-01,False,20.0,1.0,,0.0
FDXFL3Z-3084-B ,10,2025-04-01,False,20.0,0.0,,0.0
FDXFL3Z-3084-B ,11,2025-05-01,False,20.0,0.0,1.0,2.0
FDXFL3Z-3084-B ,12,2025-06-01,False,18.0,2.0,1.0,
FDXFL3Z-3085-B ,0,2024-06-01,False,3.0,0.0,,9.0
FDXFL3Z-3085-B ,1,2024-07-01,False,12.0,9.0,,0.0
FDXFL3Z-3085-B ,2,2024-08-01,False,12.0,0.0,,3.0
FDXFL3Z-3085-B ,3,2024-09-01,False,9.0,3.0,,1.0
FDXFL3Z-3085-B ,4,2024-10-01,False,8.0,1.0,,0.0
FDXFL3Z-3085-B ,5,2024-11-01,False,8.0,0.0,,0.0
FDXFL3Z-3085-B ,6,2024-12-01,False,26.0,0.0,,1.0
FDXFL3Z-3085-B ,7,2025-01-01,False,25.0,1.0,,0.0
FDXFL3Z-3085-B ,8,2025-02-01,False,25.0,0.0,,1.0
FDXFL3Z-3085-B ,9,2025-03-01,False,24.0,1.0,,0.0
FDXFL3Z-3085-B ,10,2025-04-01,False,24.0,0.0,,0.0
FDXFL3Z-3085-B ,11,2025-05-01,False,24.0,0.0,1.0,2.0
FDXFL3Z-3085-B ,12,2025-06-01,False,22.0,2.0,1.0,
FDXFL3Z-8475-F ,0,2024-06-01,True,0.0,0.0,,0.0
FDXFL3Z-8475-F ,1,2024-07-01,True,0.0,0.0,,0.0
FDXFL3Z-8475-F ,2,2024-08-01,True,0.0,0.0,,0.0
FDXFL3Z-8475-F ,3,2024-09-01,True,0.0,0.0,,0.0
FDXFL3Z-8475-F ,4,2024-10-01,True,0.0,0.0,,0.0
FDXFL3Z-8475-F ,5,2024-11-01,True,0.0,0.0,,0.0
FDXFL3Z-8475-F ,6,2024-12-01,True,0.0,0.0,,0.0
FDXFL3Z-8475-F ,7,2025-01-01,True,1.0,0.0,,0.0
FDXFL3Z-8475-F ,8,2025-02-01,False,1.0,0.0,,0.0
FDXFL3Z-8475-F ,9,2025-03-01,False,1.0,0.0,,1.0
FDXFL3Z-8475-F ,10,2025-04-01,False,0.0,1.0,,0.0
FDXFL3Z-8475-F ,11,2025-05-01,True,0.0,0.0,0.0,0.0
FDXFL3Z-8475-F ,12,2025-06-01,True,0.0,0.0,0.0,
FDXFP-65 ,0,2024-06-01,False,27.0,2.0,,3.0
FDXFP-65 ,1,2024-07-01,False,24.0,3.0,,1.0
FDXFP-65 ,2,2024-08-01,False,23.0,1.0,,0.0
FDXFP-65 ,3,2024-09-01,False,23.0,0.0,,0.0
FDXFP-65 ,4,2024-10-01,False,23.0,0.0,,0.0
FDXFP-65 ,5,2024-11-01,False,23.0,0.0,,0.0
FDXFP-65 ,6,2024-12-01,False,23.0,0.0,,0.0
FDXFP-65 ,7,2025-01-01,False,23.0,0.0,,0.0
FDXFP-65 ,8,2025-02-01,False,23.0,0.0,,0.0
FDXFP-65 ,9,2025-03-01,False,23.0,0.0,,1.0
FDXFP-65 ,10,2025-04-01,False,22.0,1.0,,1.0
FDXFP-65 ,11,2025-05-01,False,21.0,1.0,1.0,0.0
FDXFP-65 ,12,2025-06-01,False,21.0,0.0,1.0,
FDXFP-68 ,0,2024-06-01,False,35.0,0.0,,1.0
FDXFP-68 ,1,2024-07-01,False,34.0,1.0,,1.0
FDXFP-68 ,2,2024-08-01,False,33.0,1.0,,1.0
FDXFP-68 ,3,2024-09-01,False,32.0,1.0,,1.0
FDXFP-68 ,4,2024-10-01,False,31.0,1.0,,0.0
FDXFP-68 ,5,2024-11-01,False,31.0,0.0,,0.0
FDXFP-68 ,6,2024-12-01,False,31.0,0.0,,0.0
FDXFP-68 ,7,2025-01-01,False,31.0,0.0,,0.0
FDXFP-68 ,8,2025-02-01,False,31.0,0.0,,0.0
FDXFP-68 ,9,2025-03-01,False,31.0,0.0,,1.0
FDXFP-68 ,10,2025-04-01,False,30.0,1.0,,4.0
FDXFP-68 ,11,2025-05-01,False,26.0,4.0,1.0,2.0
FDXFP-68 ,12,2025-06-01,False,24.0,2.0,1.0,
FDXFP-92 ,0,2024-06-01,True,0.0,0.0,,0.0
FDXFP-92 ,1,2024-07-01,True,0.0,0.0,,0.0
FDXFP-92 ,2,2024-08-01,True,0.0,0.0,,0.0
FDXFP-92 ,3,2024-09-01,True,0.0,0.0,,0.0
FDXFP-92 ,4,2024-10-01,True,0.0,0.0,,0.0
FDXFP-92 ,5,2024-11-01,True,36.0,0.0,,0.0
FDXFP-92 ,6,2024-12-01,False,36.0,0.0,,0.0
FDXFP-92 ,7,2025-01-01,False,36.0,0.0,,0.0
FDXFP-92 ,8,2025-02-01,False,36.0,0.0,,0.0
FDXFP-92 ,9,2025-03-01,False,36.0,0.0,,0.0
FDXFP-92 ,10,2025-04-01,False,36.0,0.0,,1.0
FDXFP-92 ,11,2025-05-01,False,35.0,1.0,0.0,1.0
FDXFP-92 ,12,2025-06-01,False,34.0,1.0,0.0,
FDXFR3Z-16102-A ,0,2024-06-01,False,12.0,0.0,,0.0
FDXFR3Z-16102-A ,1,2024-07-01,False,12.0,0.0,,0.0
FDXFR3Z-16102-A ,2,2024-08-01,False,12.0,0.0,,2.0
FDXFR3Z-16102-A ,3,2024-09-01,False,10.0,2.0,,0.0
FDXFR3Z-16102-A ,4,2024-10-01,False,10.0,0.0,,0.0
FDXFR3Z-16102-A ,5,2024-11-01,False,10.0,0.0,,0.0
FDXFR3Z-16102-A ,6,2024-12-01,False,10.0,0.0,,2.0
FDXFR3Z-16102-A ,7,2025-01-01,False,8.0,2.0,,4.0
FDXFR3Z-16102-A ,8,2025-02-01,False,4.0,4.0,,4.0
FDXFR3Z-16102-A ,9,2025-03-01,False,0.0,4.0,,0.0
FDXFR3Z-16102-A ,10,2025-04-01,True,0.0,0.0,,0.0
FDXFR3Z-16102-A ,11,2025-05-01,True,0.0,0.0,0.0,0.0
FDXFR3Z-16102-A ,12,2025-06-01,True,10.0,0.0,0.0,
FDXFR3Z-16103-A ,0,2024-06-01,False,9.0,0.0,,0.0
FDXFR3Z-16103-A ,1,2024-07-01,False,9.0,0.0,,0.0
FDXFR3Z-16103-A ,2,2024-08-01,False,9.0,0.0,,8.0
FDXFR3Z-16103-A ,3,2024-09-01,False,1.0,8.0,,0.0
FDXFR3Z-16103-A ,4,2024-10-01,True,1.0,0.0,,0.0
FDXFR3Z-16103-A ,5,2024-11-01,True,1.0,0.0,,0.0
FDXFR3Z-16103-A ,6,2024-12-01,True,11.0,0.0,,1.0
FDXFR3Z-16103-A ,7,2025-01-01,False,10.0,1.0,,6.0
FDXFR3Z-16103-A ,8,2025-02-01,False,4.0,6.0,,4.0
FDXFR3Z-16103-A ,9,2025-03-01,False,0.0,4.0,,0.0
FDXFR3Z-16103-A ,10,2025-04-01,True,0.0,0.0,,0.0
FDXFR3Z-16103-A ,11,2025-05-01,True,0.0,0.0,0.0,0.0
FDXFR3Z-16103-A ,12,2025-06-01,True,10.0,0.0,2.0,
FDXFR3Z-17D957-AAPTM ,0,2024-06-01,False,2.0,0.0,,0.0
FDXFR3Z-17D957-AAPTM ,1,2024-07-01,False,2.0,0.0,,0.0
FDXFR3Z-17D957-AAPTM ,2,2024-08-01,False,2.0,0.0,,1.0
FDXFR3Z-17D957-AAPTM ,3,2024-09-01,False,1.0,1.0,,0.0
FDXFR3Z-17D957-AAPTM ,4,2024-10-01,False,1.0,0.0,,0.0
FDXFR3Z-17D957-AAPTM ,5,2024-11-01,False,1.0,0.0,,0.0
FDXFR3Z-17D957-AAPTM ,6,2024-12-01,False,5.0,0.0,,0.0
FDXFR3Z-17D957-AAPTM ,7,2025-01-01,False,5.0,0.0,,0.0
FDXFR3Z-17D957-AAPTM ,8,2025-02-01,False,5.0,0.0,,0.0
FDXFR3Z-17D957-AAPTM ,9,2025-03-01,False,5.0,0.0,,0.0
FDXFR3Z-17D957-AAPTM ,10,2025-04-01,False,5.0,0.0,,1.0
FDXFR3Z-17D957-AAPTM ,11,2025-05-01,False,4.0,1.0,0.0,0.0
FDXFR3Z-17D957-AAPTM ,12,2025-06-01,False,4.0,0.0,1.0,
FDXFR3Z-17K835-BB ,0,2024-06-01,True,0.0,0.0,,0.0
FDXFR3Z-17K835-BB ,1,2024-07-01,True,2.0,0.0,,0.0
FDXFR3Z-17K835-BB ,2,2024-08-01,False,2.0,0.0,,0.0
FDXFR3Z-17K835-BB ,3,2024-09-01,False,2.0,0.0,,0.0
FDXFR3Z-17K835-BB ,4,2024-10-01,False,2.0,0.0,,0.0
FDXFR3Z-17K835-BB ,5,2024-11-01,False,2.0,0.0,,0.0
FDXFR3Z-17K835-BB ,6,2024-12-01,False,2.0,0.0,,0.0
FDXFR3Z-17K835-BB ,7,2025-01-01,False,2.0,0.0,,0.0
FDXFR3Z-17K835-BB ,8,2025-02-01,False,2.0,0.0,,0.0
FDXFR3Z-17K835-BB ,9,2025-03-01,False,2.0,0.0,,0.0
FDXFR3Z-17K835-BB ,10,2025-04-01,False,2.0,0.0,,0.0
FDXFR3Z-17K835-BB ,11,2025-05-01,False,2.0,0.0,1.0,1.0
FDXFR3Z-17K835-BB ,12,2025-06-01,False,1.0,1.0,0.0,
FDXFR3Z-8A080-A ,0,2024-06-01,False,6.0,1.0,,0.0
FDXFR3Z-8A080-A ,1,2024-07-01,False,6.0,0.0,,0.0
FDXFR3Z-8A080-A ,2,2024-08-01,False,6.0,0.0,,1.0
FDXFR3Z-8A080-A ,3,2024-09-01,False,5.0,1.0,,1.0
FDXFR3Z-8A080-A ,4,2024-10-01,False,4.0,1.0,,0.0
FDXFR3Z-8A080-A ,5,2024-11-01,False,4.0,0.0,,0.0
FDXFR3Z-8A080-A ,6,2024-12-01,False,4.0,0.0,,0.0
FDXFR3Z-8A080-A ,7,2025-01-01,False,4.0,0.0,,0.0
FDXFR3Z-8A080-A ,8,2025-02-01,False,4.0,0.0,,0.0
FDXFR3Z-8A080-A ,9,2025-03-01,False,4.0,0.0,,1.0
FDXFR3Z-8A080-A ,10,2025-04-01,False,3.0,1.0,,2.0
FDXFR3Z-8A080-A ,11,2025-05-01,False,1.0,2.0,1.0,1.0
FDXFR3Z-8A080-A ,12,2025-06-01,False,2.0,1.0,0.0,
FDXFT-105 ,0,2024-06-01,False,46.0,2.0,,2.0
FDXFT-105 ,1,2024-07-01,False,44.0,2.0,,0.0
FDXFT-105 ,2,2024-08-01,False,44.0,0.0,,1.0
FDXFT-105 ,3,2024-09-01,False,43.0,1.0,,0.0
FDXFT-105 ,4,2024-10-01,False,43.0,0.0,,1.0
FDXFT-105 ,5,2024-11-01,False,42.0,1.0,,1.0
FDXFT-105 ,6,2024-12-01,False,41.0,1.0,,0.0
FDXFT-105 ,7,2025-01-01,False,41.0,0.0,,1.0
FDXFT-105 ,8,2025-02-01,False,40.0,1.0,,0.0
FDXFT-105 ,9,2025-03-01,False,40.0,0.0,,0.0
FDXFT-105 ,10,2025-04-01,False,40.0,0.0,,0.0
FDXFT-105 ,11,2025-05-01,False,40.0,0.0,0.0,1.0
FDXFT-105 ,12,2025-06-01,False,39.0,1.0,1.0,
FDXGB5Z-17682-AB ,0,2024-06-01,False,6.0,0.0,,0.0
FDXGB5Z-17682-AB ,1,2024-07-01,False,6.0,0.0,,0.0
FDXGB5Z-17682-AB ,2,2024-08-01,False,6.0,0.0,,0.0
FDXGB5Z-17682-AB ,3,2024-09-01,False,6.0,0.0,,0.0
FDXGB5Z-17682-AB ,4,2024-10-01,False,6.0,0.0,,0.0
FDXGB5Z-17682-AB ,5,2024-11-01,False,6.0,0.0,,1.0
FDXGB5Z-17682-AB ,6,2024-12-01,False,5.0,1.0,,0.0
FDXGB5Z-17682-AB ,7,2025-01-01,False,5.0,0.0,,0.0
FDXGB5Z-17682-AB ,8,2025-02-01,False,5.0,0.0,,0.0
FDXGB5Z-17682-AB ,9,2025-03-01,False,5.0,0.0,,0.0
FDXGB5Z-17682-AB ,10,2025-04-01,False,5.0,0.0,,0.0
FDXGB5Z-17682-AB ,11,2025-05-01,False,5.0,0.0,0.0,0.0
FDXGB5Z-17682-AB ,12,2025-06-01,False,5.0,0.0,0.0,
FDXGB5Z-17683-AB ,0,2024-06-01,False,6.0,0.0,,0.0
FDXGB5Z-17683-AB ,1,2024-07-01,False,6.0,0.0,,0.0
FDXGB5Z-17683-AB ,2,2024-08-01,False,6.0,0.0,,0.0
FDXGB5Z-17683-AB ,3,2024-09-01,False,6.0,0.0,,0.0
FDXGB5Z-17683-AB ,4,2024-10-01,False,6.0,0.0,,0.0
FDXGB5Z-17683-AB ,5,2024-11-01,False,6.0,0.0,,0.0
FDXGB5Z-17683-AB ,6,2024-12-01,False,6.0,0.0,,1.0
FDXGB5Z-17683-AB ,7,2025-01-01,False,5.0,1.0,,0.0
FDXGB5Z-17683-AB ,8,2025-02-01,False,5.0,0.0,,1.0
FDXGB5Z-17683-AB ,9,2025-03-01,False,4.0,1.0,,1.0
FDXGB5Z-17683-AB ,10,2025-04-01,False,3.0,1.0,,1.0
FDXGB5Z-17683-AB ,11,2025-05-01,False,2.0,1.0,0.0,0.0
FDXGB5Z-17683-AB ,12,2025-06-01,False,2.0,0.0,0.0,
FDXGT4Z-16005-A ,0,2024-06-01,False,1.0,0.0,,0.0
FDXGT4Z-16005-A ,1,2024-07-01,False,1.0,0.0,,0.0
FDXGT4Z-16005-A ,2,2024-08-01,False,1.0,0.0,,0.0
FDXGT4Z-16005-A ,3,2024-09-01,False,1.0,0.0,,0.0
FDXGT4Z-16005-A ,4,2024-10-01,False,1.0,0.0,,0.0
FDXGT4Z-16005-A ,5,2024-11-01,False,1.0,0.0,,1.0
FDXGT4Z-16005-A ,6,2024-12-01,False,0.0,1.0,,0.0
FDXGT4Z-16005-A ,7,2025-01-01,True,0.0,0.0,,0.0
FDXGT4Z-16005-A ,8,2025-02-01,True,0.0,0.0,,0.0
FDXGT4Z-16005-A ,9,2025-03-01,True,0.0,0.0,,0.0
FDXGT4Z-16005-A ,10,2025-04-01,True,0.0,0.0,,0.0
FDXGT4Z-16005-A ,11,2025-05-01,True,0.0,0.0,0.0,0.0
FDXGT4Z-16005-A ,12,2025-06-01,True,0.0,0.0,0.0,
FDXGT4Z-16006-A ,0,2024-06-01,False,1.0,0.0,,0.0
FDXGT4Z-16006-A ,1,2024-07-01,False,1.0,0.0,,0.0
FDXGT4Z-16006-A ,2,2024-08-01,False,1.0,0.0,,0.0
FDXGT4Z-16006-A ,3,2024-09-01,False,1.0,0.0,,1.0
FDXGT4Z-16006-A ,4,2024-10-01,False,0.0,1.0,,0.0
FDXGT4Z-16006-A ,5,2024-11-01,True,0.0,0.0,,0.0
FDXGT4Z-16006-A ,6,2024-12-01,True,0.0,0.0,,0.0
FDXGT4Z-16006-A ,7,2025-01-01,True,0.0,0.0,,0.0
FDXGT4Z-16006-A ,8,2025-02-01,True,0.0,0.0,,0.0
FDXGT4Z-16006-A ,9,2025-03-01,True,0.0,0.0,,0.0
FDXGT4Z-16006-A ,10,2025-04-01,True,1.0,0.0,,0.0
FDXGT4Z-16006-A ,11,2025-05-01,False,1.0,0.0,0.0,0.0
FDXGT4Z-16006-A ,12,2025-06-01,False,1.0,0.0,0.0,
FDXHL3Z-17626-BB ,0,2024-06-01,False,4.0,0.0,,0.0
FDXHL3Z-17626-BB ,1,2024-07-01,False,4.0,0.0,,0.0
FDXHL3Z-17626-BB ,2,2024-08-01,False,4.0,0.0,,1.0
FDXHL3Z-17626-BB ,3,2024-09-01,False,3.0,1.0,,3.0
FDXHL3Z-17626-BB ,4,2024-10-01,False,0.0,3.0,,0.0
FDXHL3Z-17626-BB ,5,2024-11-01,True,0.0,0.0,,0.0
FDXHL3Z-17626-BB ,6,2024-12-01,True,0.0,0.0,,0.0
FDXHL3Z-17626-BB ,7,2025-01-01,True,0.0,0.0,,0.0
FDXHL3Z-17626-BB ,8,2025-02-01,True,0.0,0.0,,0.0
FDXHL3Z-17626-BB ,9,2025-03-01,True,0.0,0.0,,0.0
FDXHL3Z-17626-BB ,10,2025-04-01,True,10.0,0.0,,0.0
FDXHL3Z-17626-BB ,11,2025-05-01,False,10.0,0.0,2.0,0.0
FDXHL3Z-17626-BB ,12,2025-06-01,False,10.0,0.0,2.0,
FDXJB5Z-13008-J ,0,2024-06-01,False,2.0,0.0,,0.0
FDXJB5Z-13008-J ,1,2024-07-01,False,2.0,0.0,,0.0
FDXJB5Z-13008-J ,2,2024-08-01,False,2.0,0.0,,1.0
FDXJB5Z-13008-J ,3,2024-09-01,False,1.0,1.0,,0.0
FDXJB5Z-13008-J ,4,2024-10-01,False,1.0,0.0,,0.0
FDXJB5Z-13008-J ,5,2024-11-01,False,1.0,0.0,,1.0
FDXJB5Z-13008-J ,6,2024-12-01,False,0.0,1.0,,0.0
FDXJB5Z-13008-J ,7,2025-01-01,True,0.0,0.0,,0.0
FDXJB5Z-13008-J ,8,2025-02-01,True,0.0,0.0,,0.0
FDXJB5Z-13008-J ,9,2025-03-01,True,0.0,0.0,,0.0
FDXJB5Z-13008-J ,10,2025-04-01,True,0.0,0.0,,0.0
FDXJB5Z-13008-J ,11,2025-05-01,True,2.0,0.0,0.0,0.0
FDXJB5Z-13008-J ,12,2025-06-01,False,2.0,0.0,0.0,
FDXJL1Z-13008-K ,0,2024-06-01,False,1.0,0.0,,0.0
FDXJL1Z-13008-K ,1,2024-07-01,False,1.0,0.0,,0.0
FDXJL1Z-13008-K ,2,2024-08-01,False,1.0,0.0,,1.0
FDXJL1Z-13008-K ,3,2024-09-01,False,0.0,1.0,,0.0
FDXJL1Z-13008-K ,4,2024-10-01,True,0.0,0.0,,0.0
FDXJL1Z-13008-K ,5,2024-11-01,True,0.0,0.0,,0.0
FDXJL1Z-13008-K ,6,2024-12-01,True,2.0,0.0,,0.0
FDXJL1Z-13008-K ,7,2025-01-01,False,2.0,0.0,,0.0
FDXJL1Z-13008-K ,8,2025-02-01,False,2.0,0.0,,0.0
FDXJL1Z-13008-K ,9,2025-03-01,False,2.0,0.0,,0.0
FDXJL1Z-13008-K ,10,2025-04-01,False,2.0,0.0,,0.0
FDXJL1Z-13008-K ,11,2025-05-01,False,2.0,0.0,0.0,0.0
FDXJL1Z-13008-K ,12,2025-06-01,False,2.0,0.0,0.0,
FDXJL1Z-13404-G ,0,2024-06-01,False,1.0,0.0,,0.0
FDXJL1Z-13404-G ,1,2024-07-01,False,1.0,0.0,,0.0
FDXJL1Z-13404-G ,2,2024-08-01,False,1.0,0.0,,0.0
FDXJL1Z-13404-G ,3,2024-09-01,False,1.0,0.0,,0.0
FDXJL1Z-13404-G ,4,2024-10-01,False,1.0,0.0,,0.0
FDXJL1Z-13404-G ,5,2024-11-01,False,1.0,0.0,,1.0
FDXJL1Z-13404-G ,6,2024-12-01,False,0.0,1.0,,0.0
FDXJL1Z-13404-G ,7,2025-01-01,True,0.0,0.0,,0.0
FDXJL1Z-13404-G ,8,2025-02-01,True,0.0,0.0,,0.0
FDXJL1Z-13404-G ,9,2025-03-01,True,0.0,0.0,,0.0
FDXJL1Z-13404-G ,10,2025-04-01,True,0.0,0.0,,0.0
FDXJL1Z-13404-G ,11,2025-05-01,True,0.0,0.0,0.0,0.0
FDXJL1Z-13404-G ,12,2025-06-01,True,0.0,0.0,0.0,
FDXJL1Z-13405-G ,0,2024-06-01,True,0.0,0.0,,0.0
FDXJL1Z-13405-G ,1,2024-07-01,True,2.0,0.0,,0.0
FDXJL1Z-13405-G ,2,2024-08-01,False,2.0,0.0,,0.0
FDXJL1Z-13405-G ,3,2024-09-01,False,2.0,0.0,,0.0
FDXJL1Z-13405-G ,4,2024-10-01,False,2.0,0.0,,0.0
FDXJL1Z-13405-G ,5,2024-11-01,False,2.0,0.0,,0.0
FDXJL1Z-13405-G ,6,2024-12-01,False,2.0,0.0,,0.0
FDXJL1Z-13405-G ,7,2025-01-01,False,2.0,0.0,,2.0
FDXJL1Z-13405-G ,8,2025-02-01,False,0.0,2.0,,0.0
FDXJL1Z-13405-G ,9,2025-03-01,True,0.0,0.0,,0.0
FDXJL1Z-13405-G ,10,2025-04-01,True,0.0,0.0,,0.0
FDXJL1Z-13405-G ,11,2025-05-01,True,0.0,0.0,0.0,0.0
FDXJL1Z-13405-G ,12,2025-06-01,True,0.0,0.0,0.0,
FDXJL1Z-15200-A ,0,2024-06-01,False,1.0,0.0,,0.0
FDXJL1Z-15200-A ,1,2024-07-01,False,1.0,0.0,,0.0
FDXJL1Z-15200-A ,2,2024-08-01,False,1.0,0.0,,0.0
FDXJL1Z-15200-A ,3,2024-09-01,False,1.0,0.0,,0.0
FDXJL1Z-15200-A ,4,2024-10-01,False,1.0,0.0,,0.0
FDXJL1Z-15200-A ,5,2024-11-01,False,1.0,0.0,,0.0
FDXJL1Z-15200-A ,6,2024-12-01,False,1.0,0.0,,0.0
FDXJL1Z-15200-A ,7,2025-01-01,False,1.0,0.0,,0.0
FDXJL1Z-15200-A ,8,2025-02-01,False,1.0,0.0,,1.0
FDXJL1Z-15200-A ,9,2025-03-01,False,0.0,1.0,,0.0
FDXJL1Z-15200-A ,10,2025-04-01,True,0.0,0.0,,0.0
FDXJL1Z-15200-A ,11,2025-05-01,True,0.0,0.0,0.0,0.0
FDXJL1Z-15200-A ,12,2025-06-01,True,0.0,0.0,0.0,
FDXJL1Z-16005-A ,0,2024-06-01,False,2.0,0.0,,0.0
FDXJL1Z-16005-A ,1,2024-07-01,False,2.0,0.0,,0.0
FDXJL1Z-16005-A ,2,2024-08-01,False,2.0,0.0,,0.0
FDXJL1Z-16005-A ,3,2024-09-01,False,2.0,0.0,,1.0
FDXJL1Z-16005-A ,4,2024-10-01,False,1.0,1.0,,0.0
FDXJL1Z-16005-A ,5,2024-11-01,False,1.0,0.0,,1.0
FDXJL1Z-16005-A ,6,2024-12-01,False,0.0,1.0,,0.0
FDXJL1Z-16005-A ,7,2025-01-01,True,0.0,0.0,,0.0
FDXJL1Z-16005-A ,8,2025-02-01,True,0.0,0.0,,0.0
FDXJL1Z-16005-A ,9,2025-03-01,True,0.0,0.0,,0.0
FDXJL1Z-16005-A ,10,2025-04-01,True,2.0,0.0,,0.0
FDXJL1Z-16005-A ,11,2025-05-01,False,2.0,0.0,0.0,0.0
FDXJL1Z-16005-A ,12,2025-06-01,False,2.0,0.0,0.0,
FDXJL1Z-16006-A ,0,2024-06-01,False,4.0,0.0,,1.0
FDXJL1Z-16006-A ,1,2024-07-01,False,3.0,1.0,,0.0
FDXJL1Z-16006-A ,2,2024-08-01,False,3.0,0.0,,0.0
FDXJL1Z-16006-A ,3,2024-09-01,False,3.0,0.0,,1.0
FDXJL1Z-16006-A ,4,2024-10-01,False,2.0,1.0,,0.0
FDXJL1Z-16006-A ,5,2024-11-01,False,2.0,0.0,,0.0
FDXJL1Z-16006-A ,6,2024-12-01,False,2.0,0.0,,0.0
FDXJL1Z-16006-A ,7,2025-01-01,False,2.0,0.0,,0.0
FDXJL1Z-16006-A ,8,2025-02-01,False,2.0,0.0,,0.0
FDXJL1Z-16006-A ,9,2025-03-01,False,2.0,0.0,,0.0
FDXJL1Z-16006-A ,10,2025-04-01,False,2.0,0.0,,0.0
FDXJL1Z-16006-A ,11,2025-05-01,False,2.0,0.0,0.0,0.0
FDXJL1Z-16006-A ,12,2025-06-01,False,2.0,0.0,0.0,
FDXJL1Z-16C826-A ,0,2024-06-01,False,12.0,0.0,,0.0
FDXJL1Z-16C826-A ,1,2024-07-01,False,12.0,0.0,,2.0
FDXJL1Z-16C826-A ,2,2024-08-01,False,10.0,2.0,,0.0
FDXJL1Z-16C826-A ,3,2024-09-01,False,10.0,0.0,,0.0
FDXJL1Z-16C826-A ,4,2024-10-01,False,10.0,0.0,,0.0
FDXJL1Z-16C826-A ,5,2024-11-01,False,10.0,0.0,,2.0
FDXJL1Z-16C826-A ,6,2024-12-01,False,8.0,2.0,,6.0
FDXJL1Z-16C826-A ,7,2025-01-01,False,2.0,6.0,,0.0
FDXJL1Z-16C826-A ,8,2025-02-01,False,2.0,0.0,,0.0
FDXJL1Z-16C826-A ,9,2025-03-01,False,2.0,0.0,,0.0
FDXJL1Z-16C826-A ,10,2025-04-01,False,2.0,0.0,,0.0
FDXJL1Z-16C826-A ,11,2025-05-01,False,14.0,0.0,1.0,2.0
FDXJL1Z-16C826-A ,12,2025-06-01,False,12.0,2.0,1.0,
FDXJL1Z-17618-B ,0,2024-06-01,False,2.0,0.0,,0.0
FDXJL1Z-17618-B ,1,2024-07-01,False,2.0,0.0,,0.0
FDXJL1Z-17618-B ,2,2024-08-01,False,2.0,0.0,,0.0
FDXJL1Z-17618-B ,3,2024-09-01,False,2.0,0.0,,0.0
FDXJL1Z-17618-B ,4,2024-10-01,False,2.0,0.0,,0.0
FDXJL1Z-17618-B ,5,2024-11-01,False,2.0,0.0,,1.0
FDXJL1Z-17618-B ,6,2024-12-01,False,1.0,1.0,,0.0
FDXJL1Z-17618-B ,7,2025-01-01,False,1.0,0.0,,0.0
FDXJL1Z-17618-B ,8,2025-02-01,False,1.0,0.0,,0.0
FDXJL1Z-17618-B ,9,2025-03-01,False,1.0,0.0,,0.0
FDXJL1Z-17618-B ,10,2025-04-01,False,1.0,0.0,,0.0
FDXJL1Z-17618-B ,11,2025-05-01,False,1.0,0.0,0.0,1.0
FDXJL1Z-17618-B ,12,2025-06-01,False,0.0,1.0,0.0,
FDXJL1Z-17D957-BPTM ,0,2024-06-01,False,4.0,0.0,,0.0
FDXJL1Z-17D957-BPTM ,1,2024-07-01,False,4.0,0.0,,2.0
FDXJL1Z-17D957-BPTM ,2,2024-08-01,False,2.0,2.0,,0.0
FDXJL1Z-17D957-BPTM ,3,2024-09-01,False,2.0,0.0,,1.0
FDXJL1Z-17D957-BPTM ,4,2024-10-01,False,1.0,1.0,,0.0
FDXJL1Z-17D957-BPTM ,5,2024-11-01,False,1.0,0.0,,1.0
FDXJL1Z-17D957-BPTM ,6,2024-12-01,False,0.0,1.0,,1.0
FDXJL1Z-17D957-BPTM ,7,2025-01-01,True,2.0,1.0,,1.0
FDXJL1Z-17D957-BPTM ,8,2025-02-01,False,1.0,1.0,,0.0
FDXJL1Z-17D957-BPTM ,9,2025-03-01,False,1.0,0.0,,0.0
FDXJL1Z-17D957-BPTM ,10,2025-04-01,False,1.0,0.0,,0.0
FDXJL1Z-17D957-BPTM ,11,2025-05-01,False,4.0,0.0,0.0,2.0
FDXJL1Z-17D957-BPTM ,12,2025-06-01,False,2.0,2.0,0.0,
FDXJL1Z-17D957-EPTM ,0,2024-06-01,False,2.0,0.0,,0.0
FDXJL1Z-17D957-EPTM ,1,2024-07-01,False,2.0,0.0,,0.0
FDXJL1Z-17D957-EPTM ,2,2024-08-01,False,2.0,0.0,,0.0
FDXJL1Z-17D957-EPTM ,3,2024-09-01,False,2.0,0.0,,0.0
FDXJL1Z-17D957-EPTM ,4,2024-10-01,False,2.0,0.0,,0.0
FDXJL1Z-17D957-EPTM ,5,2024-11-01,False,2.0,0.0,,0.0
FDXJL1Z-17D957-EPTM ,6,2024-12-01,False,2.0,0.0,,0.0
FDXJL1Z-17D957-EPTM ,7,2025-01-01,False,2.0,0.0,,0.0
FDXJL1Z-17D957-EPTM ,8,2025-02-01,False,2.0,0.0,,1.0
FDXJL1Z-17D957-EPTM ,9,2025-03-01,False,1.0,1.0,,0.0
FDXJL1Z-17D957-EPTM ,10,2025-04-01,False,1.0,0.0,,0.0
FDXJL1Z-17D957-EPTM ,11,2025-05-01,False,1.0,0.0,0.0,0.0
FDXJL1Z-17D957-EPTM ,12,2025-06-01,False,1.0,0.0,0.0,
FDXJL1Z-17K835-APTM ,0,2024-06-01,False,1.0,0.0,,1.0
FDXJL1Z-17K835-APTM ,1,2024-07-01,False,1.0,1.0,,0.0
FDXJL1Z-17K835-APTM ,2,2024-08-01,False,2.0,0.0,,0.0
FDXJL1Z-17K835-APTM ,3,2024-09-01,False,2.0,0.0,,0.0
FDXJL1Z-17K835-APTM ,4,2024-10-01,False,2.0,0.0,,0.0
FDXJL1Z-17K835-APTM ,5,2024-11-01,False,2.0,0.0,,1.0
FDXJL1Z-17K835-APTM ,6,2024-12-01,False,1.0,1.0,,0.0
FDXJL1Z-17K835-APTM ,7,2025-01-01,False,3.0,0.0,,0.0
FDXJL1Z-17K835-APTM ,8,2025-02-01,False,3.0,0.0,,0.0
FDXJL1Z-17K835-APTM ,9,2025-03-01,False,3.0,0.0,,0.0
FDXJL1Z-17K835-APTM ,10,2025-04-01,False,3.0,0.0,,0.0
FDXJL1Z-17K835-APTM ,11,2025-05-01,False,3.0,0.0,0.0,1.0
FDXJL1Z-17K835-APTM ,12,2025-06-01,False,4.0,1.0,1.0,
FDXJL3Z-13404-H ,0,2024-06-01,False,13.0,2.0,,1.0
FDXJL3Z-13404-H ,1,2024-07-01,False,12.0,1.0,,0.0
FDXJL3Z-13404-H ,2,2024-08-01,False,12.0,0.0,,2.0
FDXJL3Z-13404-H ,3,2024-09-01,False,10.0,2.0,,1.0
FDXJL3Z-13404-H ,4,2024-10-01,False,9.0,1.0,,7.0
FDXJL3Z-13404-H ,5,2024-11-01,False,2.0,7.0,,2.0
FDXJL3Z-13404-H ,6,2024-12-01,False,0.0,2.0,,0.0
FDXJL3Z-13404-H ,7,2025-01-01,True,0.0,0.0,,0.0
FDXJL3Z-13404-H ,8,2025-02-01,True,0.0,0.0,,0.0
FDXJL3Z-13404-H ,9,2025-03-01,True,0.0,0.0,,3.0
FDXJL3Z-13404-H ,10,2025-04-01,True,21.0,3.0,,4.0
FDXJL3Z-13404-H ,11,2025-05-01,False,17.0,4.0,5.0,3.0
FDXJL3Z-13404-H ,12,2025-06-01,False,14.0,3.0,3.0,
FDXJL3Z-13405-H ,0,2024-06-01,False,9.0,1.0,,0.0
FDXJL3Z-13405-H ,1,2024-07-01,False,9.0,0.0,,0.0
FDXJL3Z-13405-H ,2,2024-08-01,False,9.0,0.0,,0.0
FDXJL3Z-13405-H ,3,2024-09-01,False,9.0,0.0,,0.0
FDXJL3Z-13405-H ,4,2024-10-01,False,15.0,0.0,,0.0
FDXJL3Z-13405-H ,5,2024-11-01,False,15.0,0.0,,4.0
FDXJL3Z-13405-H ,6,2024-12-01,False,11.0,4.0,,3.0
FDXJL3Z-13405-H ,7,2025-01-01,False,8.0,3.0,,0.0
FDXJL3Z-13405-H ,8,2025-02-01,False,8.0,0.0,,0.0
FDXJL3Z-13405-H ,9,2025-03-01,False,8.0,0.0,,4.0
FDXJL3Z-13405-H ,10,2025-04-01,False,4.0,4.0,,0.0
FDXJL3Z-13405-H ,11,2025-05-01,False,4.0,0.0,0.0,2.0
FDXJL3Z-13405-H ,12,2025-06-01,False,8.0,2.0,2.0,
FDXJL3Z-15200-A ,0,2024-06-01,True,1.0,0.0,,11.0
FDXJL3Z-15200-A ,1,2024-07-01,True,2.0,11.0,,0.0
FDXJL3Z-15200-A ,2,2024-08-01,False,2.0,0.0,,0.0
FDXJL3Z-15200-A ,3,2024-09-01,False,2.0,0.0,,0.0
FDXJL3Z-15200-A ,4,2024-10-01,False,2.0,0.0,,0.0
FDXJL3Z-15200-A ,5,2024-11-01,False,2.0,0.0,,0.0
FDXJL3Z-15200-A ,6,2024-12-01,False,20.0,0.0,,0.0
FDXJL3Z-15200-A ,7,2025-01-01,False,20.0,0.0,,1.0
FDXJL3Z-15200-A ,8,2025-02-01,False,19.0,1.0,,0.0
FDXJL3Z-15200-A ,9,2025-03-01,False,19.0,0.0,,5.0
FDXJL3Z-15200-A ,10,2025-04-01,False,14.0,5.0,,3.0
FDXJL3Z-15200-A ,11,2025-05-01,False,11.0,3.0,2.0,1.0
FDXJL3Z-15200-A ,12,2025-06-01,False,10.0,1.0,3.0,
FDXJL3Z-15201-A ,0,2024-06-01,True,0.0,0.0,,11.0
FDXJL3Z-15201-A ,1,2024-07-01,True,1.0,11.0,,0.0
FDXJL3Z-15201-A ,2,2024-08-01,True,1.0,0.0,,0.0
FDXJL3Z-15201-A ,3,2024-09-01,True,1.0,0.0,,0.0
FDXJL3Z-15201-A ,4,2024-10-01,True,1.0,0.0,,0.0
FDXJL3Z-15201-A ,5,2024-11-01,True,1.0,0.0,,0.0
FDXJL3Z-15201-A ,6,2024-12-01,True,19.0,0.0,,1.0
FDXJL3Z-15201-A ,7,2025-01-01,False,18.0,1.0,,2.0
FDXJL3Z-15201-A ,8,2025-02-01,False,16.0,2.0,,0.0
FDXJL3Z-15201-A ,9,2025-03-01,False,16.0,0.0,,0.0
FDXJL3Z-15201-A ,10,2025-04-01,False,16.0,0.0,,2.0
FDXJL3Z-15201-A ,11,2025-05-01,False,14.0,2.0,1.0,0.0
FDXJL3Z-15201-A ,12,2025-06-01,False,14.0,0.0,1.0,
FDXJL3Z-16005-A ,0,2024-06-01,False,2.0,1.0,,0.0
FDXJL3Z-16005-A ,1,2024-07-01,False,2.0,0.0,,1.0
FDXJL3Z-16005-A ,2,2024-08-01,False,1.0,1.0,,1.0
FDXJL3Z-16005-A ,3,2024-09-01,False,0.0,1.0,,0.0
FDXJL3Z-16005-A ,4,2024-10-01,True,0.0,0.0,,0.0
FDXJL3Z-16005-A ,5,2024-11-01,True,0.0,0.0,,0.0
FDXJL3Z-16005-A ,6,2024-12-01,True,3.0,0.0,,0.0
FDXJL3Z-16005-A ,7,2025-01-01,False,3.0,0.0,,0.0
FDXJL3Z-16005-A ,8,2025-02-01,False,3.0,0.0,,1.0
FDXJL3Z-16005-A ,9,2025-03-01,False,2.0,1.0,,0.0
FDXJL3Z-16005-A ,10,2025-04-01,False,2.0,0.0,,0.0
FDXJL3Z-16005-A ,11,2025-05-01,False,2.0,0.0,0.0,1.0
FDXJL3Z-16005-A ,12,2025-06-01,False,1.0,1.0,0.0,
FDXJL3Z-16006-A ,0,2024-06-01,False,4.0,0.0,,1.0
FDXJL3Z-16006-A ,1,2024-07-01,False,3.0,1.0,,0.0
FDXJL3Z-16006-A ,2,2024-08-01,False,3.0,0.0,,0.0
FDXJL3Z-16006-A ,3,2024-09-01,False,3.0,0.0,,0.0
FDXJL3Z-16006-A ,4,2024-10-01,False,3.0,0.0,,1.0
FDXJL3Z-16006-A ,5,2024-11-01,False,2.0,1.0,,0.0
FDXJL3Z-16006-A ,6,2024-12-01,False,2.0,0.0,,0.0
FDXJL3Z-16006-A ,7,2025-01-01,False,2.0,0.0,,0.0
FDXJL3Z-16006-A ,8,2025-02-01,False,2.0,0.0,,1.0
FDXJL3Z-16006-A ,9,2025-03-01,False,1.0,1.0,,0.0
FDXJL3Z-16006-A ,10,2025-04-01,False,1.0,0.0,,0.0
FDXJL3Z-16006-A ,11,2025-05-01,False,1.0,0.0,0.0,0.0
FDXJL3Z-16006-A ,12,2025-06-01,False,1.0,0.0,0.0,
FDXJL3Z-17618-B ,0,2024-06-01,True,0.0,0.0,,0.0
FDXJL3Z-17618-B ,1,2024-07-01,True,0.0,0.0,,0.0
FDXJL3Z-17618-B ,2,2024-08-01,True,0.0,0.0,,0.0
FDXJL3Z-17618-B ,3,2024-09-01,True,0.0,0.0,,0.0
FDXJL3Z-17618-B ,4,2024-10-01,True,0.0,0.0,,0.0
FDXJL3Z-17618-B ,5,2024-11-01,True,0.0,0.0,,0.0
FDXJL3Z-17618-B ,6,2024-12-01,True,0.0,0.0,,0.0
FDXJL3Z-17618-B ,7,2025-01-01,True,0.0,0.0,,0.0
FDXJL3Z-17618-B ,8,2025-02-01,True,0.0,0.0,,0.0
FDXJL3Z-17618-B ,9,2025-03-01,True,0.0,0.0,,1.0
FDXJL3Z-17618-B ,10,2025-04-01,True,3.0,1.0,,0.0
FDXJL3Z-17618-B ,11,2025-05-01,False,3.0,0.0,0.0,1.0
FDXJL3Z-17618-B ,12,2025-06-01,False,2.0,1.0,1.0,
FDXJL3Z-17682-DB ,0,2024-06-01,True,0.0,1.0,,1.0
FDXJL3Z-17682-DB ,1,2024-07-01,True,7.0,1.0,,0.0
FDXJL3Z-17682-DB ,2,2024-08-01,False,7.0,0.0,,2.0
FDXJL3Z-17682-DB ,3,2024-09-01,False,5.0,2.0,,2.0
FDXJL3Z-17682-DB ,4,2024-10-01,False,3.0,2.0,,1.0
FDXJL3Z-17682-DB ,5,2024-11-01,False,8.0,1.0,,6.0
FDXJL3Z-17682-DB ,6,2024-12-01,False,2.0,6.0,,1.0
FDXJL3Z-17682-DB ,7,2025-01-01,False,1.0,1.0,,0.0
FDXJL3Z-17682-DB ,8,2025-02-01,True,1.0,0.0,,0.0
FDXJL3Z-17682-DB ,9,2025-03-01,True,1.0,0.0,,0.0
FDXJL3Z-17682-DB ,10,2025-04-01,True,1.0,0.0,,0.0
FDXJL3Z-17682-DB ,11,2025-05-01,True,1.0,0.0,0.0,0.0
FDXJL3Z-17682-DB ,12,2025-06-01,True,25.0,0.0,1.0,
FDXJL3Z-17683-DB ,0,2024-06-01,False,4.0,2.0,,0.0
FDXJL3Z-17683-DB ,1,2024-07-01,False,4.0,0.0,,2.0
FDXJL3Z-17683-DB ,2,2024-08-01,False,2.0,2.0,,2.0
FDXJL3Z-17683-DB ,3,2024-09-01,False,0.0,2.0,,0.0
FDXJL3Z-17683-DB ,4,2024-10-01,True,0.0,0.0,,0.0
FDXJL3Z-17683-DB ,5,2024-11-01,True,12.0,0.0,,3.0
FDXJL3Z-17683-DB ,6,2024-12-01,False,9.0,3.0,,0.0
FDXJL3Z-17683-DB ,7,2025-01-01,False,9.0,0.0,,1.0
FDXJL3Z-17683-DB ,8,2025-02-01,False,8.0,1.0,,1.0
FDXJL3Z-17683-DB ,9,2025-03-01,False,7.0,1.0,,2.0
FDXJL3Z-17683-DB ,10,2025-04-01,False,5.0,2.0,,1.0
FDXJL3Z-17683-DB ,11,2025-05-01,False,4.0,1.0,1.0,0.0
FDXJL3Z-17683-DB ,12,2025-06-01,False,10.0,0.0,1.0,
FDXJL3Z-17757-A ,0,2024-06-01,False,5.0,3.0,,1.0
FDXJL3Z-17757-A ,1,2024-07-01,False,4.0,1.0,,1.0
FDXJL3Z-17757-A ,2,2024-08-01,False,3.0,1.0,,0.0
FDXJL3Z-17757-A ,3,2024-09-01,False,3.0,0.0,,0.0
FDXJL3Z-17757-A ,4,2024-10-01,False,3.0,0.0,,1.0
FDXJL3Z-17757-A ,5,2024-11-01,False,8.0,1.0,,0.0
FDXJL3Z-17757-A ,6,2024-12-01,False,8.0,0.0,,1.0
FDXJL3Z-17757-A ,7,2025-01-01,False,7.0,1.0,,1.0
FDXJL3Z-17757-A ,8,2025-02-01,False,6.0,1.0,,1.0
FDXJL3Z-17757-A ,9,2025-03-01,False,5.0,1.0,,1.0
FDXJL3Z-17757-A ,10,2025-04-01,False,4.0,1.0,,0.0
FDXJL3Z-17757-A ,11,2025-05-01,False,4.0,0.0,1.0,2.0
FDXJL3Z-17757-A ,12,2025-06-01,False,8.0,2.0,1.0,
FDXJL3Z-17A385-AA ,0,2024-06-01,False,4.0,1.0,,3.0
FDXJL3Z-17A385-AA ,1,2024-07-01,False,1.0,3.0,,0.0
FDXJL3Z-17A385-AA ,2,2024-08-01,True,1.0,0.0,,1.0
FDXJL3Z-17A385-AA ,3,2024-09-01,True,0.0,1.0,,0.0
FDXJL3Z-17A385-AA ,4,2024-10-01,True,0.0,0.0,,0.0
FDXJL3Z-17A385-AA ,5,2024-11-01,True,0.0,0.0,,1.0
FDXJL3Z-17A385-AA ,6,2024-12-01,True,19.0,1.0,,2.0
FDXJL3Z-17A385-AA ,7,2025-01-01,False,17.0,2.0,,0.0
FDXJL3Z-17A385-AA ,8,2025-02-01,False,17.0,0.0,,0.0
FDXJL3Z-17A385-AA ,9,2025-03-01,False,17.0,0.0,,1.0
FDXJL3Z-17A385-AA ,10,2025-04-01,False,16.0,1.0,,3.0
FDXJL3Z-17A385-AA ,11,2025-05-01,False,13.0,3.0,1.0,2.0
FDXJL3Z-17A385-AA ,12,2025-06-01,False,11.0,2.0,1.0,
FDXJL3Z-17B968-AB ,0,2024-06-01,True,0.0,0.0,,1.0
FDXJL3Z-17B968-AB ,1,2024-07-01,True,4.0,1.0,,0.0
FDXJL3Z-17B968-AB ,2,2024-08-01,False,4.0,0.0,,0.0
FDXJL3Z-17B968-AB ,3,2024-09-01,False,4.0,0.0,,0.0
FDXJL3Z-17B968-AB ,4,2024-10-01,False,4.0,0.0,,0.0
FDXJL3Z-17B968-AB ,5,2024-11-01,False,4.0,0.0,,0.0
FDXJL3Z-17B968-AB ,6,2024-12-01,False,4.0,0.0,,1.0
FDXJL3Z-17B968-AB ,7,2025-01-01,False,3.0,1.0,,3.0
FDXJL3Z-17B968-AB ,8,2025-02-01,False,0.0,3.0,,0.0
FDXJL3Z-17B968-AB ,9,2025-03-01,True,0.0,0.0,,0.0
FDXJL3Z-17B968-AB ,10,2025-04-01,True,10.0,0.0,,0.0
FDXJL3Z-17B968-AB ,11,2025-05-01,False,10.0,0.0,1.0,5.0
FDXJL3Z-17B968-AB ,12,2025-06-01,False,5.0,5.0,1.0,
FDXJL3Z-17E810-AB ,0,2024-06-01,False,4.0,1.0,,1.0
FDXJL3Z-17E810-AB ,1,2024-07-01,False,3.0,1.0,,1.0
FDXJL3Z-17E810-AB ,2,2024-08-01,False,2.0,1.0,,0.0
FDXJL3Z-17E810-AB ,3,2024-09-01,False,2.0,0.0,,0.0
FDXJL3Z-17E810-AB ,4,2024-10-01,False,2.0,0.0,,1.0
FDXJL3Z-17E810-AB ,5,2024-11-01,False,1.0,1.0,,1.0
FDXJL3Z-17E810-AB ,6,2024-12-01,False,5.0,1.0,,5.0
FDXJL3Z-17E810-AB ,7,2025-01-01,False,0.0,5.0,,0.0
FDXJL3Z-17E810-AB ,8,2025-02-01,True,0.0,0.0,,0.0
FDXJL3Z-17E810-AB ,9,2025-03-01,True,0.0,0.0,,0.0
FDXJL3Z-17E810-AB ,10,2025-04-01,True,0.0,0.0,,0.0
FDXJL3Z-17E810-AB ,11,2025-05-01,True,15.0,0.0,0.0,2.0
FDXJL3Z-17E810-AB ,12,2025-06-01,False,13.0,2.0,2.0,
FDXJL3Z-17E811-AB ,0,2024-06-01,False,3.0,2.0,,1.0
FDXJL3Z-17E811-AB ,1,2024-07-01,False,2.0,1.0,,1.0
FDXJL3Z-17E811-AB ,2,2024-08-01,False,1.0,1.0,,0.0
FDXJL3Z-17E811-AB ,3,2024-09-01,False,1.0,0.0,,0.0
FDXJL3Z-17E811-AB ,4,2024-10-01,False,1.0,0.0,,1.0
FDXJL3Z-17E811-AB ,5,2024-11-01,False,0.0,1.0,,1.0
FDXJL3Z-17E811-AB ,6,2024-12-01,True,4.0,1.0,,1.0
FDXJL3Z-17E811-AB ,7,2025-01-01,False,3.0,1.0,,1.0
FDXJL3Z-17E811-AB ,8,2025-02-01,False,2.0,1.0,,0.0
FDXJL3Z-17E811-AB ,9,2025-03-01,False,2.0,0.0,,0.0
FDXJL3Z-17E811-AB ,10,2025-04-01,False,2.0,0.0,,0.0
FDXJL3Z-17E811-AB ,11,2025-05-01,False,17.0,0.0,2.0,1.0
FDXJL3Z-17E811-AB ,12,2025-06-01,False,16.0,1.0,2.0,
FDXJL3Z-8200-DA ,0,2024-06-01,False,0.0,1.0,,0.0
FDXJL3Z-8200-DA ,1,2024-07-01,True,0.0,0.0,,0.0
FDXJL3Z-8200-DA ,2,2024-08-01,True,0.0,0.0,,0.0
FDXJL3Z-8200-DA ,3,2024-09-01,True,0.0,0.0,,0.0
FDXJL3Z-8200-DA ,4,2024-10-01,True,3.0,0.0,,1.0
FDXJL3Z-8200-DA ,5,2024-11-01,False,2.0,1.0,,0.0
FDXJL3Z-8200-DA ,6,2024-12-01,False,2.0,0.0,,0.0
FDXJL3Z-8200-DA ,7,2025-01-01,False,2.0,0.0,,1.0
FDXJL3Z-8200-DA ,8,2025-02-01,False,1.0,1.0,,1.0
FDXJL3Z-8200-DA ,9,2025-03-01,False,0.0,1.0,,0.0
FDXJL3Z-8200-DA ,10,2025-04-01,True,0.0,0.0,,0.0
FDXJL3Z-8200-DA ,11,2025-05-01,True,0.0,0.0,0.0,0.0
FDXJL3Z-8200-DA ,12,2025-06-01,True,6.0,0.0,1.0,
FDXJL3Z-8475-D ,0,2024-06-01,False,3.0,1.0,,1.0
FDXJL3Z-8475-D ,1,2024-07-01,False,2.0,1.0,,1.0
FDXJL3Z-8475-D ,2,2024-08-01,False,1.0,1.0,,0.0
FDXJL3Z-8475-D ,3,2024-09-01,False,1.0,0.0,,0.0
FDXJL3Z-8475-D ,4,2024-10-01,False,1.0,0.0,,0.0
FDXJL3Z-8475-D ,5,2024-11-01,False,7.0,0.0,,2.0
FDXJL3Z-8475-D ,6,2024-12-01,False,9.0,2.0,,0.0
FDXJL3Z-8475-D ,7,2025-01-01,False,9.0,0.0,,0.0
FDXJL3Z-8475-D ,8,2025-02-01,False,9.0,0.0,,1.0
FDXJL3Z-8475-D ,9,2025-03-01,False,8.0,1.0,,0.0
FDXJL3Z-8475-D ,10,2025-04-01,False,8.0,0.0,,1.0
FDXJL3Z-8475-D ,11,2025-05-01,False,7.0,1.0,1.0,0.0
FDXJL3Z-8475-D ,12,2025-06-01,False,7.0,0.0,0.0,
FDXJR3Z-13008-A ,0,2024-06-01,False,2.0,0.0,,0.0
FDXJR3Z-13008-A ,1,2024-07-01,False,2.0,0.0,,0.0
FDXJR3Z-13008-A ,2,2024-08-01,False,2.0,0.0,,0.0
FDXJR3Z-13008-A ,3,2024-09-01,False,2.0,0.0,,1.0
FDXJR3Z-13008-A ,4,2024-10-01,False,1.0,1.0,,0.0
FDXJR3Z-13008-A ,5,2024-11-01,False,1.0,0.0,,0.0
FDXJR3Z-13008-A ,6,2024-12-01,False,1.0,0.0,,0.0
FDXJR3Z-13008-A ,7,2025-01-01,False,1.0,0.0,,0.0
FDXJR3Z-13008-A ,8,2025-02-01,False,1.0,0.0,,0.0
FDXJR3Z-13008-A ,9,2025-03-01,False,1.0,0.0,,1.0
FDXJR3Z-13008-A ,10,2025-04-01,False,0.0,1.0,,0.0
FDXJR3Z-13008-A ,11,2025-05-01,True,0.0,0.0,0.0,0.0
FDXJR3Z-13008-A ,12,2025-06-01,True,0.0,0.0,0.0,
FDXJR3Z-13008-B ,0,2024-06-01,False,2.0,0.0,,0.0
FDXJR3Z-13008-B ,1,2024-07-01,False,2.0,0.0,,0.0
FDXJR3Z-13008-B ,2,2024-08-01,False,2.0,0.0,,0.0
FDXJR3Z-13008-B ,3,2024-09-01,False,2.0,0.0,,1.0
FDXJR3Z-13008-B ,4,2024-10-01,False,1.0,1.0,,0.0
FDXJR3Z-13008-B ,5,2024-11-01,False,1.0,0.0,,0.0
FDXJR3Z-13008-B ,6,2024-12-01,False,1.0,0.0,,0.0
FDXJR3Z-13008-B ,7,2025-01-01,False,1.0,0.0,,0.0
FDXJR3Z-13008-B ,8,2025-02-01,False,1.0,0.0,,0.0
FDXJR3Z-13008-B ,9,2025-03-01,False,1.0,0.0,,1.0
FDXJR3Z-13008-B ,10,2025-04-01,False,0.0,1.0,,0.0
FDXJR3Z-13008-B ,11,2025-05-01,True,0.0,0.0,0.0,0.0
FDXJR3Z-13008-B ,12,2025-06-01,True,0.0,0.0,0.0,
FDXJR3Z-16612-A ,0,2024-06-01,True,0.0,0.0,,0.0
FDXJR3Z-16612-A ,1,2024-07-01,True,0.0,0.0,,0.0
FDXJR3Z-16612-A ,2,2024-08-01,True,1.0,0.0,,0.0
FDXJR3Z-16612-A ,3,2024-09-01,False,1.0,0.0,,1.0
FDXJR3Z-16612-A ,4,2024-10-01,False,0.0,1.0,,0.0
FDXJR3Z-16612-A ,5,2024-11-01,True,0.0,0.0,,0.0
FDXJR3Z-16612-A ,6,2024-12-01,True,0.0,0.0,,0.0
FDXJR3Z-16612-A ,7,2025-01-01,True,0.0,0.0,,0.0
FDXJR3Z-16612-A ,8,2025-02-01,True,0.0,0.0,,0.0
FDXJR3Z-16612-A ,9,2025-03-01,True,0.0,0.0,,0.0
FDXJR3Z-16612-A ,10,2025-04-01,True,1.0,0.0,,0.0
FDXJR3Z-16612-A ,11,2025-05-01,False,1.0,0.0,0.0,0.0
FDXJR3Z-16612-A ,12,2025-06-01,False,1.0,0.0,0.0,
FDXJR3Z-17D957-CAPTM ,0,2024-06-01,False,2.0,0.0,,0.0
FDXJR3Z-17D957-CAPTM ,1,2024-07-01,False,2.0,0.0,,0.0
FDXJR3Z-17D957-CAPTM ,2,2024-08-01,False,2.0,0.0,,1.0
FDXJR3Z-17D957-CAPTM ,3,2024-09-01,False,1.0,1.0,,1.0
FDXJR3Z-17D957-CAPTM ,4,2024-10-01,False,0.0,1.0,,0.0
FDXJR3Z-17D957-CAPTM ,5,2024-11-01,True,0.0,0.0,,0.0
FDXJR3Z-17D957-CAPTM ,6,2024-12-01,True,0.0,0.0,,0.0
FDXJR3Z-17D957-CAPTM ,7,2025-01-01,True,0.0,0.0,,0.0
FDXJR3Z-17D957-CAPTM ,8,2025-02-01,True,0.0,0.0,,0.0
FDXJR3Z-17D957-CAPTM ,9,2025-03-01,True,0.0,0.0,,0.0
FDXJR3Z-17D957-CAPTM ,10,2025-04-01,True,2.0,0.0,,0.0
FDXJR3Z-17D957-CAPTM ,11,2025-05-01,False,2.0,0.0,0.0,0.0
FDXJR3Z-17D957-CAPTM ,12,2025-06-01,False,2.0,0.0,0.0,
FDXK-200363 ,0,2024-06-01,False,17.0,0.0,,1.0
FDXK-200363 ,1,2024-07-01,False,16.0,1.0,,0.0
FDXK-200363 ,2,2024-08-01,False,16.0,0.0,,1.0
FDXK-200363 ,3,2024-09-01,False,15.0,1.0,,2.0
FDXK-200363 ,4,2024-10-01,False,13.0,2.0,,0.0
FDXK-200363 ,5,2024-11-01,False,13.0,0.0,,0.0
FDXK-200363 ,6,2024-12-01,False,13.0,0.0,,0.0
FDXK-200363 ,7,2025-01-01,False,13.0,0.0,,1.0
FDXK-200363 ,8,2025-02-01,False,12.0,1.0,,0.0
FDXK-200363 ,9,2025-03-01,False,12.0,0.0,,0.0
FDXK-200363 ,10,2025-04-01,False,12.0,0.0,,0.0
FDXK-200363 ,11,2025-05-01,False,12.0,0.0,0.0,0.0
FDXK-200363 ,12,2025-06-01,False,12.0,0.0,0.0,
FDXK-200364 ,0,2024-06-01,False,10.0,0.0,,0.0
FDXK-200364 ,1,2024-07-01,False,10.0,0.0,,0.0
FDXK-200364 ,2,2024-08-01,False,10.0,0.0,,1.0
FDXK-200364 ,3,2024-09-01,False,9.0,1.0,,2.0
FDXK-200364 ,4,2024-10-01,False,7.0,2.0,,0.0
FDXK-200364 ,5,2024-11-01,False,7.0,0.0,,0.0
FDXK-200364 ,6,2024-12-01,False,7.0,0.0,,0.0
FDXK-200364 ,7,2025-01-01,False,7.0,0.0,,0.0
FDXK-200364 ,8,2025-02-01,False,7.0,0.0,,0.0
FDXK-200364 ,9,2025-03-01,False,7.0,0.0,,0.0
FDXK-200364 ,10,2025-04-01,False,7.0,0.0,,0.0
FDXK-200364 ,11,2025-05-01,False,7.0,0.0,0.0,0.0
FDXK-200364 ,12,2025-06-01,False,7.0,0.0,0.0,
FDXK-200778 ,0,2024-06-01,False,6.0,0.0,,0.0
FDXK-200778 ,1,2024-07-01,False,6.0,0.0,,1.0
FDXK-200778 ,2,2024-08-01,False,5.0,1.0,,0.0
FDXK-200778 ,3,2024-09-01,False,5.0,0.0,,0.0
FDXK-200778 ,4,2024-10-01,False,5.0,0.0,,0.0
FDXK-200778 ,5,2024-11-01,False,5.0,0.0,,0.0
FDXK-200778 ,6,2024-12-01,False,5.0,0.0,,1.0
FDXK-200778 ,7,2025-01-01,False,4.0,1.0,,0.0
FDXK-200778 ,8,2025-02-01,False,4.0,0.0,,0.0
FDXK-200778 ,9,2025-03-01,False,4.0,0.0,,0.0
FDXK-200778 ,10,2025-04-01,False,6.0,0.0,,0.0
FDXK-200778 ,11,2025-05-01,False,6.0,0.0,0.0,0.0
FDXK-200778 ,12,2025-06-01,False,6.0,0.0,0.0,
FDXK-200779 ,0,2024-06-01,False,6.0,0.0,,0.0
FDXK-200779 ,1,2024-07-01,False,6.0,0.0,,1.0
FDXK-200779 ,2,2024-08-01,False,5.0,1.0,,0.0
FDXK-200779 ,3,2024-09-01,False,5.0,0.0,,0.0
FDXK-200779 ,4,2024-10-01,False,5.0,0.0,,0.0
FDXK-200779 ,5,2024-11-01,False,5.0,0.0,,0.0
FDXK-200779 ,6,2024-12-01,False,5.0,0.0,,1.0
FDXK-200779 ,7,2025-01-01,False,4.0,1.0,,0.0
FDXK-200779 ,8,2025-02-01,False,4.0,0.0,,0.0
FDXK-200779 ,9,2025-03-01,False,4.0,0.0,,0.0
FDXK-200779 ,10,2025-04-01,False,6.0,0.0,,0.0
FDXK-200779 ,11,2025-05-01,False,6.0,0.0,0.0,0.0
FDXK-200779 ,12,2025-06-01,False,6.0,0.0,0.0,
FDXKL3Z-13008-C ,0,2024-06-01,False,4.0,0.0,,0.0
FDXKL3Z-13008-C ,1,2024-07-01,False,4.0,0.0,,0.0
FDXKL3Z-13008-C ,2,2024-08-01,False,4.0,0.0,,2.0
FDXKL3Z-13008-C ,3,2024-09-01,False,2.0,2.0,,0.0
FDXKL3Z-13008-C ,4,2024-10-01,False,2.0,0.0,,1.0
FDXKL3Z-13008-C ,5,2024-11-01,False,1.0,1.0,,0.0
FDXKL3Z-13008-C ,6,2024-12-01,False,1.0,0.0,,1.0
FDXKL3Z-13008-C ,7,2025-01-01,False,0.0,1.0,,0.0
FDXKL3Z-13008-C ,8,2025-02-01,True,0.0,0.0,,0.0
FDXKL3Z-13008-C ,9,2025-03-01,True,0.0,0.0,,1.0
FDXKL3Z-13008-C ,10,2025-04-01,True,5.0,1.0,,0.0
FDXKL3Z-13008-C ,11,2025-05-01,False,5.0,0.0,0.0,2.0
FDXKL3Z-13008-C ,12,2025-06-01,False,3.0,2.0,0.0,
FDXKL3Z-13008-D ,0,2024-06-01,False,2.0,0.0,,0.0
FDXKL3Z-13008-D ,1,2024-07-01,False,2.0,0.0,,0.0
FDXKL3Z-13008-D ,2,2024-08-01,False,2.0,0.0,,0.0
FDXKL3Z-13008-D ,3,2024-09-01,False,2.0,0.0,,1.0
FDXKL3Z-13008-D ,4,2024-10-01,False,1.0,1.0,,1.0
FDXKL3Z-13008-D ,5,2024-11-01,False,2.0,1.0,,0.0
FDXKL3Z-13008-D ,6,2024-12-01,False,4.0,0.0,,0.0
FDXKL3Z-13008-D ,7,2025-01-01,False,4.0,0.0,,0.0
FDXKL3Z-13008-D ,8,2025-02-01,False,4.0,0.0,,1.0
FDXKL3Z-13008-D ,9,2025-03-01,False,3.0,1.0,,0.0
FDXKL3Z-13008-D ,10,2025-04-01,False,5.0,0.0,,1.0
FDXKL3Z-13008-D ,11,2025-05-01,False,4.0,1.0,0.0,2.0
FDXKL3Z-13008-D ,12,2025-06-01,False,2.0,2.0,0.0,
FDXMEF-352 ,0,2024-06-01,False,1.0,0.0,,0.0
FDXMEF-352 ,1,2024-07-01,False,1.0,0.0,,0.0
FDXMEF-352 ,2,2024-08-01,False,1.0,0.0,,0.0
FDXMEF-352 ,3,2024-09-01,False,1.0,0.0,,0.0
FDXMEF-352 ,4,2024-10-01,False,1.0,0.0,,0.0
FDXMEF-352 ,5,2024-11-01,False,11.0,0.0,,0.0
FDXMEF-352 ,6,2024-12-01,False,11.0,0.0,,0.0
FDXMEF-352 ,7,2025-01-01,False,11.0,0.0,,0.0
FDXMEF-352 ,8,2025-02-01,False,11.0,0.0,,1.0
FDXMEF-352 ,9,2025-03-01,False,10.0,1.0,,1.0
FDXMEF-352 ,10,2025-04-01,False,9.0,1.0,,0.0
FDXMEF-352 ,11,2025-05-01,False,9.0,0.0,0.0,0.0
FDXMEF-352 ,12,2025-06-01,False,9.0,0.0,0.0,
FDXMEF-353 ,0,2024-06-01,False,1.0,0.0,,0.0
FDXMEF-353 ,1,2024-07-01,False,1.0,0.0,,0.0
FDXMEF-353 ,2,2024-08-01,False,1.0,0.0,,0.0
FDXMEF-353 ,3,2024-09-01,False,1.0,0.0,,0.0
FDXMEF-353 ,4,2024-10-01,False,1.0,0.0,,0.0
FDXMEF-353 ,5,2024-11-01,False,11.0,0.0,,0.0
FDXMEF-353 ,6,2024-12-01,False,11.0,0.0,,0.0
FDXMEF-353 ,7,2025-01-01,False,11.0,0.0,,0.0
FDXMEF-353 ,8,2025-02-01,False,11.0,0.0,,1.0
FDXMEF-353 ,9,2025-03-01,False,10.0,1.0,,1.0
FDXMEF-353 ,10,2025-04-01,False,9.0,1.0,,0.0
FDXMEF-353 ,11,2025-05-01,False,9.0,0.0,0.0,0.0
FDXMEF-353 ,12,2025-06-01,False,9.0,0.0,0.0,
FDXML3Z-13008-E ,0,2024-06-01,False,1.0,0.0,,0.0
FDXML3Z-13008-E ,1,2024-07-01,False,1.0,0.0,,0.0
FDXML3Z-13008-E ,2,2024-08-01,False,1.0,0.0,,0.0
FDXML3Z-13008-E ,3,2024-09-01,False,1.0,0.0,,0.0
FDXML3Z-13008-E ,4,2024-10-01,False,1.0,0.0,,0.0
FDXML3Z-13008-E ,5,2024-11-01,False,1.0,0.0,,0.0
FDXML3Z-13008-E ,6,2024-12-01,False,1.0,0.0,,0.0
FDXML3Z-13008-E ,7,2025-01-01,False,1.0,0.0,,0.0
FDXML3Z-13008-E ,8,2025-02-01,False,1.0,0.0,,0.0
FDXML3Z-13008-E ,9,2025-03-01,False,1.0,0.0,,0.0
FDXML3Z-13008-E ,10,2025-04-01,False,1.0,0.0,,0.0
FDXML3Z-13008-E ,11,2025-05-01,False,1.0,0.0,0.0,1.0
FDXML3Z-13008-E ,12,2025-06-01,False,0.0,1.0,0.0,
FDXML3Z-13008-J ,0,2024-06-01,False,2.0,0.0,,0.0
FDXML3Z-13008-J ,1,2024-07-01,False,2.0,0.0,,0.0
FDXML3Z-13008-J ,2,2024-08-01,False,2.0,0.0,,0.0
FDXML3Z-13008-J ,3,2024-09-01,False,2.0,0.0,,0.0
FDXML3Z-13008-J ,4,2024-10-01,False,2.0,0.0,,0.0
FDXML3Z-13008-J ,5,2024-11-01,False,2.0,0.0,,0.0
FDXML3Z-13008-J ,6,2024-12-01,False,2.0,0.0,,0.0
FDXML3Z-13008-J ,7,2025-01-01,False,2.0,0.0,,0.0
FDXML3Z-13008-J ,8,2025-02-01,False,2.0,0.0,,0.0
FDXML3Z-13008-J ,9,2025-03-01,False,2.0,0.0,,1.0
FDXML3Z-13008-J ,10,2025-04-01,False,1.0,1.0,,0.0
FDXML3Z-13008-J ,11,2025-05-01,False,1.0,0.0,0.0,0.0
FDXML3Z-13008-J ,12,2025-06-01,False,1.0,0.0,0.0,
FDXML3Z-13404-C ,0,2024-06-01,False,1.0,0.0,,0.0
FDXML3Z-13404-C ,1,2024-07-01,False,1.0,0.0,,0.0
FDXML3Z-13404-C ,2,2024-08-01,False,1.0,0.0,,1.0
FDXML3Z-13404-C ,3,2024-09-01,False,0.0,1.0,,0.0
FDXML3Z-13404-C ,4,2024-10-01,True,0.0,0.0,,0.0
FDXML3Z-13404-C ,5,2024-11-01,True,0.0,0.0,,0.0
FDXML3Z-13404-C ,6,2024-12-01,True,4.0,0.0,,0.0
FDXML3Z-13404-C ,7,2025-01-01,False,4.0,0.0,,0.0
FDXML3Z-13404-C ,8,2025-02-01,False,4.0,0.0,,1.0
FDXML3Z-13404-C ,9,2025-03-01,False,3.0,1.0,,1.0
FDXML3Z-13404-C ,10,2025-04-01,False,2.0,1.0,,0.0
FDXML3Z-13404-C ,11,2025-05-01,False,2.0,0.0,0.0,0.0
FDXML3Z-13404-C ,12,2025-06-01,False,6.0,0.0,1.0,
FDXML3Z-13405-C ,0,2024-06-01,True,0.0,0.0,,0.0
FDXML3Z-13405-C ,1,2024-07-01,True,0.0,0.0,,0.0
FDXML3Z-13405-C ,2,2024-08-01,True,0.0,0.0,,0.0
FDXML3Z-13405-C ,3,2024-09-01,True,0.0,0.0,,0.0
FDXML3Z-13405-C ,4,2024-10-01,True,0.0,0.0,,0.0
FDXML3Z-13405-C ,5,2024-11-01,True,0.0,0.0,,3.0
FDXML3Z-13405-C ,6,2024-12-01,True,1.0,3.0,,0.0
FDXML3Z-13405-C ,7,2025-01-01,False,1.0,0.0,,0.0
FDXML3Z-13405-C ,8,2025-02-01,False,1.0,0.0,,1.0
FDXML3Z-13405-C ,9,2025-03-01,False,0.0,1.0,,0.0
FDXML3Z-13405-C ,10,2025-04-01,True,0.0,0.0,,0.0
FDXML3Z-13405-C ,11,2025-05-01,True,0.0,0.0,0.0,0.0
FDXML3Z-13405-C ,12,2025-06-01,True,8.0,0.0,0.0,
FDXML3Z-15200-A ,0,2024-06-01,False,0.0,1.0,,0.0
FDXML3Z-15200-A ,1,2024-07-01,True,0.0,0.0,,0.0
FDXML3Z-15200-A ,2,2024-08-01,True,4.0,0.0,,1.0
FDXML3Z-15200-A ,3,2024-09-01,False,3.0,1.0,,1.0
FDXML3Z-15200-A ,4,2024-10-01,False,4.0,1.0,,4.0
FDXML3Z-15200-A ,5,2024-11-01,False,0.0,4.0,,0.0
FDXML3Z-15200-A ,6,2024-12-01,True,0.0,0.0,,0.0
FDXML3Z-15200-A ,7,2025-01-01,True,0.0,0.0,,0.0
FDXML3Z-15200-A ,8,2025-02-01,True,0.0,0.0,,0.0
FDXML3Z-15200-A ,9,2025-03-01,True,0.0,0.0,,2.0
FDXML3Z-15200-A ,10,2025-04-01,True,6.0,2.0,,1.0
FDXML3Z-15200-A ,11,2025-05-01,False,5.0,1.0,2.0,0.0
FDXML3Z-15200-A ,12,2025-06-01,False,5.0,0.0,1.0,
FDXML3Z-15201-A ,0,2024-06-01,True,0.0,0.0,,0.0
FDXML3Z-15201-A ,1,2024-07-01,True,0.0,0.0,,0.0
FDXML3Z-15201-A ,2,2024-08-01,True,4.0,0.0,,0.0
FDXML3Z-15201-A ,3,2024-09-01,False,4.0,0.0,,0.0
FDXML3Z-15201-A ,4,2024-10-01,False,4.0,0.0,,4.0
FDXML3Z-15201-A ,5,2024-11-01,False,0.0,4.0,,0.0
FDXML3Z-15201-A ,6,2024-12-01,True,0.0,0.0,,0.0
FDXML3Z-15201-A ,7,2025-01-01,True,0.0,0.0,,0.0
FDXML3Z-15201-A ,8,2025-02-01,True,0.0,0.0,,0.0
FDXML3Z-15201-A ,9,2025-03-01,True,0.0,0.0,,0.0
FDXML3Z-15201-A ,10,2025-04-01,True,8.0,0.0,,1.0
FDXML3Z-15201-A ,11,2025-05-01,False,7.0,1.0,1.0,0.0
FDXML3Z-15201-A ,12,2025-06-01,False,7.0,0.0,2.0,
FDXML3Z-16005-A ,0,2024-06-01,False,1.0,0.0,,1.0
FDXML3Z-16005-A ,1,2024-07-01,False,0.0,1.0,,0.0
FDXML3Z-16005-A ,2,2024-08-01,True,0.0,0.0,,0.0
FDXML3Z-16005-A ,3,2024-09-01,True,0.0,0.0,,0.0
FDXML3Z-16005-A ,4,2024-10-01,True,0.0,0.0,,0.0
FDXML3Z-16005-A ,5,2024-11-01,True,2.0,0.0,,0.0
FDXML3Z-16005-A ,6,2024-12-01,False,2.0,0.0,,0.0
FDXML3Z-16005-A ,7,2025-01-01,False,2.0,0.0,,0.0
FDXML3Z-16005-A ,8,2025-02-01,False,2.0,0.0,,1.0
FDXML3Z-16005-A ,9,2025-03-01,False,1.0,1.0,,1.0
FDXML3Z-16005-A ,10,2025-04-01,False,0.0,1.0,,0.0
FDXML3Z-16005-A ,11,2025-05-01,True,0.0,0.0,0.0,0.0
FDXML3Z-16005-A ,12,2025-06-01,True,0.0,0.0,0.0,
FDXML3Z-16006-A ,0,2024-06-01,False,1.0,0.0,,0.0
FDXML3Z-16006-A ,1,2024-07-01,False,1.0,0.0,,0.0
FDXML3Z-16006-A ,2,2024-08-01,False,1.0,0.0,,0.0
FDXML3Z-16006-A ,3,2024-09-01,False,1.0,0.0,,0.0
FDXML3Z-16006-A ,4,2024-10-01,False,1.0,0.0,,0.0
FDXML3Z-16006-A ,5,2024-11-01,False,1.0,0.0,,0.0
FDXML3Z-16006-A ,6,2024-12-01,False,1.0,0.0,,0.0
FDXML3Z-16006-A ,7,2025-01-01,False,1.0,0.0,,0.0
FDXML3Z-16006-A ,8,2025-02-01,False,1.0,0.0,,0.0
FDXML3Z-16006-A ,9,2025-03-01,False,1.0,0.0,,1.0
FDXML3Z-16006-A ,10,2025-04-01,False,0.0,1.0,,0.0
FDXML3Z-16006-A ,11,2025-05-01,True,0.0,0.0,0.0,0.0
FDXML3Z-16006-A ,12,2025-06-01,True,0.0,0.0,0.0,
FDXML3Z-16612-D ,0,2024-06-01,False,1.0,0.0,,0.0
FDXML3Z-16612-D ,1,2024-07-01,False,1.0,0.0,,0.0
FDXML3Z-16612-D ,2,2024-08-01,False,1.0,0.0,,0.0
FDXML3Z-16612-D ,3,2024-09-01,False,1.0,0.0,,1.0
FDXML3Z-16612-D ,4,2024-10-01,False,0.0,1.0,,0.0
FDXML3Z-16612-D ,5,2024-11-01,True,0.0,0.0,,0.0
FDXML3Z-16612-D ,6,2024-12-01,True,0.0,0.0,,0.0
FDXML3Z-16612-D ,7,2025-01-01,True,0.0,0.0,,0.0
FDXML3Z-16612-D ,8,2025-02-01,True,0.0,0.0,,0.0
FDXML3Z-16612-D ,9,2025-03-01,True,0.0,0.0,,1.0
FDXML3Z-16612-D ,10,2025-04-01,True,1.0,1.0,,0.0
FDXML3Z-16612-D ,11,2025-05-01,False,1.0,0.0,0.0,0.0
FDXML3Z-16612-D ,12,2025-06-01,False,1.0,0.0,0.0,
FDXML3Z-17618-C ,0,2024-06-01,False,3.0,0.0,,0.0
FDXML3Z-17618-C ,1,2024-07-01,False,3.0,0.0,,0.0
FDXML3Z-17618-C ,2,2024-08-01,False,3.0,0.0,,1.0
FDXML3Z-17618-C ,3,2024-09-01,False,2.0,1.0,,1.0
FDXML3Z-17618-C ,4,2024-10-01,False,1.0,1.0,,0.0
FDXML3Z-17618-C ,5,2024-11-01,False,1.0,0.0,,1.0
FDXML3Z-17618-C ,6,2024-12-01,False,0.0,1.0,,0.0
FDXML3Z-17618-C ,7,2025-01-01,True,0.0,0.0,,0.0
FDXML3Z-17618-C ,8,2025-02-01,True,0.0,0.0,,0.0
FDXML3Z-17618-C ,9,2025-03-01,True,0.0,0.0,,0.0
FDXML3Z-17618-C ,10,2025-04-01,True,5.0,0.0,,0.0
FDXML3Z-17618-C ,11,2025-05-01,False,5.0,0.0,0.0,0.0
FDXML3Z-17618-C ,12,2025-06-01,False,5.0,0.0,0.0,
FDXML3Z-17682-SA ,0,2024-06-01,True,0.0,0.0,,0.0
FDXML3Z-17682-SA ,1,2024-07-01,True,0.0,0.0,,0.0
FDXML3Z-17682-SA ,2,2024-08-01,True,0.0,0.0,,0.0
FDXML3Z-17682-SA ,3,2024-09-01,True,0.0,0.0,,0.0
FDXML3Z-17682-SA ,4,2024-10-01,True,0.0,0.0,,0.0
FDXML3Z-17682-SA ,5,2024-11-01,True,2.0,0.0,,1.0
FDXML3Z-17682-SA ,6,2024-12-01,False,1.0,1.0,,0.0
FDXML3Z-17682-SA ,7,2025-01-01,False,1.0,0.0,,0.0
FDXML3Z-17682-SA ,8,2025-02-01,False,1.0,0.0,,0.0
FDXML3Z-17682-SA ,9,2025-03-01,False,1.0,0.0,,0.0
FDXML3Z-17682-SA ,10,2025-04-01,False,1.0,0.0,,0.0
FDXML3Z-17682-SA ,11,2025-05-01,False,3.0,0.0,0.0,0.0
FDXML3Z-17682-SA ,12,2025-06-01,False,3.0,0.0,0.0,
FDXML3Z-17682-VA ,0,2024-06-01,True,0.0,0.0,,0.0
FDXML3Z-17682-VA ,1,2024-07-01,True,0.0,0.0,,0.0
FDXML3Z-17682-VA ,2,2024-08-01,True,0.0,0.0,,0.0
FDXML3Z-17682-VA ,3,2024-09-01,True,0.0,0.0,,0.0
FDXML3Z-17682-VA ,4,2024-10-01,True,0.0,0.0,,0.0
FDXML3Z-17682-VA ,5,2024-11-01,True,0.0,0.0,,0.0
FDXML3Z-17682-VA ,6,2024-12-01,True,2.0,0.0,,0.0
FDXML3Z-17682-VA ,7,2025-01-01,False,2.0,0.0,,0.0
FDXML3Z-17682-VA ,8,2025-02-01,False,2.0,0.0,,0.0
FDXML3Z-17682-VA ,9,2025-03-01,False,2.0,0.0,,1.0
FDXML3Z-17682-VA ,10,2025-04-01,False,1.0,1.0,,0.0
FDXML3Z-17682-VA ,11,2025-05-01,False,3.0,0.0,0.0,0.0
FDXML3Z-17682-VA ,12,2025-06-01,False,3.0,0.0,0.0,
FDXML3Z-17683-VA ,0,2024-06-01,True,0.0,0.0,,0.0
FDXML3Z-17683-VA ,1,2024-07-01,True,0.0,0.0,,0.0
FDXML3Z-17683-VA ,2,2024-08-01,True,0.0,0.0,,0.0
FDXML3Z-17683-VA ,3,2024-09-01,True,0.0,0.0,,0.0
FDXML3Z-17683-VA ,4,2024-10-01,True,0.0,0.0,,0.0
FDXML3Z-17683-VA ,5,2024-11-01,True,0.0,0.0,,0.0
FDXML3Z-17683-VA ,6,2024-12-01,True,2.0,0.0,,0.0
FDXML3Z-17683-VA ,7,2025-01-01,False,2.0,0.0,,0.0
FDXML3Z-17683-VA ,8,2025-02-01,False,2.0,0.0,,1.0
FDXML3Z-17683-VA ,9,2025-03-01,False,1.0,1.0,,0.0
FDXML3Z-17683-VA ,10,2025-04-01,False,1.0,0.0,,0.0
FDXML3Z-17683-VA ,11,2025-05-01,False,3.0,0.0,0.0,0.0
FDXML3Z-17683-VA ,12,2025-06-01,False,3.0,0.0,0.0,
FDXML3Z-17757-D ,0,2024-06-01,False,1.0,0.0,,0.0
FDXML3Z-17757-D ,1,2024-07-01,False,1.0,0.0,,0.0
FDXML3Z-17757-D ,2,2024-08-01,False,1.0,0.0,,0.0
FDXML3Z-17757-D ,3,2024-09-01,False,1.0,0.0,,0.0
FDXML3Z-17757-D ,4,2024-10-01,False,1.0,0.0,,1.0
FDXML3Z-17757-D ,5,2024-11-01,False,0.0,1.0,,0.0
FDXML3Z-17757-D ,6,2024-12-01,True,0.0,0.0,,0.0
FDXML3Z-17757-D ,7,2025-01-01,True,0.0,0.0,,0.0
FDXML3Z-17757-D ,8,2025-02-01,True,0.0,0.0,,0.0
FDXML3Z-17757-D ,9,2025-03-01,True,0.0,0.0,,0.0
FDXML3Z-17757-D ,10,2025-04-01,True,2.0,0.0,,0.0
FDXML3Z-17757-D ,11,2025-05-01,False,2.0,0.0,0.0,1.0
FDXML3Z-17757-D ,12,2025-06-01,False,1.0,1.0,1.0,
FDXML3Z-17B968-AA ,0,2024-06-01,True,0.0,0.0,,0.0
FDXML3Z-17B968-AA ,1,2024-07-01,True,0.0,0.0,,0.0
FDXML3Z-17B968-AA ,2,2024-08-01,True,0.0,0.0,,0.0
FDXML3Z-17B968-AA ,3,2024-09-01,True,0.0,0.0,,0.0
FDXML3Z-17B968-AA ,4,2024-10-01,True,5.0,0.0,,0.0
FDXML3Z-17B968-AA ,5,2024-11-01,False,5.0,0.0,,0.0
FDXML3Z-17B968-AA ,6,2024-12-01,False,5.0,0.0,,5.0
FDXML3Z-17B968-AA ,7,2025-01-01,False,0.0,5.0,,0.0
FDXML3Z-17B968-AA ,8,2025-02-01,True,0.0,0.0,,0.0
FDXML3Z-17B968-AA ,9,2025-03-01,True,0.0,0.0,,0.0
FDXML3Z-17B968-AA ,10,2025-04-01,True,0.0,0.0,,0.0
FDXML3Z-17B968-AA ,11,2025-05-01,True,10.0,0.0,0.0,0.0
FDXML3Z-17B968-AA ,12,2025-06-01,False,10.0,0.0,1.0,
FDXML3Z-17B968-AB ,0,2024-06-01,True,0.0,0.0,,0.0
FDXML3Z-17B968-AB ,1,2024-07-01,True,0.0,0.0,,0.0
FDXML3Z-17B968-AB ,2,2024-08-01,True,0.0,0.0,,0.0
FDXML3Z-17B968-AB ,3,2024-09-01,True,0.0,0.0,,0.0
FDXML3Z-17B968-AB ,4,2024-10-01,True,0.0,0.0,,0.0
FDXML3Z-17B968-AB ,5,2024-11-01,True,0.0,0.0,,0.0
FDXML3Z-17B968-AB ,6,2024-12-01,True,0.0,0.0,,0.0
FDXML3Z-17B968-AB ,7,2025-01-01,True,0.0,0.0,,0.0
FDXML3Z-17B968-AB ,8,2025-02-01,True,0.0,0.0,,0.0
FDXML3Z-17B968-AB ,9,2025-03-01,True,0.0,0.0,,0.0
FDXML3Z-17B968-AB ,10,2025-04-01,True,5.0,0.0,,0.0
FDXML3Z-17B968-AB ,11,2025-05-01,False,5.0,0.0,1.0,2.0
FDXML3Z-17B968-AB ,12,2025-06-01,False,3.0,2.0,1.0,
FDXML3Z-17E810-AA ,0,2024-06-01,False,5.0,0.0,,0.0
FDXML3Z-17E810-AA ,1,2024-07-01,False,5.0,0.0,,1.0
FDXML3Z-17E810-AA ,2,2024-08-01,False,4.0,1.0,,0.0
FDXML3Z-17E810-AA ,3,2024-09-01,False,4.0,0.0,,0.0
FDXML3Z-17E810-AA ,4,2024-10-01,False,4.0,0.0,,1.0
FDXML3Z-17E810-AA ,5,2024-11-01,False,3.0,1.0,,0.0
FDXML3Z-17E810-AA ,6,2024-12-01,False,3.0,0.0,,2.0
FDXML3Z-17E810-AA ,7,2025-01-01,False,1.0,2.0,,0.0
FDXML3Z-17E810-AA ,8,2025-02-01,False,1.0,0.0,,0.0
FDXML3Z-17E810-AA ,9,2025-03-01,False,1.0,0.0,,0.0
FDXML3Z-17E810-AA ,10,2025-04-01,False,1.0,0.0,,0.0
FDXML3Z-17E810-AA ,11,2025-05-01,False,1.0,0.0,0.0,1.0
FDXML3Z-17E810-AA ,12,2025-06-01,False,0.0,1.0,0.0,
FDXML3Z-17E811-AA ,0,2024-06-01,False,5.0,0.0,,0.0
FDXML3Z-17E811-AA ,1,2024-07-01,False,5.0,0.0,,1.0
FDXML3Z-17E811-AA ,2,2024-08-01,False,4.0,1.0,,1.0
FDXML3Z-17E811-AA ,3,2024-09-01,False,3.0,1.0,,0.0
FDXML3Z-17E811-AA ,4,2024-10-01,False,3.0,0.0,,1.0
FDXML3Z-17E811-AA ,5,2024-11-01,False,2.0,1.0,,0.0
FDXML3Z-17E811-AA ,6,2024-12-01,False,2.0,0.0,,2.0
FDXML3Z-17E811-AA ,7,2025-01-01,False,0.0,2.0,,0.0
FDXML3Z-17E811-AA ,8,2025-02-01,True,0.0,0.0,,0.0
FDXML3Z-17E811-AA ,9,2025-03-01,True,0.0,0.0,,0.0
FDXML3Z-17E811-AA ,10,2025-04-01,True,0.0,0.0,,0.0
FDXML3Z-17E811-AA ,11,2025-05-01,True,0.0,0.0,0.0,0.0
FDXML3Z-17E811-AA ,12,2025-06-01,True,0.0,0.0,0.0,
FDXML3Z-8475-D ,0,2024-06-01,False,4.0,0.0,,0.0
FDXML3Z-8475-D ,1,2024-07-01,False,4.0,0.0,,1.0
FDXML3Z-8475-D ,2,2024-08-01,False,3.0,1.0,,0.0
FDXML3Z-8475-D ,3,2024-09-01,False,3.0,0.0,,1.0
FDXML3Z-8475-D ,4,2024-10-01,False,2.0,1.0,,0.0
FDXML3Z-8475-D ,5,2024-11-01,False,2.0,0.0,,0.0
FDXML3Z-8475-D ,6,2024-12-01,False,2.0,0.0,,0.0
FDXML3Z-8475-D ,7,2025-01-01,False,2.0,0.0,,1.0
FDXML3Z-8475-D ,8,2025-02-01,False,1.0,1.0,,0.0
FDXML3Z-8475-D ,9,2025-03-01,False,1.0,0.0,,1.0
FDXML3Z-8475-D ,10,2025-04-01,False,4.0,1.0,,0.0
FDXML3Z-8475-D ,11,2025-05-01,False,4.0,0.0,1.0,0.0
FDXML3Z-8475-D ,12,2025-06-01,False,4.0,0.0,1.0,
FDXRF-118 ,0,2024-06-01,False,6.0,1.0,,0.0
FDXRF-118 ,1,2024-07-01,False,6.0,0.0,,0.0
FDXRF-118 ,2,2024-08-01,False,6.0,0.0,,1.0
FDXRF-118 ,3,2024-09-01,False,5.0,1.0,,0.0
FDXRF-118 ,4,2024-10-01,False,5.0,0.0,,0.0
FDXRF-118 ,5,2024-11-01,False,5.0,0.0,,0.0
FDXRF-118 ,6,2024-12-01,False,5.0,0.0,,0.0
FDXRF-118 ,7,2025-01-01,False,5.0,0.0,,0.0
FDXRF-118 ,8,2025-02-01,False,5.0,0.0,,0.0
FDXRF-118 ,9,2025-03-01,False,5.0,0.0,,1.0
FDXRF-118 ,10,2025-04-01,False,4.0,1.0,,0.0
FDXRF-118 ,11,2025-05-01,False,4.0,0.0,1.0,0.0
FDXRF-118 ,12,2025-06-01,False,4.0,0.0,1.0,
FDXRF-131 ,0,2024-06-01,False,3.0,0.0,,0.0
FDXRF-131 ,1,2024-07-01,False,3.0,0.0,,0.0
FDXRF-131 ,2,2024-08-01,False,3.0,0.0,,0.0
FDXRF-131 ,3,2024-09-01,False,3.0,0.0,,0.0
FDXRF-131 ,4,2024-10-01,False,3.0,0.0,,1.0
FDXRF-131 ,5,2024-11-01,False,2.0,1.0,,0.0
FDXRF-131 ,6,2024-12-01,False,2.0,0.0,,0.0
FDXRF-131 ,7,2025-01-01,False,2.0,0.0,,0.0
FDXRF-131 ,8,2025-02-01,False,2.0,0.0,,0.0
FDXRF-131 ,9,2025-03-01,False,2.0,0.0,,0.0
FDXRF-131 ,10,2025-04-01,False,2.0,0.0,,0.0
FDXRF-131 ,11,2025-05-01,False,2.0,0.0,0.0,0.0
FDXRF-131 ,12,2025-06-01,False,2.0,0.0,0.0,
FDXRF-137 ,0,2024-06-01,False,14.0,2.0,,2.0
FDXRF-137 ,1,2024-07-01,False,12.0,2.0,,1.0
FDXRF-137 ,2,2024-08-01,False,11.0,1.0,,2.0
FDXRF-137 ,3,2024-09-01,False,9.0,2.0,,1.0
FDXRF-137 ,4,2024-10-01,False,8.0,1.0,,0.0
FDXRF-137 ,5,2024-11-01,False,8.0,0.0,,0.0
FDXRF-137 ,6,2024-12-01,False,8.0,0.0,,0.0
FDXRF-137 ,7,2025-01-01,False,8.0,0.0,,0.0
FDXRF-137 ,8,2025-02-01,False,8.0,0.0,,1.0
FDXRF-137 ,9,2025-03-01,False,7.0,1.0,,3.0
FDXRF-137 ,10,2025-04-01,False,4.0,3.0,,3.0
FDXRF-137 ,11,2025-05-01,False,1.0,3.0,0.0,0.0
FDXRF-137 ,12,2025-06-01,True,1.0,0.0,1.0,
FDXRF-163 ,0,2024-06-01,False,37.0,4.0,,0.0
FDXRF-163 ,1,2024-07-01,False,37.0,0.0,,5.0
FDXRF-163 ,2,2024-08-01,False,32.0,5.0,,4.0
FDXRF-163 ,3,2024-09-01,False,28.0,4.0,,3.0
FDXRF-163 ,4,2024-10-01,False,25.0,3.0,,2.0
FDXRF-163 ,5,2024-11-01,False,23.0,2.0,,2.0
FDXRF-163 ,6,2024-12-01,False,26.0,2.0,,0.0
FDXRF-163 ,7,2025-01-01,False,26.0,0.0,,0.0
FDXRF-163 ,8,2025-02-01,False,26.0,0.0,,2.0
FDXRF-163 ,9,2025-03-01,False,24.0,2.0,,2.0
FDXRF-163 ,10,2025-04-01,False,22.0,2.0,,2.0
FDXRF-163 ,11,2025-05-01,False,20.0,2.0,3.0,1.0
FDXRF-163 ,12,2025-06-01,False,19.0,1.0,1.0,
FDXRF-166 ,0,2024-06-01,False,5.0,0.0,,0.0
FDXRF-166 ,1,2024-07-01,False,5.0,0.0,,0.0
FDXRF-166 ,2,2024-08-01,False,5.0,0.0,,1.0
FDXRF-166 ,3,2024-09-01,False,4.0,1.0,,0.0
FDXRF-166 ,4,2024-10-01,False,4.0,0.0,,0.0
FDXRF-166 ,5,2024-11-01,False,4.0,0.0,,0.0
FDXRF-166 ,6,2024-12-01,False,4.0,0.0,,0.0
FDXRF-166 ,7,2025-01-01,False,4.0,0.0,,0.0
FDXRF-166 ,8,2025-02-01,False,4.0,0.0,,0.0
FDXRF-166 ,9,2025-03-01,False,4.0,0.0,,0.0
FDXRF-166 ,10,2025-04-01,False,4.0,0.0,,1.0
FDXRF-166 ,11,2025-05-01,False,3.0,1.0,0.0,0.0
FDXRF-166 ,12,2025-06-01,False,3.0,0.0,0.0,
FDXRF-220 ,0,2024-06-01,False,3.0,1.0,,0.0
FDXRF-220 ,1,2024-07-01,False,3.0,0.0,,0.0
FDXRF-220 ,2,2024-08-01,False,3.0,0.0,,0.0
FDXRF-220 ,3,2024-09-01,False,3.0,0.0,,0.0
FDXRF-220 ,4,2024-10-01,False,3.0,0.0,,0.0
FDXRF-220 ,5,2024-11-01,False,3.0,0.0,,0.0
FDXRF-220 ,6,2024-12-01,False,3.0,0.0,,0.0
FDXRF-220 ,7,2025-01-01,False,3.0,0.0,,1.0
FDXRF-220 ,8,2025-02-01,False,2.0,1.0,,0.0
FDXRF-220 ,9,2025-03-01,False,2.0,0.0,,0.0
FDXRF-220 ,10,2025-04-01,False,2.0,0.0,,0.0
FDXRF-220 ,11,2025-05-01,False,2.0,0.0,0.0,1.0
FDXRF-220 ,12,2025-06-01,False,1.0,1.0,0.0,
FDXRF-223 ,0,2024-06-01,False,32.0,4.0,,0.0
FDXRF-223 ,1,2024-07-01,False,32.0,0.0,,1.0
FDXRF-223 ,2,2024-08-01,False,31.0,1.0,,1.0
FDXRF-223 ,3,2024-09-01,False,30.0,1.0,,0.0
FDXRF-223 ,4,2024-10-01,False,30.0,0.0,,0.0
FDXRF-223 ,5,2024-11-01,False,30.0,0.0,,0.0
FDXRF-223 ,6,2024-12-01,False,30.0,0.0,,0.0
FDXRF-223 ,7,2025-01-01,False,30.0,0.0,,0.0
FDXRF-223 ,8,2025-02-01,False,30.0,0.0,,0.0
FDXRF-223 ,9,2025-03-01,False,30.0,0.0,,3.0
FDXRF-223 ,10,2025-04-01,False,27.0,3.0,,1.0
FDXRF-223 ,11,2025-05-01,False,26.0,1.0,1.0,2.0
FDXRF-223 ,12,2025-06-01,False,24.0,2.0,1.0,
FDXRF-225 ,0,2024-06-01,False,11.0,0.0,,0.0
FDXRF-225 ,1,2024-07-01,False,11.0,0.0,,0.0
FDXRF-225 ,2,2024-08-01,False,11.0,0.0,,3.0
FDXRF-225 ,3,2024-09-01,False,8.0,3.0,,1.0
FDXRF-225 ,4,2024-10-01,False,7.0,1.0,,0.0
FDXRF-225 ,5,2024-11-01,False,7.0,0.0,,2.0
FDXRF-225 ,6,2024-12-01,False,5.0,2.0,,0.0
FDXRF-225 ,7,2025-01-01,False,5.0,0.0,,0.0
FDXRF-225 ,8,2025-02-01,False,5.0,0.0,,0.0
FDXRF-225 ,9,2025-03-01,False,5.0,0.0,,0.0
FDXRF-225 ,10,2025-04-01,False,5.0,0.0,,0.0
FDXRF-225 ,11,2025-05-01,False,5.0,0.0,0.0,0.0
FDXRF-225 ,12,2025-06-01,False,5.0,0.0,0.0,
FDXRF-231 ,0,2024-06-01,False,4.0,0.0,,0.0
FDXRF-231 ,1,2024-07-01,False,4.0,0.0,,0.0
FDXRF-231 ,2,2024-08-01,False,4.0,0.0,,0.0
FDXRF-231 ,3,2024-09-01,False,4.0,0.0,,0.0
FDXRF-231 ,4,2024-10-01,False,4.0,0.0,,0.0
FDXRF-231 ,5,2024-11-01,False,4.0,0.0,,0.0
FDXRF-231 ,6,2024-12-01,False,4.0,0.0,,0.0
FDXRF-231 ,7,2025-01-01,False,4.0,0.0,,0.0
FDXRF-231 ,8,2025-02-01,False,4.0,0.0,,0.0
FDXRF-231 ,9,2025-03-01,False,4.0,0.0,,0.0
FDXRF-231 ,10,2025-04-01,False,4.0,0.0,,0.0
FDXRF-231 ,11,2025-05-01,False,4.0,0.0,2.0,1.0
FDXRF-231 ,12,2025-06-01,False,3.0,1.0,0.0,
FDXRF-252 ,0,2024-06-01,False,16.0,3.0,,1.0
FDXRF-252 ,1,2024-07-01,False,15.0,1.0,,2.0
FDXRF-252 ,2,2024-08-01,False,13.0,2.0,,1.0
FDXRF-252 ,3,2024-09-01,False,12.0,1.0,,1.0
FDXRF-252 ,4,2024-10-01,False,11.0,1.0,,0.0
FDXRF-252 ,5,2024-11-01,False,11.0,0.0,,0.0
FDXRF-252 ,6,2024-12-01,False,23.0,0.0,,0.0
FDXRF-252 ,7,2025-01-01,False,23.0,0.0,,0.0
FDXRF-252 ,8,2025-02-01,False,23.0,0.0,,0.0
FDXRF-252 ,9,2025-03-01,False,23.0,0.0,,2.0
FDXRF-252 ,10,2025-04-01,False,21.0,2.0,,2.0
FDXRF-252 ,11,2025-05-01,False,19.0,2.0,1.0,0.0
FDXRF-252 ,12,2025-06-01,False,19.0,0.0,1.0,
FDXRF-272 ,0,2024-06-01,False,58.0,11.0,,31.0
FDXRF-272 ,1,2024-07-01,False,27.0,31.0,,24.0
FDXRF-272 ,2,2024-08-01,False,3.0,24.0,,0.0
FDXRF-272 ,3,2024-09-01,True,3.0,0.0,,0.0
FDXRF-272 ,4,2024-10-01,True,3.0,0.0,,0.0
FDXRF-272 ,5,2024-11-01,True,3.0,0.0,,2.0
FDXRF-272 ,6,2024-12-01,True,61.0,2.0,,2.0
FDXRF-272 ,7,2025-01-01,False,89.0,2.0,,7.0
FDXRF-272 ,8,2025-02-01,False,82.0,7.0,,4.0
FDXRF-272 ,9,2025-03-01,False,78.0,4.0,,17.0
FDXRF-272 ,10,2025-04-01,False,61.0,17.0,,13.0
FDXRF-272 ,11,2025-05-01,False,48.0,13.0,9.0,4.0
FDXRF-272 ,12,2025-06-01,False,44.0,4.0,7.0,
FDXRF-279 ,0,2024-06-01,False,3.0,0.0,,1.0
FDXRF-279 ,1,2024-07-01,False,2.0,1.0,,0.0
FDXRF-279 ,2,2024-08-01,False,2.0,0.0,,0.0
FDXRF-279 ,3,2024-09-01,False,2.0,0.0,,0.0
FDXRF-279 ,4,2024-10-01,False,2.0,0.0,,0.0
FDXRF-279 ,5,2024-11-01,False,2.0,0.0,,0.0
FDXRF-279 ,6,2024-12-01,False,2.0,0.0,,0.0
FDXRF-279 ,7,2025-01-01,False,2.0,0.0,,0.0
FDXRF-279 ,8,2025-02-01,False,2.0,0.0,,0.0
FDXRF-279 ,9,2025-03-01,False,2.0,0.0,,0.0
FDXRF-279 ,10,2025-04-01,False,2.0,0.0,,0.0
FDXRF-279 ,11,2025-05-01,False,2.0,0.0,0.0,0.0
FDXRF-279 ,12,2025-06-01,False,2.0,0.0,0.0,
FDXRF-295 ,0,2024-06-01,False,23.0,4.0,,2.0
FDXRF-295 ,1,2024-07-01,False,21.0,2.0,,0.0
FDXRF-295 ,2,2024-08-01,False,21.0,0.0,,2.0
FDXRF-295 ,3,2024-09-01,False,19.0,2.0,,1.0
FDXRF-295 ,4,2024-10-01,False,18.0,1.0,,1.0
FDXRF-295 ,5,2024-11-01,False,17.0,1.0,,0.0
FDXRF-295 ,6,2024-12-01,False,17.0,0.0,,0.0
FDXRF-295 ,7,2025-01-01,False,17.0,0.0,,1.0
FDXRF-295 ,8,2025-02-01,False,16.0,1.0,,0.0
FDXRF-295 ,9,2025-03-01,False,16.0,0.0,,1.0
FDXRF-295 ,10,2025-04-01,False,15.0,1.0,,3.0
FDXRF-295 ,11,2025-05-01,False,12.0,3.0,1.0,2.0
FDXRF-295 ,12,2025-06-01,False,10.0,2.0,2.0,
FDXRF-310 ,0,2024-06-01,False,4.0,0.0,,0.0
FDXRF-310 ,1,2024-07-01,False,4.0,0.0,,1.0
FDXRF-310 ,2,2024-08-01,False,3.0,1.0,,0.0
FDXRF-310 ,3,2024-09-01,False,3.0,0.0,,0.0
FDXRF-310 ,4,2024-10-01,False,3.0,0.0,,0.0
FDXRF-310 ,5,2024-11-01,False,3.0,0.0,,0.0
FDXRF-310 ,6,2024-12-01,False,3.0,0.0,,0.0
FDXRF-310 ,7,2025-01-01,False,3.0,0.0,,0.0
FDXRF-310 ,8,2025-02-01,False,3.0,0.0,,0.0
FDXRF-310 ,9,2025-03-01,False,3.0,0.0,,0.0
FDXRF-310 ,10,2025-04-01,False,3.0,0.0,,0.0
FDXRF-310 ,11,2025-05-01,False,3.0,0.0,0.0,0.0
FDXRF-310 ,12,2025-06-01,False,3.0,0.0,0.0,
FDXRF-318 ,0,2024-06-01,True,0.0,0.0,,0.0
FDXRF-318 ,1,2024-07-01,True,0.0,0.0,,0.0
FDXRF-318 ,2,2024-08-01,True,0.0,0.0,,0.0
FDXRF-318 ,3,2024-09-01,True,0.0,0.0,,0.0
FDXRF-318 ,4,2024-10-01,True,0.0,0.0,,0.0
FDXRF-318 ,5,2024-11-01,True,0.0,0.0,,0.0
FDXRF-318 ,6,2024-12-01,True,4.0,0.0,,0.0
FDXRF-318 ,7,2025-01-01,False,4.0,0.0,,0.0
FDXRF-318 ,8,2025-02-01,False,4.0,0.0,,0.0
FDXRF-318 ,9,2025-03-01,False,4.0,0.0,,1.0
FDXRF-318 ,10,2025-04-01,False,3.0,1.0,,0.0
FDXRF-318 ,11,2025-05-01,False,3.0,0.0,0.0,0.0
FDXRF-318 ,12,2025-06-01,False,3.0,0.0,0.0,
FDXRF-344 ,0,2024-06-01,False,9.0,1.0,,0.0
FDXRF-344 ,1,2024-07-01,False,9.0,0.0,,0.0
FDXRF-344 ,2,2024-08-01,False,9.0,0.0,,0.0
FDXRF-344 ,3,2024-09-01,False,9.0,0.0,,0.0
FDXRF-344 ,4,2024-10-01,False,9.0,0.0,,0.0
FDXRF-344 ,5,2024-11-01,False,9.0,0.0,,0.0
FDXRF-344 ,6,2024-12-01,False,9.0,0.0,,0.0
FDXRF-344 ,7,2025-01-01,False,9.0,0.0,,0.0
FDXRF-344 ,8,2025-02-01,False,9.0,0.0,,0.0
FDXRF-344 ,9,2025-03-01,False,9.0,0.0,,1.0
FDXRF-344 ,10,2025-04-01,False,8.0,1.0,,1.0
FDXRF-344 ,11,2025-05-01,False,7.0,1.0,2.0,0.0
FDXRF-344 ,12,2025-06-01,False,7.0,0.0,0.0,
FDXRF-349 ,0,2024-06-01,False,1.0,0.0,,0.0
FDXRF-349 ,1,2024-07-01,False,1.0,0.0,,1.0
FDXRF-349 ,2,2024-08-01,False,0.0,1.0,,0.0
FDXRF-349 ,3,2024-09-01,True,0.0,0.0,,0.0
FDXRF-349 ,4,2024-10-01,True,0.0,0.0,,0.0
FDXRF-349 ,5,2024-11-01,True,0.0,0.0,,0.0
FDXRF-349 ,6,2024-12-01,True,0.0,0.0,,0.0
FDXRF-349 ,7,2025-01-01,True,0.0,0.0,,0.0
FDXRF-349 ,8,2025-02-01,True,0.0,0.0,,0.0
FDXRF-349 ,9,2025-03-01,True,0.0,0.0,,0.0
FDXRF-349 ,10,2025-04-01,True,0.0,0.0,,0.0
FDXRF-349 ,11,2025-05-01,True,0.0,0.0,0.0,0.0
FDXRF-349 ,12,2025-06-01,True,0.0,0.0,0.0,
FDXRF-366 ,0,2024-06-01,False,3.0,0.0,,0.0
FDXRF-366 ,1,2024-07-01,False,3.0,0.0,,2.0
FDXRF-366 ,2,2024-08-01,False,1.0,2.0,,0.0
FDXRF-366 ,3,2024-09-01,False,1.0,0.0,,0.0
FDXRF-366 ,4,2024-10-01,False,1.0,0.0,,0.0
FDXRF-366 ,5,2024-11-01,False,1.0,0.0,,0.0
FDXRF-366 ,6,2024-12-01,False,7.0,0.0,,0.0
FDXRF-366 ,7,2025-01-01,False,7.0,0.0,,0.0
FDXRF-366 ,8,2025-02-01,False,7.0,0.0,,0.0
FDXRF-366 ,9,2025-03-01,False,7.0,0.0,,0.0
FDXRF-366 ,10,2025-04-01,False,7.0,0.0,,1.0
FDXRF-366 ,11,2025-05-01,False,6.0,1.0,0.0,0.0
FDXRF-366 ,12,2025-06-01,False,6.0,0.0,0.0,
FDXRF-43 ,0,2024-06-01,False,19.0,0.0,,0.0
FDXRF-43 ,1,2024-07-01,False,19.0,0.0,,0.0
FDXRF-43 ,2,2024-08-01,False,19.0,0.0,,0.0
FDXRF-43 ,3,2024-09-01,False,19.0,0.0,,0.0
FDXRF-43 ,4,2024-10-01,False,19.0,0.0,,3.0
FDXRF-43 ,5,2024-11-01,False,16.0,3.0,,0.0
FDXRF-43 ,6,2024-12-01,False,16.0,0.0,,0.0
FDXRF-43 ,7,2025-01-01,False,16.0,0.0,,0.0
FDXRF-43 ,8,2025-02-01,False,16.0,0.0,,0.0
FDXRF-43 ,9,2025-03-01,False,16.0,0.0,,0.0
FDXRF-43 ,10,2025-04-01,False,16.0,0.0,,0.0
FDXRF-43 ,11,2025-05-01,False,16.0,0.0,0.0,0.0
FDXRF-43 ,12,2025-06-01,False,16.0,0.0,0.0,
FDXRF-68 ,0,2024-06-01,False,7.0,0.0,,0.0
FDXRF-68 ,1,2024-07-01,False,7.0,0.0,,0.0
FDXRF-68 ,2,2024-08-01,False,7.0,0.0,,0.0
FDXRF-68 ,3,2024-09-01,False,7.0,0.0,,0.0
FDXRF-68 ,4,2024-10-01,False,7.0,0.0,,1.0
FDXRF-68 ,5,2024-11-01,False,6.0,1.0,,0.0
FDXRF-68 ,6,2024-12-01,False,6.0,0.0,,0.0
FDXRF-68 ,7,2025-01-01,False,6.0,0.0,,0.0
FDXRF-68 ,8,2025-02-01,False,6.0,0.0,,0.0
FDXRF-68 ,9,2025-03-01,False,6.0,0.0,,1.0
FDXRF-68 ,10,2025-04-01,False,5.0,1.0,,0.0
FDXRF-68 ,11,2025-05-01,False,5.0,0.0,1.0,0.0
FDXRF-68 ,12,2025-06-01,False,5.0,0.0,1.0,
FDXRG-571 ,0,2024-06-01,False,49.0,23.0,,30.0
FDXRG-571 ,1,2024-07-01,False,19.0,30.0,,20.0
FDXRG-571 ,2,2024-08-01,False,66.0,20.0,,14.0
FDXRG-571 ,3,2024-09-01,False,52.0,14.0,,11.0
FDXRG-571 ,4,2024-10-01,False,41.0,11.0,,8.0
FDXRG-571 ,5,2024-11-01,False,33.0,8.0,,12.0
FDXRG-571 ,6,2024-12-01,False,21.0,12.0,,8.0
FDXRG-571 ,7,2025-01-01,False,13.0,8.0,,4.0
FDXRG-571 ,8,2025-02-01,False,9.0,4.0,,0.0
FDXRG-571 ,9,2025-03-01,True,9.0,0.0,,1.0
FDXRG-571 ,10,2025-04-01,True,8.0,1.0,,0.0
FDXRG-571 ,11,2025-05-01,True,8.0,0.0,5.0,0.0
FDXRG-571 ,12,2025-06-01,True,8.0,0.0,6.0,
FDXRG-630 ,0,2024-06-01,True,0.0,0.0,,0.0
FDXRG-630 ,1,2024-07-01,True,0.0,0.0,,4.0
FDXRG-630 ,2,2024-08-01,True,6.0,4.0,,2.0
FDXRG-630 ,3,2024-09-01,False,4.0,2.0,,5.0
FDXRG-630 ,4,2024-10-01,False,27.0,5.0,,4.0
FDXRG-630 ,5,2024-11-01,False,23.0,4.0,,0.0
FDXRG-630 ,6,2024-12-01,False,23.0,0.0,,0.0
FDXRG-630 ,7,2025-01-01,False,23.0,0.0,,3.0
FDXRG-630 ,8,2025-02-01,False,20.0,3.0,,1.0
FDXRG-630 ,9,2025-03-01,False,19.0,1.0,,0.0
FDXRG-630 ,10,2025-04-01,False,19.0,0.0,,1.0
FDXRG-630 ,11,2025-05-01,False,18.0,1.0,1.0,1.0
FDXRG-630 ,12,2025-06-01,False,17.0,1.0,1.0,
FDXRR-28 ,0,2024-06-01,False,13.0,2.0,,0.0
FDXRR-28 ,1,2024-07-01,False,13.0,0.0,,0.0
FDXRR-28 ,2,2024-08-01,False,13.0,0.0,,0.0
FDXRR-28 ,3,2024-09-01,False,13.0,0.0,,1.0
FDXRR-28 ,4,2024-10-01,False,12.0,1.0,,0.0
FDXRR-28 ,5,2024-11-01,False,12.0,0.0,,0.0
FDXRR-28 ,6,2024-12-01,False,12.0,0.0,,0.0
FDXRR-28 ,7,2025-01-01,False,12.0,0.0,,0.0
FDXRR-28 ,8,2025-02-01,False,12.0,0.0,,0.0
FDXRR-28 ,9,2025-03-01,False,12.0,0.0,,0.0
FDXRR-28 ,10,2025-04-01,False,12.0,0.0,,0.0
FDXRR-28 ,11,2025-05-01,False,12.0,0.0,0.0,0.0
FDXRR-28 ,12,2025-06-01,False,12.0,0.0,0.0,
FDXSB-337 ,0,2024-06-01,False,34.0,0.0,,0.0
FDXSB-337 ,1,2024-07-01,False,34.0,0.0,,0.0
FDXSB-337 ,2,2024-08-01,False,34.0,0.0,,0.0
FDXSB-337 ,3,2024-09-01,False,34.0,0.0,,2.0
FDXSB-337 ,4,2024-10-01,False,32.0,2.0,,0.0
FDXSB-337 ,5,2024-11-01,False,32.0,0.0,,0.0
FDXSB-337 ,6,2024-12-01,False,32.0,0.0,,2.0
FDXSB-337 ,7,2025-01-01,False,30.0,2.0,,0.0
FDXSB-337 ,8,2025-02-01,False,30.0,0.0,,0.0
FDXSB-337 ,9,2025-03-01,False,30.0,0.0,,2.0
FDXSB-337 ,10,2025-04-01,False,28.0,2.0,,0.0
FDXSB-337 ,11,2025-05-01,False,28.0,0.0,1.0,0.0
FDXSB-337 ,12,2025-06-01,False,28.0,0.0,1.0,
FDXSW-2106 ,0,2024-06-01,False,14.0,0.0,,0.0
FDXSW-2106 ,1,2024-07-01,False,14.0,0.0,,0.0
FDXSW-2106 ,2,2024-08-01,False,14.0,0.0,,0.0
FDXSW-2106 ,3,2024-09-01,False,14.0,0.0,,0.0
FDXSW-2106 ,4,2024-10-01,False,14.0,0.0,,0.0
FDXSW-2106 ,5,2024-11-01,False,14.0,0.0,,0.0
FDXSW-2106 ,6,2024-12-01,False,14.0,0.0,,0.0
FDXSW-2106 ,7,2025-01-01,False,14.0,0.0,,0.0
FDXSW-2106 ,8,2025-02-01,False,14.0,0.0,,0.0
FDXSW-2106 ,9,2025-03-01,False,14.0,0.0,,0.0
FDXSW-2106 ,10,2025-04-01,False,14.0,0.0,,0.0
FDXSW-2106 ,11,2025-05-01,False,14.0,0.0,0.0,1.0
FDXSW-2106 ,12,2025-06-01,False,13.0,1.0,0.0,
FDXSW-2294 ,0,2024-06-01,False,8.0,0.0,,0.0
FDXSW-2294 ,1,2024-07-01,False,8.0,0.0,,0.0
FDXSW-2294 ,2,2024-08-01,False,8.0,0.0,,0.0
FDXSW-2294 ,3,2024-09-01,False,8.0,0.0,,0.0
FDXSW-2294 ,4,2024-10-01,False,8.0,0.0,,0.0
FDXSW-2294 ,5,2024-11-01,False,8.0,0.0,,0.0
FDXSW-2294 ,6,2024-12-01,False,8.0,0.0,,0.0
FDXSW-2294 ,7,2025-01-01,False,8.0,0.0,,0.0
FDXSW-2294 ,8,2025-02-01,False,8.0,0.0,,0.0
FDXSW-2294 ,9,2025-03-01,False,8.0,0.0,,0.0
FDXSW-2294 ,10,2025-04-01,False,8.0,0.0,,0.0
FDXSW-2294 ,11,2025-05-01,False,8.0,0.0,1.0,1.0
FDXSW-2294 ,12,2025-06-01,False,7.0,1.0,1.0,
FDXXF1Z-13008-AA ,0,2024-06-01,False,3.0,0.0,,0.0
FDXXF1Z-13008-AA ,1,2024-07-01,False,3.0,0.0,,0.0
FDXXF1Z-13008-AA ,2,2024-08-01,False,3.0,0.0,,0.0
FDXXF1Z-13008-AA ,3,2024-09-01,False,3.0,0.0,,0.0
FDXXF1Z-13008-AA ,4,2024-10-01,False,3.0,0.0,,1.0
FDXXF1Z-13008-AA ,5,2024-11-01,False,2.0,1.0,,0.0
FDXXF1Z-13008-AA ,6,2024-12-01,False,2.0,0.0,,0.0
FDXXF1Z-13008-AA ,7,2025-01-01,False,2.0,0.0,,0.0
FDXXF1Z-13008-AA ,8,2025-02-01,False,2.0,0.0,,0.0
FDXXF1Z-13008-AA ,9,2025-03-01,False,2.0,0.0,,0.0
FDXXF1Z-13008-AA ,10,2025-04-01,False,2.0,0.0,,0.0
FDXXF1Z-13008-AA ,11,2025-05-01,False,2.0,0.0,0.0,0.0
FDXXF1Z-13008-AA ,12,2025-06-01,False,2.0,0.0,0.0,
FDXXF1Z-13008-BA ,0,2024-06-01,False,4.0,0.0,,0.0
FDXXF1Z-13008-BA ,1,2024-07-01,False,4.0,0.0,,0.0
FDXXF1Z-13008-BA ,2,2024-08-01,False,4.0,0.0,,0.0
FDXXF1Z-13008-BA ,3,2024-09-01,False,4.0,0.0,,0.0
FDXXF1Z-13008-BA ,4,2024-10-01,False,4.0,0.0,,1.0
FDXXF1Z-13008-BA ,5,2024-11-01,False,3.0,1.0,,0.0
FDXXF1Z-13008-BA ,6,2024-12-01,False,3.0,0.0,,0.0
FDXXF1Z-13008-BA ,7,2025-01-01,False,3.0,0.0,,0.0
FDXXF1Z-13008-BA ,8,2025-02-01,False,3.0,0.0,,0.0
FDXXF1Z-13008-BA ,9,2025-03-01,False,3.0,0.0,,0.0
FDXXF1Z-13008-BA ,10,2025-04-01,False,3.0,0.0,,0.0
FDXXF1Z-13008-BA ,11,2025-05-01,False,3.0,0.0,0.0,0.0
FDXXF1Z-13008-BA ,12,2025-06-01,False,3.0,0.0,0.0,
FDXXR3Z-13008-BA ,0,2024-06-01,False,0.0,0.0,,0.0
FDXXR3Z-13008-BA ,1,2024-07-01,True,10.0,0.0,,0.0
FDXXR3Z-13008-BA ,2,2024-08-01,False,10.0,0.0,,0.0
FDXXR3Z-13008-BA ,3,2024-09-01,False,10.0,0.0,,0.0
FDXXR3Z-13008-BA ,4,2024-10-01,False,10.0,0.0,,2.0
FDXXR3Z-13008-BA ,5,2024-11-01,False,8.0,2.0,,0.0
FDXXR3Z-13008-BA ,6,2024-12-01,False,8.0,0.0,,0.0
FDXXR3Z-13008-BA ,7,2025-01-01,False,8.0,0.0,,0.0
FDXXR3Z-13008-BA ,8,2025-02-01,False,8.0,0.0,,0.0
FDXXR3Z-13008-BA ,9,2025-03-01,False,8.0,0.0,,0.0
FDXXR3Z-13008-BA ,10,2025-04-01,False,8.0,0.0,,0.0
FDXXR3Z-13008-BA ,11,2025-05-01,False,8.0,0.0,0.0,0.0
FDXXR3Z-13008-BA ,12,2025-06-01,False,8.0,0.0,0.0,
FDXXR3Z-16005-AA ,0,2024-06-01,True,0.0,0.0,,0.0
FDXXR3Z-16005-AA ,1,2024-07-01,True,0.0,0.0,,0.0
FDXXR3Z-16005-AA ,2,2024-08-01,True,0.0,0.0,,0.0
FDXXR3Z-16005-AA ,3,2024-09-01,True,0.0,0.0,,0.0
FDXXR3Z-16005-AA ,4,2024-10-01,True,1.0,0.0,,0.0
FDXXR3Z-16005-AA ,5,2024-11-01,False,1.0,0.0,,1.0
FDXXR3Z-16005-AA ,6,2024-12-01,False,0.0,1.0,,0.0
FDXXR3Z-16005-AA ,7,2025-01-01,True,0.0,0.0,,0.0
FDXXR3Z-16005-AA ,8,2025-02-01,True,0.0,0.0,,0.0
FDXXR3Z-16005-AA ,9,2025-03-01,True,0.0,0.0,,0.0
FDXXR3Z-16005-AA ,10,2025-04-01,True,0.0,0.0,,0.0
FDXXR3Z-16005-AA ,11,2025-05-01,True,0.0,0.0,0.0,0.0
FDXXR3Z-16005-AA ,12,2025-06-01,True,1.0,0.0,0.0,
FDXXR3Z-17682-AA ,0,2024-06-01,False,3.0,0.0,,0.0
FDXXR3Z-17682-AA ,1,2024-07-01,False,3.0,0.0,,0.0
FDXXR3Z-17682-AA ,2,2024-08-01,False,9.0,0.0,,0.0
FDXXR3Z-17682-AA ,3,2024-09-01,False,9.0,0.0,,1.0
FDXXR3Z-17682-AA ,4,2024-10-01,False,8.0,1.0,,0.0
FDXXR3Z-17682-AA ,5,2024-11-01,False,8.0,0.0,,1.0
FDXXR3Z-17682-AA ,6,2024-12-01,False,7.0,1.0,,2.0
FDXXR3Z-17682-AA ,7,2025-01-01,False,5.0,2.0,,0.0
FDXXR3Z-17682-AA ,8,2025-02-01,False,5.0,0.0,,0.0
FDXXR3Z-17682-AA ,9,2025-03-01,False,5.0,0.0,,0.0
FDXXR3Z-17682-AA ,10,2025-04-01,False,5.0,0.0,,0.0
FDXXR3Z-17682-AA ,11,2025-05-01,False,5.0,0.0,0.0,0.0
FDXXR3Z-17682-AA ,12,2025-06-01,False,5.0,0.0,0.0,
FDXXR3Z-17682-BA ,0,2024-06-01,False,1.0,0.0,,0.0
FDXXR3Z-17682-BA ,1,2024-07-01,False,1.0,0.0,,0.0
FDXXR3Z-17682-BA ,2,2024-08-01,False,7.0,0.0,,0.0
FDXXR3Z-17682-BA ,3,2024-09-01,False,7.0,0.0,,0.0
FDXXR3Z-17682-BA ,4,2024-10-01,False,7.0,0.0,,0.0
FDXXR3Z-17682-BA ,5,2024-11-01,False,7.0,0.0,,1.0
FDXXR3Z-17682-BA ,6,2024-12-01,False,6.0,1.0,,1.0
FDXXR3Z-17682-BA ,7,2025-01-01,False,5.0,1.0,,0.0
FDXXR3Z-17682-BA ,8,2025-02-01,False,5.0,0.0,,0.0
FDXXR3Z-17682-BA ,9,2025-03-01,False,5.0,0.0,,1.0
FDXXR3Z-17682-BA ,10,2025-04-01,False,4.0,1.0,,0.0
FDXXR3Z-17682-BA ,11,2025-05-01,False,4.0,0.0,1.0,0.0
FDXXR3Z-17682-BA ,12,2025-06-01,False,4.0,0.0,1.0,
FDXXR3Z-6B209-AA ,0,2024-06-01,False,8.0,2.0,,0.0
FDXXR3Z-6B209-AA ,1,2024-07-01,False,8.0,0.0,,1.0
FDXXR3Z-6B209-AA ,2,2024-08-01,False,7.0,1.0,,1.0
FDXXR3Z-6B209-AA ,3,2024-09-01,False,6.0,1.0,,0.0
FDXXR3Z-6B209-AA ,4,2024-10-01,False,6.0,0.0,,0.0
FDXXR3Z-6B209-AA ,5,2024-11-01,False,6.0,0.0,,1.0
FDXXR3Z-6B209-AA ,6,2024-12-01,False,24.0,1.0,,0.0
FDXXR3Z-6B209-AA ,7,2025-01-01,False,24.0,0.0,,0.0
FDXXR3Z-6B209-AA ,8,2025-02-01,False,24.0,0.0,,0.0
FDXXR3Z-6B209-AA ,9,2025-03-01,False,24.0,0.0,,0.0
FDXXR3Z-6B209-AA ,10,2025-04-01,False,23.0,0.0,,3.0
FDXXR3Z-6B209-AA ,11,2025-05-01,False,20.0,3.0,1.0,4.0
FDXXR3Z-6B209-AA ,12,2025-06-01,False,16.0,4.0,2.0,
FDXXR3Z-8200-AA ,0,2024-06-01,False,2.0,0.0,,0.0
FDXXR3Z-8200-AA ,1,2024-07-01,False,2.0,0.0,,0.0
FDXXR3Z-8200-AA ,2,2024-08-01,False,2.0,0.0,,0.0
FDXXR3Z-8200-AA ,3,2024-09-01,False,2.0,0.0,,1.0
FDXXR3Z-8200-AA ,4,2024-10-01,False,1.0,1.0,,0.0
FDXXR3Z-8200-AA ,5,2024-11-01,False,1.0,0.0,,0.0
FDXXR3Z-8200-AA ,6,2024-12-01,False,1.0,0.0,,0.0
FDXXR3Z-8200-AA ,7,2025-01-01,False,1.0,0.0,,0.0
FDXXR3Z-8200-AA ,8,2025-02-01,False,1.0,0.0,,0.0
FDXXR3Z-8200-AA ,9,2025-03-01,False,1.0,0.0,,0.0
FDXXR3Z-8200-AA ,10,2025-04-01,False,1.0,0.0,,0.0
FDXXR3Z-8200-AA ,11,2025-05-01,False,1.0,0.0,0.0,0.0
FDXXR3Z-8200-AA ,12,2025-06-01,False,1.0,0.0,0.0,
FDXXR3Z-8A284-AA ,0,2024-06-01,False,17.0,0.0,,0.0
FDXXR3Z-8A284-AA ,1,2024-07-01,False,17.0,0.0,,0.0
FDXXR3Z-8A284-AA ,2,2024-08-01,False,17.0,0.0,,0.0
FDXXR3Z-8A284-AA ,3,2024-09-01,False,17.0,0.0,,0.0
FDXXR3Z-8A284-AA ,4,2024-10-01,False,17.0,0.0,,0.0
FDXXR3Z-8A284-AA ,5,2024-11-01,False,17.0,0.0,,0.0
FDXXR3Z-8A284-AA ,6,2024-12-01,False,17.0,0.0,,0.0
FDXXR3Z-8A284-AA ,7,2025-01-01,False,17.0,0.0,,0.0
FDXXR3Z-8A284-AA ,8,2025-02-01,False,17.0,0.0,,0.0
FDXXR3Z-8A284-AA ,9,2025-03-01,False,17.0,0.0,,5.0
FDXXR3Z-8A284-AA ,10,2025-04-01,False,12.0,5.0,,0.0
FDXXR3Z-8A284-AA ,11,2025-05-01,False,12.0,0.0,1.0,0.0
FDXXR3Z-8A284-AA ,12,2025-06-01,False,12.0,0.0,1.0,
FDXXW1Z-3078-BA ,0,2024-06-01,False,6.0,1.0,,0.0
FDXXW1Z-3078-BA ,1,2024-07-01,False,6.0,0.0,,0.0
FDXXW1Z-3078-BA ,2,2024-08-01,False,6.0,0.0,,0.0
FDXXW1Z-3078-BA ,3,2024-09-01,False,6.0,0.0,,1.0
FDXXW1Z-3078-BA ,4,2024-10-01,False,5.0,1.0,,1.0
FDXXW1Z-3078-BA ,5,2024-11-01,False,4.0,1.0,,0.0
FDXXW1Z-3078-BA ,6,2024-12-01,False,4.0,0.0,,1.0
FDXXW1Z-3078-BA ,7,2025-01-01,False,3.0,1.0,,0.0
FDXXW1Z-3078-BA ,8,2025-02-01,False,3.0,0.0,,0.0
FDXXW1Z-3078-BA ,9,2025-03-01,False,3.0,0.0,,0.0
FDXXW1Z-3078-BA ,10,2025-04-01,False,3.0,0.0,,0.0
FDXXW1Z-3078-BA ,11,2025-05-01,False,3.0,0.0,0.0,1.0
FDXXW1Z-3078-BA ,12,2025-06-01,False,2.0,1.0,0.0,
FDXXW1Z-3079-BA ,0,2024-06-01,False,8.0,0.0,,0.0
FDXXW1Z-3079-BA ,1,2024-07-01,False,8.0,0.0,,0.0
FDXXW1Z-3079-BA ,2,2024-08-01,False,8.0,0.0,,0.0
FDXXW1Z-3079-BA ,3,2024-09-01,False,8.0,0.0,,1.0
FDXXW1Z-3079-BA ,4,2024-10-01,False,7.0,1.0,,2.0
FDXXW1Z-3079-BA ,5,2024-11-01,False,5.0,2.0,,0.0
FDXXW1Z-3079-BA ,6,2024-12-01,False,5.0,0.0,,1.0
FDXXW1Z-3079-BA ,7,2025-01-01,False,4.0,1.0,,0.0
FDXXW1Z-3079-BA ,8,2025-02-01,False,4.0,0.0,,0.0
FDXXW1Z-3079-BA ,9,2025-03-01,False,4.0,0.0,,2.0
FDXXW1Z-3079-BA ,10,2025-04-01,False,2.0,2.0,,0.0
FDXXW1Z-3079-BA ,11,2025-05-01,False,2.0,0.0,1.0,0.0
FDXXW1Z-3079-BA ,12,2025-06-01,False,2.0,0.0,0.0,
FM 1020-25 ,0,2024-06-01,True,0.0,0.0,,0.0
FM 1020-25 ,1,2024-07-01,True,0.0,0.0,,0.0
FM 1020-25 ,2,2024-08-01,True,0.0,0.0,,0.0
FM 1020-25 ,3,2024-09-01,True,0.0,0.0,,0.0
FM 1020-25 ,4,2024-10-01,True,0.0,0.0,,0.0
FM 1020-25 ,5,2024-11-01,True,0.0,0.0,,0.0
FM 1020-25 ,6,2024-12-01,True,0.0,0.0,,0.0
FM 1020-25 ,7,2025-01-01,True,0.0,0.0,,1.0
FM 1020-25 ,8,2025-02-01,True,14.0,1.0,,0.0
FM 1020-25 ,9,2025-03-01,False,14.0,0.0,,0.0
FM 1020-25 ,10,2025-04-01,False,14.0,0.0,,0.0
FM 1020-25 ,11,2025-05-01,False,14.0,0.0,0.0,0.0
FM 1020-25 ,12,2025-06-01,False,14.0,0.0,0.0,
FM 1020-STD ,0,2024-06-01,False,19.0,0.0,,0.0
FM 1020-STD ,1,2024-07-01,False,19.0,0.0,,0.0
FM 1020-STD ,2,2024-08-01,False,19.0,0.0,,0.0
FM 1020-STD ,3,2024-09-01,False,19.0,0.0,,3.0
FM 1020-STD ,4,2024-10-01,False,16.0,3.0,,0.0
FM 1020-STD ,5,2024-11-01,False,16.0,0.0,,0.0
FM 1020-STD ,6,2024-12-01,False,16.0,0.0,,0.0
FM 1020-STD ,7,2025-01-01,False,16.0,0.0,,0.0
FM 1020-STD ,8,2025-02-01,False,16.0,0.0,,0.0
FM 1020-STD ,9,2025-03-01,False,16.0,0.0,,0.0
FM 1020-STD ,10,2025-04-01,False,16.0,0.0,,0.0
FM 1020-STD ,11,2025-05-01,False,16.0,0.0,0.0,0.0
FM 1020-STD ,12,2025-06-01,False,16.0,0.0,0.0,
FM 1128-50 ,0,2024-06-01,False,5.0,0.0,,0.0
FM 1128-50 ,1,2024-07-01,False,5.0,0.0,,0.0
FM 1128-50 ,2,2024-08-01,False,5.0,0.0,,0.0
FM 1128-50 ,3,2024-09-01,False,5.0,0.0,,0.0
FM 1128-50 ,4,2024-10-01,False,5.0,0.0,,0.0
FM 1128-50 ,5,2024-11-01,False,5.0,0.0,,0.0
FM 1128-50 ,6,2024-12-01,False,5.0,0.0,,0.0
FM 1128-50 ,7,2025-01-01,False,5.0,0.0,,0.0
FM 1128-50 ,8,2025-02-01,False,5.0,0.0,,0.0
FM 1128-50 ,9,2025-03-01,False,5.0,0.0,,0.0
FM 1128-50 ,10,2025-04-01,False,5.0,0.0,,2.0
FM 1128-50 ,11,2025-05-01,False,3.0,2.0,0.0,0.0
FM 1128-50 ,12,2025-06-01,False,3.0,0.0,0.0,
FM 1132-50 ,0,2024-06-01,False,3.0,1.0,,0.0
FM 1132-50 ,1,2024-07-01,False,3.0,0.0,,0.0
FM 1132-50 ,2,2024-08-01,False,3.0,0.0,,0.0
FM 1132-50 ,3,2024-09-01,False,3.0,0.0,,0.0
FM 1132-50 ,4,2024-10-01,False,3.0,0.0,,0.0
FM 1132-50 ,5,2024-11-01,False,3.0,0.0,,0.0
FM 1132-50 ,6,2024-12-01,False,3.0,0.0,,0.0
FM 1132-50 ,7,2025-01-01,False,3.0,0.0,,0.0
FM 1132-50 ,8,2025-02-01,False,3.0,0.0,,0.0
FM 1132-50 ,9,2025-03-01,False,3.0,0.0,,0.0
FM 1132-50 ,10,2025-04-01,False,3.0,0.0,,0.0
FM 1132-50 ,11,2025-05-01,False,3.0,0.0,0.0,0.0
FM 1132-50 ,12,2025-06-01,False,3.0,0.0,0.0,
FM 1404-STD ,0,2024-06-01,False,33.0,0.0,,0.0
FM 1404-STD ,1,2024-07-01,False,33.0,0.0,,1.0
FM 1404-STD ,2,2024-08-01,False,32.0,1.0,,0.0
FM 1404-STD ,3,2024-09-01,False,32.0,0.0,,0.0
FM 1404-STD ,4,2024-10-01,False,32.0,0.0,,0.0
FM 1404-STD ,5,2024-11-01,False,32.0,0.0,,6.0
FM 1404-STD ,6,2024-12-01,False,26.0,6.0,,4.0
FM 1404-STD ,7,2025-01-01,False,22.0,4.0,,0.0
FM 1404-STD ,8,2025-02-01,False,22.0,0.0,,0.0
FM 1404-STD ,9,2025-03-01,False,22.0,0.0,,0.0
FM 1404-STD ,10,2025-04-01,False,22.0,0.0,,0.0
FM 1404-STD ,11,2025-05-01,False,22.0,0.0,1.0,0.0
FM 1404-STD ,12,2025-06-01,False,22.0,0.0,2.0,
FM 1466-STD ,0,2024-06-01,True,0.0,0.0,,0.0
FM 1466-STD ,1,2024-07-01,True,0.0,0.0,,0.0
FM 1466-STD ,2,2024-08-01,True,0.0,0.0,,0.0
FM 1466-STD ,3,2024-09-01,True,0.0,0.0,,0.0
FM 1466-STD ,4,2024-10-01,True,0.0,0.0,,0.0
FM 1466-STD ,5,2024-11-01,True,0.0,0.0,,15.0
FM 1466-STD ,6,2024-12-01,True,-15.0,15.0,,0.0
FM 1466-STD ,7,2025-01-01,True,-15.0,0.0,,0.0
FM 1466-STD ,8,2025-02-01,True,0.0,0.0,,0.0
FM 1466-STD ,9,2025-03-01,True,0.0,0.0,,0.0
FM 1466-STD ,10,2025-04-01,True,0.0,0.0,,0.0
FM 1466-STD ,11,2025-05-01,True,0.0,0.0,1.0,0.0
FM 1466-STD ,12,2025-06-01,True,0.0,0.0,2.0,
FM 1557-STD ,0,2024-06-01,False,1.0,0.0,,0.0
FM 1557-STD ,1,2024-07-01,False,1.0,0.0,,0.0
FM 1557-STD ,2,2024-08-01,False,1.0,0.0,,0.0
FM 1557-STD ,3,2024-09-01,False,1.0,0.0,,0.0
FM 1557-STD ,4,2024-10-01,False,3.0,0.0,,1.0
FM 1557-STD ,5,2024-11-01,False,2.0,1.0,,0.0
FM 1557-STD ,6,2024-12-01,False,2.0,0.0,,0.0
FM 1557-STD ,7,2025-01-01,False,2.0,0.0,,0.0
FM 1557-STD ,8,2025-02-01,False,2.0,0.0,,0.0
FM 1557-STD ,9,2025-03-01,False,2.0,0.0,,0.0
FM 1557-STD ,10,2025-04-01,False,2.0,0.0,,0.0
FM 1557-STD ,11,2025-05-01,False,2.0,0.0,0.0,0.0
FM 1557-STD ,12,2025-06-01,False,2.0,0.0,0.0,
FM 1923M ,0,2024-06-01,False,28.0,16.0,,17.0
FM 1923M ,1,2024-07-01,False,11.0,17.0,,4.0
FM 1923M ,2,2024-08-01,True,7.0,4.0,,6.0
FM 1923M ,3,2024-09-01,True,1.0,6.0,,4.0
FM 1923M ,4,2024-10-01,True,205.0,4.0,,3.0
FM 1923M ,5,2024-11-01,False,202.0,3.0,,10.0
FM 1923M ,6,2024-12-01,False,192.0,10.0,,11.0
FM 1923M ,7,2025-01-01,False,181.0,11.0,,123.0
FM 1923M ,8,2025-02-01,False,158.0,123.0,,49.0
FM 1923M ,9,2025-03-01,False,109.0,49.0,,47.0
FM 1923M ,10,2025-04-01,False,62.0,47.0,,22.0
FM 1923M ,11,2025-05-01,False,40.0,22.0,24.0,15.0
FM 1923M ,12,2025-06-01,False,25.0,15.0,13.0,
FM 1985-25 ,0,2024-06-01,False,16.0,9.0,,4.0
FM 1985-25 ,1,2024-07-01,False,112.0,4.0,,5.0
FM 1985-25 ,2,2024-08-01,False,107.0,5.0,,5.0
FM 1985-25 ,3,2024-09-01,False,102.0,5.0,,4.0
FM 1985-25 ,4,2024-10-01,False,98.0,4.0,,3.0
FM 1985-25 ,5,2024-11-01,False,95.0,3.0,,12.0
FM 1985-25 ,6,2024-12-01,False,83.0,12.0,,11.0
FM 1985-25 ,7,2025-01-01,False,72.0,11.0,,3.0
FM 1985-25 ,8,2025-02-01,False,69.0,3.0,,10.0
FM 1985-25 ,9,2025-03-01,False,59.0,10.0,,3.0
FM 1985-25 ,10,2025-04-01,False,56.0,3.0,,2.0
FM 1985-25 ,11,2025-05-01,False,79.0,2.0,4.0,0.0
FM 1985-25 ,12,2025-06-01,False,79.0,0.0,4.0,
FM 1985-50 ,0,2024-06-01,False,53.0,0.0,,2.0
FM 1985-50 ,1,2024-07-01,False,51.0,2.0,,0.0
FM 1985-50 ,2,2024-08-01,False,51.0,0.0,,1.0
FM 1985-50 ,3,2024-09-01,False,50.0,1.0,,0.0
FM 1985-50 ,4,2024-10-01,False,50.0,0.0,,1.0
FM 1985-50 ,5,2024-11-01,False,49.0,1.0,,3.0
FM 1985-50 ,6,2024-12-01,False,46.0,3.0,,1.0
FM 1985-50 ,7,2025-01-01,False,45.0,1.0,,0.0
FM 1985-50 ,8,2025-02-01,False,45.0,0.0,,0.0
FM 1985-50 ,9,2025-03-01,False,45.0,0.0,,2.0
FM 1985-50 ,10,2025-04-01,False,43.0,2.0,,4.0
FM 1985-50 ,11,2025-05-01,False,39.0,4.0,2.0,3.0
FM 1985-50 ,12,2025-06-01,False,36.0,3.0,4.0,
FM 1985-75 ,0,2024-06-01,False,5.0,0.0,,0.0
FM 1985-75 ,1,2024-07-01,False,5.0,0.0,,0.0
FM 1985-75 ,2,2024-08-01,False,5.0,0.0,,0.0
FM 1985-75 ,3,2024-09-01,False,5.0,0.0,,0.0
FM 1985-75 ,4,2024-10-01,False,5.0,0.0,,0.0
FM 1985-75 ,5,2024-11-01,False,5.0,0.0,,0.0
FM 1985-75 ,6,2024-12-01,False,5.0,0.0,,1.0
FM 1985-75 ,7,2025-01-01,False,4.0,1.0,,0.0
FM 1985-75 ,8,2025-02-01,False,4.0,0.0,,0.0
FM 1985-75 ,9,2025-03-01,False,4.0,0.0,,0.0
FM 1985-75 ,10,2025-04-01,False,4.0,0.0,,0.0
FM 1985-75 ,11,2025-05-01,False,4.0,0.0,0.0,0.0
FM 1985-75 ,12,2025-06-01,False,4.0,0.0,0.0,
FM 1985-STD ,0,2024-06-01,True,2.0,0.0,,12.0
FM 1985-STD ,1,2024-07-01,True,170.0,12.0,,21.0
FM 1985-STD ,2,2024-08-01,False,149.0,21.0,,19.0
FM 1985-STD ,3,2024-09-01,False,130.0,19.0,,15.0
FM 1985-STD ,4,2024-10-01,False,115.0,15.0,,15.0
FM 1985-STD ,5,2024-11-01,False,100.0,15.0,,17.0
FM 1985-STD ,6,2024-12-01,False,83.0,17.0,,11.0
FM 1985-STD ,7,2025-01-01,False,72.0,11.0,,13.0
FM 1985-STD ,8,2025-02-01,False,59.0,13.0,,12.0
FM 1985-STD ,9,2025-03-01,False,47.0,12.0,,5.0
FM 1985-STD ,10,2025-04-01,False,42.0,5.0,,9.0
FM 1985-STD ,11,2025-05-01,False,133.0,9.0,12.0,7.0
FM 1985-STD ,12,2025-06-01,False,126.0,7.0,15.0,
FM 2020-010 ,0,2024-06-01,False,25.0,0.0,,0.0
FM 2020-010 ,1,2024-07-01,False,25.0,0.0,,0.0
FM 2020-010 ,2,2024-08-01,False,25.0,0.0,,9.0
FM 2020-010 ,3,2024-09-01,False,16.0,9.0,,0.0
FM 2020-010 ,4,2024-10-01,False,16.0,0.0,,0.0
FM 2020-010 ,5,2024-11-01,False,16.0,0.0,,0.0
FM 2020-010 ,6,2024-12-01,False,16.0,0.0,,0.0
FM 2020-010 ,7,2025-01-01,False,16.0,0.0,,0.0
FM 2020-010 ,8,2025-02-01,False,16.0,0.0,,0.0
FM 2020-010 ,9,2025-03-01,False,16.0,0.0,,16.0
FM 2020-010 ,10,2025-04-01,False,0.0,16.0,,0.0
FM 2020-010 ,11,2025-05-01,True,0.0,0.0,0.0,0.0
FM 2020-010 ,12,2025-06-01,True,0.0,0.0,1.0,
FM 2020-020 ,0,2024-06-01,False,35.0,0.0,,0.0
FM 2020-020 ,1,2024-07-01,False,35.0,0.0,,0.0
FM 2020-020 ,2,2024-08-01,False,35.0,0.0,,5.0
FM 2020-020 ,3,2024-09-01,False,30.0,5.0,,0.0
FM 2020-020 ,4,2024-10-01,False,30.0,0.0,,0.0
FM 2020-020 ,5,2024-11-01,False,30.0,0.0,,0.0
FM 2020-020 ,6,2024-12-01,False,30.0,0.0,,0.0
FM 2020-020 ,7,2025-01-01,False,30.0,0.0,,0.0
FM 2020-020 ,8,2025-02-01,False,30.0,0.0,,5.0
FM 2020-020 ,9,2025-03-01,False,25.0,5.0,,0.0
FM 2020-020 ,10,2025-04-01,False,25.0,0.0,,0.0
FM 2020-020 ,11,2025-05-01,False,25.0,0.0,0.0,0.0
FM 2020-020 ,12,2025-06-01,False,25.0,0.0,1.0,
FM 2020-030 ,0,2024-06-01,False,51.0,0.0,,0.0
FM 2020-030 ,1,2024-07-01,False,51.0,0.0,,0.0
FM 2020-030 ,2,2024-08-01,False,51.0,0.0,,5.0
FM 2020-030 ,3,2024-09-01,False,46.0,5.0,,0.0
FM 2020-030 ,4,2024-10-01,False,46.0,0.0,,0.0
FM 2020-030 ,5,2024-11-01,False,46.0,0.0,,0.0
FM 2020-030 ,6,2024-12-01,False,46.0,0.0,,0.0
FM 2020-030 ,7,2025-01-01,False,46.0,0.0,,0.0
FM 2020-030 ,8,2025-02-01,False,46.0,0.0,,0.0
FM 2020-030 ,9,2025-03-01,False,46.0,0.0,,0.0
FM 2020-030 ,10,2025-04-01,False,46.0,0.0,,0.0
FM 2020-030 ,11,2025-05-01,False,46.0,0.0,1.0,0.0
FM 2020-030 ,12,2025-06-01,False,46.0,0.0,1.0,
FM 2020-040 ,0,2024-06-01,False,12.0,0.0,,0.0
FM 2020-040 ,1,2024-07-01,False,12.0,0.0,,0.0
FM 2020-040 ,2,2024-08-01,False,12.0,0.0,,2.0
FM 2020-040 ,3,2024-09-01,False,10.0,2.0,,4.0
FM 2020-040 ,4,2024-10-01,False,6.0,4.0,,0.0
FM 2020-040 ,5,2024-11-01,False,6.0,0.0,,0.0
FM 2020-040 ,6,2024-12-01,False,6.0,0.0,,0.0
FM 2020-040 ,7,2025-01-01,False,6.0,0.0,,0.0
FM 2020-040 ,8,2025-02-01,False,6.0,0.0,,0.0
FM 2020-040 ,9,2025-03-01,False,6.0,0.0,,0.0
FM 2020-040 ,10,2025-04-01,False,6.0,0.0,,0.0
FM 2020-040 ,11,2025-05-01,False,16.0,0.0,0.0,0.0
FM 2020-040 ,12,2025-06-01,False,16.0,0.0,1.0,
FM 2020-STD ,0,2024-06-01,False,20.0,0.0,,20.0
FM 2020-STD ,1,2024-07-01,False,0.0,20.0,,0.0
FM 2020-STD ,2,2024-08-01,True,0.0,0.0,,0.0
FM 2020-STD ,3,2024-09-01,True,0.0,0.0,,0.0
FM 2020-STD ,4,2024-10-01,True,0.0,0.0,,0.0
FM 2020-STD ,5,2024-11-01,True,0.0,0.0,,0.0
FM 2020-STD ,6,2024-12-01,True,0.0,0.0,,0.0
FM 2020-STD ,7,2025-01-01,True,0.0,0.0,,0.0
FM 2020-STD ,8,2025-02-01,True,15.0,0.0,,5.0
FM 2020-STD ,9,2025-03-01,False,10.0,5.0,,0.0
FM 2020-STD ,10,2025-04-01,False,10.0,0.0,,0.0
FM 2020-STD ,11,2025-05-01,False,25.0,0.0,1.0,0.0
FM 2020-STD ,12,2025-06-01,False,25.0,0.0,3.0,
FM 224-4146 ,0,2024-06-01,False,101.0,0.0,,0.0
FM 224-4146 ,1,2024-07-01,False,101.0,0.0,,2.0
FM 224-4146 ,2,2024-08-01,False,99.0,2.0,,2.0
FM 224-4146 ,3,2024-09-01,False,101.0,2.0,,0.0
FM 224-4146 ,4,2024-10-01,False,101.0,0.0,,0.0
FM 224-4146 ,5,2024-11-01,False,101.0,0.0,,0.0
FM 224-4146 ,6,2024-12-01,False,101.0,0.0,,0.0
FM 224-4146 ,7,2025-01-01,False,101.0,0.0,,0.0
FM 224-4146 ,8,2025-02-01,False,101.0,0.0,,0.0
FM 224-4146 ,9,2025-03-01,False,101.0,0.0,,0.0
FM 224-4146 ,10,2025-04-01,False,101.0,0.0,,0.0
FM 224-4146 ,11,2025-05-01,False,101.0,0.0,0.0,0.0
FM 224-4146 ,12,2025-06-01,False,101.0,0.0,0.0,
FM 224-4147 ,0,2024-06-01,False,10.0,0.0,,0.0
FM 224-4147 ,1,2024-07-01,False,10.0,0.0,,0.0
FM 224-4147 ,2,2024-08-01,False,10.0,0.0,,0.0
FM 224-4147 ,3,2024-09-01,False,10.0,0.0,,0.0
FM 224-4147 ,4,2024-10-01,False,10.0,0.0,,1.0
FM 224-4147 ,5,2024-11-01,False,9.0,1.0,,0.0
FM 224-4147 ,6,2024-12-01,False,9.0,0.0,,0.0
FM 224-4147 ,7,2025-01-01,False,9.0,0.0,,0.0
FM 224-4147 ,8,2025-02-01,False,9.0,0.0,,0.0
FM 224-4147 ,9,2025-03-01,False,9.0,0.0,,0.0
FM 224-4147 ,10,2025-04-01,False,9.0,0.0,,0.0
FM 224-4147 ,11,2025-05-01,False,9.0,0.0,0.0,0.0
FM 224-4147 ,12,2025-06-01,False,9.0,0.0,0.0,
FM 2555-010 ,0,2024-06-01,False,130.0,19.0,,22.0
FM 2555-010 ,1,2024-07-01,False,108.0,22.0,,36.0
FM 2555-010 ,2,2024-08-01,False,72.0,36.0,,25.0
FM 2555-010 ,3,2024-09-01,False,47.0,25.0,,25.0
FM 2555-010 ,4,2024-10-01,False,82.0,25.0,,75.0
FM 2555-010 ,5,2024-11-01,False,7.0,75.0,,5.0
FM 2555-010 ,6,2024-12-01,True,2.0,5.0,,5.0
FM 2555-010 ,7,2025-01-01,True,-3.0,5.0,,62.0
FM 2555-010 ,8,2025-02-01,True,75.0,62.0,,39.0
FM 2555-010 ,9,2025-03-01,False,36.0,39.0,,28.0
FM 2555-010 ,10,2025-04-01,False,8.0,28.0,,29.0
FM 2555-010 ,11,2025-05-01,True,139.0,29.0,29.0,17.0
FM 2555-010 ,12,2025-06-01,False,122.0,17.0,29.0,
FM 2555-020 ,0,2024-06-01,False,101.0,19.0,,6.0
FM 2555-020 ,1,2024-07-01,False,95.0,6.0,,7.0
FM 2555-020 ,2,2024-08-01,False,88.0,7.0,,3.0
FM 2555-020 ,3,2024-09-01,False,85.0,3.0,,35.0
FM 2555-020 ,4,2024-10-01,False,50.0,35.0,,36.0
FM 2555-020 ,5,2024-11-01,False,14.0,36.0,,3.0
FM 2555-020 ,6,2024-12-01,False,12.0,3.0,,3.0
FM 2555-020 ,7,2025-01-01,False,9.0,3.0,,14.0
FM 2555-020 ,8,2025-02-01,True,19.0,14.0,,13.0
FM 2555-020 ,9,2025-03-01,False,6.0,13.0,,2.0
FM 2555-020 ,10,2025-04-01,True,4.0,2.0,,14.0
FM 2555-020 ,11,2025-05-01,True,210.0,14.0,19.0,1.0
FM 2555-020 ,12,2025-06-01,False,209.0,1.0,36.0,
FM 2555-030 ,0,2024-06-01,False,15.0,0.0,,1.0
FM 2555-030 ,1,2024-07-01,False,114.0,1.0,,3.0
FM 2555-030 ,2,2024-08-01,False,111.0,3.0,,1.0
FM 2555-030 ,3,2024-09-01,False,110.0,1.0,,7.0
FM 2555-030 ,4,2024-10-01,False,103.0,7.0,,1.0
FM 2555-030 ,5,2024-11-01,False,102.0,1.0,,0.0
FM 2555-030 ,6,2024-12-01,False,102.0,0.0,,1.0
FM 2555-030 ,7,2025-01-01,False,101.0,1.0,,0.0
FM 2555-030 ,8,2025-02-01,False,101.0,0.0,,18.0
FM 2555-030 ,9,2025-03-01,False,83.0,18.0,,7.0
FM 2555-030 ,10,2025-04-01,False,76.0,7.0,,9.0
FM 2555-030 ,11,2025-05-01,False,67.0,9.0,9.0,0.0
FM 2555-030 ,12,2025-06-01,False,67.0,0.0,6.0,
FM 2555-040 ,0,2024-06-01,False,30.0,0.0,,1.0
FM 2555-040 ,1,2024-07-01,False,29.0,1.0,,0.0
FM 2555-040 ,2,2024-08-01,False,29.0,0.0,,0.0
FM 2555-040 ,3,2024-09-01,False,29.0,0.0,,0.0
FM 2555-040 ,4,2024-10-01,False,29.0,0.0,,0.0
FM 2555-040 ,5,2024-11-01,False,29.0,0.0,,10.0
FM 2555-040 ,6,2024-12-01,False,19.0,10.0,,1.0
FM 2555-040 ,7,2025-01-01,False,18.0,1.0,,0.0
FM 2555-040 ,8,2025-02-01,False,18.0,0.0,,0.0
FM 2555-040 ,9,2025-03-01,False,18.0,0.0,,0.0
FM 2555-040 ,10,2025-04-01,False,18.0,0.0,,11.0
FM 2555-040 ,11,2025-05-01,False,22.0,11.0,3.0,0.0
FM 2555-040 ,12,2025-06-01,False,22.0,0.0,4.0,
FM 2555-STD ,0,2024-06-01,False,126.0,16.0,,28.0
FM 2555-STD ,1,2024-07-01,False,98.0,28.0,,43.0
FM 2555-STD ,2,2024-08-01,False,55.0,43.0,,13.0
FM 2555-STD ,3,2024-09-01,False,42.0,13.0,,27.0
FM 2555-STD ,4,2024-10-01,False,15.0,27.0,,9.0
FM 2555-STD ,5,2024-11-01,True,6.0,9.0,,3.0
FM 2555-STD ,6,2024-12-01,True,3.0,3.0,,2.0
FM 2555-STD ,7,2025-01-01,True,1.0,2.0,,43.0
FM 2555-STD ,8,2025-02-01,True,108.0,43.0,,68.0
FM 2555-STD ,9,2025-03-01,False,40.0,68.0,,31.0
FM 2555-STD ,10,2025-04-01,False,9.0,31.0,,10.0
FM 2555-STD ,11,2025-05-01,True,0.0,10.0,8.0,1.0
FM 2555-STD ,12,2025-06-01,True,1.0,1.0,26.0,
FM 3055-010 ,0,2024-06-01,False,2.0,0.0,,0.0
FM 3055-010 ,1,2024-07-01,False,2.0,0.0,,0.0
FM 3055-010 ,2,2024-08-01,False,2.0,0.0,,0.0
FM 3055-010 ,3,2024-09-01,False,2.0,0.0,,0.0
FM 3055-010 ,4,2024-10-01,False,2.0,0.0,,1.0
FM 3055-010 ,5,2024-11-01,False,1.0,1.0,,0.0
FM 3055-010 ,6,2024-12-01,False,1.0,0.0,,0.0
FM 3055-010 ,7,2025-01-01,False,1.0,0.0,,0.0
FM 3055-010 ,8,2025-02-01,False,3.0,0.0,,0.0
FM 3055-010 ,9,2025-03-01,False,3.0,0.0,,0.0
FM 3055-010 ,10,2025-04-01,False,3.0,0.0,,0.0
FM 3055-010 ,11,2025-05-01,False,3.0,0.0,0.0,0.0
FM 3055-010 ,12,2025-06-01,False,3.0,0.0,0.0,
FM 3055-STD ,0,2024-06-01,False,1.0,0.0,,0.0
FM 3055-STD ,1,2024-07-01,False,11.0,0.0,,0.0
FM 3055-STD ,2,2024-08-01,False,11.0,0.0,,0.0
FM 3055-STD ,3,2024-09-01,False,11.0,0.0,,0.0
FM 3055-STD ,4,2024-10-01,False,11.0,0.0,,0.0
FM 3055-STD ,5,2024-11-01,False,11.0,0.0,,0.0
FM 3055-STD ,6,2024-12-01,False,11.0,0.0,,1.0
FM 3055-STD ,7,2025-01-01,False,10.0,1.0,,0.0
FM 3055-STD ,8,2025-02-01,False,10.0,0.0,,0.0
FM 3055-STD ,9,2025-03-01,False,10.0,0.0,,0.0
FM 3055-STD ,10,2025-04-01,False,10.0,0.0,,0.0
FM 3055-STD ,11,2025-05-01,False,10.0,0.0,0.0,1.0
FM 3055-STD ,12,2025-06-01,False,9.0,1.0,0.0,
FM 3190-010 ,0,2024-06-01,False,29.0,1.0,,0.0
FM 3190-010 ,1,2024-07-01,False,29.0,0.0,,2.0
FM 3190-010 ,2,2024-08-01,False,27.0,2.0,,1.0
FM 3190-010 ,3,2024-09-01,False,26.0,1.0,,2.0
FM 3190-010 ,4,2024-10-01,False,24.0,2.0,,0.0
FM 3190-010 ,5,2024-11-01,False,24.0,0.0,,5.0
FM 3190-010 ,6,2024-12-01,False,19.0,5.0,,4.0
FM 3190-010 ,7,2025-01-01,False,15.0,4.0,,0.0
FM 3190-010 ,8,2025-02-01,False,15.0,0.0,,1.0
FM 3190-010 ,9,2025-03-01,False,14.0,1.0,,1.0
FM 3190-010 ,10,2025-04-01,False,13.0,1.0,,1.0
FM 3190-010 ,11,2025-05-01,False,12.0,1.0,1.0,1.0
FM 3190-010 ,12,2025-06-01,False,11.0,1.0,2.0,
FM 3190-020 ,0,2024-06-01,False,8.0,0.0,,0.0
FM 3190-020 ,1,2024-07-01,False,8.0,0.0,,0.0
FM 3190-020 ,2,2024-08-01,False,8.0,0.0,,1.0
FM 3190-020 ,3,2024-09-01,False,7.0,1.0,,0.0
FM 3190-020 ,4,2024-10-01,False,32.0,0.0,,5.0
FM 3190-020 ,5,2024-11-01,False,27.0,5.0,,1.0
FM 3190-020 ,6,2024-12-01,False,26.0,1.0,,1.0
FM 3190-020 ,7,2025-01-01,False,25.0,1.0,,1.0
FM 3190-020 ,8,2025-02-01,False,24.0,1.0,,1.0
FM 3190-020 ,9,2025-03-01,False,23.0,1.0,,0.0
FM 3190-020 ,10,2025-04-01,False,23.0,0.0,,0.0
FM 3190-020 ,11,2025-05-01,False,23.0,0.0,1.0,0.0
FM 3190-020 ,12,2025-06-01,False,23.0,0.0,1.0,
FM 3190-030 ,0,2024-06-01,True,0.0,0.0,,0.0
FM 3190-030 ,1,2024-07-01,True,20.0,0.0,,0.0
FM 3190-030 ,2,2024-08-01,False,20.0,0.0,,0.0
FM 3190-030 ,3,2024-09-01,False,20.0,0.0,,0.0
FM 3190-030 ,4,2024-10-01,False,20.0,0.0,,1.0
FM 3190-030 ,5,2024-11-01,False,19.0,1.0,,3.0
FM 3190-030 ,6,2024-12-01,False,16.0,3.0,,0.0
FM 3190-030 ,7,2025-01-01,False,16.0,0.0,,0.0
FM 3190-030 ,8,2025-02-01,False,16.0,0.0,,0.0
FM 3190-030 ,9,2025-03-01,False,16.0,0.0,,0.0
FM 3190-030 ,10,2025-04-01,False,16.0,0.0,,0.0
FM 3190-030 ,11,2025-05-01,False,16.0,0.0,0.0,0.0
FM 3190-030 ,12,2025-06-01,False,16.0,0.0,0.0,
FM 3190-040 ,0,2024-06-01,False,7.0,0.0,,0.0
FM 3190-040 ,1,2024-07-01,False,7.0,0.0,,0.0
FM 3190-040 ,2,2024-08-01,False,7.0,0.0,,0.0
FM 3190-040 ,3,2024-09-01,False,7.0,0.0,,0.0
FM 3190-040 ,4,2024-10-01,False,7.0,0.0,,1.0
FM 3190-040 ,5,2024-11-01,False,6.0,1.0,,1.0
FM 3190-040 ,6,2024-12-01,False,5.0,1.0,,0.0
FM 3190-040 ,7,2025-01-01,False,5.0,0.0,,0.0
FM 3190-040 ,8,2025-02-01,False,15.0,0.0,,1.0
FM 3190-040 ,9,2025-03-01,False,14.0,1.0,,0.0
FM 3190-040 ,10,2025-04-01,False,14.0,0.0,,0.0
FM 3190-040 ,11,2025-05-01,False,14.0,0.0,0.0,0.0
FM 3190-040 ,12,2025-06-01,False,14.0,0.0,1.0,
FM 3190-STD ,0,2024-06-01,False,23.0,0.0,,0.0
FM 3190-STD ,1,2024-07-01,False,23.0,0.0,,1.0
FM 3190-STD ,2,2024-08-01,False,22.0,1.0,,3.0
FM 3190-STD ,3,2024-09-01,False,19.0,3.0,,0.0
FM 3190-STD ,4,2024-10-01,False,19.0,0.0,,4.0
FM 3190-STD ,5,2024-11-01,False,15.0,4.0,,0.0
FM 3190-STD ,6,2024-12-01,False,15.0,0.0,,0.0
FM 3190-STD ,7,2025-01-01,False,15.0,0.0,,5.0
FM 3190-STD ,8,2025-02-01,False,10.0,5.0,,2.0
FM 3190-STD ,9,2025-03-01,False,8.0,2.0,,1.0
FM 3190-STD ,10,2025-04-01,False,7.0,1.0,,1.0
FM 3190-STD ,11,2025-05-01,False,26.0,1.0,1.0,1.0
FM 3190-STD ,12,2025-06-01,False,25.0,1.0,1.0,
FM 3310-010 ,0,2024-06-01,False,52.0,1.0,,0.0
FM 3310-010 ,1,2024-07-01,False,52.0,0.0,,1.0
FM 3310-010 ,2,2024-08-01,False,51.0,1.0,,0.0
FM 3310-010 ,3,2024-09-01,False,51.0,0.0,,0.0
FM 3310-010 ,4,2024-10-01,False,51.0,0.0,,0.0
FM 3310-010 ,5,2024-11-01,False,51.0,0.0,,0.0
FM 3310-010 ,6,2024-12-01,False,51.0,0.0,,0.0
FM 3310-010 ,7,2025-01-01,False,51.0,0.0,,0.0
FM 3310-010 ,8,2025-02-01,False,51.0,0.0,,0.0
FM 3310-010 ,9,2025-03-01,False,51.0,0.0,,0.0
FM 3310-010 ,10,2025-04-01,False,51.0,0.0,,0.0
FM 3310-010 ,11,2025-05-01,False,51.0,0.0,0.0,0.0
FM 3310-010 ,12,2025-06-01,False,51.0,0.0,0.0,
FM 3310-030 ,0,2024-06-01,False,32.0,0.0,,0.0
FM 3310-030 ,1,2024-07-01,False,32.0,0.0,,0.0
FM 3310-030 ,2,2024-08-01,False,32.0,0.0,,0.0
FM 3310-030 ,3,2024-09-01,False,32.0,0.0,,1.0
FM 3310-030 ,4,2024-10-01,False,31.0,1.0,,0.0
FM 3310-030 ,5,2024-11-01,False,31.0,0.0,,0.0
FM 3310-030 ,6,2024-12-01,False,31.0,0.0,,0.0
FM 3310-030 ,7,2025-01-01,False,31.0,0.0,,0.0
FM 3310-030 ,8,2025-02-01,False,31.0,0.0,,0.0
FM 3310-030 ,9,2025-03-01,False,31.0,0.0,,0.0
FM 3310-030 ,10,2025-04-01,False,31.0,0.0,,0.0
FM 3310-030 ,11,2025-05-01,False,31.0,0.0,0.0,0.0
FM 3310-030 ,12,2025-06-01,False,31.0,0.0,0.0,
FM 3310-STD ,0,2024-06-01,False,29.0,1.0,,1.0
FM 3310-STD ,1,2024-07-01,False,28.0,1.0,,0.0
FM 3310-STD ,2,2024-08-01,False,28.0,0.0,,1.0
FM 3310-STD ,3,2024-09-01,False,27.0,1.0,,0.0
FM 3310-STD ,4,2024-10-01,False,27.0,0.0,,0.0
FM 3310-STD ,5,2024-11-01,False,27.0,0.0,,25.0
FM 3310-STD ,6,2024-12-01,False,2.0,25.0,,0.0
FM 3310-STD ,7,2025-01-01,True,2.0,0.0,,0.0
FM 3310-STD ,8,2025-02-01,True,2.0,0.0,,0.0
FM 3310-STD ,9,2025-03-01,True,2.0,0.0,,0.0
FM 3310-STD ,10,2025-04-01,True,2.0,0.0,,0.0
FM 3310-STD ,11,2025-05-01,True,27.0,0.0,2.0,2.0
FM 3310-STD ,12,2025-06-01,False,25.0,2.0,5.0,
FM 345-020 ,0,2024-06-01,False,0.0,5.0,,0.0
FM 345-020 ,1,2024-07-01,True,0.0,0.0,,0.0
FM 345-020 ,2,2024-08-01,True,0.0,0.0,,0.0
FM 345-020 ,3,2024-09-01,True,0.0,0.0,,0.0
FM 345-020 ,4,2024-10-01,True,0.0,0.0,,0.0
FM 345-020 ,5,2024-11-01,True,0.0,0.0,,0.0
FM 345-020 ,6,2024-12-01,True,0.0,0.0,,0.0
FM 345-020 ,7,2025-01-01,True,0.0,0.0,,0.0
FM 345-020 ,8,2025-02-01,True,0.0,0.0,,0.0
FM 345-020 ,9,2025-03-01,True,0.0,0.0,,0.0
FM 345-020 ,10,2025-04-01,True,0.0,0.0,,0.0
FM 345-020 ,11,2025-05-01,True,0.0,0.0,0.0,0.0
FM 345-020 ,12,2025-06-01,True,0.0,0.0,0.0,
FM 345-030 ,0,2024-06-01,False,6.0,0.0,,0.0
FM 345-030 ,1,2024-07-01,False,6.0,0.0,,0.0
FM 345-030 ,2,2024-08-01,False,6.0,0.0,,0.0
FM 345-030 ,3,2024-09-01,False,6.0,0.0,,0.0
FM 345-030 ,4,2024-10-01,False,6.0,0.0,,0.0
FM 345-030 ,5,2024-11-01,False,6.0,0.0,,0.0
FM 345-030 ,6,2024-12-01,False,6.0,0.0,,0.0
FM 345-030 ,7,2025-01-01,False,6.0,0.0,,2.0
FM 345-030 ,8,2025-02-01,False,4.0,2.0,,0.0
FM 345-030 ,9,2025-03-01,False,4.0,0.0,,0.0
FM 345-030 ,10,2025-04-01,False,4.0,0.0,,0.0
FM 345-030 ,11,2025-05-01,False,4.0,0.0,0.0,0.0
FM 345-030 ,12,2025-06-01,False,4.0,0.0,0.0,
FM 345-040 ,0,2024-06-01,False,11.0,0.0,,0.0
FM 345-040 ,1,2024-07-01,False,11.0,0.0,,0.0
FM 345-040 ,2,2024-08-01,False,11.0,0.0,,0.0
FM 345-040 ,3,2024-09-01,False,11.0,0.0,,0.0
FM 345-040 ,4,2024-10-01,False,11.0,0.0,,0.0
FM 345-040 ,5,2024-11-01,False,11.0,0.0,,0.0
FM 345-040 ,6,2024-12-01,False,11.0,0.0,,0.0
FM 345-040 ,7,2025-01-01,False,11.0,0.0,,2.0
FM 345-040 ,8,2025-02-01,False,9.0,2.0,,1.0
FM 345-040 ,9,2025-03-01,False,8.0,1.0,,3.0
FM 345-040 ,10,2025-04-01,False,5.0,3.0,,0.0
FM 345-040 ,11,2025-05-01,False,5.0,0.0,0.0,0.0
FM 345-040 ,12,2025-06-01,False,5.0,0.0,0.0,
FM 345-STD ,0,2024-06-01,False,0.0,6.0,,0.0
FM 345-STD ,1,2024-07-01,True,0.0,0.0,,0.0
FM 345-STD ,2,2024-08-01,True,0.0,0.0,,0.0
FM 345-STD ,3,2024-09-01,True,0.0,0.0,,0.0
FM 345-STD ,4,2024-10-01,True,0.0,0.0,,0.0
FM 345-STD ,5,2024-11-01,True,0.0,0.0,,0.0
FM 345-STD ,6,2024-12-01,True,0.0,0.0,,0.0
FM 345-STD ,7,2025-01-01,True,0.0,0.0,,0.0
FM 345-STD ,8,2025-02-01,True,0.0,0.0,,0.0
FM 345-STD ,9,2025-03-01,True,0.0,0.0,,0.0
FM 345-STD ,10,2025-04-01,True,0.0,0.0,,0.0
FM 345-STD ,11,2025-05-01,True,0.0,0.0,0.0,0.0
FM 345-STD ,12,2025-06-01,True,0.0,0.0,0.0,
FM 4124-010 ,0,2024-06-01,False,29.0,0.0,,0.0
FM 4124-010 ,1,2024-07-01,False,29.0,0.0,,0.0
FM 4124-010 ,2,2024-08-01,False,29.0,0.0,,5.0
FM 4124-010 ,3,2024-09-01,False,24.0,5.0,,0.0
FM 4124-010 ,4,2024-10-01,False,24.0,0.0,,0.0
FM 4124-010 ,5,2024-11-01,False,24.0,0.0,,0.0
FM 4124-010 ,6,2024-12-01,False,24.0,0.0,,20.0
FM 4124-010 ,7,2025-01-01,False,4.0,20.0,,0.0
FM 4124-010 ,8,2025-02-01,False,4.0,0.0,,4.0
FM 4124-010 ,9,2025-03-01,False,0.0,4.0,,0.0
FM 4124-010 ,10,2025-04-01,True,0.0,0.0,,0.0
FM 4124-010 ,11,2025-05-01,True,0.0,0.0,1.0,0.0
FM 4124-010 ,12,2025-06-01,True,0.0,0.0,1.0,
FM 4124-020 ,0,2024-06-01,False,37.0,0.0,,0.0
FM 4124-020 ,1,2024-07-01,False,37.0,0.0,,0.0
FM 4124-020 ,2,2024-08-01,False,37.0,0.0,,10.0
FM 4124-020 ,3,2024-09-01,False,27.0,10.0,,0.0
FM 4124-020 ,4,2024-10-01,False,27.0,0.0,,0.0
FM 4124-020 ,5,2024-11-01,False,27.0,0.0,,0.0
FM 4124-020 ,6,2024-12-01,False,27.0,0.0,,20.0
FM 4124-020 ,7,2025-01-01,False,7.0,20.0,,0.0
FM 4124-020 ,8,2025-02-01,False,7.0,0.0,,0.0
FM 4124-020 ,9,2025-03-01,False,7.0,0.0,,12.0
FM 4124-020 ,10,2025-04-01,False,-5.0,12.0,,0.0
FM 4124-020 ,11,2025-05-01,True,20.0,0.0,4.0,0.0
FM 4124-020 ,12,2025-06-01,False,20.0,0.0,4.0,
FM 4124-030 ,0,2024-06-01,False,31.0,0.0,,0.0
FM 4124-030 ,1,2024-07-01,False,31.0,0.0,,0.0
FM 4124-030 ,2,2024-08-01,False,31.0,0.0,,0.0
FM 4124-030 ,3,2024-09-01,False,31.0,0.0,,0.0
FM 4124-030 ,4,2024-10-01,False,31.0,0.0,,0.0
FM 4124-030 ,5,2024-11-01,False,31.0,0.0,,0.0
FM 4124-030 ,6,2024-12-01,False,31.0,0.0,,0.0
FM 4124-030 ,7,2025-01-01,False,31.0,0.0,,4.0
FM 4124-030 ,8,2025-02-01,False,27.0,4.0,,0.0
FM 4124-030 ,9,2025-03-01,False,27.0,0.0,,0.0
FM 4124-030 ,10,2025-04-01,False,27.0,0.0,,8.0
FM 4124-030 ,11,2025-05-01,False,19.0,8.0,2.0,0.0
FM 4124-030 ,12,2025-06-01,False,19.0,0.0,1.0,
FM 4124-040 ,0,2024-06-01,False,13.0,0.0,,0.0
FM 4124-040 ,1,2024-07-01,False,13.0,0.0,,0.0
FM 4124-040 ,2,2024-08-01,False,13.0,0.0,,10.0
FM 4124-040 ,3,2024-09-01,False,3.0,10.0,,0.0
FM 4124-040 ,4,2024-10-01,False,3.0,0.0,,0.0
FM 4124-040 ,5,2024-11-01,False,3.0,0.0,,3.0
FM 4124-040 ,6,2024-12-01,False,0.0,3.0,,0.0
FM 4124-040 ,7,2025-01-01,True,0.0,0.0,,0.0
FM 4124-040 ,8,2025-02-01,True,0.0,0.0,,0.0
FM 4124-040 ,9,2025-03-01,True,0.0,0.0,,0.0
FM 4124-040 ,10,2025-04-01,True,0.0,0.0,,8.0
FM 4124-040 ,11,2025-05-01,True,17.0,8.0,2.0,0.0
FM 4124-040 ,12,2025-06-01,False,17.0,0.0,2.0,
FM 4124-STD ,0,2024-06-01,False,18.0,0.0,,18.0
FM 4124-STD ,1,2024-07-01,False,0.0,18.0,,0.0
FM 4124-STD ,2,2024-08-01,True,0.0,0.0,,0.0
FM 4124-STD ,3,2024-09-01,True,0.0,0.0,,0.0
FM 4124-STD ,4,2024-10-01,True,0.0,0.0,,1.0
FM 4124-STD ,5,2024-11-01,True,0.0,1.0,,0.0
FM 4124-STD ,6,2024-12-01,True,0.0,0.0,,0.0
FM 4124-STD ,7,2025-01-01,True,0.0,0.0,,4.0
FM 4124-STD ,8,2025-02-01,True,11.0,4.0,,0.0
FM 4124-STD ,9,2025-03-01,False,11.0,0.0,,0.0
FM 4124-STD ,10,2025-04-01,False,11.0,0.0,,8.0
FM 4124-STD ,11,2025-05-01,False,3.0,8.0,4.0,0.0
FM 4124-STD ,12,2025-06-01,False,3.0,0.0,3.0,
FM 4125-020 ,0,2024-06-01,False,1.0,0.0,,0.0
FM 4125-020 ,1,2024-07-01,False,1.0,0.0,,1.0
FM 4125-020 ,2,2024-08-01,False,0.0,1.0,,0.0
FM 4125-020 ,3,2024-09-01,True,0.0,0.0,,0.0
FM 4125-020 ,4,2024-10-01,True,0.0,0.0,,0.0
FM 4125-020 ,5,2024-11-01,True,0.0,0.0,,0.0
FM 4125-020 ,6,2024-12-01,True,0.0,0.0,,0.0
FM 4125-020 ,7,2025-01-01,True,0.0,0.0,,0.0
FM 4125-020 ,8,2025-02-01,True,3.0,0.0,,1.0
FM 4125-020 ,9,2025-03-01,False,2.0,1.0,,0.0
FM 4125-020 ,10,2025-04-01,False,2.0,0.0,,0.0
FM 4125-020 ,11,2025-05-01,False,2.0,0.0,0.0,0.0
FM 4125-020 ,12,2025-06-01,False,2.0,0.0,0.0,
FM 423-020 ,0,2024-06-01,False,4.0,0.0,,0.0
FM 423-020 ,1,2024-07-01,False,4.0,0.0,,3.0
FM 423-020 ,2,2024-08-01,False,1.0,3.0,,1.0
FM 423-020 ,3,2024-09-01,False,0.0,1.0,,0.0
FM 423-020 ,4,2024-10-01,True,0.0,0.0,,0.0
FM 423-020 ,5,2024-11-01,True,0.0,0.0,,0.0
FM 423-020 ,6,2024-12-01,True,0.0,0.0,,0.0
FM 423-020 ,7,2025-01-01,True,0.0,0.0,,0.0
FM 423-020 ,8,2025-02-01,True,0.0,0.0,,0.0
FM 423-020 ,9,2025-03-01,True,0.0,0.0,,0.0
FM 423-020 ,10,2025-04-01,True,0.0,0.0,,0.0
FM 423-020 ,11,2025-05-01,True,0.0,0.0,0.0,0.0
FM 423-020 ,12,2025-06-01,True,0.0,0.0,0.0,
FM 423-030 ,0,2024-06-01,False,3.0,0.0,,0.0
FM 423-030 ,1,2024-07-01,False,3.0,0.0,,1.0
FM 423-030 ,2,2024-08-01,False,2.0,1.0,,0.0
FM 423-030 ,3,2024-09-01,False,2.0,0.0,,0.0
FM 423-030 ,4,2024-10-01,False,2.0,0.0,,0.0
FM 423-030 ,5,2024-11-01,False,2.0,0.0,,0.0
FM 423-030 ,6,2024-12-01,False,2.0,0.0,,0.0
FM 423-030 ,7,2025-01-01,False,2.0,0.0,,1.0
FM 423-030 ,8,2025-02-01,False,1.0,1.0,,0.0
FM 423-030 ,9,2025-03-01,False,1.0,0.0,,0.0
FM 423-030 ,10,2025-04-01,False,1.0,0.0,,0.0
FM 423-030 ,11,2025-05-01,False,1.0,0.0,0.0,0.0
FM 423-030 ,12,2025-06-01,False,1.0,0.0,0.0,
FM 423-040 ,0,2024-06-01,False,3.0,0.0,,2.0
FM 423-040 ,1,2024-07-01,False,1.0,2.0,,0.0
FM 423-040 ,2,2024-08-01,False,1.0,0.0,,1.0
FM 423-040 ,3,2024-09-01,False,0.0,1.0,,0.0
FM 423-040 ,4,2024-10-01,True,0.0,0.0,,0.0
FM 423-040 ,5,2024-11-01,True,0.0,0.0,,0.0
FM 423-040 ,6,2024-12-01,True,0.0,0.0,,0.0
FM 423-040 ,7,2025-01-01,True,0.0,0.0,,0.0
FM 423-040 ,8,2025-02-01,True,0.0,0.0,,0.0
FM 423-040 ,9,2025-03-01,True,0.0,0.0,,0.0
FM 423-040 ,10,2025-04-01,True,0.0,0.0,,0.0
FM 423-040 ,11,2025-05-01,True,0.0,0.0,0.0,0.0
FM 423-040 ,12,2025-06-01,True,0.0,0.0,0.0,
FM 423-STD ,0,2024-06-01,False,2.0,0.0,,0.0
FM 423-STD ,1,2024-07-01,False,2.0,0.0,,0.0
FM 423-STD ,2,2024-08-01,False,2.0,0.0,,0.0
FM 423-STD ,3,2024-09-01,False,2.0,0.0,,0.0
FM 423-STD ,4,2024-10-01,False,2.0,0.0,,1.0
FM 423-STD ,5,2024-11-01,False,1.0,1.0,,0.0
FM 423-STD ,6,2024-12-01,False,1.0,0.0,,0.0
FM 423-STD ,7,2025-01-01,False,1.0,0.0,,0.0
FM 423-STD ,8,2025-02-01,False,1.0,0.0,,0.0
FM 423-STD ,9,2025-03-01,False,1.0,0.0,,0.0
FM 423-STD ,10,2025-04-01,False,1.0,0.0,,0.0
FM 423-STD ,11,2025-05-01,False,1.0,0.0,0.0,0.0
FM 423-STD ,12,2025-06-01,False,1.0,0.0,0.0,
FM 4400-010 ,0,2024-06-01,False,14.0,1.0,,0.0
FM 4400-010 ,1,2024-07-01,False,14.0,0.0,,1.0
FM 4400-010 ,2,2024-08-01,False,13.0,1.0,,1.0
FM 4400-010 ,3,2024-09-01,False,12.0,1.0,,0.0
FM 4400-010 ,4,2024-10-01,False,12.0,0.0,,0.0
FM 4400-010 ,5,2024-11-01,False,12.0,0.0,,5.0
FM 4400-010 ,6,2024-12-01,False,7.0,5.0,,1.0
FM 4400-010 ,7,2025-01-01,False,6.0,1.0,,0.0
FM 4400-010 ,8,2025-02-01,False,6.0,0.0,,0.0
FM 4400-010 ,9,2025-03-01,False,6.0,0.0,,1.0
FM 4400-010 ,10,2025-04-01,False,5.0,1.0,,0.0
FM 4400-010 ,11,2025-05-01,False,15.0,0.0,1.0,0.0
FM 4400-010 ,12,2025-06-01,False,15.0,0.0,2.0,
FM 4400-020 ,0,2024-06-01,False,17.0,0.0,,0.0
FM 4400-020 ,1,2024-07-01,False,17.0,0.0,,0.0
FM 4400-020 ,2,2024-08-01,False,17.0,0.0,,1.0
FM 4400-020 ,3,2024-09-01,False,16.0,1.0,,1.0
FM 4400-020 ,4,2024-10-01,False,15.0,1.0,,1.0
FM 4400-020 ,5,2024-11-01,False,14.0,1.0,,3.0
FM 4400-020 ,6,2024-12-01,False,11.0,3.0,,1.0
FM 4400-020 ,7,2025-01-01,False,10.0,1.0,,1.0
FM 4400-020 ,8,2025-02-01,False,9.0,1.0,,1.0
FM 4400-020 ,9,2025-03-01,False,8.0,1.0,,0.0
FM 4400-020 ,10,2025-04-01,False,8.0,0.0,,0.0
FM 4400-020 ,11,2025-05-01,False,8.0,0.0,1.0,0.0
FM 4400-020 ,12,2025-06-01,False,8.0,0.0,1.0,
FM 4400-030 ,0,2024-06-01,False,12.0,0.0,,0.0
FM 4400-030 ,1,2024-07-01,False,12.0,0.0,,0.0
FM 4400-030 ,2,2024-08-01,False,12.0,0.0,,0.0
FM 4400-030 ,3,2024-09-01,False,12.0,0.0,,0.0
FM 4400-030 ,4,2024-10-01,False,12.0,0.0,,1.0
FM 4400-030 ,5,2024-11-01,False,11.0,1.0,,0.0
FM 4400-030 ,6,2024-12-01,False,11.0,0.0,,1.0
FM 4400-030 ,7,2025-01-01,False,10.0,1.0,,0.0
FM 4400-030 ,8,2025-02-01,False,10.0,0.0,,0.0
FM 4400-030 ,9,2025-03-01,False,10.0,0.0,,0.0
FM 4400-030 ,10,2025-04-01,False,10.0,0.0,,0.0
FM 4400-030 ,11,2025-05-01,False,10.0,0.0,0.0,0.0
FM 4400-030 ,12,2025-06-01,False,10.0,0.0,0.0,
FM 4400-040 ,0,2024-06-01,False,4.0,0.0,,0.0
FM 4400-040 ,1,2024-07-01,False,4.0,0.0,,0.0
FM 4400-040 ,2,2024-08-01,False,4.0,0.0,,0.0
FM 4400-040 ,3,2024-09-01,False,4.0,0.0,,0.0
FM 4400-040 ,4,2024-10-01,False,4.0,0.0,,3.0
FM 4400-040 ,5,2024-11-01,False,1.0,3.0,,1.0
FM 4400-040 ,6,2024-12-01,False,0.0,1.0,,0.0
FM 4400-040 ,7,2025-01-01,True,0.0,0.0,,0.0
FM 4400-040 ,8,2025-02-01,True,10.0,0.0,,1.0
FM 4400-040 ,9,2025-03-01,False,9.0,1.0,,0.0
FM 4400-040 ,10,2025-04-01,False,9.0,0.0,,0.0
FM 4400-040 ,11,2025-05-01,False,9.0,0.0,0.0,0.0
FM 4400-040 ,12,2025-06-01,False,9.0,0.0,1.0,
FM 4400-STD ,0,2024-06-01,False,13.0,0.0,,0.0
FM 4400-STD ,1,2024-07-01,False,13.0,0.0,,1.0
FM 4400-STD ,2,2024-08-01,False,12.0,1.0,,0.0
FM 4400-STD ,3,2024-09-01,False,12.0,0.0,,0.0
FM 4400-STD ,4,2024-10-01,False,12.0,0.0,,0.0
FM 4400-STD ,5,2024-11-01,False,12.0,0.0,,0.0
FM 4400-STD ,6,2024-12-01,False,12.0,0.0,,0.0
FM 4400-STD ,7,2025-01-01,False,12.0,0.0,,5.0
FM 4400-STD ,8,2025-02-01,False,22.0,5.0,,1.0
FM 4400-STD ,9,2025-03-01,False,21.0,1.0,,0.0
FM 4400-STD ,10,2025-04-01,False,21.0,0.0,,1.0
FM 4400-STD ,11,2025-05-01,False,20.0,1.0,1.0,0.0
FM 4400-STD ,12,2025-06-01,False,20.0,0.0,1.0,
FM 454-020 ,0,2024-06-01,False,5.0,0.0,,1.0
FM 454-020 ,1,2024-07-01,False,4.0,1.0,,0.0
FM 454-020 ,2,2024-08-01,False,4.0,0.0,,0.0
FM 454-020 ,3,2024-09-01,False,4.0,0.0,,0.0
FM 454-020 ,4,2024-10-01,False,4.0,0.0,,0.0
FM 454-020 ,5,2024-11-01,False,4.0,0.0,,0.0
FM 454-020 ,6,2024-12-01,False,4.0,0.0,,1.0
FM 454-020 ,7,2025-01-01,False,3.0,1.0,,0.0
FM 454-020 ,8,2025-02-01,False,3.0,0.0,,0.0
FM 454-020 ,9,2025-03-01,False,3.0,0.0,,0.0
FM 454-020 ,10,2025-04-01,False,3.0,0.0,,0.0
FM 454-020 ,11,2025-05-01,False,3.0,0.0,0.0,0.0
FM 454-020 ,12,2025-06-01,False,3.0,0.0,0.0,
FM 454-040 ,0,2024-06-01,False,2.0,3.0,,0.0
FM 454-040 ,1,2024-07-01,False,2.0,0.0,,0.0
FM 454-040 ,2,2024-08-01,False,2.0,0.0,,0.0
FM 454-040 ,3,2024-09-01,False,2.0,0.0,,0.0
FM 454-040 ,4,2024-10-01,False,2.0,0.0,,0.0
FM 454-040 ,5,2024-11-01,False,2.0,0.0,,0.0
FM 454-040 ,6,2024-12-01,False,2.0,0.0,,1.0
FM 454-040 ,7,2025-01-01,False,1.0,1.0,,0.0
FM 454-040 ,8,2025-02-01,False,1.0,0.0,,0.0
FM 454-040 ,9,2025-03-01,False,1.0,0.0,,0.0
FM 454-040 ,10,2025-04-01,False,1.0,0.0,,0.0
FM 454-040 ,11,2025-05-01,False,1.0,0.0,0.0,1.0
FM 454-040 ,12,2025-06-01,False,0.0,1.0,0.0,
FM 4663-010 ,0,2024-06-01,False,33.0,1.0,,2.0
FM 4663-010 ,1,2024-07-01,False,31.0,2.0,,13.0
FM 4663-010 ,2,2024-08-01,False,18.0,13.0,,2.0
FM 4663-010 ,3,2024-09-01,False,16.0,2.0,,3.0
FM 4663-010 ,4,2024-10-01,False,38.0,3.0,,3.0
FM 4663-010 ,5,2024-11-01,False,35.0,3.0,,0.0
FM 4663-010 ,6,2024-12-01,False,35.0,0.0,,4.0
FM 4663-010 ,7,2025-01-01,False,31.0,4.0,,2.0
FM 4663-010 ,8,2025-02-01,False,29.0,2.0,,12.0
FM 4663-010 ,9,2025-03-01,False,17.0,12.0,,0.0
FM 4663-010 ,10,2025-04-01,False,17.0,0.0,,9.0
FM 4663-010 ,11,2025-05-01,False,33.0,9.0,3.0,1.0
FM 4663-010 ,12,2025-06-01,False,32.0,1.0,4.0,
FM 4663-020 ,0,2024-06-01,False,79.0,2.0,,1.0
FM 4663-020 ,1,2024-07-01,False,78.0,1.0,,2.0
FM 4663-020 ,2,2024-08-01,False,76.0,2.0,,12.0
FM 4663-020 ,3,2024-09-01,False,64.0,12.0,,25.0
FM 4663-020 ,4,2024-10-01,False,39.0,25.0,,28.0
FM 4663-020 ,5,2024-11-01,False,11.0,28.0,,0.0
FM 4663-020 ,6,2024-12-01,False,11.0,0.0,,4.0
FM 4663-020 ,7,2025-01-01,False,7.0,4.0,,0.0
FM 4663-020 ,8,2025-02-01,False,7.0,0.0,,1.0
FM 4663-020 ,9,2025-03-01,False,6.0,1.0,,1.0
FM 4663-020 ,10,2025-04-01,True,5.0,1.0,,9.0
FM 4663-020 ,11,2025-05-01,True,46.0,9.0,6.0,0.0
FM 4663-020 ,12,2025-06-01,False,46.0,0.0,7.0,
FM 4663-030 ,0,2024-06-01,True,2.0,0.0,,0.0
FM 4663-030 ,1,2024-07-01,True,32.0,0.0,,10.0
FM 4663-030 ,2,2024-08-01,False,22.0,10.0,,2.0
FM 4663-030 ,3,2024-09-01,False,20.0,2.0,,5.0
FM 4663-030 ,4,2024-10-01,False,15.0,5.0,,1.0
FM 4663-030 ,5,2024-11-01,False,14.0,1.0,,1.0
FM 4663-030 ,6,2024-12-01,False,13.0,1.0,,1.0
FM 4663-030 ,7,2025-01-01,False,12.0,1.0,,1.0
FM 4663-030 ,8,2025-02-01,False,11.0,1.0,,0.0
FM 4663-030 ,9,2025-03-01,False,11.0,0.0,,5.0
FM 4663-030 ,10,2025-04-01,False,6.0,5.0,,9.0
FM 4663-030 ,11,2025-05-01,False,17.0,9.0,2.0,0.0
FM 4663-030 ,12,2025-06-01,False,17.0,0.0,5.0,
FM 4663-040 ,0,2024-06-01,False,9.0,0.0,,1.0
FM 4663-040 ,1,2024-07-01,False,8.0,1.0,,0.0
FM 4663-040 ,2,2024-08-01,False,8.0,0.0,,0.0
FM 4663-040 ,3,2024-09-01,False,8.0,0.0,,0.0
FM 4663-040 ,4,2024-10-01,False,27.0,0.0,,0.0
FM 4663-040 ,5,2024-11-01,False,27.0,0.0,,10.0
FM 4663-040 ,6,2024-12-01,False,17.0,10.0,,1.0
FM 4663-040 ,7,2025-01-01,False,16.0,1.0,,0.0
FM 4663-040 ,8,2025-02-01,False,16.0,0.0,,0.0
FM 4663-040 ,9,2025-03-01,False,16.0,0.0,,0.0
FM 4663-040 ,10,2025-04-01,False,16.0,0.0,,11.0
FM 4663-040 ,11,2025-05-01,False,5.0,11.0,2.0,0.0
FM 4663-040 ,12,2025-06-01,False,5.0,0.0,2.0,
FM 4663-STD ,0,2024-06-01,False,49.0,1.0,,0.0
FM 4663-STD ,1,2024-07-01,False,49.0,0.0,,21.0
FM 4663-STD ,2,2024-08-01,False,28.0,21.0,,1.0
FM 4663-STD ,3,2024-09-01,False,27.0,1.0,,12.0
FM 4663-STD ,4,2024-10-01,False,15.0,12.0,,3.0
FM 4663-STD ,5,2024-11-01,False,12.0,3.0,,2.0
FM 4663-STD ,6,2024-12-01,False,10.0,2.0,,1.0
FM 4663-STD ,7,2025-01-01,False,9.0,1.0,,0.0
FM 4663-STD ,8,2025-02-01,False,24.0,0.0,,17.0
FM 4663-STD ,9,2025-03-01,False,7.0,17.0,,0.0
FM 4663-STD ,10,2025-04-01,False,7.0,0.0,,9.0
FM 4663-STD ,11,2025-05-01,False,38.0,9.0,6.0,3.0
FM 4663-STD ,12,2025-06-01,False,35.0,3.0,4.0,
FM 4960-25 ,0,2024-06-01,False,6.0,1.0,,0.0
FM 4960-25 ,1,2024-07-01,False,6.0,0.0,,0.0
FM 4960-25 ,2,2024-08-01,False,6.0,0.0,,0.0
FM 4960-25 ,3,2024-09-01,False,6.0,0.0,,0.0
FM 4960-25 ,4,2024-10-01,False,6.0,0.0,,0.0
FM 4960-25 ,5,2024-11-01,False,6.0,0.0,,0.0
FM 4960-25 ,6,2024-12-01,False,6.0,0.0,,0.0
FM 4960-25 ,7,2025-01-01,False,6.0,0.0,,1.0
FM 4960-25 ,8,2025-02-01,False,5.0,1.0,,0.0
FM 4960-25 ,9,2025-03-01,False,5.0,0.0,,1.0
FM 4960-25 ,10,2025-04-01,False,4.0,1.0,,0.0
FM 4960-25 ,11,2025-05-01,False,4.0,0.0,1.0,0.0
FM 4960-25 ,12,2025-06-01,False,4.0,0.0,1.0,
FM 5080-25 ,0,2024-06-01,True,0.0,0.0,,0.0
FM 5080-25 ,1,2024-07-01,True,7.0,0.0,,2.0
FM 5080-25 ,2,2024-08-01,False,5.0,2.0,,2.0
FM 5080-25 ,3,2024-09-01,False,3.0,2.0,,3.0
FM 5080-25 ,4,2024-10-01,False,0.0,3.0,,0.0
FM 5080-25 ,5,2024-11-01,True,0.0,0.0,,0.0
FM 5080-25 ,6,2024-12-01,True,0.0,0.0,,0.0
FM 5080-25 ,7,2025-01-01,True,0.0,0.0,,0.0
FM 5080-25 ,8,2025-02-01,True,0.0,0.0,,0.0
FM 5080-25 ,9,2025-03-01,True,0.0,0.0,,0.0
FM 5080-25 ,10,2025-04-01,True,0.0,0.0,,0.0
FM 5080-25 ,11,2025-05-01,True,0.0,0.0,0.0,0.0
FM 5080-25 ,12,2025-06-01,True,0.0,0.0,0.0,
FM 5080-STD ,0,2024-06-01,True,0.0,0.0,,0.0
FM 5080-STD ,1,2024-07-01,True,12.0,0.0,,0.0
FM 5080-STD ,2,2024-08-01,False,12.0,0.0,,4.0
FM 5080-STD ,3,2024-09-01,False,8.0,4.0,,4.0
FM 5080-STD ,4,2024-10-01,False,4.0,4.0,,2.0
FM 5080-STD ,5,2024-11-01,False,2.0,2.0,,2.0
FM 5080-STD ,6,2024-12-01,False,0.0,2.0,,0.0
FM 5080-STD ,7,2025-01-01,True,0.0,0.0,,0.0
FM 5080-STD ,8,2025-02-01,True,0.0,0.0,,0.0
FM 5080-STD ,9,2025-03-01,True,0.0,0.0,,0.0
FM 5080-STD ,10,2025-04-01,True,0.0,0.0,,4.0
FM 5080-STD ,11,2025-05-01,True,8.0,4.0,2.0,2.0
FM 5080-STD ,12,2025-06-01,False,6.0,2.0,2.0,
FM 513099 ,0,2024-06-01,True,0.0,0.0,,0.0
FM 513099 ,1,2024-07-01,True,0.0,0.0,,0.0
FM 513099 ,2,2024-08-01,True,0.0,0.0,,0.0
FM 513099 ,3,2024-09-01,True,0.0,0.0,,0.0
FM 513099 ,4,2024-10-01,True,0.0,0.0,,0.0
FM 513099 ,5,2024-11-01,True,0.0,0.0,,2.0
FM 513099 ,6,2024-12-01,True,6.0,2.0,,0.0
FM 513099 ,7,2025-01-01,False,6.0,0.0,,2.0
FM 513099 ,8,2025-02-01,False,4.0,2.0,,0.0
FM 513099 ,9,2025-03-01,False,4.0,0.0,,0.0
FM 513099 ,10,2025-04-01,False,4.0,0.0,,0.0
FM 513099 ,11,2025-05-01,False,4.0,0.0,1.0,0.0
FM 513099 ,12,2025-06-01,False,4.0,0.0,1.0,
FM 5819-020 ,0,2024-06-01,True,0.0,0.0,,0.0
FM 5819-020 ,1,2024-07-01,True,0.0,0.0,,0.0
FM 5819-020 ,2,2024-08-01,True,0.0,0.0,,0.0
FM 5819-020 ,3,2024-09-01,True,0.0,0.0,,0.0
FM 5819-020 ,4,2024-10-01,True,5.0,0.0,,1.0
FM 5819-020 ,5,2024-11-01,False,4.0,1.0,,0.0
FM 5819-020 ,6,2024-12-01,False,4.0,0.0,,0.0
FM 5819-020 ,7,2025-01-01,False,4.0,0.0,,0.0
FM 5819-020 ,8,2025-02-01,False,4.0,0.0,,0.0
FM 5819-020 ,9,2025-03-01,False,4.0,0.0,,0.0
FM 5819-020 ,10,2025-04-01,False,4.0,0.0,,0.0
FM 5819-020 ,11,2025-05-01,False,4.0,0.0,0.0,0.0
FM 5819-020 ,12,2025-06-01,False,4.0,0.0,0.0,
FM 653-020 ,0,2024-06-01,False,0.0,0.0,,0.0
FM 653-020 ,1,2024-07-01,True,0.0,0.0,,0.0
FM 653-020 ,2,2024-08-01,True,0.0,0.0,,0.0
FM 653-020 ,3,2024-09-01,True,0.0,0.0,,0.0
FM 653-020 ,4,2024-10-01,True,0.0,0.0,,0.0
FM 653-020 ,5,2024-11-01,True,0.0,0.0,,0.0
FM 653-020 ,6,2024-12-01,True,0.0,0.0,,0.0
FM 653-020 ,7,2025-01-01,True,0.0,0.0,,0.0
FM 653-020 ,8,2025-02-01,True,0.0,0.0,,1.0
FM 653-020 ,9,2025-03-01,True,0.0,1.0,,0.0
FM 653-020 ,10,2025-04-01,True,0.0,0.0,,0.0
FM 653-020 ,11,2025-05-01,True,0.0,0.0,0.0,0.0
FM 653-020 ,12,2025-06-01,True,0.0,0.0,0.0,
FM 661-020 ,0,2024-06-01,True,0.0,0.0,,0.0
FM 661-020 ,1,2024-07-01,True,2.0,0.0,,0.0
FM 661-020 ,2,2024-08-01,False,2.0,0.0,,0.0
FM 661-020 ,3,2024-09-01,False,2.0,0.0,,4.0
FM 661-020 ,4,2024-10-01,False,0.0,4.0,,0.0
FM 661-020 ,5,2024-11-01,True,0.0,0.0,,0.0
FM 661-020 ,6,2024-12-01,True,0.0,0.0,,0.0
FM 661-020 ,7,2025-01-01,True,0.0,0.0,,0.0
FM 661-020 ,8,2025-02-01,True,2.0,0.0,,0.0
FM 661-020 ,9,2025-03-01,False,2.0,0.0,,1.0
FM 661-020 ,10,2025-04-01,False,1.0,1.0,,0.0
FM 661-020 ,11,2025-05-01,False,5.0,0.0,1.0,0.0
FM 661-020 ,12,2025-06-01,False,5.0,0.0,0.0,
FM 661-030 ,0,2024-06-01,True,0.0,0.0,,0.0
FM 661-030 ,1,2024-07-01,True,0.0,0.0,,0.0
FM 661-030 ,2,2024-08-01,True,0.0,0.0,,0.0
FM 661-030 ,3,2024-09-01,True,0.0,0.0,,2.0
FM 661-030 ,4,2024-10-01,True,0.0,2.0,,0.0
FM 661-030 ,5,2024-11-01,True,0.0,0.0,,0.0
FM 661-030 ,6,2024-12-01,True,0.0,0.0,,0.0
FM 661-030 ,7,2025-01-01,True,0.0,0.0,,0.0
FM 661-030 ,8,2025-02-01,True,2.0,0.0,,0.0
FM 661-030 ,9,2025-03-01,False,2.0,0.0,,0.0
FM 661-030 ,10,2025-04-01,False,2.0,0.0,,0.0
FM 661-030 ,11,2025-05-01,False,2.0,0.0,0.0,0.0
FM 661-030 ,12,2025-06-01,False,2.0,0.0,0.0,
FM 661-040 ,0,2024-06-01,True,0.0,0.0,,0.0
FM 661-040 ,1,2024-07-01,True,0.0,0.0,,0.0
FM 661-040 ,2,2024-08-01,True,0.0,0.0,,0.0
FM 661-040 ,3,2024-09-01,True,0.0,0.0,,2.0
FM 661-040 ,4,2024-10-01,True,0.0,2.0,,0.0
FM 661-040 ,5,2024-11-01,True,0.0,0.0,,0.0
FM 661-040 ,6,2024-12-01,True,0.0,0.0,,0.0
FM 661-040 ,7,2025-01-01,True,0.0,0.0,,0.0
FM 661-040 ,8,2025-02-01,True,2.0,0.0,,0.0
FM 661-040 ,9,2025-03-01,False,2.0,0.0,,0.0
FM 661-040 ,10,2025-04-01,False,2.0,0.0,,0.0
FM 661-040 ,11,2025-05-01,False,2.0,0.0,0.0,0.0
FM 661-040 ,12,2025-06-01,False,2.0,0.0,0.0,
FM 661-STD ,0,2024-06-01,True,0.0,0.0,,0.0
FM 661-STD ,1,2024-07-01,True,0.0,0.0,,0.0
FM 661-STD ,2,2024-08-01,True,0.0,0.0,,0.0
FM 661-STD ,3,2024-09-01,True,0.0,0.0,,0.0
FM 661-STD ,4,2024-10-01,True,2.0,0.0,,0.0
FM 661-STD ,5,2024-11-01,False,2.0,0.0,,1.0
FM 661-STD ,6,2024-12-01,False,1.0,1.0,,1.0
FM 661-STD ,7,2025-01-01,False,0.0,1.0,,0.0
FM 661-STD ,8,2025-02-01,True,0.0,0.0,,0.0
FM 661-STD ,9,2025-03-01,True,0.0,0.0,,0.0
FM 661-STD ,10,2025-04-01,True,0.0,0.0,,2.0
FM 661-STD ,11,2025-05-01,True,2.0,2.0,1.0,0.0
FM 661-STD ,12,2025-06-01,False,2.0,0.0,0.0,
FM 672-STD ,0,2024-06-01,False,0.0,0.0,,0.0
FM 672-STD ,1,2024-07-01,True,0.0,0.0,,0.0
FM 672-STD ,2,2024-08-01,True,0.0,0.0,,0.0
FM 672-STD ,3,2024-09-01,True,0.0,0.0,,0.0
FM 672-STD ,4,2024-10-01,True,0.0,0.0,,0.0
FM 672-STD ,5,2024-11-01,True,0.0,0.0,,0.0
FM 672-STD ,6,2024-12-01,True,0.0,0.0,,0.0
FM 672-STD ,7,2025-01-01,True,0.0,0.0,,0.0
FM 672-STD ,8,2025-02-01,True,0.0,0.0,,1.0
FM 672-STD ,9,2025-03-01,True,0.0,1.0,,0.0
FM 672-STD ,10,2025-04-01,True,0.0,0.0,,0.0
FM 672-STD ,11,2025-05-01,True,0.0,0.0,0.0,0.0
FM 672-STD ,12,2025-06-01,True,0.0,0.0,0.0,
FM 7141-25 ,0,2024-06-01,False,28.0,4.0,,4.0
FM 7141-25 ,1,2024-07-01,False,54.0,4.0,,2.0
FM 7141-25 ,2,2024-08-01,False,52.0,2.0,,4.0
FM 7141-25 ,3,2024-09-01,False,48.0,4.0,,2.0
FM 7141-25 ,4,2024-10-01,False,46.0,2.0,,3.0
FM 7141-25 ,5,2024-11-01,False,43.0,3.0,,9.0
FM 7141-25 ,6,2024-12-01,False,34.0,9.0,,6.0
FM 7141-25 ,7,2025-01-01,False,28.0,6.0,,1.0
FM 7141-25 ,8,2025-02-01,False,27.0,1.0,,7.0
FM 7141-25 ,9,2025-03-01,False,20.0,7.0,,4.0
FM 7141-25 ,10,2025-04-01,False,16.0,4.0,,3.0
FM 7141-25 ,11,2025-05-01,False,13.0,3.0,5.0,1.0
FM 7141-25 ,12,2025-06-01,False,12.0,1.0,3.0,
FM 7141-50 ,0,2024-06-01,False,19.0,0.0,,0.0
FM 7141-50 ,1,2024-07-01,False,19.0,0.0,,0.0
FM 7141-50 ,2,2024-08-01,False,19.0,0.0,,1.0
FM 7141-50 ,3,2024-09-01,False,18.0,1.0,,0.0
FM 7141-50 ,4,2024-10-01,False,18.0,0.0,,1.0
FM 7141-50 ,5,2024-11-01,False,17.0,1.0,,0.0
FM 7141-50 ,6,2024-12-01,False,17.0,0.0,,0.0
FM 7141-50 ,7,2025-01-01,False,17.0,0.0,,0.0
FM 7141-50 ,8,2025-02-01,False,17.0,0.0,,0.0
FM 7141-50 ,9,2025-03-01,False,17.0,0.0,,0.0
FM 7141-50 ,10,2025-04-01,False,17.0,0.0,,2.0
FM 7141-50 ,11,2025-05-01,False,15.0,2.0,1.0,0.0
FM 7141-50 ,12,2025-06-01,False,15.0,0.0,0.0,
FM 7141-STD ,0,2024-06-01,True,0.0,0.0,,0.0
FM 7141-STD ,1,2024-07-01,True,80.0,0.0,,13.0
FM 7141-STD ,2,2024-08-01,False,67.0,13.0,,13.0
FM 7141-STD ,3,2024-09-01,False,54.0,13.0,,7.0
FM 7141-STD ,4,2024-10-01,False,47.0,7.0,,9.0
FM 7141-STD ,5,2024-11-01,False,38.0,9.0,,11.0
FM 7141-STD ,6,2024-12-01,False,27.0,11.0,,6.0
FM 7141-STD ,7,2025-01-01,False,21.0,6.0,,8.0
FM 7141-STD ,8,2025-02-01,False,13.0,8.0,,2.0
FM 7141-STD ,9,2025-03-01,False,11.0,2.0,,1.0
FM 7141-STD ,10,2025-04-01,False,10.0,1.0,,6.0
FM 7141-STD ,11,2025-05-01,False,4.0,6.0,5.0,3.0
FM 7141-STD ,12,2025-06-01,True,2.0,3.0,5.0,
FM 7211-010 ,0,2024-06-01,False,4.0,0.0,,0.0
FM 7211-010 ,1,2024-07-01,False,4.0,0.0,,1.0
FM 7211-010 ,2,2024-08-01,False,3.0,1.0,,0.0
FM 7211-010 ,3,2024-09-01,False,3.0,0.0,,0.0
FM 7211-010 ,4,2024-10-01,False,3.0,0.0,,0.0
FM 7211-010 ,5,2024-11-01,False,3.0,0.0,,1.0
FM 7211-010 ,6,2024-12-01,False,2.0,1.0,,0.0
FM 7211-010 ,7,2025-01-01,False,2.0,0.0,,0.0
FM 7211-010 ,8,2025-02-01,False,2.0,0.0,,0.0
FM 7211-010 ,9,2025-03-01,False,2.0,0.0,,0.0
FM 7211-010 ,10,2025-04-01,False,2.0,0.0,,0.0
FM 7211-010 ,11,2025-05-01,False,2.0,0.0,0.0,0.0
FM 7211-010 ,12,2025-06-01,False,2.0,0.0,0.0,
FM 7250CH-STD ,0,2024-06-01,True,0.0,0.0,,0.0
FM 7250CH-STD ,1,2024-07-01,True,0.0,0.0,,0.0
FM 7250CH-STD ,2,2024-08-01,True,0.0,0.0,,0.0
FM 7250CH-STD ,3,2024-09-01,True,0.0,0.0,,0.0
FM 7250CH-STD ,4,2024-10-01,True,0.0,0.0,,1.0
FM 7250CH-STD ,5,2024-11-01,True,0.0,1.0,,0.0
FM 7250CH-STD ,6,2024-12-01,True,0.0,0.0,,0.0
FM 7250CH-STD ,7,2025-01-01,True,0.0,0.0,,0.0
FM 7250CH-STD ,8,2025-02-01,True,0.0,0.0,,0.0
FM 7250CH-STD ,9,2025-03-01,True,0.0,0.0,,0.0
FM 7250CH-STD ,10,2025-04-01,True,0.0,0.0,,0.0
FM 7250CH-STD ,11,2025-05-01,True,2.0,0.0,0.0,0.0
FM 7250CH-STD ,12,2025-06-01,False,2.0,0.0,0.0,
FM 7289-25 ,0,2024-06-01,False,24.0,0.0,,0.0
FM 7289-25 ,1,2024-07-01,False,24.0,0.0,,0.0
FM 7289-25 ,2,2024-08-01,False,24.0,0.0,,0.0
FM 7289-25 ,3,2024-09-01,False,24.0,0.0,,0.0
FM 7289-25 ,4,2024-10-01,False,24.0,0.0,,0.0
FM 7289-25 ,5,2024-11-01,False,24.0,0.0,,2.0
FM 7289-25 ,6,2024-12-01,False,22.0,2.0,,1.0
FM 7289-25 ,7,2025-01-01,False,21.0,1.0,,0.0
FM 7289-25 ,8,2025-02-01,False,21.0,0.0,,0.0
FM 7289-25 ,9,2025-03-01,False,21.0,0.0,,0.0
FM 7289-25 ,10,2025-04-01,False,21.0,0.0,,0.0
FM 7289-25 ,11,2025-05-01,False,21.0,0.0,0.0,0.0
FM 7289-25 ,12,2025-06-01,False,21.0,0.0,0.0,
FM 7289-STD ,0,2024-06-01,False,18.0,0.0,,0.0
FM 7289-STD ,1,2024-07-01,False,28.0,0.0,,0.0
FM 7289-STD ,2,2024-08-01,False,28.0,0.0,,0.0
FM 7289-STD ,3,2024-09-01,False,28.0,0.0,,1.0
FM 7289-STD ,4,2024-10-01,False,27.0,1.0,,1.0
FM 7289-STD ,5,2024-11-01,False,28.0,1.0,,5.0
FM 7289-STD ,6,2024-12-01,False,23.0,5.0,,2.0
FM 7289-STD ,7,2025-01-01,False,21.0,2.0,,0.0
FM 7289-STD ,8,2025-02-01,False,21.0,0.0,,0.0
FM 7289-STD ,9,2025-03-01,False,21.0,0.0,,0.0
FM 7289-STD ,10,2025-04-01,False,21.0,0.0,,3.0
FM 7289-STD ,11,2025-05-01,False,18.0,3.0,1.0,0.0
FM 7289-STD ,12,2025-06-01,False,18.0,0.0,1.0,
FM 7296-25 ,0,2024-06-01,False,2.0,0.0,,0.0
FM 7296-25 ,1,2024-07-01,False,2.0,0.0,,1.0
FM 7296-25 ,2,2024-08-01,False,1.0,1.0,,0.0
FM 7296-25 ,3,2024-09-01,True,1.0,0.0,,0.0
FM 7296-25 ,4,2024-10-01,True,26.0,0.0,,5.0
FM 7296-25 ,5,2024-11-01,False,21.0,5.0,,5.0
FM 7296-25 ,6,2024-12-01,False,16.0,5.0,,3.0
FM 7296-25 ,7,2025-01-01,False,13.0,3.0,,4.0
FM 7296-25 ,8,2025-02-01,False,9.0,4.0,,5.0
FM 7296-25 ,9,2025-03-01,False,4.0,5.0,,2.0
FM 7296-25 ,10,2025-04-01,False,2.0,2.0,,1.0
FM 7296-25 ,11,2025-05-01,False,26.0,1.0,3.0,0.0
FM 7296-25 ,12,2025-06-01,False,26.0,0.0,2.0,
FM 7296-50 ,0,2024-06-01,False,12.0,1.0,,0.0
FM 7296-50 ,1,2024-07-01,False,12.0,0.0,,0.0
FM 7296-50 ,2,2024-08-01,False,12.0,0.0,,0.0
FM 7296-50 ,3,2024-09-01,False,12.0,0.0,,0.0
FM 7296-50 ,4,2024-10-01,False,12.0,0.0,,0.0
FM 7296-50 ,5,2024-11-01,False,12.0,0.0,,0.0
FM 7296-50 ,6,2024-12-01,False,12.0,0.0,,0.0
FM 7296-50 ,7,2025-01-01,False,12.0,0.0,,1.0
FM 7296-50 ,8,2025-02-01,False,11.0,1.0,,0.0
FM 7296-50 ,9,2025-03-01,False,11.0,0.0,,0.0
FM 7296-50 ,10,2025-04-01,False,11.0,0.0,,1.0
FM 7296-50 ,11,2025-05-01,False,10.0,1.0,0.0,0.0
FM 7296-50 ,12,2025-06-01,False,10.0,0.0,0.0,
FM 7296-STD ,0,2024-06-01,False,14.0,1.0,,3.0
FM 7296-STD ,1,2024-07-01,False,11.0,3.0,,0.0
FM 7296-STD ,2,2024-08-01,False,11.0,0.0,,2.0
FM 7296-STD ,3,2024-09-01,False,9.0,2.0,,2.0
FM 7296-STD ,4,2024-10-01,False,47.0,2.0,,2.0
FM 7296-STD ,5,2024-11-01,False,45.0,2.0,,4.0
FM 7296-STD ,6,2024-12-01,False,41.0,4.0,,3.0
FM 7296-STD ,7,2025-01-01,False,38.0,3.0,,14.0
FM 7296-STD ,8,2025-02-01,False,24.0,14.0,,6.0
FM 7296-STD ,9,2025-03-01,False,18.0,6.0,,0.0
FM 7296-STD ,10,2025-04-01,False,18.0,0.0,,1.0
FM 7296-STD ,11,2025-05-01,False,37.0,1.0,3.0,0.0
FM 7296-STD ,12,2025-06-01,False,37.0,0.0,2.0,
FM 7298-010 ,0,2024-06-01,False,110.0,20.0,,18.0
FM 7298-010 ,1,2024-07-01,False,92.0,18.0,,26.0
FM 7298-010 ,2,2024-08-01,False,66.0,26.0,,21.0
FM 7298-010 ,3,2024-09-01,False,45.0,21.0,,24.0
FM 7298-010 ,4,2024-10-01,False,21.0,24.0,,13.0
FM 7298-010 ,5,2024-11-01,False,13.0,13.0,,8.0
FM 7298-010 ,6,2024-12-01,True,5.0,8.0,,6.0
FM 7298-010 ,7,2025-01-01,True,9.0,6.0,,10.0
FM 7298-010 ,8,2025-02-01,True,99.0,10.0,,14.0
FM 7298-010 ,9,2025-03-01,False,85.0,14.0,,23.0
FM 7298-010 ,10,2025-04-01,False,62.0,23.0,,7.0
FM 7298-010 ,11,2025-05-01,False,135.0,7.0,14.0,5.0
FM 7298-010 ,12,2025-06-01,False,130.0,5.0,12.0,
FM 7298-020 ,0,2024-06-01,False,9.0,3.0,,4.0
FM 7298-020 ,1,2024-07-01,False,84.0,4.0,,2.0
FM 7298-020 ,2,2024-08-01,False,82.0,2.0,,3.0
FM 7298-020 ,3,2024-09-01,False,79.0,3.0,,5.0
FM 7298-020 ,4,2024-10-01,False,74.0,5.0,,6.0
FM 7298-020 ,5,2024-11-01,False,68.0,6.0,,4.0
FM 7298-020 ,6,2024-12-01,False,64.0,4.0,,3.0
FM 7298-020 ,7,2025-01-01,False,61.0,3.0,,4.0
FM 7298-020 ,8,2025-02-01,False,57.0,4.0,,8.0
FM 7298-020 ,9,2025-03-01,False,49.0,8.0,,3.0
FM 7298-020 ,10,2025-04-01,False,46.0,3.0,,0.0
FM 7298-020 ,11,2025-05-01,False,71.0,0.0,3.0,0.0
FM 7298-020 ,12,2025-06-01,False,71.0,0.0,3.0,
FM 7298-STD ,0,2024-06-01,False,15.0,16.0,,4.0
FM 7298-STD ,1,2024-07-01,False,61.0,4.0,,9.0
FM 7298-STD ,2,2024-08-01,False,52.0,9.0,,6.0
FM 7298-STD ,3,2024-09-01,False,46.0,6.0,,14.0
FM 7298-STD ,4,2024-10-01,False,32.0,14.0,,5.0
FM 7298-STD ,5,2024-11-01,False,27.0,5.0,,6.0
FM 7298-STD ,6,2024-12-01,False,21.0,6.0,,4.0
FM 7298-STD ,7,2025-01-01,False,17.0,4.0,,6.0
FM 7298-STD ,8,2025-02-01,False,86.0,6.0,,6.0
FM 7298-STD ,9,2025-03-01,False,80.0,6.0,,6.0
FM 7298-STD ,10,2025-04-01,False,74.0,6.0,,7.0
FM 7298-STD ,11,2025-05-01,False,97.0,7.0,6.0,1.0
FM 7298-STD ,12,2025-06-01,False,96.0,1.0,6.0,
FM 7385-010 ,0,2024-06-01,False,11.0,0.0,,0.0
FM 7385-010 ,1,2024-07-01,False,11.0,0.0,,1.0
FM 7385-010 ,2,2024-08-01,False,10.0,1.0,,0.0
FM 7385-010 ,3,2024-09-01,False,10.0,0.0,,0.0
FM 7385-010 ,4,2024-10-01,False,10.0,0.0,,0.0
FM 7385-010 ,5,2024-11-01,False,10.0,0.0,,0.0
FM 7385-010 ,6,2024-12-01,False,10.0,0.0,,0.0
FM 7385-010 ,7,2025-01-01,False,10.0,0.0,,0.0
FM 7385-010 ,8,2025-02-01,False,10.0,0.0,,0.0
FM 7385-010 ,9,2025-03-01,False,10.0,0.0,,0.0
FM 7385-010 ,10,2025-04-01,False,10.0,0.0,,0.0
FM 7385-010 ,11,2025-05-01,False,10.0,0.0,0.0,0.0
FM 7385-010 ,12,2025-06-01,False,10.0,0.0,0.0,
FM 7388-010 ,0,2024-06-01,False,17.0,0.0,,0.0
FM 7388-010 ,1,2024-07-01,False,17.0,0.0,,1.0
FM 7388-010 ,2,2024-08-01,False,16.0,1.0,,0.0
FM 7388-010 ,3,2024-09-01,False,16.0,0.0,,0.0
FM 7388-010 ,4,2024-10-01,False,16.0,0.0,,0.0
FM 7388-010 ,5,2024-11-01,False,16.0,0.0,,0.0
FM 7388-010 ,6,2024-12-01,False,16.0,0.0,,2.0
FM 7388-010 ,7,2025-01-01,False,14.0,2.0,,0.0
FM 7388-010 ,8,2025-02-01,False,14.0,0.0,,0.0
FM 7388-010 ,9,2025-03-01,False,14.0,0.0,,0.0
FM 7388-010 ,10,2025-04-01,False,14.0,0.0,,1.0
FM 7388-010 ,11,2025-05-01,False,13.0,1.0,0.0,0.0
FM 7388-010 ,12,2025-06-01,False,13.0,0.0,1.0,
FM 7388-020 ,0,2024-06-01,False,11.0,0.0,,0.0
FM 7388-020 ,1,2024-07-01,False,11.0,0.0,,0.0
FM 7388-020 ,2,2024-08-01,False,11.0,0.0,,0.0
FM 7388-020 ,3,2024-09-01,False,11.0,0.0,,0.0
FM 7388-020 ,4,2024-10-01,False,11.0,0.0,,0.0
FM 7388-020 ,5,2024-11-01,False,11.0,0.0,,0.0
FM 7388-020 ,6,2024-12-01,False,11.0,0.0,,0.0
FM 7388-020 ,7,2025-01-01,False,11.0,0.0,,0.0
FM 7388-020 ,8,2025-02-01,False,11.0,0.0,,0.0
FM 7388-020 ,9,2025-03-01,False,11.0,0.0,,0.0
FM 7388-020 ,10,2025-04-01,False,11.0,0.0,,0.0
FM 7388-020 ,11,2025-05-01,False,11.0,0.0,0.0,1.0
FM 7388-020 ,12,2025-06-01,False,10.0,1.0,1.0,
FM 7388-STD ,0,2024-06-01,False,3.0,0.0,,0.0
FM 7388-STD ,1,2024-07-01,False,3.0,0.0,,0.0
FM 7388-STD ,2,2024-08-01,False,3.0,0.0,,2.0
FM 7388-STD ,3,2024-09-01,False,1.0,2.0,,0.0
FM 7388-STD ,4,2024-10-01,False,1.0,0.0,,0.0
FM 7388-STD ,5,2024-11-01,False,1.0,0.0,,0.0
FM 7388-STD ,6,2024-12-01,False,1.0,0.0,,1.0
FM 7388-STD ,7,2025-01-01,False,0.0,1.0,,0.0
FM 7388-STD ,8,2025-02-01,True,10.0,0.0,,0.0
FM 7388-STD ,9,2025-03-01,False,10.0,0.0,,1.0
FM 7388-STD ,10,2025-04-01,False,9.0,1.0,,2.0
FM 7388-STD ,11,2025-05-01,False,7.0,2.0,2.0,1.0
FM 7388-STD ,12,2025-06-01,False,6.0,1.0,1.0,
FM 7445-25 ,0,2024-06-01,True,0.0,0.0,,0.0
FM 7445-25 ,1,2024-07-01,True,0.0,0.0,,0.0
FM 7445-25 ,2,2024-08-01,True,0.0,0.0,,0.0
FM 7445-25 ,3,2024-09-01,True,0.0,0.0,,0.0
FM 7445-25 ,4,2024-10-01,True,0.0,0.0,,0.0
FM 7445-25 ,5,2024-11-01,True,0.0,0.0,,0.0
FM 7445-25 ,6,2024-12-01,True,0.0,0.0,,0.0
FM 7445-25 ,7,2025-01-01,True,0.0,0.0,,5.0
FM 7445-25 ,8,2025-02-01,True,7.0,5.0,,1.0
FM 7445-25 ,9,2025-03-01,False,6.0,1.0,,0.0
FM 7445-25 ,10,2025-04-01,False,6.0,0.0,,2.0
FM 7445-25 ,11,2025-05-01,False,4.0,2.0,2.0,1.0
FM 7445-25 ,12,2025-06-01,False,3.0,1.0,1.0,
FM 7445-STD ,0,2024-06-01,True,0.0,0.0,,0.0
FM 7445-STD ,1,2024-07-01,True,10.0,0.0,,0.0
FM 7445-STD ,2,2024-08-01,False,10.0,0.0,,5.0
FM 7445-STD ,3,2024-09-01,False,5.0,5.0,,4.0
FM 7445-STD ,4,2024-10-01,False,1.0,4.0,,0.0
FM 7445-STD ,5,2024-11-01,True,1.0,0.0,,0.0
FM 7445-STD ,6,2024-12-01,True,1.0,0.0,,1.0
FM 7445-STD ,7,2025-01-01,True,0.0,1.0,,4.0
FM 7445-STD ,8,2025-02-01,True,6.0,4.0,,1.0
FM 7445-STD ,9,2025-03-01,False,5.0,1.0,,0.0
FM 7445-STD ,10,2025-04-01,False,5.0,0.0,,2.0
FM 7445-STD ,11,2025-05-01,False,3.0,2.0,2.0,2.0
FM 7445-STD ,12,2025-06-01,False,1.0,2.0,1.0,
FM 811-030 ,0,2024-06-01,False,4.0,0.0,,0.0
FM 811-030 ,1,2024-07-01,False,4.0,0.0,,1.0
FM 811-030 ,2,2024-08-01,False,3.0,1.0,,1.0
FM 811-030 ,3,2024-09-01,False,2.0,1.0,,0.0
FM 811-030 ,4,2024-10-01,False,2.0,0.0,,0.0
FM 811-030 ,5,2024-11-01,False,2.0,0.0,,1.0
FM 811-030 ,6,2024-12-01,False,1.0,1.0,,0.0
FM 811-030 ,7,2025-01-01,False,1.0,0.0,,0.0
FM 811-030 ,8,2025-02-01,False,1.0,0.0,,0.0
FM 811-030 ,9,2025-03-01,False,1.0,0.0,,0.0
FM 811-030 ,10,2025-04-01,False,1.0,0.0,,0.0
FM 811-030 ,11,2025-05-01,False,1.0,0.0,0.0,0.0
FM 811-030 ,12,2025-06-01,False,1.0,0.0,0.0,
FM 811-040 ,0,2024-06-01,False,7.0,1.0,,0.0
FM 811-040 ,1,2024-07-01,False,11.0,0.0,,0.0
FM 811-040 ,2,2024-08-01,False,11.0,0.0,,0.0
FM 811-040 ,3,2024-09-01,False,11.0,0.0,,0.0
FM 811-040 ,4,2024-10-01,False,11.0,0.0,,0.0
FM 811-040 ,5,2024-11-01,False,11.0,0.0,,0.0
FM 811-040 ,6,2024-12-01,False,11.0,0.0,,0.0
FM 811-040 ,7,2025-01-01,False,11.0,0.0,,0.0
FM 811-040 ,8,2025-02-01,False,11.0,0.0,,0.0
FM 811-040 ,9,2025-03-01,False,11.0,0.0,,0.0
FM 811-040 ,10,2025-04-01,False,11.0,0.0,,0.0
FM 811-040 ,11,2025-05-01,False,11.0,0.0,0.0,0.0
FM 811-040 ,12,2025-06-01,False,11.0,0.0,0.0,
FM 811-STD ,0,2024-06-01,False,6.0,0.0,,0.0
FM 811-STD ,1,2024-07-01,False,6.0,0.0,,0.0
FM 811-STD ,2,2024-08-01,False,6.0,0.0,,0.0
FM 811-STD ,3,2024-09-01,False,6.0,0.0,,0.0
FM 811-STD ,4,2024-10-01,False,6.0,0.0,,0.0
FM 811-STD ,5,2024-11-01,False,6.0,0.0,,1.0
FM 811-STD ,6,2024-12-01,False,5.0,1.0,,0.0
FM 811-STD ,7,2025-01-01,False,5.0,0.0,,0.0
FM 811-STD ,8,2025-02-01,False,5.0,0.0,,2.0
FM 811-STD ,9,2025-03-01,False,3.0,2.0,,0.0
FM 811-STD ,10,2025-04-01,False,3.0,0.0,,0.0
FM 811-STD ,11,2025-05-01,False,3.0,0.0,0.0,0.0
FM 811-STD ,12,2025-06-01,False,3.0,0.0,0.0,
FM 815-020 ,0,2024-06-01,False,3.0,0.0,,0.0
FM 815-020 ,1,2024-07-01,False,3.0,0.0,,0.0
FM 815-020 ,2,2024-08-01,False,3.0,0.0,,0.0
FM 815-020 ,3,2024-09-01,False,3.0,0.0,,0.0
FM 815-020 ,4,2024-10-01,False,3.0,0.0,,0.0
FM 815-020 ,5,2024-11-01,False,3.0,0.0,,1.0
FM 815-020 ,6,2024-12-01,False,2.0,1.0,,1.0
FM 815-020 ,7,2025-01-01,False,1.0,1.0,,0.0
FM 815-020 ,8,2025-02-01,False,1.0,0.0,,1.0
FM 815-020 ,9,2025-03-01,False,0.0,1.0,,0.0
FM 815-020 ,10,2025-04-01,True,0.0,0.0,,0.0
FM 815-020 ,11,2025-05-01,True,0.0,0.0,0.0,0.0
FM 815-020 ,12,2025-06-01,True,0.0,0.0,0.0,
FM 829-50 ,0,2024-06-01,False,1.0,0.0,,0.0
FM 829-50 ,1,2024-07-01,False,1.0,0.0,,0.0
FM 829-50 ,2,2024-08-01,False,1.0,0.0,,1.0
FM 829-50 ,3,2024-09-01,False,0.0,1.0,,0.0
FM 829-50 ,4,2024-10-01,True,0.0,0.0,,0.0
FM 829-50 ,5,2024-11-01,True,0.0,0.0,,0.0
FM 829-50 ,6,2024-12-01,True,0.0,0.0,,0.0
FM 829-50 ,7,2025-01-01,True,0.0,0.0,,0.0
FM 829-50 ,8,2025-02-01,True,0.0,0.0,,0.0
FM 829-50 ,9,2025-03-01,True,0.0,0.0,,0.0
FM 829-50 ,10,2025-04-01,True,0.0,0.0,,0.0
FM 829-50 ,11,2025-05-01,True,0.0,0.0,0.0,0.0
FM 829-50 ,12,2025-06-01,True,0.0,0.0,0.0,
FM 857-75 ,0,2024-06-01,True,0.0,1.0,,0.0
FM 857-75 ,1,2024-07-01,True,0.0,0.0,,0.0
FM 857-75 ,2,2024-08-01,True,0.0,0.0,,0.0
FM 857-75 ,3,2024-09-01,True,0.0,0.0,,0.0
FM 857-75 ,4,2024-10-01,True,0.0,0.0,,1.0
FM 857-75 ,5,2024-11-01,True,0.0,1.0,,0.0
FM 857-75 ,6,2024-12-01,True,0.0,0.0,,0.0
FM 857-75 ,7,2025-01-01,True,0.0,0.0,,0.0
FM 857-75 ,8,2025-02-01,True,2.0,0.0,,0.0
FM 857-75 ,9,2025-03-01,False,2.0,0.0,,0.0
FM 857-75 ,10,2025-04-01,False,2.0,0.0,,0.0
FM 857-75 ,11,2025-05-01,False,2.0,0.0,0.0,0.0
FM 857-75 ,12,2025-06-01,False,2.0,0.0,0.0,
FM 868-STD ,0,2024-06-01,False,2.0,0.0,,0.0
FM 868-STD ,1,2024-07-01,False,2.0,0.0,,0.0
FM 868-STD ,2,2024-08-01,False,2.0,0.0,,1.0
FM 868-STD ,3,2024-09-01,False,1.0,1.0,,0.0
FM 868-STD ,4,2024-10-01,False,1.0,0.0,,0.0
FM 868-STD ,5,2024-11-01,False,1.0,0.0,,0.0
FM 868-STD ,6,2024-12-01,False,1.0,0.0,,0.0
FM 868-STD ,7,2025-01-01,False,1.0,0.0,,0.0
FM 868-STD ,8,2025-02-01,False,1.0,0.0,,0.0
FM 868-STD ,9,2025-03-01,False,1.0,0.0,,0.0
FM 868-STD ,10,2025-04-01,False,1.0,0.0,,0.0
FM 868-STD ,11,2025-05-01,False,1.0,0.0,0.0,0.0
FM 868-STD ,12,2025-06-01,False,1.0,0.0,0.0,
FM 889-50 ,0,2024-06-01,False,1.0,0.0,,0.0
FM 889-50 ,1,2024-07-01,False,1.0,0.0,,0.0
FM 889-50 ,2,2024-08-01,False,1.0,0.0,,0.0
FM 889-50 ,3,2024-09-01,False,1.0,0.0,,0.0
FM 889-50 ,4,2024-10-01,False,1.0,0.0,,0.0
FM 889-50 ,5,2024-11-01,False,1.0,0.0,,0.0
FM 889-50 ,6,2024-12-01,False,1.0,0.0,,0.0
FM 889-50 ,7,2025-01-01,False,1.0,0.0,,0.0
FM 889-50 ,8,2025-02-01,False,1.0,0.0,,0.0
FM 889-50 ,9,2025-03-01,False,1.0,0.0,,1.0
FM 889-50 ,10,2025-04-01,False,0.0,1.0,,0.0
FM 889-50 ,11,2025-05-01,True,0.0,0.0,0.0,0.0
FM 889-50 ,12,2025-06-01,True,0.0,0.0,0.0,
FM 909-020 ,0,2024-06-01,False,4.0,0.0,,0.0
FM 909-020 ,1,2024-07-01,False,4.0,0.0,,0.0
FM 909-020 ,2,2024-08-01,False,4.0,0.0,,0.0
FM 909-020 ,3,2024-09-01,False,4.0,0.0,,1.0
FM 909-020 ,4,2024-10-01,False,4.0,1.0,,0.0
FM 909-020 ,5,2024-11-01,False,4.0,0.0,,0.0
FM 909-020 ,6,2024-12-01,False,4.0,0.0,,0.0
FM 909-020 ,7,2025-01-01,False,4.0,0.0,,0.0
FM 909-020 ,8,2025-02-01,False,4.0,0.0,,0.0
FM 909-020 ,9,2025-03-01,False,4.0,0.0,,0.0
FM 909-020 ,10,2025-04-01,False,4.0,0.0,,0.0
FM 909-020 ,11,2025-05-01,False,4.0,0.0,0.0,0.0
FM 909-020 ,12,2025-06-01,False,4.0,0.0,0.0,
FM E-1023K-50 ,0,2024-06-01,False,3.0,0.0,,1.0
FM E-1023K-50 ,1,2024-07-01,False,2.0,1.0,,0.0
FM E-1023K-50 ,2,2024-08-01,False,2.0,0.0,,0.0
FM E-1023K-50 ,3,2024-09-01,False,2.0,0.0,,0.0
FM E-1023K-50 ,4,2024-10-01,False,2.0,0.0,,0.0
FM E-1023K-50 ,5,2024-11-01,False,2.0,0.0,,0.0
FM E-1023K-50 ,6,2024-12-01,False,2.0,0.0,,0.0
FM E-1023K-50 ,7,2025-01-01,False,2.0,0.0,,0.0
FM E-1023K-50 ,8,2025-02-01,False,2.0,0.0,,0.0
FM E-1023K-50 ,9,2025-03-01,False,2.0,0.0,,0.0
FM E-1023K-50 ,10,2025-04-01,False,2.0,0.0,,0.0
FM E-1023K-50 ,11,2025-05-01,False,2.0,0.0,0.0,0.0
FM E-1023K-50 ,12,2025-06-01,False,2.0,0.0,0.0,
FM E-1023K-STD ,0,2024-06-01,False,1.0,5.0,,0.0
FM E-1023K-STD ,1,2024-07-01,True,1.0,0.0,,1.0
FM E-1023K-STD ,2,2024-08-01,True,0.0,1.0,,2.0
FM E-1023K-STD ,3,2024-09-01,True,1.0,2.0,,1.0
FM E-1023K-STD ,4,2024-10-01,True,0.0,1.0,,0.0
FM E-1023K-STD ,5,2024-11-01,True,0.0,0.0,,0.0
FM E-1023K-STD ,6,2024-12-01,True,0.0,0.0,,0.0
FM E-1023K-STD ,7,2025-01-01,True,0.0,0.0,,13.0
FM E-1023K-STD ,8,2025-02-01,True,12.0,13.0,,2.0
FM E-1023K-STD ,9,2025-03-01,False,10.0,2.0,,0.0
FM E-1023K-STD ,10,2025-04-01,False,10.0,0.0,,1.0
FM E-1023K-STD ,11,2025-05-01,False,9.0,1.0,2.0,0.0
FM E-1023K-STD ,12,2025-06-01,False,9.0,0.0,3.0,
FM E-1034K-50 ,0,2024-06-01,False,2.0,0.0,,0.0
FM E-1034K-50 ,1,2024-07-01,False,2.0,0.0,,0.0
FM E-1034K-50 ,2,2024-08-01,False,2.0,0.0,,0.0
FM E-1034K-50 ,3,2024-09-01,False,2.0,0.0,,0.0
FM E-1034K-50 ,4,2024-10-01,False,2.0,0.0,,0.0
FM E-1034K-50 ,5,2024-11-01,False,2.0,0.0,,0.0
FM E-1034K-50 ,6,2024-12-01,False,2.0,0.0,,0.0
FM E-1034K-50 ,7,2025-01-01,False,2.0,0.0,,0.0
FM E-1034K-50 ,8,2025-02-01,False,2.0,0.0,,0.0
FM E-1034K-50 ,9,2025-03-01,False,2.0,0.0,,0.0
FM E-1034K-50 ,10,2025-04-01,False,2.0,0.0,,0.0
FM E-1034K-50 ,11,2025-05-01,False,2.0,0.0,1.0,2.0
FM E-1034K-50 ,12,2025-06-01,False,0.0,2.0,2.0,
FM E-1034K-STD ,0,2024-06-01,True,0.0,0.0,,0.0
FM E-1034K-STD ,1,2024-07-01,True,10.0,0.0,,1.0
FM E-1034K-STD ,2,2024-08-01,False,9.0,1.0,,0.0
FM E-1034K-STD ,3,2024-09-01,False,9.0,0.0,,0.0
FM E-1034K-STD ,4,2024-10-01,False,9.0,0.0,,0.0
FM E-1034K-STD ,5,2024-11-01,False,9.0,0.0,,1.0
FM E-1034K-STD ,6,2024-12-01,False,8.0,1.0,,7.0
FM E-1034K-STD ,7,2025-01-01,False,1.0,7.0,,1.0
FM E-1034K-STD ,8,2025-02-01,False,0.0,1.0,,0.0
FM E-1034K-STD ,9,2025-03-01,True,0.0,0.0,,0.0
FM E-1034K-STD ,10,2025-04-01,True,0.0,0.0,,0.0
FM E-1034K-STD ,11,2025-05-01,True,0.0,0.0,1.0,0.0
FM E-1034K-STD ,12,2025-06-01,True,0.0,0.0,0.0,
FM E-233-020 ,0,2024-06-01,False,9.0,0.0,,0.0
FM E-233-020 ,1,2024-07-01,False,9.0,0.0,,0.0
FM E-233-020 ,2,2024-08-01,False,9.0,0.0,,0.0
FM E-233-020 ,3,2024-09-01,False,9.0,0.0,,5.0
FM E-233-020 ,4,2024-10-01,False,3.0,5.0,,0.0
FM E-233-020 ,5,2024-11-01,False,3.0,0.0,,1.0
FM E-233-020 ,6,2024-12-01,False,2.0,1.0,,0.0
FM E-233-020 ,7,2025-01-01,False,2.0,0.0,,0.0
FM E-233-020 ,8,2025-02-01,False,4.0,0.0,,0.0
FM E-233-020 ,9,2025-03-01,False,4.0,0.0,,4.0
FM E-233-020 ,10,2025-04-01,False,0.0,4.0,,0.0
FM E-233-020 ,11,2025-05-01,True,10.0,0.0,0.0,0.0
FM E-233-020 ,12,2025-06-01,False,10.0,0.0,1.0,
FM E-233-030 ,0,2024-06-01,False,9.0,0.0,,0.0
FM E-233-030 ,1,2024-07-01,False,9.0,0.0,,0.0
FM E-233-030 ,2,2024-08-01,False,9.0,0.0,,0.0
FM E-233-030 ,3,2024-09-01,False,9.0,0.0,,2.0
FM E-233-030 ,4,2024-10-01,False,7.0,2.0,,0.0
FM E-233-030 ,5,2024-11-01,False,7.0,0.0,,1.0
FM E-233-030 ,6,2024-12-01,False,6.0,1.0,,0.0
FM E-233-030 ,7,2025-01-01,False,6.0,0.0,,0.0
FM E-233-030 ,8,2025-02-01,False,12.0,0.0,,0.0
FM E-233-030 ,9,2025-03-01,False,12.0,0.0,,2.0
FM E-233-030 ,10,2025-04-01,False,10.0,2.0,,0.0
FM E-233-030 ,11,2025-05-01,False,10.0,0.0,1.0,0.0
FM E-233-030 ,12,2025-06-01,False,10.0,0.0,1.0,
FM E-233-040 ,0,2024-06-01,False,8.0,0.0,,0.0
FM E-233-040 ,1,2024-07-01,False,8.0,0.0,,0.0
FM E-233-040 ,2,2024-08-01,False,8.0,0.0,,0.0
FM E-233-040 ,3,2024-09-01,False,8.0,0.0,,2.0
FM E-233-040 ,4,2024-10-01,False,6.0,2.0,,0.0
FM E-233-040 ,5,2024-11-01,False,6.0,0.0,,0.0
FM E-233-040 ,6,2024-12-01,False,6.0,0.0,,0.0
FM E-233-040 ,7,2025-01-01,False,6.0,0.0,,0.0
FM E-233-040 ,8,2025-02-01,False,14.0,0.0,,0.0
FM E-233-040 ,9,2025-03-01,False,14.0,0.0,,1.0
FM E-233-040 ,10,2025-04-01,False,13.0,1.0,,0.0
FM E-233-040 ,11,2025-05-01,False,13.0,0.0,0.0,0.0
FM E-233-040 ,12,2025-06-01,False,13.0,0.0,0.0,
FM E-233-STD ,0,2024-06-01,True,0.0,0.0,,0.0
FM E-233-STD ,1,2024-07-01,True,0.0,0.0,,0.0
FM E-233-STD ,2,2024-08-01,True,0.0,0.0,,0.0
FM E-233-STD ,3,2024-09-01,True,0.0,0.0,,0.0
FM E-233-STD ,4,2024-10-01,True,0.0,0.0,,0.0
FM E-233-STD ,5,2024-11-01,True,0.0,0.0,,0.0
FM E-233-STD ,6,2024-12-01,True,0.0,0.0,,0.0
FM E-233-STD ,7,2025-01-01,True,0.0,0.0,,0.0
FM E-233-STD ,8,2025-02-01,True,4.0,0.0,,1.0
FM E-233-STD ,9,2025-03-01,False,3.0,1.0,,0.0
FM E-233-STD ,10,2025-04-01,False,3.0,0.0,,0.0
FM E-233-STD ,11,2025-05-01,False,3.0,0.0,0.0,0.0
FM E-233-STD ,12,2025-06-01,False,3.0,0.0,0.0,
FM E-251-020 ,0,2024-06-01,False,8.0,1.0,,1.0
FM E-251-020 ,1,2024-07-01,False,27.0,1.0,,2.0
FM E-251-020 ,2,2024-08-01,False,25.0,2.0,,1.0
FM E-251-020 ,3,2024-09-01,False,24.0,1.0,,1.0
FM E-251-020 ,4,2024-10-01,False,23.0,1.0,,2.0
FM E-251-020 ,5,2024-11-01,False,21.0,2.0,,1.0
FM E-251-020 ,6,2024-12-01,False,20.0,1.0,,2.0
FM E-251-020 ,7,2025-01-01,False,18.0,2.0,,0.0
FM E-251-020 ,8,2025-02-01,False,18.0,0.0,,2.0
FM E-251-020 ,9,2025-03-01,False,16.0,2.0,,0.0
FM E-251-020 ,10,2025-04-01,False,16.0,0.0,,2.0
FM E-251-020 ,11,2025-05-01,False,14.0,2.0,1.0,1.0
FM E-251-020 ,12,2025-06-01,False,13.0,1.0,1.0,
FM E-251-030 ,0,2024-06-01,False,5.0,0.0,,0.0
FM E-251-030 ,1,2024-07-01,False,5.0,0.0,,1.0
FM E-251-030 ,2,2024-08-01,False,4.0,1.0,,0.0
FM E-251-030 ,3,2024-09-01,False,4.0,0.0,,0.0
FM E-251-030 ,4,2024-10-01,False,9.0,0.0,,1.0
FM E-251-030 ,5,2024-11-01,False,8.0,1.0,,0.0
FM E-251-030 ,6,2024-12-01,False,8.0,0.0,,1.0
FM E-251-030 ,7,2025-01-01,False,7.0,1.0,,1.0
FM E-251-030 ,8,2025-02-01,False,11.0,1.0,,2.0
FM E-251-030 ,9,2025-03-01,False,9.0,2.0,,0.0
FM E-251-030 ,10,2025-04-01,False,9.0,0.0,,7.0
FM E-251-030 ,11,2025-05-01,False,2.0,7.0,2.0,0.0
FM E-251-030 ,12,2025-06-01,False,2.0,0.0,1.0,
FM E-251-040 ,0,2024-06-01,True,0.0,0.0,,0.0
FM E-251-040 ,1,2024-07-01,True,20.0,0.0,,0.0
FM E-251-040 ,2,2024-08-01,False,20.0,0.0,,2.0
FM E-251-040 ,3,2024-09-01,False,18.0,2.0,,0.0
FM E-251-040 ,4,2024-10-01,False,18.0,0.0,,0.0
FM E-251-040 ,5,2024-11-01,False,18.0,0.0,,0.0
FM E-251-040 ,6,2024-12-01,False,18.0,0.0,,0.0
FM E-251-040 ,7,2025-01-01,False,18.0,0.0,,1.0
FM E-251-040 ,8,2025-02-01,False,17.0,1.0,,4.0
FM E-251-040 ,9,2025-03-01,False,13.0,4.0,,3.0
FM E-251-040 ,10,2025-04-01,False,10.0,3.0,,1.0
FM E-251-040 ,11,2025-05-01,False,9.0,1.0,2.0,0.0
FM E-251-040 ,12,2025-06-01,False,9.0,0.0,2.0,
FM E-251-060 ,0,2024-06-01,True,0.0,0.0,,0.0
FM E-251-060 ,1,2024-07-01,True,0.0,0.0,,0.0
FM E-251-060 ,2,2024-08-01,True,0.0,0.0,,0.0
FM E-251-060 ,3,2024-09-01,True,0.0,0.0,,0.0
FM E-251-060 ,4,2024-10-01,True,4.0,0.0,,0.0
FM E-251-060 ,5,2024-11-01,False,4.0,0.0,,0.0
FM E-251-060 ,6,2024-12-01,False,4.0,0.0,,0.0
FM E-251-060 ,7,2025-01-01,False,4.0,0.0,,0.0
FM E-251-060 ,8,2025-02-01,False,4.0,0.0,,0.0
FM E-251-060 ,9,2025-03-01,False,4.0,0.0,,0.0
FM E-251-060 ,10,2025-04-01,False,4.0,0.0,,2.0
FM E-251-060 ,11,2025-05-01,False,2.0,2.0,0.0,0.0
FM E-251-060 ,12,2025-06-01,False,2.0,0.0,0.0,
FM E-251-STD ,0,2024-06-01,False,16.0,0.0,,0.0
FM E-251-STD ,1,2024-07-01,False,36.0,0.0,,0.0
FM E-251-STD ,2,2024-08-01,False,36.0,0.0,,0.0
FM E-251-STD ,3,2024-09-01,False,36.0,0.0,,0.0
FM E-251-STD ,4,2024-10-01,False,36.0,0.0,,0.0
FM E-251-STD ,5,2024-11-01,False,36.0,0.0,,0.0
FM E-251-STD ,6,2024-12-01,False,36.0,0.0,,0.0
FM E-251-STD ,7,2025-01-01,False,36.0,0.0,,0.0
FM E-251-STD ,8,2025-02-01,False,36.0,0.0,,0.0
FM E-251-STD ,9,2025-03-01,False,36.0,0.0,,0.0
FM E-251-STD ,10,2025-04-01,False,36.0,0.0,,1.0
FM E-251-STD ,11,2025-05-01,False,35.0,1.0,0.0,0.0
FM E-251-STD ,12,2025-06-01,False,35.0,0.0,0.0,
FM E-259-030 ,0,2024-06-01,False,5.0,0.0,,0.0
FM E-259-030 ,1,2024-07-01,False,5.0,0.0,,0.0
FM E-259-030 ,2,2024-08-01,False,5.0,0.0,,0.0
FM E-259-030 ,3,2024-09-01,False,5.0,0.0,,0.0
FM E-259-030 ,4,2024-10-01,False,5.0,0.0,,0.0
FM E-259-030 ,5,2024-11-01,False,5.0,0.0,,0.0
FM E-259-030 ,6,2024-12-01,False,5.0,0.0,,0.0
FM E-259-030 ,7,2025-01-01,False,5.0,0.0,,0.0
FM E-259-030 ,8,2025-02-01,False,5.0,0.0,,1.0
FM E-259-030 ,9,2025-03-01,False,4.0,1.0,,0.0
FM E-259-030 ,10,2025-04-01,False,4.0,0.0,,0.0
FM E-259-030 ,11,2025-05-01,False,4.0,0.0,0.0,0.0
FM E-259-030 ,12,2025-06-01,False,4.0,0.0,0.0,
FM E-297-030 ,0,2024-06-01,True,0.0,0.0,,10.0
FM E-297-030 ,1,2024-07-01,True,0.0,10.0,,0.0
FM E-297-030 ,2,2024-08-01,True,0.0,0.0,,0.0
FM E-297-030 ,3,2024-09-01,True,0.0,0.0,,0.0
FM E-297-030 ,4,2024-10-01,True,0.0,0.0,,0.0
FM E-297-030 ,5,2024-11-01,True,0.0,0.0,,0.0
FM E-297-030 ,6,2024-12-01,True,0.0,0.0,,0.0
FM E-297-030 ,7,2025-01-01,True,0.0,0.0,,0.0
FM E-297-030 ,8,2025-02-01,True,0.0,0.0,,0.0
FM E-297-030 ,9,2025-03-01,True,0.0,0.0,,0.0
FM E-297-030 ,10,2025-04-01,True,0.0,0.0,,0.0
FM E-297-030 ,11,2025-05-01,True,0.0,0.0,1.0,0.0
FM E-297-030 ,12,2025-06-01,True,0.0,0.0,0.0,
FM E-297-STD ,0,2024-06-01,True,0.0,0.0,,10.0
FM E-297-STD ,1,2024-07-01,True,0.0,10.0,,0.0
FM E-297-STD ,2,2024-08-01,True,0.0,0.0,,0.0
FM E-297-STD ,3,2024-09-01,True,0.0,0.0,,0.0
FM E-297-STD ,4,2024-10-01,True,0.0,0.0,,0.0
FM E-297-STD ,5,2024-11-01,True,0.0,0.0,,0.0
FM E-297-STD ,6,2024-12-01,True,0.0,0.0,,0.0
FM E-297-STD ,7,2025-01-01,True,0.0,0.0,,0.0
FM E-297-STD ,8,2025-02-01,True,0.0,0.0,,0.0
FM E-297-STD ,9,2025-03-01,True,0.0,0.0,,0.0
FM E-297-STD ,10,2025-04-01,True,0.0,0.0,,0.0
FM E-297-STD ,11,2025-05-01,True,0.0,0.0,1.0,0.0
FM E-297-STD ,12,2025-06-01,True,0.0,0.0,0.0,
FM E-377-STD ,0,2024-06-01,False,2.0,0.0,,0.0
FM E-377-STD ,1,2024-07-01,False,7.0,0.0,,1.0
FM E-377-STD ,2,2024-08-01,False,6.0,1.0,,0.0
FM E-377-STD ,3,2024-09-01,False,6.0,0.0,,1.0
FM E-377-STD ,4,2024-10-01,False,5.0,1.0,,0.0
FM E-377-STD ,5,2024-11-01,False,5.0,0.0,,0.0
FM E-377-STD ,6,2024-12-01,False,5.0,0.0,,0.0
FM E-377-STD ,7,2025-01-01,False,5.0,0.0,,1.0
FM E-377-STD ,8,2025-02-01,False,4.0,1.0,,1.0
FM E-377-STD ,9,2025-03-01,False,3.0,1.0,,0.0
FM E-377-STD ,10,2025-04-01,False,3.0,0.0,,0.0
FM E-377-STD ,11,2025-05-01,False,3.0,0.0,0.0,0.0
FM E-377-STD ,12,2025-06-01,False,3.0,0.0,0.0,
FM E-530-STD ,0,2024-06-01,False,2.0,0.0,,0.0
FM E-530-STD ,1,2024-07-01,False,2.0,0.0,,0.0
FM E-530-STD ,2,2024-08-01,False,2.0,0.0,,0.0
FM E-530-STD ,3,2024-09-01,False,2.0,0.0,,0.0
FM E-530-STD ,4,2024-10-01,False,2.0,0.0,,0.0
FM E-530-STD ,5,2024-11-01,False,2.0,0.0,,0.0
FM E-530-STD ,6,2024-12-01,False,2.0,0.0,,0.0
FM E-530-STD ,7,2025-01-01,False,2.0,0.0,,0.0
FM E-530-STD ,8,2025-02-01,False,2.0,0.0,,0.0
FM E-530-STD ,9,2025-03-01,False,2.0,0.0,,0.0
FM E-530-STD ,10,2025-04-01,False,2.0,0.0,,0.0
FM E-530-STD ,11,2025-05-01,False,2.0,0.0,1.0,1.0
FM E-530-STD ,12,2025-06-01,False,1.0,1.0,0.0,
FM E-538-75 ,0,2024-06-01,False,0.0,0.0,,0.0
FM E-538-75 ,1,2024-07-01,True,0.0,0.0,,0.0
FM E-538-75 ,2,2024-08-01,True,0.0,0.0,,0.0
FM E-538-75 ,3,2024-09-01,True,0.0,0.0,,0.0
FM E-538-75 ,4,2024-10-01,True,0.0,0.0,,0.0
FM E-538-75 ,5,2024-11-01,True,0.0,0.0,,0.0
FM E-538-75 ,6,2024-12-01,True,0.0,0.0,,0.0
FM E-538-75 ,7,2025-01-01,True,0.0,0.0,,0.0
FM E-538-75 ,8,2025-02-01,True,0.0,0.0,,1.0
FM E-538-75 ,9,2025-03-01,True,0.0,1.0,,0.0
FM E-538-75 ,10,2025-04-01,True,0.0,0.0,,0.0
FM E-538-75 ,11,2025-05-01,True,0.0,0.0,0.0,0.0
FM E-538-75 ,12,2025-06-01,True,0.0,0.0,0.0,
FM E-916-50 ,0,2024-06-01,False,5.0,0.0,,0.0
FM E-916-50 ,1,2024-07-01,False,5.0,0.0,,0.0
FM E-916-50 ,2,2024-08-01,False,5.0,0.0,,0.0
FM E-916-50 ,3,2024-09-01,False,5.0,0.0,,0.0
FM E-916-50 ,4,2024-10-01,False,5.0,0.0,,0.0
FM E-916-50 ,5,2024-11-01,False,5.0,0.0,,0.0
FM E-916-50 ,6,2024-12-01,False,5.0,0.0,,0.0
FM E-916-50 ,7,2025-01-01,False,5.0,0.0,,0.0
FM E-916-50 ,8,2025-02-01,False,5.0,0.0,,0.0
FM E-916-50 ,9,2025-03-01,False,5.0,0.0,,1.0
FM E-916-50 ,10,2025-04-01,False,4.0,1.0,,0.0
FM E-916-50 ,11,2025-05-01,False,4.0,0.0,0.0,0.0
FM E-916-50 ,12,2025-06-01,False,4.0,0.0,0.0,
FM E-916-75 ,0,2024-06-01,False,6.0,0.0,,0.0
FM E-916-75 ,1,2024-07-01,False,6.0,0.0,,0.0
FM E-916-75 ,2,2024-08-01,False,6.0,0.0,,0.0
FM E-916-75 ,3,2024-09-01,False,6.0,0.0,,1.0
FM E-916-75 ,4,2024-10-01,False,5.0,1.0,,0.0
FM E-916-75 ,5,2024-11-01,False,5.0,0.0,,0.0
FM E-916-75 ,6,2024-12-01,False,5.0,0.0,,0.0
FM E-916-75 ,7,2025-01-01,False,5.0,0.0,,0.0
FM E-916-75 ,8,2025-02-01,False,5.0,0.0,,0.0
FM E-916-75 ,9,2025-03-01,False,5.0,0.0,,0.0
FM E-916-75 ,10,2025-04-01,False,5.0,0.0,,0.0
FM E-916-75 ,11,2025-05-01,False,5.0,0.0,0.0,0.0
FM E-916-75 ,12,2025-06-01,False,5.0,0.0,0.0,
FM E-916-STD ,0,2024-06-01,True,0.0,0.0,,0.0
FM E-916-STD ,1,2024-07-01,True,70.0,0.0,,2.0
FM E-916-STD ,2,2024-08-01,False,68.0,2.0,,4.0
FM E-916-STD ,3,2024-09-01,False,64.0,4.0,,3.0
FM E-916-STD ,4,2024-10-01,False,111.0,3.0,,7.0
FM E-916-STD ,5,2024-11-01,False,104.0,7.0,,6.0
FM E-916-STD ,6,2024-12-01,False,98.0,6.0,,9.0
FM E-916-STD ,7,2025-01-01,False,89.0,9.0,,3.0
FM E-916-STD ,8,2025-02-01,False,86.0,3.0,,5.0
FM E-916-STD ,9,2025-03-01,False,81.0,5.0,,4.0
FM E-916-STD ,10,2025-04-01,False,77.0,4.0,,5.0
FM E-916-STD ,11,2025-05-01,False,72.0,5.0,4.0,3.0
FM E-916-STD ,12,2025-06-01,False,69.0,3.0,4.0,
FM E-921-020 ,0,2024-06-01,False,6.0,1.0,,1.0
FM E-921-020 ,1,2024-07-01,False,5.0,1.0,,3.0
FM E-921-020 ,2,2024-08-01,False,2.0,3.0,,0.0
FM E-921-020 ,3,2024-09-01,False,2.0,0.0,,0.0
FM E-921-020 ,4,2024-10-01,False,2.0,0.0,,0.0
FM E-921-020 ,5,2024-11-01,False,2.0,0.0,,0.0
FM E-921-020 ,6,2024-12-01,False,2.0,0.0,,1.0
FM E-921-020 ,7,2025-01-01,False,1.0,1.0,,0.0
FM E-921-020 ,8,2025-02-01,False,7.0,0.0,,1.0
FM E-921-020 ,9,2025-03-01,False,6.0,1.0,,0.0
FM E-921-020 ,10,2025-04-01,False,6.0,0.0,,0.0
FM E-921-020 ,11,2025-05-01,False,6.0,0.0,0.0,0.0
FM E-921-020 ,12,2025-06-01,False,6.0,0.0,0.0,
FM E-921-030 ,0,2024-06-01,False,1.0,1.0,,0.0
FM E-921-030 ,1,2024-07-01,False,1.0,0.0,,0.0
FM E-921-030 ,2,2024-08-01,False,1.0,0.0,,0.0
FM E-921-030 ,3,2024-09-01,False,1.0,0.0,,0.0
FM E-921-030 ,4,2024-10-01,False,1.0,0.0,,0.0
FM E-921-030 ,5,2024-11-01,False,1.0,0.0,,0.0
FM E-921-030 ,6,2024-12-01,False,1.0,0.0,,0.0
FM E-921-030 ,7,2025-01-01,False,1.0,0.0,,0.0
FM E-921-030 ,8,2025-02-01,False,5.0,0.0,,0.0
FM E-921-030 ,9,2025-03-01,False,5.0,0.0,,0.0
FM E-921-030 ,10,2025-04-01,False,5.0,0.0,,0.0
FM E-921-030 ,11,2025-05-01,False,5.0,0.0,0.0,0.0
FM E-921-030 ,12,2025-06-01,False,5.0,0.0,0.0,
FM E-921-STD ,0,2024-06-01,False,36.0,3.0,,3.0
FM E-921-STD ,1,2024-07-01,False,33.0,3.0,,5.0
FM E-921-STD ,2,2024-08-01,False,28.0,5.0,,3.0
FM E-921-STD ,3,2024-09-01,False,25.0,3.0,,2.0
FM E-921-STD ,4,2024-10-01,False,23.0,2.0,,12.0
FM E-921-STD ,5,2024-11-01,False,11.0,12.0,,6.0
FM E-921-STD ,6,2024-12-01,False,5.0,6.0,,2.0
FM E-921-STD ,7,2025-01-01,False,3.0,2.0,,3.0
FM E-921-STD ,8,2025-02-01,True,0.0,3.0,,0.0
FM E-921-STD ,9,2025-03-01,True,1.0,0.0,,1.0
FM E-921-STD ,10,2025-04-01,True,0.0,1.0,,1.0
FM E-921-STD ,11,2025-05-01,True,59.0,1.0,5.0,0.0
FM E-921-STD ,12,2025-06-01,False,59.0,0.0,2.0,
FM E-925-STD ,0,2024-06-01,False,10.0,0.0,,0.0
FM E-925-STD ,1,2024-07-01,False,10.0,0.0,,0.0
FM E-925-STD ,2,2024-08-01,False,10.0,0.0,,0.0
FM E-925-STD ,3,2024-09-01,False,10.0,0.0,,0.0
FM E-925-STD ,4,2024-10-01,False,10.0,0.0,,0.0
FM E-925-STD ,5,2024-11-01,False,10.0,0.0,,0.0
FM E-925-STD ,6,2024-12-01,False,10.0,0.0,,1.0
FM E-925-STD ,7,2025-01-01,False,9.0,1.0,,0.0
FM E-925-STD ,8,2025-02-01,False,9.0,0.0,,0.0
FM E-925-STD ,9,2025-03-01,False,9.0,0.0,,0.0
FM E-925-STD ,10,2025-04-01,False,9.0,0.0,,0.0
FM E-925-STD ,11,2025-05-01,False,9.0,0.0,0.0,0.0
FM E-925-STD ,12,2025-06-01,False,9.0,0.0,0.0,
FM E-937-50 ,0,2024-06-01,False,9.0,0.0,,1.0
FM E-937-50 ,1,2024-07-01,False,8.0,1.0,,1.0
FM E-937-50 ,2,2024-08-01,False,7.0,1.0,,0.0
FM E-937-50 ,3,2024-09-01,False,7.0,0.0,,1.0
FM E-937-50 ,4,2024-10-01,False,6.0,1.0,,0.0
FM E-937-50 ,5,2024-11-01,False,6.0,0.0,,0.0
FM E-937-50 ,6,2024-12-01,False,6.0,0.0,,0.0
FM E-937-50 ,7,2025-01-01,False,6.0,0.0,,0.0
FM E-937-50 ,8,2025-02-01,False,6.0,0.0,,0.0
FM E-937-50 ,9,2025-03-01,False,6.0,0.0,,0.0
FM E-937-50 ,10,2025-04-01,False,6.0,0.0,,0.0
FM E-937-50 ,11,2025-05-01,False,6.0,0.0,0.0,0.0
FM E-937-50 ,12,2025-06-01,False,6.0,0.0,0.0,
FM E-937-STD ,0,2024-06-01,False,36.0,8.0,,10.0
FM E-937-STD ,1,2024-07-01,False,26.0,10.0,,1.0
FM E-937-STD ,2,2024-08-01,False,25.0,1.0,,6.0
FM E-937-STD ,3,2024-09-01,False,19.0,6.0,,7.0
FM E-937-STD ,4,2024-10-01,False,12.0,7.0,,4.0
FM E-937-STD ,5,2024-11-01,False,8.0,4.0,,8.0
FM E-937-STD ,6,2024-12-01,False,0.0,8.0,,0.0
FM E-937-STD ,7,2025-01-01,True,0.0,0.0,,4.0
FM E-937-STD ,8,2025-02-01,True,46.0,4.0,,3.0
FM E-937-STD ,9,2025-03-01,False,43.0,3.0,,1.0
FM E-937-STD ,10,2025-04-01,False,42.0,1.0,,3.0
FM E-937-STD ,11,2025-05-01,False,39.0,3.0,3.0,3.0
FM E-937-STD ,12,2025-06-01,False,36.0,3.0,2.0,
FM E-938-STD ,0,2024-06-01,False,32.0,0.0,,1.0
FM E-938-STD ,1,2024-07-01,False,31.0,1.0,,0.0
FM E-938-STD ,2,2024-08-01,False,31.0,0.0,,3.0
FM E-938-STD ,3,2024-09-01,False,28.0,3.0,,0.0
FM E-938-STD ,4,2024-10-01,False,28.0,0.0,,1.0
FM E-938-STD ,5,2024-11-01,False,27.0,1.0,,0.0
FM E-938-STD ,6,2024-12-01,False,27.0,0.0,,1.0
FM E-938-STD ,7,2025-01-01,False,26.0,1.0,,3.0
FM E-938-STD ,8,2025-02-01,False,23.0,3.0,,0.0
FM E-938-STD ,9,2025-03-01,False,23.0,0.0,,0.0
FM E-938-STD ,10,2025-04-01,False,23.0,0.0,,0.0
FM E-938-STD ,11,2025-05-01,False,23.0,0.0,1.0,0.0
FM E-938-STD ,12,2025-06-01,False,23.0,0.0,0.0,
FM E-942-020 ,0,2024-06-01,False,9.0,0.0,,0.0
FM E-942-020 ,1,2024-07-01,False,9.0,0.0,,1.0
FM E-942-020 ,2,2024-08-01,False,8.0,1.0,,1.0
FM E-942-020 ,3,2024-09-01,False,7.0,1.0,,0.0
FM E-942-020 ,4,2024-10-01,False,7.0,0.0,,0.0
FM E-942-020 ,5,2024-11-01,False,7.0,0.0,,0.0
FM E-942-020 ,6,2024-12-01,False,7.0,0.0,,0.0
FM E-942-020 ,7,2025-01-01,False,7.0,0.0,,0.0
FM E-942-020 ,8,2025-02-01,False,7.0,0.0,,0.0
FM E-942-020 ,9,2025-03-01,False,7.0,0.0,,0.0
FM E-942-020 ,10,2025-04-01,False,7.0,0.0,,1.0
FM E-942-020 ,11,2025-05-01,False,6.0,1.0,0.0,0.0
FM E-942-020 ,12,2025-06-01,False,6.0,0.0,0.0,
FM E-942-030 ,0,2024-06-01,False,12.0,0.0,,0.0
FM E-942-030 ,1,2024-07-01,False,12.0,0.0,,0.0
FM E-942-030 ,2,2024-08-01,False,12.0,0.0,,0.0
FM E-942-030 ,3,2024-09-01,False,12.0,0.0,,0.0
FM E-942-030 ,4,2024-10-01,False,12.0,0.0,,0.0
FM E-942-030 ,5,2024-11-01,False,12.0,0.0,,0.0
FM E-942-030 ,6,2024-12-01,False,12.0,0.0,,0.0
FM E-942-030 ,7,2025-01-01,False,12.0,0.0,,0.0
FM E-942-030 ,8,2025-02-01,False,12.0,0.0,,0.0
FM E-942-030 ,9,2025-03-01,False,12.0,0.0,,0.0
FM E-942-030 ,10,2025-04-01,False,12.0,0.0,,1.0
FM E-942-030 ,11,2025-05-01,False,11.0,1.0,1.0,1.0
FM E-942-030 ,12,2025-06-01,False,10.0,1.0,0.0,
FM E-942-STD ,0,2024-06-01,False,3.0,1.0,,1.0
FM E-942-STD ,1,2024-07-01,False,2.0,1.0,,0.0
FM E-942-STD ,2,2024-08-01,False,2.0,0.0,,1.0
FM E-942-STD ,3,2024-09-01,False,1.0,1.0,,0.0
FM E-942-STD ,4,2024-10-01,False,1.0,0.0,,0.0
FM E-942-STD ,5,2024-11-01,False,1.0,0.0,,0.0
FM E-942-STD ,6,2024-12-01,False,1.0,0.0,,1.0
FM E-942-STD ,7,2025-01-01,False,0.0,1.0,,1.0
FM E-942-STD ,8,2025-02-01,True,4.0,1.0,,0.0
FM E-942-STD ,9,2025-03-01,False,4.0,0.0,,0.0
FM E-942-STD ,10,2025-04-01,False,4.0,0.0,,0.0
FM E-942-STD ,11,2025-05-01,False,4.0,0.0,0.0,0.0
FM E-942-STD ,12,2025-06-01,False,4.0,0.0,1.0,
FM E-979-STD ,0,2024-06-01,True,0.0,0.0,,0.0
FM E-979-STD ,1,2024-07-01,True,0.0,0.0,,0.0
FM E-979-STD ,2,2024-08-01,True,0.0,0.0,,0.0
FM E-979-STD ,3,2024-09-01,True,0.0,0.0,,0.0
FM E-979-STD ,4,2024-10-01,True,0.0,0.0,,0.0
FM E-979-STD ,5,2024-11-01,True,0.0,0.0,,0.0
FM E-979-STD ,6,2024-12-01,True,0.0,0.0,,0.0
FM E-979-STD ,7,2025-01-01,True,0.0,0.0,,0.0
FM E-979-STD ,8,2025-02-01,True,0.0,0.0,,0.0
FM E-979-STD ,9,2025-03-01,True,0.0,0.0,,0.0
FM E-979-STD ,10,2025-04-01,True,0.0,0.0,,1.0
FM E-979-STD ,11,2025-05-01,True,0.0,1.0,0.0,0.0
FM E-979-STD ,12,2025-06-01,True,0.0,0.0,0.0,
FM H1129CT-50 ,0,2024-06-01,False,1.0,0.0,,0.0
FM H1129CT-50 ,1,2024-07-01,False,1.0,0.0,,0.0
FM H1129CT-50 ,2,2024-08-01,False,1.0,0.0,,0.0
FM H1129CT-50 ,3,2024-09-01,False,1.0,0.0,,0.0
FM H1129CT-50 ,4,2024-10-01,False,1.0,0.0,,0.0
FM H1129CT-50 ,5,2024-11-01,False,1.0,0.0,,0.0
FM H1129CT-50 ,6,2024-12-01,False,1.0,0.0,,0.0
FM H1129CT-50 ,7,2025-01-01,False,1.0,0.0,,0.0
FM H1129CT-50 ,8,2025-02-01,False,1.0,0.0,,0.0
FM H1129CT-50 ,9,2025-03-01,False,1.0,0.0,,0.0
FM H1129CT-50 ,10,2025-04-01,False,1.0,0.0,,0.0
FM H1129CT-50 ,11,2025-05-01,False,1.0,0.0,0.0,1.0
FM H1129CT-50 ,12,2025-06-01,False,0.0,1.0,0.0,
FM H1134CP-020 ,0,2024-06-01,True,0.0,0.0,,0.0
FM H1134CP-020 ,1,2024-07-01,True,0.0,0.0,,1.0
FM H1134CP-020 ,2,2024-08-01,True,0.0,1.0,,1.0
FM H1134CP-020 ,3,2024-09-01,True,0.0,1.0,,0.0
FM H1134CP-020 ,4,2024-10-01,True,0.0,0.0,,0.0
FM H1134CP-020 ,5,2024-11-01,True,0.0,0.0,,0.0
FM H1134CP-020 ,6,2024-12-01,True,0.0,0.0,,0.0
FM H1134CP-020 ,7,2025-01-01,True,0.0,0.0,,0.0
FM H1134CP-020 ,8,2025-02-01,True,0.0,0.0,,0.0
FM H1134CP-020 ,9,2025-03-01,True,0.0,0.0,,0.0
FM H1134CP-020 ,10,2025-04-01,True,0.0,0.0,,1.0
FM H1134CP-020 ,11,2025-05-01,True,0.0,1.0,1.0,0.0
FM H1134CP-020 ,12,2025-06-01,True,0.0,0.0,0.0,
FM H1505CPA-50 ,0,2024-06-01,True,0.0,0.0,,0.0
FM H1505CPA-50 ,1,2024-07-01,True,0.0,0.0,,0.0
FM H1505CPA-50 ,2,2024-08-01,True,0.0,0.0,,0.0
FM H1505CPA-50 ,3,2024-09-01,True,0.0,0.0,,1.0
FM H1505CPA-50 ,4,2024-10-01,True,1.0,1.0,,0.0
FM H1505CPA-50 ,5,2024-11-01,False,1.0,0.0,,0.0
FM H1505CPA-50 ,6,2024-12-01,False,1.0,0.0,,0.0
FM H1505CPA-50 ,7,2025-01-01,False,1.0,0.0,,2.0
FM H1505CPA-50 ,8,2025-02-01,False,0.0,2.0,,0.0
FM H1505CPA-50 ,9,2025-03-01,True,0.0,0.0,,0.0
FM H1505CPA-50 ,10,2025-04-01,True,0.0,0.0,,0.0
FM H1505CPA-50 ,11,2025-05-01,True,0.0,0.0,0.0,0.0
FM H1505CPA-50 ,12,2025-06-01,True,0.0,0.0,0.0,
FM H1508-50 ,0,2024-06-01,False,1.0,0.0,,0.0
FM H1508-50 ,1,2024-07-01,False,3.0,0.0,,0.0
FM H1508-50 ,2,2024-08-01,False,3.0,0.0,,0.0
FM H1508-50 ,3,2024-09-01,False,3.0,0.0,,1.0
FM H1508-50 ,4,2024-10-01,False,2.0,1.0,,0.0
FM H1508-50 ,5,2024-11-01,False,2.0,0.0,,1.0
FM H1508-50 ,6,2024-12-01,False,1.0,1.0,,0.0
FM H1508-50 ,7,2025-01-01,False,1.0,0.0,,1.0
FM H1508-50 ,8,2025-02-01,False,0.0,1.0,,0.0
FM H1508-50 ,9,2025-03-01,True,0.0,0.0,,0.0
FM H1508-50 ,10,2025-04-01,True,0.0,0.0,,0.0
FM H1508-50 ,11,2025-05-01,True,2.0,0.0,0.0,0.0
FM H1508-50 ,12,2025-06-01,False,2.0,0.0,0.0,
FM H1527-50 ,0,2024-06-01,False,1.0,0.0,,0.0
FM H1527-50 ,1,2024-07-01,False,1.0,0.0,,0.0
FM H1527-50 ,2,2024-08-01,False,1.0,0.0,,0.0
FM H1527-50 ,3,2024-09-01,False,1.0,0.0,,0.0
FM H1527-50 ,4,2024-10-01,False,1.0,0.0,,0.0
FM H1527-50 ,5,2024-11-01,False,1.0,0.0,,0.0
FM H1527-50 ,6,2024-12-01,False,1.0,0.0,,0.0
FM H1527-50 ,7,2025-01-01,False,1.0,0.0,,0.0
FM H1527-50 ,8,2025-02-01,False,1.0,0.0,,0.0
FM H1527-50 ,9,2025-03-01,False,1.0,0.0,,0.0
FM H1527-50 ,10,2025-04-01,False,1.0,0.0,,0.0
FM H1527-50 ,11,2025-05-01,False,1.0,0.0,0.0,1.0
FM H1527-50 ,12,2025-06-01,False,0.0,1.0,0.0,
FM HT-2148 ,0,2024-06-01,False,362.0,28.0,,1.0
FM HT-2148 ,1,2024-07-01,False,361.0,1.0,,25.0
FM HT-2148 ,2,2024-08-01,False,336.0,25.0,,24.0
FM HT-2148 ,3,2024-09-01,False,312.0,24.0,,37.0
FM HT-2148 ,4,2024-10-01,False,275.0,37.0,,34.0
FM HT-2148 ,5,2024-11-01,False,241.0,34.0,,73.0
FM HT-2148 ,6,2024-12-01,False,168.0,73.0,,98.0
FM HT-2148 ,7,2025-01-01,False,70.0,98.0,,24.0
FM HT-2148 ,8,2025-02-01,False,46.0,24.0,,1.0
FM HT-2148 ,9,2025-03-01,False,61.0,1.0,,8.0
FM HT-2148 ,10,2025-04-01,False,53.0,8.0,,8.0
FM HT-2148 ,11,2025-05-01,False,45.0,8.0,13.0,6.0
FM HT-2148 ,12,2025-06-01,False,39.0,6.0,12.0,
FM HT-2271 ,0,2024-06-01,False,23.0,0.0,,0.0
FM HT-2271 ,1,2024-07-01,False,23.0,0.0,,16.0
FM HT-2271 ,2,2024-08-01,False,7.0,16.0,,0.0
FM HT-2271 ,3,2024-09-01,False,7.0,0.0,,0.0
FM HT-2271 ,4,2024-10-01,False,7.0,0.0,,0.0
FM HT-2271 ,5,2024-11-01,False,7.0,0.0,,0.0
FM HT-2271 ,6,2024-12-01,False,7.0,0.0,,0.0
FM HT-2271 ,7,2025-01-01,False,7.0,0.0,,0.0
FM HT-2271 ,8,2025-02-01,False,7.0,0.0,,0.0
FM HT-2271 ,9,2025-03-01,False,7.0,0.0,,0.0
FM HT-2271 ,10,2025-04-01,False,7.0,0.0,,0.0
FM HT-2271 ,11,2025-05-01,False,7.0,0.0,1.0,0.0
FM HT-2271 ,12,2025-06-01,False,7.0,0.0,1.0,
FM HT-2279 ,0,2024-06-01,False,138.0,0.0,,0.0
FM HT-2279 ,1,2024-07-01,False,138.0,0.0,,17.0
FM HT-2279 ,2,2024-08-01,False,121.0,17.0,,32.0
FM HT-2279 ,3,2024-09-01,False,89.0,32.0,,0.0
FM HT-2279 ,4,2024-10-01,False,89.0,0.0,,0.0
FM HT-2279 ,5,2024-11-01,False,89.0,0.0,,34.0
FM HT-2279 ,6,2024-12-01,False,55.0,34.0,,32.0
FM HT-2279 ,7,2025-01-01,False,23.0,32.0,,16.0
FM HT-2279 ,8,2025-02-01,False,7.0,16.0,,0.0
FM HT-2279 ,9,2025-03-01,True,7.0,0.0,,0.0
FM HT-2279 ,10,2025-04-01,True,7.0,0.0,,16.0
FM HT-2279 ,11,2025-05-01,True,135.0,16.0,19.0,0.0
FM HT-2279 ,12,2025-06-01,False,135.0,0.0,12.0,
FM HT-2303 ,0,2024-06-01,False,239.0,24.0,,16.0
FM HT-2303 ,1,2024-07-01,False,223.0,16.0,,16.0
FM HT-2303 ,2,2024-08-01,False,207.0,16.0,,18.0
FM HT-2303 ,3,2024-09-01,False,189.0,18.0,,34.0
FM HT-2303 ,4,2024-10-01,False,155.0,34.0,,22.0
FM HT-2303 ,5,2024-11-01,False,133.0,22.0,,42.0
FM HT-2303 ,6,2024-12-01,False,91.0,42.0,,48.0
FM HT-2303 ,7,2025-01-01,False,43.0,48.0,,33.0
FM HT-2303 ,8,2025-02-01,False,10.0,33.0,,2.0
FM HT-2303 ,9,2025-03-01,True,8.0,2.0,,0.0
FM HT-2303 ,10,2025-04-01,True,8.0,0.0,,1.0
FM HT-2303 ,11,2025-05-01,True,8.0,1.0,5.0,0.0
FM HT-2303 ,12,2025-06-01,True,8.0,0.0,10.0,
FM HT-2305 ,0,2024-06-01,False,48.0,0.0,,24.0
FM HT-2305 ,1,2024-07-01,False,24.0,24.0,,0.0
FM HT-2305 ,2,2024-08-01,False,24.0,0.0,,12.0
FM HT-2305 ,3,2024-09-01,False,12.0,12.0,,0.0
FM HT-2305 ,4,2024-10-01,False,12.0,0.0,,0.0
FM HT-2305 ,5,2024-11-01,False,12.0,0.0,,0.0
FM HT-2305 ,6,2024-12-01,False,12.0,0.0,,0.0
FM HT-2305 ,7,2025-01-01,False,12.0,0.0,,0.0
FM HT-2305 ,8,2025-02-01,False,60.0,0.0,,0.0
FM HT-2305 ,9,2025-03-01,False,60.0,0.0,,0.0
FM HT-2305 ,10,2025-04-01,False,60.0,0.0,,0.0
FM HT-2305 ,11,2025-05-01,False,60.0,0.0,1.0,0.0
FM HT-2305 ,12,2025-06-01,False,60.0,0.0,1.0,
FM HT-2320 ,0,2024-06-01,True,0.0,0.0,,0.0
FM HT-2320 ,1,2024-07-01,True,0.0,0.0,,0.0
FM HT-2320 ,2,2024-08-01,True,0.0,0.0,,0.0
FM HT-2320 ,3,2024-09-01,True,0.0,0.0,,0.0
FM HT-2320 ,4,2024-10-01,True,0.0,0.0,,0.0
FM HT-2320 ,5,2024-11-01,True,0.0,0.0,,0.0
FM HT-2320 ,6,2024-12-01,True,0.0,0.0,,0.0
FM HT-2320 ,7,2025-01-01,True,0.0,0.0,,0.0
FM HT-2320 ,8,2025-02-01,True,160.0,0.0,,20.0
FM HT-2320 ,9,2025-03-01,False,140.0,20.0,,28.0
FM HT-2320 ,10,2025-04-01,False,112.0,28.0,,25.0
FM HT-2320 ,11,2025-05-01,False,87.0,25.0,21.0,2.0
FM HT-2320 ,12,2025-06-01,False,85.0,2.0,12.0,
FM HT-817 ,0,2024-06-01,False,353.0,16.0,,161.0
FM HT-817 ,1,2024-07-01,False,672.0,161.0,,64.0
FM HT-817 ,2,2024-08-01,False,608.0,64.0,,364.0
FM HT-817 ,3,2024-09-01,False,244.0,364.0,,97.0
FM HT-817 ,4,2024-10-01,False,627.0,97.0,,280.0
FM HT-817 ,5,2024-11-01,False,347.0,280.0,,80.0
FM HT-817 ,6,2024-12-01,False,267.0,80.0,,16.0
FM HT-817 ,7,2025-01-01,False,251.0,16.0,,0.0
FM HT-817 ,8,2025-02-01,False,731.0,0.0,,24.0
FM HT-817 ,9,2025-03-01,False,707.0,24.0,,0.0
FM HT-817 ,10,2025-04-01,False,707.0,0.0,,112.0
FM HT-817 ,11,2025-05-01,False,1507.0,112.0,99.0,0.0
FM HT-817 ,12,2025-06-01,False,1507.0,0.0,82.0,
FM HT-900 ,0,2024-06-01,False,17.0,0.0,,0.0
FM HT-900 ,1,2024-07-01,False,17.0,0.0,,0.0
FM HT-900 ,2,2024-08-01,False,17.0,0.0,,0.0
FM HT-900 ,3,2024-09-01,False,17.0,0.0,,0.0
FM HT-900 ,4,2024-10-01,False,17.0,0.0,,12.0
FM HT-900 ,5,2024-11-01,False,5.0,12.0,,0.0
FM HT-900 ,6,2024-12-01,False,5.0,0.0,,0.0
FM HT-900 ,7,2025-01-01,False,5.0,0.0,,0.0
FM HT-900 ,8,2025-02-01,False,5.0,0.0,,0.0
FM HT-900 ,9,2025-03-01,False,5.0,0.0,,0.0
FM HT-900 ,10,2025-04-01,False,5.0,0.0,,0.0
FM HT-900 ,11,2025-05-01,False,5.0,0.0,0.0,0.0
FM HT-900 ,12,2025-06-01,False,5.0,0.0,0.0,
FM V-1199 ,0,2024-06-01,False,89.0,0.0,,0.0
FM V-1199 ,1,2024-07-01,False,89.0,0.0,,0.0
FM V-1199 ,2,2024-08-01,False,89.0,0.0,,0.0
FM V-1199 ,3,2024-09-01,False,89.0,0.0,,0.0
FM V-1199 ,4,2024-10-01,False,89.0,0.0,,40.0
FM V-1199 ,5,2024-11-01,False,49.0,40.0,,0.0
FM V-1199 ,6,2024-12-01,False,49.0,0.0,,0.0
FM V-1199 ,7,2025-01-01,False,49.0,0.0,,0.0
FM V-1199 ,8,2025-02-01,False,49.0,0.0,,0.0
FM V-1199 ,9,2025-03-01,False,49.0,0.0,,0.0
FM V-1199 ,10,2025-04-01,False,49.0,0.0,,0.0
FM V-1199 ,11,2025-05-01,False,49.0,0.0,0.0,0.0
FM V-1199 ,12,2025-06-01,False,49.0,0.0,0.0,
FM V-1753X ,0,2024-06-01,True,0.0,0.0,,0.0
FM V-1753X ,1,2024-07-01,True,0.0,0.0,,0.0
FM V-1753X ,2,2024-08-01,True,0.0,0.0,,0.0
FM V-1753X ,3,2024-09-01,True,0.0,0.0,,0.0
FM V-1753X ,4,2024-10-01,True,0.0,0.0,,0.0
FM V-1753X ,5,2024-11-01,True,0.0,0.0,,0.0
FM V-1753X ,6,2024-12-01,True,0.0,0.0,,0.0
FM V-1753X ,7,2025-01-01,True,0.0,0.0,,0.0
FM V-1753X ,8,2025-02-01,True,0.0,0.0,,0.0
FM V-1753X ,9,2025-03-01,True,0.0,0.0,,8.0
FM V-1753X ,10,2025-04-01,True,0.0,8.0,,0.0
FM V-1753X ,11,2025-05-01,True,0.0,0.0,0.0,0.0
FM V-1753X ,12,2025-06-01,True,0.0,0.0,0.0,
FM V-1989X ,0,2024-06-01,True,0.0,0.0,,0.0
FM V-1989X ,1,2024-07-01,True,0.0,0.0,,0.0
FM V-1989X ,2,2024-08-01,True,0.0,0.0,,8.0
FM V-1989X ,3,2024-09-01,True,-8.0,8.0,,0.0
FM V-1989X ,4,2024-10-01,True,0.0,0.0,,0.0
FM V-1989X ,5,2024-11-01,True,0.0,0.0,,0.0
FM V-1989X ,6,2024-12-01,True,0.0,0.0,,0.0
FM V-1989X ,7,2025-01-01,True,0.0,0.0,,0.0
FM V-1989X ,8,2025-02-01,True,0.0,0.0,,0.0
FM V-1989X ,9,2025-03-01,True,0.0,0.0,,0.0
FM V-1989X ,10,2025-04-01,True,0.0,0.0,,0.0
FM V-1989X ,11,2025-05-01,True,0.0,0.0,0.0,0.0
FM V-1989X ,12,2025-06-01,True,0.0,0.0,0.0,
FM V-3956 ,0,2024-06-01,False,10.0,0.0,,0.0
FM V-3956 ,1,2024-07-01,False,10.0,0.0,,0.0
FM V-3956 ,2,2024-08-01,False,10.0,0.0,,0.0
FM V-3956 ,3,2024-09-01,False,10.0,0.0,,0.0
FM V-3956 ,4,2024-10-01,False,10.0,0.0,,0.0
FM V-3956 ,5,2024-11-01,False,10.0,0.0,,0.0
FM V-3956 ,6,2024-12-01,False,10.0,0.0,,0.0
FM V-3956 ,7,2025-01-01,False,10.0,0.0,,0.0
FM V-3956 ,8,2025-02-01,False,10.0,0.0,,9.0
FM V-3956 ,9,2025-03-01,False,1.0,9.0,,0.0
FM V-3956 ,10,2025-04-01,False,1.0,0.0,,0.0
FM V-3956 ,11,2025-05-01,False,1.0,0.0,2.0,0.0
FM V-3956 ,12,2025-06-01,False,1.0,0.0,0.0,
FM V-4593 ,0,2024-06-01,False,52.0,0.0,,0.0
FM V-4593 ,1,2024-07-01,False,52.0,0.0,,0.0
FM V-4593 ,2,2024-08-01,False,52.0,0.0,,0.0
FM V-4593 ,3,2024-09-01,False,52.0,0.0,,0.0
FM V-4593 ,4,2024-10-01,False,52.0,0.0,,1.0
FM V-4593 ,5,2024-11-01,False,51.0,1.0,,1.0
FM V-4593 ,6,2024-12-01,False,52.0,1.0,,0.0
FM V-4593 ,7,2025-01-01,False,52.0,0.0,,0.0
FM V-4593 ,8,2025-02-01,False,52.0,0.0,,0.0
FM V-4593 ,9,2025-03-01,False,52.0,0.0,,0.0
FM V-4593 ,10,2025-04-01,False,52.0,0.0,,0.0
FM V-4593 ,11,2025-05-01,False,52.0,0.0,0.0,0.0
FM V-4593 ,12,2025-06-01,False,52.0,0.0,0.0,
FM V-4644 ,0,2024-06-01,False,41.0,1.0,,0.0
FM V-4644 ,1,2024-07-01,False,41.0,0.0,,0.0
FM V-4644 ,2,2024-08-01,False,41.0,0.0,,0.0
FM V-4644 ,3,2024-09-01,False,41.0,0.0,,0.0
FM V-4644 ,4,2024-10-01,False,41.0,0.0,,0.0
FM V-4644 ,5,2024-11-01,False,41.0,0.0,,0.0
FM V-4644 ,6,2024-12-01,False,41.0,0.0,,0.0
FM V-4644 ,7,2025-01-01,False,41.0,0.0,,0.0
FM V-4644 ,8,2025-02-01,False,41.0,0.0,,0.0
FM V-4644 ,9,2025-03-01,False,41.0,0.0,,0.0
FM V-4644 ,10,2025-04-01,False,41.0,0.0,,0.0
FM V-4644 ,11,2025-05-01,False,41.0,0.0,0.0,0.0
FM V-4644 ,12,2025-06-01,False,41.0,0.0,0.0,
FM V-4741 ,0,2024-06-01,False,41.0,0.0,,0.0
FM V-4741 ,1,2024-07-01,False,41.0,0.0,,0.0
FM V-4741 ,2,2024-08-01,False,41.0,0.0,,1.0
FM V-4741 ,3,2024-09-01,False,40.0,1.0,,0.0
FM V-4741 ,4,2024-10-01,False,40.0,0.0,,0.0
FM V-4741 ,5,2024-11-01,False,40.0,0.0,,0.0
FM V-4741 ,6,2024-12-01,False,40.0,0.0,,0.0
FM V-4741 ,7,2025-01-01,False,40.0,0.0,,0.0
FM V-4741 ,8,2025-02-01,False,40.0,0.0,,1.0
FM V-4741 ,9,2025-03-01,False,39.0,1.0,,0.0
FM V-4741 ,10,2025-04-01,False,39.0,0.0,,0.0
FM V-4741 ,11,2025-05-01,False,39.0,0.0,0.0,0.0
FM V-4741 ,12,2025-06-01,False,39.0,0.0,0.0,
MOG330 ,0,2024-06-01,False,52.0,4.0,,2.0
MOG330 ,1,2024-07-01,False,100.0,2.0,,55.0
MOG330 ,2,2024-08-01,False,45.0,55.0,,3.0
MOG330 ,3,2024-09-01,False,42.0,3.0,,3.0
MOG330 ,4,2024-10-01,False,39.0,3.0,,4.0
MOG330 ,5,2024-11-01,False,35.0,4.0,,5.0
MOG330 ,6,2024-12-01,False,34.0,5.0,,10.0
MOG330 ,7,2025-01-01,False,24.0,10.0,,8.0
MOG330 ,8,2025-02-01,False,112.0,8.0,,2.0
MOG330 ,9,2025-03-01,False,110.0,2.0,,8.0
MOG330 ,10,2025-04-01,False,102.0,8.0,,4.0
MOG330 ,11,2025-05-01,False,98.0,4.0,8.0,8.0
MOG330 ,12,2025-06-01,False,90.0,8.0,7.0,
MOG331 ,0,2024-06-01,True,4.0,2.0,,1.0
MOG331 ,1,2024-07-01,True,1.0,1.0,,0.0
MOG331 ,2,2024-08-01,True,1.0,0.0,,1.0
MOG331 ,3,2024-09-01,True,0.0,1.0,,158.0
MOG331 ,4,2024-10-01,True,92.0,158.0,,69.0
MOG331 ,5,2024-11-01,False,23.0,69.0,,23.0
MOG331 ,6,2024-12-01,True,0.0,23.0,,0.0
MOG331 ,7,2025-01-01,True,0.0,0.0,,20.0
MOG331 ,8,2025-02-01,True,80.0,20.0,,20.0
MOG331 ,9,2025-03-01,False,60.0,20.0,,38.0
MOG331 ,10,2025-04-01,False,22.0,38.0,,21.0
MOG331 ,11,2025-05-01,True,251.0,21.0,33.0,157.0
MOG331 ,12,2025-06-01,False,94.0,157.0,74.0,
MOG351 ,0,2024-06-01,False,21.0,0.0,,2.0
MOG351 ,1,2024-07-01,False,19.0,2.0,,0.0
MOG351 ,2,2024-08-01,False,19.0,0.0,,2.0
MOG351 ,3,2024-09-01,False,17.0,2.0,,3.0
MOG351 ,4,2024-10-01,False,14.0,3.0,,1.0
MOG351 ,5,2024-11-01,False,13.0,1.0,,7.0
MOG351 ,6,2024-12-01,False,6.0,7.0,,0.0
MOG351 ,7,2025-01-01,False,6.0,0.0,,1.0
MOG351 ,8,2025-02-01,False,25.0,1.0,,0.0
MOG351 ,9,2025-03-01,False,25.0,0.0,,4.0
MOG351 ,10,2025-04-01,False,21.0,4.0,,3.0
MOG351 ,11,2025-05-01,False,18.0,3.0,3.0,1.0
MOG351 ,12,2025-06-01,False,17.0,1.0,3.0,
MOG353 ,0,2024-06-01,False,16.0,0.0,,0.0
MOG353 ,1,2024-07-01,False,16.0,0.0,,0.0
MOG353 ,2,2024-08-01,False,16.0,0.0,,0.0
MOG353 ,3,2024-09-01,False,16.0,0.0,,0.0
MOG353 ,4,2024-10-01,False,16.0,0.0,,0.0
MOG353 ,5,2024-11-01,False,16.0,0.0,,0.0
MOG353 ,6,2024-12-01,False,16.0,0.0,,0.0
MOG353 ,7,2025-01-01,False,16.0,0.0,,1.0
MOG353 ,8,2025-02-01,False,15.0,1.0,,0.0
MOG353 ,9,2025-03-01,False,15.0,0.0,,0.0
MOG353 ,10,2025-04-01,False,15.0,0.0,,0.0
MOG353 ,11,2025-05-01,False,15.0,0.0,0.0,0.0
MOG353 ,12,2025-06-01,False,15.0,0.0,0.0,
MOG354 ,0,2024-06-01,False,50.0,2.0,,6.0
MOG354 ,1,2024-07-01,False,44.0,6.0,,4.0
MOG354 ,2,2024-08-01,False,40.0,4.0,,3.0
MOG354 ,3,2024-09-01,False,37.0,3.0,,105.0
MOG354 ,4,2024-10-01,False,82.0,105.0,,12.0
MOG354 ,5,2024-11-01,False,70.0,12.0,,14.0
MOG354 ,6,2024-12-01,False,56.0,14.0,,20.0
MOG354 ,7,2025-01-01,False,36.0,20.0,,25.0
MOG354 ,8,2025-02-01,False,117.0,25.0,,13.0
MOG354 ,9,2025-03-01,False,104.0,13.0,,16.0
MOG354 ,10,2025-04-01,False,88.0,16.0,,2.0
MOG354 ,11,2025-05-01,False,186.0,2.0,20.0,11.0
MOG354 ,12,2025-06-01,False,175.0,11.0,25.0,
MOG355 ,0,2024-06-01,False,49.0,1.0,,4.0
MOG355 ,1,2024-07-01,False,45.0,4.0,,1.0
MOG355 ,2,2024-08-01,False,44.0,1.0,,0.0
MOG355 ,3,2024-09-01,False,44.0,0.0,,2.0
MOG355 ,4,2024-10-01,False,42.0,2.0,,5.0
MOG355 ,5,2024-11-01,False,37.0,5.0,,6.0
MOG355 ,6,2024-12-01,False,31.0,6.0,,2.0
MOG355 ,7,2025-01-01,False,29.0,2.0,,5.0
MOG355 ,8,2025-02-01,False,24.0,5.0,,7.0
MOG355 ,9,2025-03-01,False,17.0,7.0,,6.0
MOG355 ,10,2025-04-01,False,11.0,6.0,,0.0
MOG355 ,11,2025-05-01,False,36.0,0.0,5.0,5.0
MOG355 ,12,2025-06-01,False,31.0,5.0,3.0,
MOG369 ,0,2024-06-01,False,121.0,0.0,,20.0
MOG369 ,1,2024-07-01,False,101.0,20.0,,58.0
MOG369 ,2,2024-08-01,False,43.0,58.0,,35.0
MOG369 ,3,2024-09-01,False,8.0,35.0,,21.0
MOG369 ,4,2024-10-01,True,137.0,21.0,,6.0
MOG369 ,5,2024-11-01,False,131.0,6.0,,3.0
MOG369 ,6,2024-12-01,False,128.0,3.0,,3.0
MOG369 ,7,2025-01-01,False,125.0,3.0,,27.0
MOG369 ,8,2025-02-01,False,198.0,27.0,,50.0
MOG369 ,9,2025-03-01,False,148.0,50.0,,13.0
MOG369 ,10,2025-04-01,False,135.0,13.0,,47.0
MOG369 ,11,2025-05-01,False,88.0,47.0,35.0,48.0
MOG369 ,12,2025-06-01,False,45.0,48.0,30.0,
MOG380 ,0,2024-06-01,False,8.0,0.0,,0.0
MOG380 ,1,2024-07-01,False,8.0,0.0,,0.0
MOG380 ,2,2024-08-01,False,8.0,0.0,,0.0
MOG380 ,3,2024-09-01,False,8.0,0.0,,0.0
MOG380 ,4,2024-10-01,False,8.0,0.0,,0.0
MOG380 ,5,2024-11-01,False,8.0,0.0,,0.0
MOG380 ,6,2024-12-01,False,8.0,0.0,,0.0
MOG380 ,7,2025-01-01,False,8.0,0.0,,0.0
MOG380 ,8,2025-02-01,False,8.0,0.0,,2.0
MOG380 ,9,2025-03-01,False,6.0,2.0,,0.0
MOG380 ,10,2025-04-01,False,6.0,0.0,,0.0
MOG380 ,11,2025-05-01,False,6.0,0.0,0.0,0.0
MOG380 ,12,2025-06-01,False,6.0,0.0,0.0,
MOG427 ,0,2024-06-01,False,13.0,0.0,,1.0
MOG427 ,1,2024-07-01,False,12.0,1.0,,0.0
MOG427 ,2,2024-08-01,False,12.0,0.0,,3.0
MOG427 ,3,2024-09-01,False,9.0,3.0,,6.0
MOG427 ,4,2024-10-01,False,128.0,6.0,,5.0
MOG427 ,5,2024-11-01,False,123.0,5.0,,2.0
MOG427 ,6,2024-12-01,False,121.0,2.0,,10.0
MOG427 ,7,2025-01-01,False,111.0,10.0,,2.0
MOG427 ,8,2025-02-01,False,109.0,2.0,,6.0
MOG427 ,9,2025-03-01,False,103.0,6.0,,2.0
MOG427 ,10,2025-04-01,False,101.0,2.0,,0.0
MOG427 ,11,2025-05-01,False,101.0,0.0,2.0,2.0
MOG427 ,12,2025-06-01,False,99.0,2.0,3.0,
MOG429 ,0,2024-06-01,False,27.0,0.0,,0.0
MOG429 ,1,2024-07-01,False,27.0,0.0,,0.0
MOG429 ,2,2024-08-01,False,27.0,0.0,,10.0
MOG429 ,3,2024-09-01,False,17.0,10.0,,4.0
MOG429 ,4,2024-10-01,False,13.0,4.0,,0.0
MOG429 ,5,2024-11-01,False,13.0,0.0,,0.0
MOG429 ,6,2024-12-01,False,13.0,0.0,,0.0
MOG429 ,7,2025-01-01,False,13.0,0.0,,0.0
MOG429 ,8,2025-02-01,False,13.0,0.0,,0.0
MOG429 ,9,2025-03-01,False,13.0,0.0,,0.0
MOG429 ,10,2025-04-01,False,13.0,0.0,,1.0
MOG429 ,11,2025-05-01,False,12.0,1.0,2.0,0.0
MOG429 ,12,2025-06-01,False,12.0,0.0,2.0,
MOG460 ,0,2024-06-01,True,0.0,0.0,,0.0
MOG460 ,1,2024-07-01,True,0.0,0.0,,0.0
MOG460 ,2,2024-08-01,True,0.0,0.0,,0.0
MOG460 ,3,2024-09-01,True,0.0,0.0,,0.0
MOG460 ,4,2024-10-01,True,4.0,0.0,,0.0
MOG460 ,5,2024-11-01,False,4.0,0.0,,0.0
MOG460 ,6,2024-12-01,False,4.0,0.0,,0.0
MOG460 ,7,2025-01-01,False,4.0,0.0,,0.0
MOG460 ,8,2025-02-01,False,4.0,0.0,,1.0
MOG460 ,9,2025-03-01,False,3.0,1.0,,0.0
MOG460 ,10,2025-04-01,False,3.0,0.0,,0.0
MOG460 ,11,2025-05-01,False,3.0,0.0,0.0,0.0
MOG460 ,12,2025-06-01,False,3.0,0.0,0.0,
MOG5030 ,0,2024-06-01,True,0.0,0.0,,0.0
MOG5030 ,1,2024-07-01,True,0.0,0.0,,0.0
MOG5030 ,2,2024-08-01,True,0.0,0.0,,0.0
MOG5030 ,3,2024-09-01,True,0.0,0.0,,0.0
MOG5030 ,4,2024-10-01,True,0.0,0.0,,0.0
MOG5030 ,5,2024-11-01,True,0.0,0.0,,0.0
MOG5030 ,6,2024-12-01,True,0.0,0.0,,0.0
MOG5030 ,7,2025-01-01,True,0.0,0.0,,0.0
MOG5030 ,8,2025-02-01,True,0.0,0.0,,0.0
MOG5030 ,9,2025-03-01,True,0.0,0.0,,0.0
MOG5030 ,10,2025-04-01,True,0.0,0.0,,10.0
MOG5030 ,11,2025-05-01,True,0.0,10.0,0.0,0.0
MOG5030 ,12,2025-06-01,True,0.0,0.0,0.0,
MOG534-G ,0,2024-06-01,False,83.0,3.0,,4.0
MOG534-G ,1,2024-07-01,False,79.0,4.0,,4.0
MOG534-G ,2,2024-08-01,False,75.0,4.0,,26.0
MOG534-G ,3,2024-09-01,False,49.0,26.0,,15.0
MOG534-G ,4,2024-10-01,False,113.0,15.0,,8.0
MOG534-G ,5,2024-11-01,False,105.0,8.0,,62.0
MOG534-G ,6,2024-12-01,False,43.0,62.0,,31.0
MOG534-G ,7,2025-01-01,False,12.0,31.0,,17.0
MOG534-G ,8,2025-02-01,True,39.0,17.0,,16.0
MOG534-G ,9,2025-03-01,False,23.0,16.0,,10.0
MOG534-G ,10,2025-04-01,False,13.0,10.0,,4.0
MOG534-G ,11,2025-05-01,True,9.0,4.0,7.0,2.0
MOG534-G ,12,2025-06-01,True,7.0,2.0,7.0,
MOG81069 ,0,2024-06-01,True,0.0,0.0,,0.0
MOG81069 ,1,2024-07-01,True,0.0,0.0,,0.0
MOG81069 ,2,2024-08-01,True,0.0,0.0,,0.0
MOG81069 ,3,2024-09-01,True,0.0,0.0,,0.0
MOG81069 ,4,2024-10-01,True,5.0,0.0,,4.0
MOG81069 ,5,2024-11-01,False,1.0,4.0,,1.0
MOG81069 ,6,2024-12-01,False,0.0,1.0,,0.0
MOG81069 ,7,2025-01-01,True,0.0,0.0,,0.0
MOG81069 ,8,2025-02-01,True,0.0,0.0,,0.0
MOG81069 ,9,2025-03-01,True,0.0,0.0,,0.0
MOG81069 ,10,2025-04-01,True,0.0,0.0,,0.0
MOG81069 ,11,2025-05-01,True,10.0,0.0,0.0,1.0
MOG81069 ,12,2025-06-01,False,9.0,1.0,0.0,
MOG81077 ,0,2024-06-01,False,2.0,0.0,,0.0
MOG81077 ,1,2024-07-01,False,2.0,0.0,,1.0
MOG81077 ,2,2024-08-01,False,2.0,1.0,,0.0
MOG81077 ,3,2024-09-01,False,2.0,0.0,,1.0
MOG81077 ,4,2024-10-01,False,1.0,1.0,,0.0
MOG81077 ,5,2024-11-01,False,1.0,0.0,,0.0
MOG81077 ,6,2024-12-01,False,1.0,0.0,,1.0
MOG81077 ,7,2025-01-01,False,0.0,1.0,,0.0
MOG81077 ,8,2025-02-01,True,0.0,0.0,,0.0
MOG81077 ,9,2025-03-01,True,0.0,0.0,,0.0
MOG81077 ,10,2025-04-01,True,0.0,0.0,,0.0
MOG81077 ,11,2025-05-01,True,2.0,0.0,0.0,0.0
MOG81077 ,12,2025-06-01,False,2.0,0.0,0.0,
MOG81098 ,0,2024-06-01,True,0.0,0.0,,0.0
MOG81098 ,1,2024-07-01,True,20.0,0.0,,3.0
MOG81098 ,2,2024-08-01,False,17.0,3.0,,4.0
MOG81098 ,3,2024-09-01,False,13.0,4.0,,8.0
MOG81098 ,4,2024-10-01,False,25.0,8.0,,1.0
MOG81098 ,5,2024-11-01,False,24.0,1.0,,7.0
MOG81098 ,6,2024-12-01,False,17.0,7.0,,2.0
MOG81098 ,7,2025-01-01,False,15.0,2.0,,3.0
MOG81098 ,8,2025-02-01,False,12.0,3.0,,5.0
MOG81098 ,9,2025-03-01,False,7.0,5.0,,4.0
MOG81098 ,10,2025-04-01,False,3.0,4.0,,1.0
MOG81098 ,11,2025-05-01,False,2.0,1.0,2.0,0.0
MOG81098 ,12,2025-06-01,True,2.0,0.0,2.0,
MOG81192 ,0,2024-06-01,False,4.0,1.0,,0.0
MOG81192 ,1,2024-07-01,False,4.0,0.0,,2.0
MOG81192 ,2,2024-08-01,False,2.0,2.0,,1.0
MOG81192 ,3,2024-09-01,False,1.0,1.0,,1.0
MOG81192 ,4,2024-10-01,False,0.0,1.0,,1.0
MOG81192 ,5,2024-11-01,True,-1.0,1.0,,0.0
MOG81192 ,6,2024-12-01,True,0.0,0.0,,0.0
MOG81192 ,7,2025-01-01,True,0.0,0.0,,0.0
MOG81192 ,8,2025-02-01,True,0.0,0.0,,0.0
MOG81192 ,9,2025-03-01,True,0.0,0.0,,0.0
MOG81192 ,10,2025-04-01,True,0.0,0.0,,2.0
MOG81192 ,11,2025-05-01,True,7.0,2.0,1.0,1.0
MOG81192 ,12,2025-06-01,False,6.0,1.0,2.0,
MOG81248 ,0,2024-06-01,False,1.0,0.0,,0.0
MOG81248 ,1,2024-07-01,False,3.0,0.0,,0.0
MOG81248 ,2,2024-08-01,False,3.0,0.0,,1.0
MOG81248 ,3,2024-09-01,False,2.0,1.0,,1.0
MOG81248 ,4,2024-10-01,False,1.0,1.0,,0.0
MOG81248 ,5,2024-11-01,False,1.0,0.0,,1.0
MOG81248 ,6,2024-12-01,False,0.0,1.0,,0.0
MOG81248 ,7,2025-01-01,True,0.0,0.0,,0.0
MOG81248 ,8,2025-02-01,True,0.0,0.0,,0.0
MOG81248 ,9,2025-03-01,True,0.0,0.0,,0.0
MOG81248 ,10,2025-04-01,True,0.0,0.0,,0.0
MOG81248 ,11,2025-05-01,True,0.0,0.0,0.0,0.0
MOG81248 ,12,2025-06-01,True,0.0,0.0,0.0,
MOG81720 ,0,2024-06-01,False,4.0,0.0,,0.0
MOG81720 ,1,2024-07-01,False,4.0,0.0,,2.0
MOG81720 ,2,2024-08-01,False,2.0,2.0,,0.0
MOG81720 ,3,2024-09-01,False,2.0,0.0,,0.0
MOG81720 ,4,2024-10-01,False,2.0,0.0,,0.0
MOG81720 ,5,2024-11-01,False,2.0,0.0,,1.0
MOG81720 ,6,2024-12-01,False,1.0,1.0,,0.0
MOG81720 ,7,2025-01-01,False,1.0,0.0,,0.0
MOG81720 ,8,2025-02-01,False,7.0,0.0,,0.0
MOG81720 ,9,2025-03-01,False,7.0,0.0,,1.0
MOG81720 ,10,2025-04-01,False,6.0,1.0,,0.0
MOG81720 ,11,2025-05-01,False,6.0,0.0,1.0,0.0
MOG81720 ,12,2025-06-01,False,6.0,0.0,1.0,
MOG81741 ,0,2024-06-01,True,0.0,0.0,,0.0
MOG81741 ,1,2024-07-01,True,2.0,0.0,,2.0
MOG81741 ,2,2024-08-01,False,0.0,2.0,,0.0
MOG81741 ,3,2024-09-01,True,0.0,0.0,,0.0
MOG81741 ,4,2024-10-01,True,0.0,0.0,,0.0
MOG81741 ,5,2024-11-01,True,0.0,0.0,,0.0
MOG81741 ,6,2024-12-01,True,0.0,0.0,,0.0
MOG81741 ,7,2025-01-01,True,0.0,0.0,,0.0
MOG81741 ,8,2025-02-01,True,4.0,0.0,,0.0
MOG81741 ,9,2025-03-01,False,4.0,0.0,,1.0
MOG81741 ,10,2025-04-01,False,3.0,1.0,,2.0
MOG81741 ,11,2025-05-01,False,1.0,2.0,0.0,1.0
MOG81741 ,12,2025-06-01,False,0.0,1.0,0.0,
MOG8600 ,0,2024-06-01,True,0.0,0.0,,0.0
MOG8600 ,1,2024-07-01,True,0.0,0.0,,0.0
MOG8600 ,2,2024-08-01,True,0.0,0.0,,0.0
MOG8600 ,3,2024-09-01,True,0.0,0.0,,0.0
MOG8600 ,4,2024-10-01,True,0.0,0.0,,0.0
MOG8600 ,5,2024-11-01,True,0.0,0.0,,0.0
MOG8600 ,6,2024-12-01,True,0.0,0.0,,0.0
MOG8600 ,7,2025-01-01,True,0.0,0.0,,9.0
MOG8600 ,8,2025-02-01,True,0.0,9.0,,0.0
MOG8600 ,9,2025-03-01,True,0.0,0.0,,0.0
MOG8600 ,10,2025-04-01,True,0.0,0.0,,1.0
MOG8600 ,11,2025-05-01,True,0.0,1.0,1.0,0.0
MOG8600 ,12,2025-06-01,True,0.0,0.0,0.0,
MOG8621 ,0,2024-06-01,False,12.0,2.0,,1.0
MOG8621 ,1,2024-07-01,False,11.0,1.0,,2.0
MOG8621 ,2,2024-08-01,False,9.0,2.0,,2.0
MOG8621 ,3,2024-09-01,False,7.0,2.0,,6.0
MOG8621 ,4,2024-10-01,False,1.0,6.0,,1.0
MOG8621 ,5,2024-11-01,True,0.0,1.0,,0.0
MOG8621 ,6,2024-12-01,True,0.0,0.0,,0.0
MOG8621 ,7,2025-01-01,True,0.0,0.0,,0.0
MOG8621 ,8,2025-02-01,True,7.0,0.0,,2.0
MOG8621 ,9,2025-03-01,False,5.0,2.0,,2.0
MOG8621 ,10,2025-04-01,False,3.0,2.0,,3.0
MOG8621 ,11,2025-05-01,False,11.0,3.0,2.0,0.0
MOG8621 ,12,2025-06-01,False,11.0,0.0,3.0,
MOG8652 ,0,2024-06-01,False,0.0,0.0,,0.0
MOG8652 ,1,2024-07-01,True,0.0,0.0,,0.0
MOG8652 ,2,2024-08-01,True,0.0,0.0,,0.0
MOG8652 ,3,2024-09-01,True,0.0,0.0,,0.0
MOG8652 ,4,2024-10-01,True,0.0,0.0,,0.0
MOG8652 ,5,2024-11-01,True,0.0,0.0,,0.0
MOG8652 ,6,2024-12-01,True,0.0,0.0,,0.0
MOG8652 ,7,2025-01-01,True,0.0,0.0,,0.0
MOG8652 ,8,2025-02-01,True,0.0,0.0,,1.0
MOG8652 ,9,2025-03-01,True,2.0,1.0,,0.0
MOG8652 ,10,2025-04-01,False,2.0,0.0,,0.0
MOG8652 ,11,2025-05-01,False,2.0,0.0,0.0,0.0
MOG8652 ,12,2025-06-01,False,2.0,0.0,0.0,
MOG9046 ,0,2024-06-01,False,6.0,0.0,,0.0
MOG9046 ,1,2024-07-01,False,6.0,0.0,,0.0
MOG9046 ,2,2024-08-01,False,6.0,0.0,,0.0
MOG9046 ,3,2024-09-01,False,6.0,0.0,,0.0
MOG9046 ,4,2024-10-01,False,6.0,0.0,,0.0
MOG9046 ,5,2024-11-01,False,6.0,0.0,,0.0
MOG9046 ,6,2024-12-01,False,6.0,0.0,,0.0
MOG9046 ,7,2025-01-01,False,6.0,0.0,,0.0
MOG9046 ,8,2025-02-01,False,6.0,0.0,,0.0
MOG9046 ,9,2025-03-01,False,6.0,0.0,,1.0
MOG9046 ,10,2025-04-01,False,5.0,1.0,,0.0
MOG9046 ,11,2025-05-01,False,5.0,0.0,0.0,0.0
MOG9046 ,12,2025-06-01,False,5.0,0.0,0.0,
MOGCC-621 ,0,2024-06-01,True,0.0,0.0,,0.0
MOGCC-621 ,1,2024-07-01,True,0.0,0.0,,0.0
MOGCC-621 ,2,2024-08-01,True,0.0,0.0,,0.0
MOGCC-621 ,3,2024-09-01,True,0.0,0.0,,0.0
MOGCC-621 ,4,2024-10-01,True,0.0,0.0,,0.0
MOGCC-621 ,5,2024-11-01,True,0.0,0.0,,0.0
MOGCC-621 ,6,2024-12-01,True,0.0,0.0,,0.0
MOGCC-621 ,7,2025-01-01,True,0.0,0.0,,10.0
MOGCC-621 ,8,2025-02-01,True,0.0,10.0,,0.0
MOGCC-621 ,9,2025-03-01,True,0.0,0.0,,0.0
MOGCC-621 ,10,2025-04-01,True,0.0,0.0,,0.0
MOGCC-621 ,11,2025-05-01,True,0.0,0.0,1.0,0.0
MOGCC-621 ,12,2025-06-01,True,0.0,0.0,0.0,
MOGCC-849 ,0,2024-06-01,False,24.0,3.0,,4.0
MOGCC-849 ,1,2024-07-01,False,37.0,4.0,,2.0
MOGCC-849 ,2,2024-08-01,False,35.0,2.0,,10.0
MOGCC-849 ,3,2024-09-01,False,25.0,10.0,,12.0
MOGCC-849 ,4,2024-10-01,False,13.0,12.0,,4.0
MOGCC-849 ,5,2024-11-01,False,9.0,4.0,,4.0
MOGCC-849 ,6,2024-12-01,False,5.0,4.0,,1.0
MOGCC-849 ,7,2025-01-01,False,4.0,1.0,,2.0
MOGCC-849 ,8,2025-02-01,False,42.0,2.0,,1.0
MOGCC-849 ,9,2025-03-01,False,41.0,1.0,,3.0
MOGCC-849 ,10,2025-04-01,False,38.0,3.0,,1.0
MOGCC-849 ,11,2025-05-01,False,37.0,1.0,2.0,2.0
MOGCC-849 ,12,2025-06-01,False,35.0,2.0,3.0,
MOGCC-860 ,0,2024-06-01,False,0.0,0.0,,0.0
MOGCC-860 ,1,2024-07-01,True,0.0,0.0,,0.0
MOGCC-860 ,2,2024-08-01,True,0.0,0.0,,0.0
MOGCC-860 ,3,2024-09-01,True,0.0,0.0,,0.0
MOGCC-860 ,4,2024-10-01,True,0.0,0.0,,0.0
MOGCC-860 ,5,2024-11-01,True,0.0,0.0,,0.0
MOGCC-860 ,6,2024-12-01,True,0.0,0.0,,0.0
MOGCC-860 ,7,2025-01-01,True,0.0,0.0,,0.0
MOGCC-860 ,8,2025-02-01,True,0.0,0.0,,2.0
MOGCC-860 ,9,2025-03-01,True,0.0,2.0,,0.0
MOGCC-860 ,10,2025-04-01,True,0.0,0.0,,0.0
MOGCC-860 ,11,2025-05-01,True,0.0,0.0,0.0,0.0
MOGCC-860 ,12,2025-06-01,True,0.0,0.0,0.0,
MOGCK-80670 ,0,2024-06-01,True,0.0,0.0,,0.0
MOGCK-80670 ,1,2024-07-01,True,0.0,0.0,,0.0
MOGCK-80670 ,2,2024-08-01,True,0.0,0.0,,0.0
MOGCK-80670 ,3,2024-09-01,True,0.0,0.0,,0.0
MOGCK-80670 ,4,2024-10-01,True,0.0,0.0,,0.0
MOGCK-80670 ,5,2024-11-01,True,0.0,0.0,,0.0
MOGCK-80670 ,6,2024-12-01,True,0.0,0.0,,0.0
MOGCK-80670 ,7,2025-01-01,True,0.0,0.0,,0.0
MOGCK-80670 ,8,2025-02-01,True,0.0,0.0,,0.0
MOGCK-80670 ,9,2025-03-01,True,0.0,0.0,,0.0
MOGCK-80670 ,10,2025-04-01,True,0.0,0.0,,0.0
MOGCK-80670 ,11,2025-05-01,True,6.0,0.0,1.0,2.0
MOGCK-80670 ,12,2025-06-01,False,4.0,2.0,7.0,
MOGDS-1216 ,0,2024-06-01,False,6.0,0.0,,0.0
MOGDS-1216 ,1,2024-07-01,False,6.0,0.0,,0.0
MOGDS-1216 ,2,2024-08-01,False,6.0,0.0,,0.0
MOGDS-1216 ,3,2024-09-01,False,6.0,0.0,,3.0
MOGDS-1216 ,4,2024-10-01,False,3.0,3.0,,0.0
MOGDS-1216 ,5,2024-11-01,False,3.0,0.0,,0.0
MOGDS-1216 ,6,2024-12-01,False,3.0,0.0,,0.0
MOGDS-1216 ,7,2025-01-01,False,3.0,0.0,,0.0
MOGDS-1216 ,8,2025-02-01,False,3.0,0.0,,0.0
MOGDS-1216 ,9,2025-03-01,False,3.0,0.0,,0.0
MOGDS-1216 ,10,2025-04-01,False,3.0,0.0,,0.0
MOGDS-1216 ,11,2025-05-01,False,3.0,0.0,1.0,0.0
MOGDS-1216 ,12,2025-06-01,False,3.0,0.0,0.0,
MOGDS-1235 ,0,2024-06-01,False,2.0,0.0,,0.0
MOGDS-1235 ,1,2024-07-01,False,2.0,0.0,,0.0
MOGDS-1235 ,2,2024-08-01,False,2.0,0.0,,0.0
MOGDS-1235 ,3,2024-09-01,False,2.0,0.0,,0.0
MOGDS-1235 ,4,2024-10-01,False,2.0,0.0,,0.0
MOGDS-1235 ,5,2024-11-01,False,2.0,0.0,,0.0
MOGDS-1235 ,6,2024-12-01,False,2.0,0.0,,1.0
MOGDS-1235 ,7,2025-01-01,False,1.0,1.0,,0.0
MOGDS-1235 ,8,2025-02-01,False,1.0,0.0,,0.0
MOGDS-1235 ,9,2025-03-01,False,1.0,0.0,,0.0
MOGDS-1235 ,10,2025-04-01,False,1.0,0.0,,0.0
MOGDS-1235 ,11,2025-05-01,False,1.0,0.0,0.0,0.0
MOGDS-1235 ,12,2025-06-01,False,1.0,0.0,0.0,
MOGDS-1427 ,0,2024-06-01,True,0.0,0.0,,0.0
MOGDS-1427 ,1,2024-07-01,True,0.0,0.0,,0.0
MOGDS-1427 ,2,2024-08-01,True,0.0,0.0,,0.0
MOGDS-1427 ,3,2024-09-01,True,0.0,0.0,,0.0
MOGDS-1427 ,4,2024-10-01,True,2.0,0.0,,1.0
MOGDS-1427 ,5,2024-11-01,False,1.0,1.0,,0.0
MOGDS-1427 ,6,2024-12-01,False,1.0,0.0,,0.0
MOGDS-1427 ,7,2025-01-01,False,1.0,0.0,,0.0
MOGDS-1427 ,8,2025-02-01,False,1.0,0.0,,0.0
MOGDS-1427 ,9,2025-03-01,False,1.0,0.0,,0.0
MOGDS-1427 ,10,2025-04-01,False,1.0,0.0,,1.0
MOGDS-1427 ,11,2025-05-01,False,2.0,1.0,0.0,0.0
MOGDS-1427 ,12,2025-06-01,False,2.0,0.0,0.0,
MOGDS-300005 ,0,2024-06-01,True,0.0,0.0,,0.0
MOGDS-300005 ,1,2024-07-01,True,0.0,0.0,,0.0
MOGDS-300005 ,2,2024-08-01,True,0.0,0.0,,0.0
MOGDS-300005 ,3,2024-09-01,True,0.0,0.0,,1.0
MOGDS-300005 ,4,2024-10-01,True,9.0,1.0,,2.0
MOGDS-300005 ,5,2024-11-01,False,7.0,2.0,,1.0
MOGDS-300005 ,6,2024-12-01,False,6.0,1.0,,4.0
MOGDS-300005 ,7,2025-01-01,False,2.0,4.0,,1.0
MOGDS-300005 ,8,2025-02-01,False,1.0,1.0,,1.0
MOGDS-300005 ,9,2025-03-01,False,0.0,1.0,,0.0
MOGDS-300005 ,10,2025-04-01,True,0.0,0.0,,0.0
MOGDS-300005 ,11,2025-05-01,True,0.0,0.0,1.0,0.0
MOGDS-300005 ,12,2025-06-01,True,0.0,0.0,0.0,
MOGDS-300082 ,0,2024-06-01,False,7.0,2.0,,0.0
MOGDS-300082 ,1,2024-07-01,False,7.0,0.0,,0.0
MOGDS-300082 ,2,2024-08-01,False,7.0,0.0,,1.0
MOGDS-300082 ,3,2024-09-01,False,6.0,1.0,,0.0
MOGDS-300082 ,4,2024-10-01,False,6.0,0.0,,0.0
MOGDS-300082 ,5,2024-11-01,False,6.0,0.0,,0.0
MOGDS-300082 ,6,2024-12-01,False,6.0,0.0,,0.0
MOGDS-300082 ,7,2025-01-01,False,6.0,0.0,,0.0
MOGDS-300082 ,8,2025-02-01,False,6.0,0.0,,0.0
MOGDS-300082 ,9,2025-03-01,False,6.0,0.0,,2.0
MOGDS-300082 ,10,2025-04-01,False,4.0,2.0,,0.0
MOGDS-300082 ,11,2025-05-01,False,4.0,0.0,0.0,0.0
MOGDS-300082 ,12,2025-06-01,False,4.0,0.0,0.0,
MOGDS-800982A ,0,2024-06-01,False,1.0,3.0,,1.0
MOGDS-800982A ,1,2024-07-01,False,0.0,1.0,,0.0
MOGDS-800982A ,2,2024-08-01,True,0.0,0.0,,0.0
MOGDS-800982A ,3,2024-09-01,True,0.0,0.0,,0.0
MOGDS-800982A ,4,2024-10-01,True,0.0,0.0,,0.0
MOGDS-800982A ,5,2024-11-01,True,0.0,0.0,,0.0
MOGDS-800982A ,6,2024-12-01,True,0.0,0.0,,0.0
MOGDS-800982A ,7,2025-01-01,True,0.0,0.0,,2.0
MOGDS-800982A ,8,2025-02-01,True,4.0,2.0,,1.0
MOGDS-800982A ,9,2025-03-01,False,3.0,1.0,,3.0
MOGDS-800982A ,10,2025-04-01,False,0.0,3.0,,0.0
MOGDS-800982A ,11,2025-05-01,True,0.0,0.0,1.0,0.0
MOGDS-800982A ,12,2025-06-01,True,0.0,0.0,0.0,
MOGDS-829 ,0,2024-06-01,True,0.0,0.0,,20.0
MOGDS-829 ,1,2024-07-01,True,0.0,20.0,,0.0
MOGDS-829 ,2,2024-08-01,True,0.0,0.0,,0.0
MOGDS-829 ,3,2024-09-01,True,0.0,0.0,,100.0
MOGDS-829 ,4,2024-10-01,True,0.0,100.0,,0.0
MOGDS-829 ,5,2024-11-01,True,0.0,0.0,,0.0
MOGDS-829 ,6,2024-12-01,True,0.0,0.0,,0.0
MOGDS-829 ,7,2025-01-01,True,0.0,0.0,,0.0
MOGDS-829 ,8,2025-02-01,True,0.0,0.0,,0.0
MOGDS-829 ,9,2025-03-01,True,0.0,0.0,,0.0
MOGDS-829 ,10,2025-04-01,True,0.0,0.0,,0.0
MOGDS-829 ,11,2025-05-01,True,0.0,0.0,4.0,0.0
MOGDS-829 ,12,2025-06-01,True,0.0,0.0,3.0,
MOGDS-893 ,0,2024-06-01,True,0.0,0.0,,0.0
MOGDS-893 ,1,2024-07-01,True,8.0,0.0,,7.0
MOGDS-893 ,2,2024-08-01,False,1.0,7.0,,0.0
MOGDS-893 ,3,2024-09-01,True,1.0,0.0,,1.0
MOGDS-893 ,4,2024-10-01,True,0.0,1.0,,0.0
MOGDS-893 ,5,2024-11-01,True,0.0,0.0,,0.0
MOGDS-893 ,6,2024-12-01,True,0.0,0.0,,0.0
MOGDS-893 ,7,2025-01-01,True,0.0,0.0,,7.0
MOGDS-893 ,8,2025-02-01,True,1.0,7.0,,1.0
MOGDS-893 ,9,2025-03-01,True,0.0,1.0,,0.0
MOGDS-893 ,10,2025-04-01,True,0.0,0.0,,0.0
MOGDS-893 ,11,2025-05-01,True,4.0,0.0,1.0,0.0
MOGDS-893 ,12,2025-06-01,False,4.0,0.0,2.0,
MOGDS-899 ,0,2024-06-01,True,0.0,0.0,,0.0
MOGDS-899 ,1,2024-07-01,True,0.0,0.0,,0.0
MOGDS-899 ,2,2024-08-01,True,0.0,0.0,,0.0
MOGDS-899 ,3,2024-09-01,True,0.0,0.0,,0.0
MOGDS-899 ,4,2024-10-01,True,10.0,0.0,,10.0
MOGDS-899 ,5,2024-11-01,False,0.0,10.0,,0.0
MOGDS-899 ,6,2024-12-01,True,0.0,0.0,,0.0
MOGDS-899 ,7,2025-01-01,True,0.0,0.0,,1.0
MOGDS-899 ,8,2025-02-01,True,3.0,1.0,,0.0
MOGDS-899 ,9,2025-03-01,False,3.0,0.0,,0.0
MOGDS-899 ,10,2025-04-01,False,3.0,0.0,,6.0
MOGDS-899 ,11,2025-05-01,False,7.0,6.0,3.0,0.0
MOGDS-899 ,12,2025-06-01,False,7.0,0.0,3.0,
MOGES-2004S ,0,2024-06-01,False,2.0,0.0,,0.0
MOGES-2004S ,1,2024-07-01,False,2.0,0.0,,0.0
MOGES-2004S ,2,2024-08-01,False,2.0,0.0,,0.0
MOGES-2004S ,3,2024-09-01,False,2.0,0.0,,0.0
MOGES-2004S ,4,2024-10-01,False,2.0,0.0,,0.0
MOGES-2004S ,5,2024-11-01,False,2.0,0.0,,0.0
MOGES-2004S ,6,2024-12-01,False,2.0,0.0,,2.0
MOGES-2004S ,7,2025-01-01,False,0.0,2.0,,14.0
MOGES-2004S ,8,2025-02-01,True,6.0,14.0,,6.0
MOGES-2004S ,9,2025-03-01,False,0.0,6.0,,0.0
MOGES-2004S ,10,2025-04-01,True,0.0,0.0,,0.0
MOGES-2004S ,11,2025-05-01,True,0.0,0.0,0.0,0.0
MOGES-2004S ,12,2025-06-01,True,0.0,0.0,0.0,
MOGES-2011R ,0,2024-06-01,False,8.0,0.0,,0.0
MOGES-2011R ,1,2024-07-01,False,8.0,0.0,,2.0
MOGES-2011R ,2,2024-08-01,False,6.0,2.0,,3.0
MOGES-2011R ,3,2024-09-01,False,3.0,3.0,,1.0
MOGES-2011R ,4,2024-10-01,False,2.0,1.0,,0.0
MOGES-2011R ,5,2024-11-01,False,2.0,0.0,,0.0
MOGES-2011R ,6,2024-12-01,False,2.0,0.0,,0.0
MOGES-2011R ,7,2025-01-01,False,2.0,0.0,,2.0
MOGES-2011R ,8,2025-02-01,False,6.0,2.0,,0.0
MOGES-2011R ,9,2025-03-01,False,6.0,0.0,,0.0
MOGES-2011R ,10,2025-04-01,False,6.0,0.0,,6.0
MOGES-2011R ,11,2025-05-01,False,0.0,6.0,2.0,0.0
MOGES-2011R ,12,2025-06-01,True,0.0,0.0,1.0,
MOGES-2026R ,0,2024-06-01,False,11.0,0.0,,0.0
MOGES-2026R ,1,2024-07-01,False,11.0,0.0,,2.0
MOGES-2026R ,2,2024-08-01,False,8.0,2.0,,2.0
MOGES-2026R ,3,2024-09-01,False,6.0,2.0,,1.0
MOGES-2026R ,4,2024-10-01,False,5.0,1.0,,0.0
MOGES-2026R ,5,2024-11-01,False,5.0,0.0,,1.0
MOGES-2026R ,6,2024-12-01,False,4.0,1.0,,0.0
MOGES-2026R ,7,2025-01-01,False,4.0,0.0,,2.0
MOGES-2026R ,8,2025-02-01,False,8.0,2.0,,1.0
MOGES-2026R ,9,2025-03-01,False,7.0,1.0,,1.0
MOGES-2026R ,10,2025-04-01,False,6.0,1.0,,6.0
MOGES-2026R ,11,2025-05-01,False,2.0,6.0,2.0,0.0
MOGES-2026R ,12,2025-06-01,False,2.0,0.0,1.0,
MOGES-2027L ,0,2024-06-01,False,4.0,0.0,,0.0
MOGES-2027L ,1,2024-07-01,False,4.0,0.0,,2.0
MOGES-2027L ,2,2024-08-01,False,2.0,2.0,,2.0
MOGES-2027L ,3,2024-09-01,False,0.0,2.0,,0.0
MOGES-2027L ,4,2024-10-01,True,0.0,0.0,,0.0
MOGES-2027L ,5,2024-11-01,True,0.0,0.0,,0.0
MOGES-2027L ,6,2024-12-01,True,0.0,0.0,,0.0
MOGES-2027L ,7,2025-01-01,True,0.0,0.0,,2.0
MOGES-2027L ,8,2025-02-01,True,10.0,2.0,,3.0
MOGES-2027L ,9,2025-03-01,False,7.0,3.0,,1.0
MOGES-2027L ,10,2025-04-01,False,6.0,1.0,,6.0
MOGES-2027L ,11,2025-05-01,False,0.0,6.0,2.0,0.0
MOGES-2027L ,12,2025-06-01,True,0.0,0.0,2.0,
MOGES-2231RL ,0,2024-06-01,False,1.0,0.0,,0.0
MOGES-2231RL ,1,2024-07-01,False,1.0,0.0,,0.0
MOGES-2231RL ,2,2024-08-01,False,1.0,0.0,,0.0
MOGES-2231RL ,3,2024-09-01,False,1.0,0.0,,0.0
MOGES-2231RL ,4,2024-10-01,False,1.0,0.0,,0.0
MOGES-2231RL ,5,2024-11-01,False,1.0,0.0,,0.0
MOGES-2231RL ,6,2024-12-01,False,1.0,0.0,,0.0
MOGES-2231RL ,7,2025-01-01,False,1.0,0.0,,0.0
MOGES-2231RL ,8,2025-02-01,False,1.0,0.0,,1.0
MOGES-2231RL ,9,2025-03-01,False,0.0,1.0,,0.0
MOGES-2231RL ,10,2025-04-01,True,0.0,0.0,,0.0
MOGES-2231RL ,11,2025-05-01,True,0.0,0.0,0.0,0.0
MOGES-2231RL ,12,2025-06-01,True,0.0,0.0,0.0,
MOGES-2837RL ,0,2024-06-01,False,23.0,0.0,,0.0
MOGES-2837RL ,1,2024-07-01,False,23.0,0.0,,0.0
MOGES-2837RL ,2,2024-08-01,False,23.0,0.0,,0.0
MOGES-2837RL ,3,2024-09-01,False,23.0,0.0,,0.0
MOGES-2837RL ,4,2024-10-01,False,23.0,0.0,,0.0
MOGES-2837RL ,5,2024-11-01,False,23.0,0.0,,4.0
MOGES-2837RL ,6,2024-12-01,False,19.0,4.0,,0.0
MOGES-2837RL ,7,2025-01-01,False,19.0,0.0,,0.0
MOGES-2837RL ,8,2025-02-01,False,19.0,0.0,,0.0
MOGES-2837RL ,9,2025-03-01,False,19.0,0.0,,0.0
MOGES-2837RL ,10,2025-04-01,False,19.0,0.0,,0.0
MOGES-2837RL ,11,2025-05-01,False,19.0,0.0,0.0,0.0
MOGES-2837RL ,12,2025-06-01,False,19.0,0.0,0.0,
MOGES-3366T ,0,2024-06-01,False,1.0,0.0,,0.0
MOGES-3366T ,1,2024-07-01,False,1.0,0.0,,0.0
MOGES-3366T ,2,2024-08-01,False,1.0,0.0,,0.0
MOGES-3366T ,3,2024-09-01,False,1.0,0.0,,0.0
MOGES-3366T ,4,2024-10-01,False,1.0,0.0,,0.0
MOGES-3366T ,5,2024-11-01,False,1.0,0.0,,0.0
MOGES-3366T ,6,2024-12-01,False,1.0,0.0,,0.0
MOGES-3366T ,7,2025-01-01,False,1.0,0.0,,0.0
MOGES-3366T ,8,2025-02-01,False,1.0,0.0,,0.0
MOGES-3366T ,9,2025-03-01,False,1.0,0.0,,0.0
MOGES-3366T ,10,2025-04-01,False,1.0,0.0,,0.0
MOGES-3366T ,11,2025-05-01,False,1.0,0.0,0.0,1.0
MOGES-3366T ,12,2025-06-01,False,0.0,1.0,0.0,
MOGES-3367T ,0,2024-06-01,False,2.0,0.0,,0.0
MOGES-3367T ,1,2024-07-01,False,2.0,0.0,,0.0
MOGES-3367T ,2,2024-08-01,False,2.0,0.0,,0.0
MOGES-3367T ,3,2024-09-01,False,2.0,0.0,,0.0
MOGES-3367T ,4,2024-10-01,False,2.0,0.0,,0.0
MOGES-3367T ,5,2024-11-01,False,2.0,0.0,,0.0
MOGES-3367T ,6,2024-12-01,False,2.0,0.0,,0.0
MOGES-3367T ,7,2025-01-01,False,2.0,0.0,,0.0
MOGES-3367T ,8,2025-02-01,False,2.0,0.0,,0.0
MOGES-3367T ,9,2025-03-01,False,2.0,0.0,,0.0
MOGES-3367T ,10,2025-04-01,False,2.0,0.0,,0.0
MOGES-3367T ,11,2025-05-01,False,2.0,0.0,1.0,1.0
MOGES-3367T ,12,2025-06-01,False,1.0,1.0,0.0,
MOGES-3488 ,0,2024-06-01,True,27.0,0.0,,0.0
MOGES-3488 ,1,2024-07-01,False,27.0,0.0,,2.0
MOGES-3488 ,2,2024-08-01,False,25.0,2.0,,0.0
MOGES-3488 ,3,2024-09-01,False,25.0,0.0,,8.0
MOGES-3488 ,4,2024-10-01,False,17.0,8.0,,9.0
MOGES-3488 ,5,2024-11-01,False,8.0,9.0,,6.0
MOGES-3488 ,6,2024-12-01,False,2.0,6.0,,0.0
MOGES-3488 ,7,2025-01-01,True,2.0,0.0,,6.0
MOGES-3488 ,8,2025-02-01,True,26.0,6.0,,2.0
MOGES-3488 ,9,2025-03-01,False,24.0,2.0,,2.0
MOGES-3488 ,10,2025-04-01,False,22.0,2.0,,4.0
MOGES-3488 ,11,2025-05-01,False,18.0,4.0,3.0,4.0
MOGES-3488 ,12,2025-06-01,False,14.0,4.0,3.0,
MOGES-3571 ,0,2024-06-01,False,2.0,0.0,,0.0
MOGES-3571 ,1,2024-07-01,False,2.0,0.0,,0.0
MOGES-3571 ,2,2024-08-01,False,2.0,0.0,,0.0
MOGES-3571 ,3,2024-09-01,False,2.0,0.0,,0.0
MOGES-3571 ,4,2024-10-01,False,2.0,0.0,,0.0
MOGES-3571 ,5,2024-11-01,False,2.0,0.0,,2.0
MOGES-3571 ,6,2024-12-01,False,0.0,2.0,,0.0
MOGES-3571 ,7,2025-01-01,True,0.0,0.0,,0.0
MOGES-3571 ,8,2025-02-01,True,0.0,0.0,,0.0
MOGES-3571 ,9,2025-03-01,True,0.0,0.0,,0.0
MOGES-3571 ,10,2025-04-01,True,0.0,0.0,,0.0
MOGES-3571 ,11,2025-05-01,True,2.0,0.0,0.0,0.0
MOGES-3571 ,12,2025-06-01,False,2.0,0.0,0.0,
MOGES-3609 ,0,2024-06-01,True,1.0,0.0,,0.0
MOGES-3609 ,1,2024-07-01,True,1.0,0.0,,0.0
MOGES-3609 ,2,2024-08-01,True,1.0,0.0,,0.0
MOGES-3609 ,3,2024-09-01,True,1.0,0.0,,0.0
MOGES-3609 ,4,2024-10-01,True,1.0,0.0,,0.0
MOGES-3609 ,5,2024-11-01,True,1.0,0.0,,0.0
MOGES-3609 ,6,2024-12-01,True,1.0,0.0,,0.0
MOGES-3609 ,7,2025-01-01,True,81.0,0.0,,4.0
MOGES-3609 ,8,2025-02-01,False,77.0,4.0,,4.0
MOGES-3609 ,9,2025-03-01,False,73.0,4.0,,3.0
MOGES-3609 ,10,2025-04-01,False,70.0,3.0,,2.0
MOGES-3609 ,11,2025-05-01,False,68.0,2.0,3.0,6.0
MOGES-3609 ,12,2025-06-01,False,62.0,6.0,4.0,
MOGES-3624 ,0,2024-06-01,True,0.0,0.0,,0.0
MOGES-3624 ,1,2024-07-01,True,0.0,0.0,,1.0
MOGES-3624 ,2,2024-08-01,True,9.0,1.0,,0.0
MOGES-3624 ,3,2024-09-01,False,9.0,0.0,,1.0
MOGES-3624 ,4,2024-10-01,False,8.0,1.0,,0.0
MOGES-3624 ,5,2024-11-01,False,8.0,0.0,,0.0
MOGES-3624 ,6,2024-12-01,False,8.0,0.0,,0.0
MOGES-3624 ,7,2025-01-01,False,8.0,0.0,,1.0
MOGES-3624 ,8,2025-02-01,False,7.0,1.0,,2.0
MOGES-3624 ,9,2025-03-01,False,5.0,2.0,,0.0
MOGES-3624 ,10,2025-04-01,False,5.0,0.0,,0.0
MOGES-3624 ,11,2025-05-01,False,5.0,0.0,0.0,0.0
MOGES-3624 ,12,2025-06-01,False,5.0,0.0,0.0,
MOGES-362S ,0,2024-06-01,True,0.0,0.0,,0.0
MOGES-362S ,1,2024-07-01,True,0.0,0.0,,0.0
MOGES-362S ,2,2024-08-01,True,0.0,0.0,,0.0
MOGES-362S ,3,2024-09-01,True,0.0,0.0,,0.0
MOGES-362S ,4,2024-10-01,True,0.0,0.0,,0.0
MOGES-362S ,5,2024-11-01,True,0.0,0.0,,0.0
MOGES-362S ,6,2024-12-01,True,0.0,0.0,,0.0
MOGES-362S ,7,2025-01-01,True,0.0,0.0,,0.0
MOGES-362S ,8,2025-02-01,True,2.0,0.0,,2.0
MOGES-362S ,9,2025-03-01,False,0.0,2.0,,0.0
MOGES-362S ,10,2025-04-01,True,0.0,0.0,,1.0
MOGES-362S ,11,2025-05-01,True,1.0,1.0,0.0,0.0
MOGES-362S ,12,2025-06-01,False,1.0,0.0,1.0,
MOGES-409L ,0,2024-06-01,True,0.0,0.0,,0.0
MOGES-409L ,1,2024-07-01,True,0.0,0.0,,0.0
MOGES-409L ,2,2024-08-01,True,0.0,0.0,,0.0
MOGES-409L ,3,2024-09-01,True,0.0,0.0,,0.0
MOGES-409L ,4,2024-10-01,True,0.0,0.0,,0.0
MOGES-409L ,5,2024-11-01,True,0.0,0.0,,0.0
MOGES-409L ,6,2024-12-01,True,0.0,0.0,,0.0
MOGES-409L ,7,2025-01-01,True,0.0,0.0,,10.0
MOGES-409L ,8,2025-02-01,True,10.0,10.0,,2.0
MOGES-409L ,9,2025-03-01,False,8.0,2.0,,6.0
MOGES-409L ,10,2025-04-01,False,2.0,6.0,,2.0
MOGES-409L ,11,2025-05-01,False,0.0,2.0,2.0,0.0
MOGES-409L ,12,2025-06-01,True,0.0,0.0,1.0,
MOGES-409R ,0,2024-06-01,True,0.0,0.0,,0.0
MOGES-409R ,1,2024-07-01,True,0.0,0.0,,0.0
MOGES-409R ,2,2024-08-01,True,0.0,0.0,,0.0
MOGES-409R ,3,2024-09-01,True,0.0,0.0,,0.0
MOGES-409R ,4,2024-10-01,True,0.0,0.0,,0.0
MOGES-409R ,5,2024-11-01,True,0.0,0.0,,0.0
MOGES-409R ,6,2024-12-01,True,0.0,0.0,,0.0
MOGES-409R ,7,2025-01-01,True,0.0,0.0,,10.0
MOGES-409R ,8,2025-02-01,True,10.0,10.0,,2.0
MOGES-409R ,9,2025-03-01,False,8.0,2.0,,6.0
MOGES-409R ,10,2025-04-01,False,2.0,6.0,,2.0
MOGES-409R ,11,2025-05-01,False,0.0,2.0,2.0,0.0
MOGES-409R ,12,2025-06-01,True,0.0,0.0,1.0,
MOGES-441RL ,0,2024-06-01,True,0.0,0.0,,0.0
MOGES-441RL ,1,2024-07-01,True,0.0,0.0,,0.0
MOGES-441RL ,2,2024-08-01,True,0.0,0.0,,0.0
MOGES-441RL ,3,2024-09-01,True,0.0,0.0,,57.0
MOGES-441RL ,4,2024-10-01,True,0.0,57.0,,0.0
MOGES-441RL ,5,2024-11-01,True,0.0,0.0,,0.0
MOGES-441RL ,6,2024-12-01,True,0.0,0.0,,0.0
MOGES-441RL ,7,2025-01-01,True,0.0,0.0,,2.0
MOGES-441RL ,8,2025-02-01,True,1.0,2.0,,0.0
MOGES-441RL ,9,2025-03-01,True,1.0,0.0,,0.0
MOGES-441RL ,10,2025-04-01,True,1.0,0.0,,0.0
MOGES-441RL ,11,2025-05-01,True,1.0,0.0,4.0,1.0
MOGES-441RL ,12,2025-06-01,True,0.0,1.0,4.0,
MOGES-442L ,0,2024-06-01,True,0.0,0.0,,0.0
MOGES-442L ,1,2024-07-01,True,0.0,0.0,,0.0
MOGES-442L ,2,2024-08-01,True,0.0,0.0,,0.0
MOGES-442L ,3,2024-09-01,True,0.0,0.0,,0.0
MOGES-442L ,4,2024-10-01,True,0.0,0.0,,0.0
MOGES-442L ,5,2024-11-01,True,0.0,0.0,,0.0
MOGES-442L ,6,2024-12-01,True,0.0,0.0,,0.0
MOGES-442L ,7,2025-01-01,True,0.0,0.0,,1.0
MOGES-442L ,8,2025-02-01,True,1.0,1.0,,0.0
MOGES-442L ,9,2025-03-01,True,1.0,0.0,,0.0
MOGES-442L ,10,2025-04-01,True,1.0,0.0,,30.0
MOGES-442L ,11,2025-05-01,True,1.0,30.0,3.0,0.0
MOGES-442L ,12,2025-06-01,True,1.0,0.0,2.0,
MOGES-443L ,0,2024-06-01,True,0.0,0.0,,0.0
MOGES-443L ,1,2024-07-01,True,0.0,0.0,,0.0
MOGES-443L ,2,2024-08-01,True,0.0,0.0,,0.0
MOGES-443L ,3,2024-09-01,True,0.0,0.0,,30.0
MOGES-443L ,4,2024-10-01,True,0.0,30.0,,0.0
MOGES-443L ,5,2024-11-01,True,0.0,0.0,,0.0
MOGES-443L ,6,2024-12-01,True,0.0,0.0,,0.0
MOGES-443L ,7,2025-01-01,True,0.0,0.0,,0.0
MOGES-443L ,8,2025-02-01,True,0.0,0.0,,0.0
MOGES-443L ,9,2025-03-01,True,0.0,0.0,,0.0
MOGES-443L ,10,2025-04-01,True,0.0,0.0,,0.0
MOGES-443L ,11,2025-05-01,True,0.0,0.0,1.0,0.0
MOGES-443L ,12,2025-06-01,True,0.0,0.0,1.0,
MOGES-800223 ,0,2024-06-01,True,1.0,0.0,,0.0
MOGES-800223 ,1,2024-07-01,True,1.0,0.0,,0.0
MOGES-800223 ,2,2024-08-01,True,1.0,0.0,,0.0
MOGES-800223 ,3,2024-09-01,True,1.0,0.0,,0.0
MOGES-800223 ,4,2024-10-01,True,1.0,0.0,,0.0
MOGES-800223 ,5,2024-11-01,True,1.0,0.0,,0.0
MOGES-800223 ,6,2024-12-01,True,1.0,0.0,,0.0
MOGES-800223 ,7,2025-01-01,True,1.0,0.0,,4.0
MOGES-800223 ,8,2025-02-01,True,19.0,4.0,,6.0
MOGES-800223 ,9,2025-03-01,False,13.0,6.0,,2.0
MOGES-800223 ,10,2025-04-01,False,11.0,2.0,,5.0
MOGES-800223 ,11,2025-05-01,False,6.0,5.0,3.0,4.0
MOGES-800223 ,12,2025-06-01,False,2.0,4.0,2.0,
MOGES-800286 ,0,2024-06-01,False,2.0,0.0,,0.0
MOGES-800286 ,1,2024-07-01,False,2.0,0.0,,2.0
MOGES-800286 ,2,2024-08-01,False,0.0,2.0,,0.0
MOGES-800286 ,3,2024-09-01,True,0.0,0.0,,0.0
MOGES-800286 ,4,2024-10-01,True,0.0,0.0,,0.0
MOGES-800286 ,5,2024-11-01,True,0.0,0.0,,0.0
MOGES-800286 ,6,2024-12-01,True,0.0,0.0,,0.0
MOGES-800286 ,7,2025-01-01,True,0.0,0.0,,0.0
MOGES-800286 ,8,2025-02-01,True,4.0,0.0,,0.0
MOGES-800286 ,9,2025-03-01,False,4.0,0.0,,0.0
MOGES-800286 ,10,2025-04-01,False,4.0,0.0,,0.0
MOGES-800286 ,11,2025-05-01,False,4.0,0.0,0.0,0.0
MOGES-800286 ,12,2025-06-01,False,4.0,0.0,0.0,
MOGES-800514 ,0,2024-06-01,False,4.0,0.0,,0.0
MOGES-800514 ,1,2024-07-01,False,4.0,0.0,,0.0
MOGES-800514 ,2,2024-08-01,False,4.0,0.0,,0.0
MOGES-800514 ,3,2024-09-01,False,4.0,0.0,,0.0
MOGES-800514 ,4,2024-10-01,False,4.0,0.0,,0.0
MOGES-800514 ,5,2024-11-01,False,4.0,0.0,,2.0
MOGES-800514 ,6,2024-12-01,False,2.0,2.0,,0.0
MOGES-800514 ,7,2025-01-01,False,2.0,0.0,,0.0
MOGES-800514 ,8,2025-02-01,False,2.0,0.0,,0.0
MOGES-800514 ,9,2025-03-01,False,2.0,0.0,,0.0
MOGES-800514 ,10,2025-04-01,False,2.0,0.0,,0.0
MOGES-800514 ,11,2025-05-01,False,2.0,0.0,0.0,0.0
MOGES-800514 ,12,2025-06-01,False,2.0,0.0,0.0,
MOGES-800515 ,0,2024-06-01,False,6.0,0.0,,0.0
MOGES-800515 ,1,2024-07-01,False,6.0,0.0,,0.0
MOGES-800515 ,2,2024-08-01,False,6.0,0.0,,0.0
MOGES-800515 ,3,2024-09-01,False,6.0,0.0,,0.0
MOGES-800515 ,4,2024-10-01,False,6.0,0.0,,0.0
MOGES-800515 ,5,2024-11-01,False,6.0,0.0,,2.0
MOGES-800515 ,6,2024-12-01,False,4.0,2.0,,0.0
MOGES-800515 ,7,2025-01-01,False,4.0,0.0,,0.0
MOGES-800515 ,8,2025-02-01,False,4.0,0.0,,0.0
MOGES-800515 ,9,2025-03-01,False,4.0,0.0,,0.0
MOGES-800515 ,10,2025-04-01,False,4.0,0.0,,0.0
MOGES-800515 ,11,2025-05-01,False,4.0,0.0,0.0,0.0
MOGES-800515 ,12,2025-06-01,False,4.0,0.0,0.0,
MOGES-800594 ,0,2024-06-01,True,0.0,0.0,,0.0
MOGES-800594 ,1,2024-07-01,True,0.0,0.0,,1.0
MOGES-800594 ,2,2024-08-01,True,9.0,1.0,,0.0
MOGES-800594 ,3,2024-09-01,False,9.0,0.0,,0.0
MOGES-800594 ,4,2024-10-01,False,9.0,0.0,,0.0
MOGES-800594 ,5,2024-11-01,False,9.0,0.0,,1.0
MOGES-800594 ,6,2024-12-01,False,8.0,1.0,,0.0
MOGES-800594 ,7,2025-01-01,False,8.0,0.0,,0.0
MOGES-800594 ,8,2025-02-01,False,8.0,0.0,,1.0
MOGES-800594 ,9,2025-03-01,False,7.0,1.0,,0.0
MOGES-800594 ,10,2025-04-01,False,7.0,0.0,,0.0
MOGES-800594 ,11,2025-05-01,False,7.0,0.0,0.0,0.0
MOGES-800594 ,12,2025-06-01,False,7.0,0.0,0.0,
MOGES-800901 ,0,2024-06-01,True,1.0,0.0,,0.0
MOGES-800901 ,1,2024-07-01,True,11.0,0.0,,4.0
MOGES-800901 ,2,2024-08-01,False,31.0,4.0,,4.0
MOGES-800901 ,3,2024-09-01,False,27.0,4.0,,10.0
MOGES-800901 ,4,2024-10-01,False,17.0,10.0,,2.0
MOGES-800901 ,5,2024-11-01,False,15.0,2.0,,4.0
MOGES-800901 ,6,2024-12-01,False,11.0,4.0,,3.0
MOGES-800901 ,7,2025-01-01,False,8.0,3.0,,2.0
MOGES-800901 ,8,2025-02-01,False,6.0,2.0,,2.0
MOGES-800901 ,9,2025-03-01,False,4.0,2.0,,2.0
MOGES-800901 ,10,2025-04-01,False,2.0,2.0,,1.0
MOGES-800901 ,11,2025-05-01,True,25.0,1.0,2.0,0.0
MOGES-800901 ,12,2025-06-01,False,25.0,0.0,1.0,
MOGES-800948 ,0,2024-06-01,False,2.0,0.0,,0.0
MOGES-800948 ,1,2024-07-01,False,4.0,0.0,,2.0
MOGES-800948 ,2,2024-08-01,False,16.0,2.0,,2.0
MOGES-800948 ,3,2024-09-01,False,14.0,2.0,,1.0
MOGES-800948 ,4,2024-10-01,False,13.0,1.0,,0.0
MOGES-800948 ,5,2024-11-01,False,13.0,0.0,,0.0
MOGES-800948 ,6,2024-12-01,False,13.0,0.0,,2.0
MOGES-800948 ,7,2025-01-01,False,11.0,2.0,,2.0
MOGES-800948 ,8,2025-02-01,False,9.0,2.0,,2.0
MOGES-800948 ,9,2025-03-01,False,7.0,2.0,,0.0
MOGES-800948 ,10,2025-04-01,False,7.0,0.0,,0.0
MOGES-800948 ,11,2025-05-01,False,7.0,0.0,2.0,0.0
MOGES-800948 ,12,2025-06-01,False,7.0,0.0,1.0,
MOGES-800986 ,0,2024-06-01,False,3.0,0.0,,0.0
MOGES-800986 ,1,2024-07-01,False,3.0,0.0,,0.0
MOGES-800986 ,2,2024-08-01,False,3.0,0.0,,0.0
MOGES-800986 ,3,2024-09-01,False,3.0,0.0,,0.0
MOGES-800986 ,4,2024-10-01,False,9.0,0.0,,0.0
MOGES-800986 ,5,2024-11-01,False,9.0,0.0,,0.0
MOGES-800986 ,6,2024-12-01,False,9.0,0.0,,0.0
MOGES-800986 ,7,2025-01-01,False,9.0,0.0,,0.0
MOGES-800986 ,8,2025-02-01,False,9.0,0.0,,0.0
MOGES-800986 ,9,2025-03-01,False,9.0,0.0,,0.0
MOGES-800986 ,10,2025-04-01,False,9.0,0.0,,2.0
MOGES-800986 ,11,2025-05-01,False,7.0,2.0,0.0,0.0
MOGES-800986 ,12,2025-06-01,False,7.0,0.0,1.0,
MOGES-801532 ,0,2024-06-01,False,4.0,0.0,,0.0
MOGES-801532 ,1,2024-07-01,False,4.0,0.0,,0.0
MOGES-801532 ,2,2024-08-01,False,4.0,0.0,,0.0
MOGES-801532 ,3,2024-09-01,False,4.0,0.0,,0.0
MOGES-801532 ,4,2024-10-01,False,4.0,0.0,,1.0
MOGES-801532 ,5,2024-11-01,False,3.0,1.0,,0.0
MOGES-801532 ,6,2024-12-01,False,3.0,0.0,,0.0
MOGES-801532 ,7,2025-01-01,False,3.0,0.0,,0.0
MOGES-801532 ,8,2025-02-01,False,3.0,0.0,,0.0
MOGES-801532 ,9,2025-03-01,False,3.0,0.0,,0.0
MOGES-801532 ,10,2025-04-01,False,3.0,0.0,,0.0
MOGES-801532 ,11,2025-05-01,False,3.0,0.0,0.0,0.0
MOGES-801532 ,12,2025-06-01,False,3.0,0.0,0.0,
MOGES-80277 ,0,2024-06-01,False,4.0,0.0,,0.0
MOGES-80277 ,1,2024-07-01,False,28.0,0.0,,0.0
MOGES-80277 ,2,2024-08-01,False,28.0,0.0,,0.0
MOGES-80277 ,3,2024-09-01,False,28.0,0.0,,0.0
MOGES-80277 ,4,2024-10-01,False,28.0,0.0,,4.0
MOGES-80277 ,5,2024-11-01,False,24.0,4.0,,6.0
MOGES-80277 ,6,2024-12-01,False,18.0,6.0,,0.0
MOGES-80277 ,7,2025-01-01,False,18.0,0.0,,0.0
MOGES-80277 ,8,2025-02-01,False,19.0,0.0,,0.0
MOGES-80277 ,9,2025-03-01,False,19.0,0.0,,2.0
MOGES-80277 ,10,2025-04-01,False,17.0,2.0,,0.0
MOGES-80277 ,11,2025-05-01,False,45.0,0.0,2.0,0.0
MOGES-80277 ,12,2025-06-01,False,45.0,0.0,2.0,
MOGES-80805 ,0,2024-06-01,False,7.0,0.0,,0.0
MOGES-80805 ,1,2024-07-01,False,7.0,0.0,,0.0
MOGES-80805 ,2,2024-08-01,False,7.0,0.0,,0.0
MOGES-80805 ,3,2024-09-01,False,7.0,0.0,,2.0
MOGES-80805 ,4,2024-10-01,False,5.0,2.0,,0.0
MOGES-80805 ,5,2024-11-01,False,5.0,0.0,,0.0
MOGES-80805 ,6,2024-12-01,False,5.0,0.0,,0.0
MOGES-80805 ,7,2025-01-01,False,5.0,0.0,,0.0
MOGES-80805 ,8,2025-02-01,False,5.0,0.0,,0.0
MOGES-80805 ,9,2025-03-01,False,5.0,0.0,,0.0
MOGES-80805 ,10,2025-04-01,False,5.0,0.0,,0.0
MOGES-80805 ,11,2025-05-01,False,5.0,0.0,0.0,0.0
MOGES-80805 ,12,2025-06-01,False,5.0,0.0,0.0,
MOGEV-800084 ,0,2024-06-01,True,0.0,0.0,,0.0
MOGEV-800084 ,1,2024-07-01,True,0.0,0.0,,0.0
MOGEV-800084 ,2,2024-08-01,True,0.0,0.0,,0.0
MOGEV-800084 ,3,2024-09-01,True,0.0,0.0,,4.0
MOGEV-800084 ,4,2024-10-01,True,16.0,4.0,,6.0
MOGEV-800084 ,5,2024-11-01,False,10.0,6.0,,0.0
MOGEV-800084 ,6,2024-12-01,False,10.0,0.0,,0.0
MOGEV-800084 ,7,2025-01-01,False,10.0,0.0,,2.0
MOGEV-800084 ,8,2025-02-01,False,8.0,2.0,,2.0
MOGEV-800084 ,9,2025-03-01,False,6.0,2.0,,0.0
MOGEV-800084 ,10,2025-04-01,False,6.0,0.0,,5.0
MOGEV-800084 ,11,2025-05-01,False,1.0,5.0,3.0,0.0
MOGEV-800084 ,12,2025-06-01,True,1.0,0.0,1.0,
MOGEV-800576 ,0,2024-06-01,False,1.0,0.0,,0.0
MOGEV-800576 ,1,2024-07-01,False,1.0,0.0,,0.0
MOGEV-800576 ,2,2024-08-01,False,1.0,0.0,,0.0
MOGEV-800576 ,3,2024-09-01,False,1.0,0.0,,0.0
MOGEV-800576 ,4,2024-10-01,False,1.0,0.0,,0.0
MOGEV-800576 ,5,2024-11-01,False,1.0,0.0,,0.0
MOGEV-800576 ,6,2024-12-01,False,1.0,0.0,,0.0
MOGEV-800576 ,7,2025-01-01,False,1.0,0.0,,0.0
MOGEV-800576 ,8,2025-02-01,False,5.0,0.0,,0.0
MOGEV-800576 ,9,2025-03-01,False,5.0,0.0,,1.0
MOGEV-800576 ,10,2025-04-01,False,4.0,1.0,,0.0
MOGEV-800576 ,11,2025-05-01,False,4.0,0.0,0.0,0.0
MOGEV-800576 ,12,2025-06-01,False,4.0,0.0,0.0,
MOGEV-800935 ,0,2024-06-01,False,2.0,0.0,,0.0
MOGEV-800935 ,1,2024-07-01,False,2.0,0.0,,0.0
MOGEV-800935 ,2,2024-08-01,False,2.0,0.0,,0.0
MOGEV-800935 ,3,2024-09-01,False,2.0,0.0,,2.0
MOGEV-800935 ,4,2024-10-01,False,24.0,2.0,,2.0
MOGEV-800935 ,5,2024-11-01,False,22.0,2.0,,0.0
MOGEV-800935 ,6,2024-12-01,False,22.0,0.0,,0.0
MOGEV-800935 ,7,2025-01-01,False,22.0,0.0,,3.0
MOGEV-800935 ,8,2025-02-01,False,19.0,3.0,,2.0
MOGEV-800935 ,9,2025-03-01,False,17.0,2.0,,2.0
MOGEV-800935 ,10,2025-04-01,False,15.0,2.0,,0.0
MOGEV-800935 ,11,2025-05-01,False,15.0,0.0,2.0,0.0
MOGEV-800935 ,12,2025-06-01,False,15.0,0.0,2.0,
MOGEV-800938 ,0,2024-06-01,False,17.0,0.0,,2.0
MOGEV-800938 ,1,2024-07-01,False,15.0,2.0,,0.0
MOGEV-800938 ,2,2024-08-01,False,15.0,0.0,,1.0
MOGEV-800938 ,3,2024-09-01,False,14.0,1.0,,1.0
MOGEV-800938 ,4,2024-10-01,False,13.0,1.0,,0.0
MOGEV-800938 ,5,2024-11-01,False,13.0,0.0,,0.0
MOGEV-800938 ,6,2024-12-01,False,13.0,0.0,,2.0
MOGEV-800938 ,7,2025-01-01,False,11.0,2.0,,0.0
MOGEV-800938 ,8,2025-02-01,False,9.0,0.0,,4.0
MOGEV-800938 ,9,2025-03-01,False,5.0,4.0,,0.0
MOGEV-800938 ,10,2025-04-01,False,5.0,0.0,,0.0
MOGEV-800938 ,11,2025-05-01,False,5.0,0.0,0.0,0.0
MOGEV-800938 ,12,2025-06-01,False,3.0,0.0,0.0,
MOGEV-801377 ,0,2024-06-01,False,6.0,0.0,,4.0
MOGEV-801377 ,1,2024-07-01,False,2.0,4.0,,0.0
MOGEV-801377 ,2,2024-08-01,False,2.0,0.0,,0.0
MOGEV-801377 ,3,2024-09-01,False,2.0,0.0,,0.0
MOGEV-801377 ,4,2024-10-01,False,2.0,0.0,,0.0
MOGEV-801377 ,5,2024-11-01,False,2.0,0.0,,0.0
MOGEV-801377 ,6,2024-12-01,False,2.0,0.0,,0.0
MOGEV-801377 ,7,2025-01-01,False,2.0,0.0,,0.0
MOGEV-801377 ,8,2025-02-01,False,6.0,0.0,,0.0
MOGEV-801377 ,9,2025-03-01,False,6.0,0.0,,0.0
MOGEV-801377 ,10,2025-04-01,False,6.0,0.0,,0.0
MOGEV-801377 ,11,2025-05-01,False,6.0,0.0,1.0,0.0
MOGEV-801377 ,12,2025-06-01,False,6.0,0.0,1.0,
MOGEV-801521 ,0,2024-06-01,True,0.0,0.0,,0.0
MOGEV-801521 ,1,2024-07-01,True,0.0,0.0,,0.0
MOGEV-801521 ,2,2024-08-01,True,6.0,0.0,,0.0
MOGEV-801521 ,3,2024-09-01,False,6.0,0.0,,0.0
MOGEV-801521 ,4,2024-10-01,False,6.0,0.0,,0.0
MOGEV-801521 ,5,2024-11-01,False,6.0,0.0,,0.0
MOGEV-801521 ,6,2024-12-01,False,6.0,0.0,,0.0
MOGEV-801521 ,7,2025-01-01,False,6.0,0.0,,0.0
MOGEV-801521 ,8,2025-02-01,False,6.0,0.0,,0.0
MOGEV-801521 ,9,2025-03-01,False,6.0,0.0,,0.0
MOGEV-801521 ,10,2025-04-01,False,6.0,0.0,,2.0
MOGEV-801521 ,11,2025-05-01,False,4.0,2.0,0.0,0.0
MOGEV-801521 ,12,2025-06-01,False,4.0,0.0,0.0,
MOGEV-801527 ,0,2024-06-01,False,5.0,0.0,,0.0
MOGEV-801527 ,1,2024-07-01,False,5.0,0.0,,3.0
MOGEV-801527 ,2,2024-08-01,False,2.0,3.0,,0.0
MOGEV-801527 ,3,2024-09-01,False,2.0,0.0,,0.0
MOGEV-801527 ,4,2024-10-01,False,2.0,0.0,,1.0
MOGEV-801527 ,5,2024-11-01,False,1.0,1.0,,0.0
MOGEV-801527 ,6,2024-12-01,False,1.0,0.0,,1.0
MOGEV-801527 ,7,2025-01-01,False,0.0,1.0,,0.0
MOGEV-801527 ,8,2025-02-01,True,0.0,0.0,,0.0
MOGEV-801527 ,9,2025-03-01,True,0.0,0.0,,0.0
MOGEV-801527 ,10,2025-04-01,True,0.0,0.0,,0.0
MOGEV-801527 ,11,2025-05-01,True,0.0,0.0,0.0,0.0
MOGEV-801527 ,12,2025-06-01,True,0.0,0.0,0.0,
MOGK-150270 ,0,2024-06-01,False,44.0,0.0,,0.0
MOGK-150270 ,1,2024-07-01,False,44.0,0.0,,0.0
MOGK-150270 ,2,2024-08-01,False,44.0,0.0,,0.0
MOGK-150270 ,3,2024-09-01,False,44.0,0.0,,0.0
MOGK-150270 ,4,2024-10-01,False,44.0,0.0,,3.0
MOGK-150270 ,5,2024-11-01,False,41.0,3.0,,2.0
MOGK-150270 ,6,2024-12-01,False,39.0,2.0,,2.0
MOGK-150270 ,7,2025-01-01,False,37.0,2.0,,0.0
MOGK-150270 ,8,2025-02-01,False,37.0,0.0,,0.0
MOGK-150270 ,9,2025-03-01,False,37.0,0.0,,0.0
MOGK-150270 ,10,2025-04-01,False,37.0,0.0,,0.0
MOGK-150270 ,11,2025-05-01,False,37.0,0.0,2.0,0.0
MOGK-150270 ,12,2025-06-01,False,37.0,0.0,1.0,
MOGK-150320 ,0,2024-06-01,True,0.0,0.0,,0.0
MOGK-150320 ,1,2024-07-01,True,4.0,0.0,,0.0
MOGK-150320 ,2,2024-08-01,False,4.0,0.0,,0.0
MOGK-150320 ,3,2024-09-01,False,4.0,0.0,,0.0
MOGK-150320 ,4,2024-10-01,False,4.0,0.0,,0.0
MOGK-150320 ,5,2024-11-01,False,4.0,0.0,,0.0
MOGK-150320 ,6,2024-12-01,False,4.0,0.0,,0.0
MOGK-150320 ,7,2025-01-01,False,4.0,0.0,,0.0
MOGK-150320 ,8,2025-02-01,False,4.0,0.0,,2.0
MOGK-150320 ,9,2025-03-01,False,2.0,2.0,,0.0
MOGK-150320 ,10,2025-04-01,False,2.0,0.0,,0.0
MOGK-150320 ,11,2025-05-01,False,2.0,0.0,0.0,0.0
MOGK-150320 ,12,2025-06-01,False,2.0,0.0,0.0,
MOGK-150419 ,0,2024-06-01,True,0.0,0.0,,0.0
MOGK-150419 ,1,2024-07-01,True,60.0,0.0,,2.0
MOGK-150419 ,2,2024-08-01,False,58.0,2.0,,0.0
MOGK-150419 ,3,2024-09-01,False,58.0,0.0,,2.0
MOGK-150419 ,4,2024-10-01,False,56.0,2.0,,4.0
MOGK-150419 ,5,2024-11-01,False,52.0,4.0,,2.0
MOGK-150419 ,6,2024-12-01,False,50.0,2.0,,2.0
MOGK-150419 ,7,2025-01-01,False,48.0,2.0,,4.0
MOGK-150419 ,8,2025-02-01,False,44.0,4.0,,1.0
MOGK-150419 ,9,2025-03-01,False,43.0,1.0,,0.0
MOGK-150419 ,10,2025-04-01,False,43.0,0.0,,0.0
MOGK-150419 ,11,2025-05-01,False,43.0,0.0,3.0,0.0
MOGK-150419 ,12,2025-06-01,False,43.0,0.0,2.0,
MOGK-160310 ,0,2024-06-01,False,56.0,0.0,,4.0
MOGK-160310 ,1,2024-07-01,False,52.0,4.0,,6.0
MOGK-160310 ,2,2024-08-01,False,46.0,6.0,,0.0
MOGK-160310 ,3,2024-09-01,False,46.0,0.0,,10.0
MOGK-160310 ,4,2024-10-01,False,36.0,10.0,,4.0
MOGK-160310 ,5,2024-11-01,False,32.0,4.0,,10.0
MOGK-160310 ,6,2024-12-01,False,18.0,10.0,,2.0
MOGK-160310 ,7,2025-01-01,False,12.0,2.0,,0.0
MOGK-160310 ,8,2025-02-01,False,12.0,0.0,,2.0
MOGK-160310 ,9,2025-03-01,False,10.0,2.0,,4.0
MOGK-160310 ,10,2025-04-01,False,6.0,4.0,,4.0
MOGK-160310 ,11,2025-05-01,False,42.0,4.0,4.0,0.0
MOGK-160310 ,12,2025-06-01,False,42.0,0.0,2.0,
MOGK-160311 ,0,2024-06-01,False,30.0,0.0,,0.0
MOGK-160311 ,1,2024-07-01,False,30.0,0.0,,2.0
MOGK-160311 ,2,2024-08-01,False,28.0,2.0,,2.0
MOGK-160311 ,3,2024-09-01,False,26.0,2.0,,2.0
MOGK-160311 ,4,2024-10-01,False,24.0,2.0,,0.0
MOGK-160311 ,5,2024-11-01,False,24.0,0.0,,0.0
MOGK-160311 ,6,2024-12-01,False,24.0,0.0,,3.0
MOGK-160311 ,7,2025-01-01,False,21.0,3.0,,0.0
MOGK-160311 ,8,2025-02-01,False,21.0,0.0,,0.0
MOGK-160311 ,9,2025-03-01,False,21.0,0.0,,0.0
MOGK-160311 ,10,2025-04-01,False,21.0,0.0,,2.0
MOGK-160311 ,11,2025-05-01,False,19.0,2.0,1.0,0.0
MOGK-160311 ,12,2025-06-01,False,19.0,0.0,1.0,
MOGK-200044 ,0,2024-06-01,False,88.0,2.0,,13.0
MOGK-200044 ,1,2024-07-01,False,75.0,13.0,,6.0
MOGK-200044 ,2,2024-08-01,False,69.0,6.0,,13.0
MOGK-200044 ,3,2024-09-01,False,56.0,13.0,,12.0
MOGK-200044 ,4,2024-10-01,False,44.0,12.0,,6.0
MOGK-200044 ,5,2024-11-01,False,38.0,6.0,,3.0
MOGK-200044 ,6,2024-12-01,False,35.0,3.0,,14.0
MOGK-200044 ,7,2025-01-01,False,21.0,14.0,,8.0
MOGK-200044 ,8,2025-02-01,False,93.0,8.0,,0.0
MOGK-200044 ,9,2025-03-01,False,93.0,0.0,,4.0
MOGK-200044 ,10,2025-04-01,False,89.0,4.0,,11.0
MOGK-200044 ,11,2025-05-01,False,78.0,11.0,12.0,0.0
MOGK-200044 ,12,2025-06-01,False,78.0,0.0,8.0,
MOGK-200166 ,0,2024-06-01,False,27.0,1.0,,2.0
MOGK-200166 ,1,2024-07-01,False,25.0,2.0,,0.0
MOGK-200166 ,2,2024-08-01,False,25.0,0.0,,0.0
MOGK-200166 ,3,2024-09-01,False,25.0,0.0,,2.0
MOGK-200166 ,4,2024-10-01,False,23.0,2.0,,0.0
MOGK-200166 ,5,2024-11-01,False,23.0,0.0,,0.0
MOGK-200166 ,6,2024-12-01,False,23.0,0.0,,0.0
MOGK-200166 ,7,2025-01-01,False,23.0,0.0,,1.0
MOGK-200166 ,8,2025-02-01,False,22.0,1.0,,1.0
MOGK-200166 ,9,2025-03-01,False,21.0,1.0,,0.0
MOGK-200166 ,10,2025-04-01,False,21.0,0.0,,1.0
MOGK-200166 ,11,2025-05-01,False,20.0,1.0,1.0,0.0
MOGK-200166 ,12,2025-06-01,False,20.0,0.0,1.0,
MOGK-200168 ,0,2024-06-01,False,9.0,1.0,,4.0
MOGK-200168 ,1,2024-07-01,False,35.0,4.0,,14.0
MOGK-200168 ,2,2024-08-01,False,21.0,14.0,,3.0
MOGK-200168 ,3,2024-09-01,False,18.0,3.0,,5.0
MOGK-200168 ,4,2024-10-01,False,13.0,5.0,,1.0
MOGK-200168 ,5,2024-11-01,False,12.0,1.0,,1.0
MOGK-200168 ,6,2024-12-01,False,11.0,1.0,,0.0
MOGK-200168 ,7,2025-01-01,False,11.0,0.0,,2.0
MOGK-200168 ,8,2025-02-01,False,29.0,2.0,,1.0
MOGK-200168 ,9,2025-03-01,False,28.0,1.0,,5.0
MOGK-200168 ,10,2025-04-01,False,23.0,5.0,,0.0
MOGK-200168 ,11,2025-05-01,False,23.0,0.0,2.0,1.0
MOGK-200168 ,12,2025-06-01,False,22.0,1.0,2.0,
MOGK-200170 ,0,2024-06-01,False,62.0,0.0,,1.0
MOGK-200170 ,1,2024-07-01,False,61.0,1.0,,0.0
MOGK-200170 ,2,2024-08-01,False,61.0,0.0,,0.0
MOGK-200170 ,3,2024-09-01,False,61.0,0.0,,0.0
MOGK-200170 ,4,2024-10-01,False,61.0,0.0,,2.0
MOGK-200170 ,5,2024-11-01,False,59.0,2.0,,0.0
MOGK-200170 ,6,2024-12-01,False,59.0,0.0,,0.0
MOGK-200170 ,7,2025-01-01,False,59.0,0.0,,0.0
MOGK-200170 ,8,2025-02-01,False,59.0,0.0,,0.0
MOGK-200170 ,9,2025-03-01,False,59.0,0.0,,0.0
MOGK-200170 ,10,2025-04-01,False,59.0,0.0,,0.0
MOGK-200170 ,11,2025-05-01,False,59.0,0.0,0.0,0.0
MOGK-200170 ,12,2025-06-01,False,59.0,0.0,0.0,
MOGK-200178 ,0,2024-06-01,False,5.0,0.0,,0.0
MOGK-200178 ,1,2024-07-01,False,5.0,0.0,,2.0
MOGK-200178 ,2,2024-08-01,False,3.0,2.0,,0.0
MOGK-200178 ,3,2024-09-01,False,3.0,0.0,,0.0
MOGK-200178 ,4,2024-10-01,False,3.0,0.0,,0.0
MOGK-200178 ,5,2024-11-01,False,3.0,0.0,,0.0
MOGK-200178 ,6,2024-12-01,False,3.0,0.0,,0.0
MOGK-200178 ,7,2025-01-01,False,3.0,0.0,,0.0
MOGK-200178 ,8,2025-02-01,False,3.0,0.0,,0.0
MOGK-200178 ,9,2025-03-01,False,3.0,0.0,,0.0
MOGK-200178 ,10,2025-04-01,False,3.0,0.0,,0.0
MOGK-200178 ,11,2025-05-01,False,3.0,0.0,0.0,0.0
MOGK-200178 ,12,2025-06-01,False,3.0,0.0,0.0,
MOGK-200187 ,0,2024-06-01,False,4.0,0.0,,2.0
MOGK-200187 ,1,2024-07-01,False,2.0,2.0,,0.0
MOGK-200187 ,2,2024-08-01,False,2.0,0.0,,0.0
MOGK-200187 ,3,2024-09-01,False,2.0,0.0,,0.0
MOGK-200187 ,4,2024-10-01,False,2.0,0.0,,0.0
MOGK-200187 ,5,2024-11-01,False,2.0,0.0,,0.0
MOGK-200187 ,6,2024-12-01,False,2.0,0.0,,0.0
MOGK-200187 ,7,2025-01-01,False,2.0,0.0,,0.0
MOGK-200187 ,8,2025-02-01,False,2.0,0.0,,0.0
MOGK-200187 ,9,2025-03-01,False,2.0,0.0,,0.0
MOGK-200187 ,10,2025-04-01,False,2.0,0.0,,0.0
MOGK-200187 ,11,2025-05-01,False,2.0,0.0,0.0,0.0
MOGK-200187 ,12,2025-06-01,False,2.0,0.0,0.0,
MOGK-200194 ,0,2024-06-01,False,12.0,0.0,,2.0
MOGK-200194 ,1,2024-07-01,False,10.0,2.0,,0.0
MOGK-200194 ,2,2024-08-01,False,10.0,0.0,,0.0
MOGK-200194 ,3,2024-09-01,False,10.0,0.0,,4.0
MOGK-200194 ,4,2024-10-01,False,6.0,4.0,,0.0
MOGK-200194 ,5,2024-11-01,False,6.0,0.0,,0.0
MOGK-200194 ,6,2024-12-01,False,6.0,0.0,,2.0
MOGK-200194 ,7,2025-01-01,False,4.0,2.0,,0.0
MOGK-200194 ,8,2025-02-01,False,4.0,0.0,,0.0
MOGK-200194 ,9,2025-03-01,False,4.0,0.0,,0.0
MOGK-200194 ,10,2025-04-01,False,4.0,0.0,,0.0
MOGK-200194 ,11,2025-05-01,False,14.0,0.0,1.0,0.0
MOGK-200194 ,12,2025-06-01,False,14.0,0.0,1.0,
MOGK-200195 ,0,2024-06-01,False,20.0,0.0,,1.0
MOGK-200195 ,1,2024-07-01,False,24.0,1.0,,0.0
MOGK-200195 ,2,2024-08-01,False,24.0,0.0,,0.0
MOGK-200195 ,3,2024-09-01,False,24.0,0.0,,4.0
MOGK-200195 ,4,2024-10-01,False,20.0,4.0,,0.0
MOGK-200195 ,5,2024-11-01,False,20.0,0.0,,0.0
MOGK-200195 ,6,2024-12-01,False,20.0,0.0,,2.0
MOGK-200195 ,7,2025-01-01,False,18.0,2.0,,0.0
MOGK-200195 ,8,2025-02-01,False,17.0,0.0,,0.0
MOGK-200195 ,9,2025-03-01,False,17.0,0.0,,0.0
MOGK-200195 ,10,2025-04-01,False,17.0,0.0,,0.0
MOGK-200195 ,11,2025-05-01,False,17.0,0.0,2.0,0.0
MOGK-200195 ,12,2025-06-01,False,17.0,0.0,2.0,
MOGK-200198 ,0,2024-06-01,False,61.0,2.0,,2.0
MOGK-200198 ,1,2024-07-01,False,59.0,2.0,,4.0
MOGK-200198 ,2,2024-08-01,False,55.0,4.0,,4.0
MOGK-200198 ,3,2024-09-01,False,51.0,4.0,,7.0
MOGK-200198 ,4,2024-10-01,False,44.0,7.0,,4.0
MOGK-200198 ,5,2024-11-01,False,40.0,4.0,,0.0
MOGK-200198 ,6,2024-12-01,False,40.0,0.0,,2.0
MOGK-200198 ,7,2025-01-01,False,38.0,2.0,,0.0
MOGK-200198 ,8,2025-02-01,False,38.0,0.0,,2.0
MOGK-200198 ,9,2025-03-01,False,36.0,2.0,,2.0
MOGK-200198 ,10,2025-04-01,False,34.0,2.0,,2.0
MOGK-200198 ,11,2025-05-01,False,32.0,2.0,2.0,0.0
MOGK-200198 ,12,2025-06-01,False,32.0,0.0,2.0,
MOGK-200199 ,0,2024-06-01,False,196.0,2.0,,2.0
MOGK-200199 ,1,2024-07-01,False,194.0,2.0,,19.0
MOGK-200199 ,2,2024-08-01,False,175.0,19.0,,22.0
MOGK-200199 ,3,2024-09-01,False,153.0,22.0,,35.0
MOGK-200199 ,4,2024-10-01,False,118.0,35.0,,12.0
MOGK-200199 ,5,2024-11-01,False,106.0,12.0,,32.0
MOGK-200199 ,6,2024-12-01,False,84.0,32.0,,19.0
MOGK-200199 ,7,2025-01-01,False,65.0,19.0,,12.0
MOGK-200199 ,8,2025-02-01,False,53.0,12.0,,10.0
MOGK-200199 ,9,2025-03-01,False,43.0,10.0,,21.0
MOGK-200199 ,10,2025-04-01,False,17.0,21.0,,0.0
MOGK-200199 ,11,2025-05-01,False,177.0,0.0,15.0,12.0
MOGK-200199 ,12,2025-06-01,False,165.0,12.0,14.0,
MOGK-200200 ,0,2024-06-01,False,41.0,0.0,,0.0
MOGK-200200 ,1,2024-07-01,False,41.0,0.0,,0.0
MOGK-200200 ,2,2024-08-01,False,41.0,0.0,,0.0
MOGK-200200 ,3,2024-09-01,False,41.0,0.0,,0.0
MOGK-200200 ,4,2024-10-01,False,41.0,0.0,,0.0
MOGK-200200 ,5,2024-11-01,False,41.0,0.0,,0.0
MOGK-200200 ,6,2024-12-01,False,41.0,0.0,,2.0
MOGK-200200 ,7,2025-01-01,False,39.0,2.0,,0.0
MOGK-200200 ,8,2025-02-01,False,39.0,0.0,,0.0
MOGK-200200 ,9,2025-03-01,False,39.0,0.0,,0.0
MOGK-200200 ,10,2025-04-01,False,39.0,0.0,,0.0
MOGK-200200 ,11,2025-05-01,False,39.0,0.0,0.0,2.0
MOGK-200200 ,12,2025-06-01,False,37.0,2.0,2.0,
MOGK-200222 ,0,2024-06-01,True,4.0,0.0,,3.0
MOGK-200222 ,1,2024-07-01,True,101.0,3.0,,28.0
MOGK-200222 ,2,2024-08-01,False,73.0,28.0,,16.0
MOGK-200222 ,3,2024-09-01,False,57.0,16.0,,48.0
MOGK-200222 ,4,2024-10-01,False,129.0,48.0,,58.0
MOGK-200222 ,5,2024-11-01,False,71.0,58.0,,16.0
MOGK-200222 ,6,2024-12-01,False,55.0,16.0,,44.0
MOGK-200222 ,7,2025-01-01,False,11.0,44.0,,5.0
MOGK-200222 ,8,2025-02-01,True,6.0,5.0,,3.0
MOGK-200222 ,9,2025-03-01,True,3.0,3.0,,1.0
MOGK-200222 ,10,2025-04-01,True,2.0,1.0,,8.0
MOGK-200222 ,11,2025-05-01,True,224.0,8.0,26.0,31.0
MOGK-200222 ,12,2025-06-01,False,191.0,31.0,49.0,
MOGK-200269 ,0,2024-06-01,False,190.0,6.0,,2.0
MOGK-200269 ,1,2024-07-01,False,188.0,2.0,,8.0
MOGK-200269 ,2,2024-08-01,False,180.0,8.0,,4.0
MOGK-200269 ,3,2024-09-01,False,176.0,4.0,,16.0
MOGK-200269 ,4,2024-10-01,False,160.0,16.0,,20.0
MOGK-200269 ,5,2024-11-01,False,140.0,20.0,,18.0
MOGK-200269 ,6,2024-12-01,False,122.0,18.0,,7.0
MOGK-200269 ,7,2025-01-01,False,115.0,7.0,,6.0
MOGK-200269 ,8,2025-02-01,False,109.0,6.0,,2.0
MOGK-200269 ,9,2025-03-01,False,107.0,2.0,,6.0
MOGK-200269 ,10,2025-04-01,False,101.0,6.0,,3.0
MOGK-200269 ,11,2025-05-01,False,98.0,3.0,12.0,5.0
MOGK-200269 ,12,2025-06-01,False,93.0,5.0,7.0,
MOGK-200270 ,0,2024-06-01,False,8.0,2.0,,0.0
MOGK-200270 ,1,2024-07-01,False,108.0,0.0,,8.0
MOGK-200270 ,2,2024-08-01,False,100.0,8.0,,8.0
MOGK-200270 ,3,2024-09-01,False,92.0,8.0,,12.0
MOGK-200270 ,4,2024-10-01,False,80.0,12.0,,20.0
MOGK-200270 ,5,2024-11-01,False,60.0,20.0,,6.0
MOGK-200270 ,6,2024-12-01,False,54.0,6.0,,4.0
MOGK-200270 ,7,2025-01-01,False,50.0,4.0,,0.0
MOGK-200270 ,8,2025-02-01,False,50.0,0.0,,2.0
MOGK-200270 ,9,2025-03-01,False,48.0,2.0,,6.0
MOGK-200270 ,10,2025-04-01,False,42.0,6.0,,2.0
MOGK-200270 ,11,2025-05-01,False,80.0,2.0,4.0,0.0
MOGK-200270 ,12,2025-06-01,False,80.0,0.0,4.0,
MOGK-200271 ,0,2024-06-01,True,1.0,0.0,,2.0
MOGK-200271 ,1,2024-07-01,True,59.0,2.0,,16.0
MOGK-200271 ,2,2024-08-01,False,43.0,16.0,,12.0
MOGK-200271 ,3,2024-09-01,False,31.0,12.0,,14.0
MOGK-200271 ,4,2024-10-01,False,17.0,14.0,,12.0
MOGK-200271 ,5,2024-11-01,False,5.0,12.0,,2.0
MOGK-200271 ,6,2024-12-01,True,3.0,2.0,,0.0
MOGK-200271 ,7,2025-01-01,True,3.0,0.0,,4.0
MOGK-200271 ,8,2025-02-01,True,59.0,4.0,,4.0
MOGK-200271 ,9,2025-03-01,False,55.0,4.0,,11.0
MOGK-200271 ,10,2025-04-01,False,44.0,11.0,,4.0
MOGK-200271 ,11,2025-05-01,False,60.0,4.0,4.0,0.0
MOGK-200271 ,12,2025-06-01,False,60.0,0.0,6.0,
MOGK-200272 ,0,2024-06-01,False,27.0,2.0,,6.0
MOGK-200272 ,1,2024-07-01,False,21.0,6.0,,10.0
MOGK-200272 ,2,2024-08-01,False,11.0,10.0,,8.0
MOGK-200272 ,3,2024-09-01,False,3.0,8.0,,6.0
MOGK-200272 ,4,2024-10-01,True,117.0,6.0,,12.0
MOGK-200272 ,5,2024-11-01,False,105.0,12.0,,6.0
MOGK-200272 ,6,2024-12-01,False,99.0,6.0,,4.0
MOGK-200272 ,7,2025-01-01,False,95.0,4.0,,4.0
MOGK-200272 ,8,2025-02-01,False,91.0,4.0,,4.0
MOGK-200272 ,9,2025-03-01,False,87.0,4.0,,11.0
MOGK-200272 ,10,2025-04-01,False,76.0,11.0,,4.0
MOGK-200272 ,11,2025-05-01,False,72.0,4.0,5.0,1.0
MOGK-200272 ,12,2025-06-01,False,71.0,1.0,5.0,
MOGK-200315 ,0,2024-06-01,False,46.0,0.0,,2.0
MOGK-200315 ,1,2024-07-01,False,44.0,2.0,,2.0
MOGK-200315 ,2,2024-08-01,False,42.0,2.0,,2.0
MOGK-200315 ,3,2024-09-01,False,40.0,2.0,,0.0
MOGK-200315 ,4,2024-10-01,False,70.0,0.0,,2.0
MOGK-200315 ,5,2024-11-01,False,68.0,2.0,,0.0
MOGK-200315 ,6,2024-12-01,False,68.0,0.0,,0.0
MOGK-200315 ,7,2025-01-01,False,68.0,0.0,,0.0
MOGK-200315 ,8,2025-02-01,False,68.0,0.0,,0.0
MOGK-200315 ,9,2025-03-01,False,68.0,0.0,,6.0
MOGK-200315 ,10,2025-04-01,False,62.0,6.0,,2.0
MOGK-200315 ,11,2025-05-01,False,60.0,2.0,3.0,2.0
MOGK-200315 ,12,2025-06-01,False,58.0,2.0,3.0,
MOGK-200331 ,0,2024-06-01,False,1.0,0.0,,0.0
MOGK-200331 ,1,2024-07-01,False,9.0,0.0,,0.0
MOGK-200331 ,2,2024-08-01,False,9.0,0.0,,0.0
MOGK-200331 ,3,2024-09-01,False,9.0,0.0,,0.0
MOGK-200331 ,4,2024-10-01,False,9.0,0.0,,0.0
MOGK-200331 ,5,2024-11-01,False,9.0,0.0,,2.0
MOGK-200331 ,6,2024-12-01,False,7.0,2.0,,0.0
MOGK-200331 ,7,2025-01-01,False,7.0,0.0,,0.0
MOGK-200331 ,8,2025-02-01,False,7.0,0.0,,1.0
MOGK-200331 ,9,2025-03-01,False,6.0,1.0,,1.0
MOGK-200331 ,10,2025-04-01,False,5.0,1.0,,0.0
MOGK-200331 ,11,2025-05-01,False,5.0,0.0,0.0,0.0
MOGK-200331 ,12,2025-06-01,False,5.0,0.0,1.0,
MOGK-200343 ,0,2024-06-01,False,27.0,2.0,,0.0
MOGK-200343 ,1,2024-07-01,False,27.0,0.0,,5.0
MOGK-200343 ,2,2024-08-01,False,22.0,5.0,,6.0
MOGK-200343 ,3,2024-09-01,False,16.0,6.0,,4.0
MOGK-200343 ,4,2024-10-01,False,12.0,4.0,,2.0
MOGK-200343 ,5,2024-11-01,False,10.0,2.0,,8.0
MOGK-200343 ,6,2024-12-01,False,2.0,8.0,,2.0
MOGK-200343 ,7,2025-01-01,True,0.0,2.0,,0.0
MOGK-200343 ,8,2025-02-01,True,10.0,0.0,,6.0
MOGK-200343 ,9,2025-03-01,False,4.0,6.0,,0.0
MOGK-200343 ,10,2025-04-01,False,4.0,0.0,,8.0
MOGK-200343 ,11,2025-05-01,False,16.0,8.0,2.0,0.0
MOGK-200343 ,12,2025-06-01,False,16.0,0.0,3.0,
MOGK-200353 ,0,2024-06-01,False,2.0,0.0,,0.0
MOGK-200353 ,1,2024-07-01,False,12.0,0.0,,0.0
MOGK-200353 ,2,2024-08-01,False,12.0,0.0,,2.0
MOGK-200353 ,3,2024-09-01,False,10.0,2.0,,0.0
MOGK-200353 ,4,2024-10-01,False,10.0,0.0,,0.0
MOGK-200353 ,5,2024-11-01,False,10.0,0.0,,4.0
MOGK-200353 ,6,2024-12-01,False,6.0,4.0,,0.0
MOGK-200353 ,7,2025-01-01,False,6.0,0.0,,0.0
MOGK-200353 ,8,2025-02-01,False,6.0,0.0,,2.0
MOGK-200353 ,9,2025-03-01,False,4.0,2.0,,4.0
MOGK-200353 ,10,2025-04-01,False,0.0,4.0,,0.0
MOGK-200353 ,11,2025-05-01,True,0.0,0.0,0.0,0.0
MOGK-200353 ,12,2025-06-01,True,0.0,0.0,0.0,
MOGK-200356 ,0,2024-06-01,False,18.0,0.0,,0.0
MOGK-200356 ,1,2024-07-01,False,18.0,0.0,,0.0
MOGK-200356 ,2,2024-08-01,False,18.0,0.0,,2.0
MOGK-200356 ,3,2024-09-01,False,16.0,2.0,,2.0
MOGK-200356 ,4,2024-10-01,False,14.0,2.0,,2.0
MOGK-200356 ,5,2024-11-01,False,12.0,2.0,,2.0
MOGK-200356 ,6,2024-12-01,False,10.0,2.0,,0.0
MOGK-200356 ,7,2025-01-01,False,10.0,0.0,,0.0
MOGK-200356 ,8,2025-02-01,False,10.0,0.0,,0.0
MOGK-200356 ,9,2025-03-01,False,10.0,0.0,,0.0
MOGK-200356 ,10,2025-04-01,False,10.0,0.0,,0.0
MOGK-200356 ,11,2025-05-01,False,10.0,0.0,1.0,0.0
MOGK-200356 ,12,2025-06-01,False,10.0,0.0,1.0,
MOGK-200365 ,0,2024-06-01,False,6.0,0.0,,0.0
MOGK-200365 ,1,2024-07-01,False,6.0,0.0,,0.0
MOGK-200365 ,2,2024-08-01,False,6.0,0.0,,0.0
MOGK-200365 ,3,2024-09-01,False,6.0,0.0,,0.0
MOGK-200365 ,4,2024-10-01,False,6.0,0.0,,0.0
MOGK-200365 ,5,2024-11-01,False,6.0,0.0,,2.0
MOGK-200365 ,6,2024-12-01,False,4.0,2.0,,2.0
MOGK-200365 ,7,2025-01-01,False,2.0,2.0,,0.0
MOGK-200365 ,8,2025-02-01,False,2.0,0.0,,2.0
MOGK-200365 ,9,2025-03-01,False,0.0,2.0,,0.0
MOGK-200365 ,10,2025-04-01,True,0.0,0.0,,0.0
MOGK-200365 ,11,2025-05-01,True,0.0,0.0,0.0,0.0
MOGK-200365 ,12,2025-06-01,True,0.0,0.0,0.0,
MOGK-200366 ,0,2024-06-01,False,10.0,6.0,,0.0
MOGK-200366 ,1,2024-07-01,False,10.0,0.0,,6.0
MOGK-200366 ,2,2024-08-01,False,4.0,6.0,,2.0
MOGK-200366 ,3,2024-09-01,False,2.0,2.0,,0.0
MOGK-200366 ,4,2024-10-01,True,2.0,0.0,,0.0
MOGK-200366 ,5,2024-11-01,True,2.0,0.0,,0.0
MOGK-200366 ,6,2024-12-01,True,2.0,0.0,,0.0
MOGK-200366 ,7,2025-01-01,True,2.0,0.0,,2.0
MOGK-200366 ,8,2025-02-01,True,30.0,2.0,,2.0
MOGK-200366 ,9,2025-03-01,False,28.0,2.0,,4.0
MOGK-200366 ,10,2025-04-01,False,24.0,4.0,,8.0
MOGK-200366 ,11,2025-05-01,False,16.0,8.0,4.0,4.0
MOGK-200366 ,12,2025-06-01,False,12.0,4.0,2.0,
MOGK-200428 ,0,2024-06-01,False,3.0,0.0,,0.0
MOGK-200428 ,1,2024-07-01,False,3.0,0.0,,0.0
MOGK-200428 ,2,2024-08-01,False,3.0,0.0,,2.0
MOGK-200428 ,3,2024-09-01,False,1.0,2.0,,0.0
MOGK-200428 ,4,2024-10-01,False,1.0,0.0,,0.0
MOGK-200428 ,5,2024-11-01,False,1.0,0.0,,0.0
MOGK-200428 ,6,2024-12-01,False,1.0,0.0,,0.0
MOGK-200428 ,7,2025-01-01,False,1.0,0.0,,0.0
MOGK-200428 ,8,2025-02-01,False,5.0,0.0,,0.0
MOGK-200428 ,9,2025-03-01,False,5.0,0.0,,0.0
MOGK-200428 ,10,2025-04-01,False,5.0,0.0,,0.0
MOGK-200428 ,11,2025-05-01,False,5.0,0.0,0.0,0.0
MOGK-200428 ,12,2025-06-01,False,5.0,0.0,0.0,
MOGK-200520 ,0,2024-06-01,False,3.0,1.0,,0.0
MOGK-200520 ,1,2024-07-01,False,23.0,0.0,,6.0
MOGK-200520 ,2,2024-08-01,False,17.0,6.0,,4.0
MOGK-200520 ,3,2024-09-01,False,13.0,4.0,,1.0
MOGK-200520 ,4,2024-10-01,False,37.0,1.0,,8.0
MOGK-200520 ,5,2024-11-01,False,29.0,8.0,,4.0
MOGK-200520 ,6,2024-12-01,False,25.0,4.0,,2.0
MOGK-200520 ,7,2025-01-01,False,23.0,2.0,,4.0
MOGK-200520 ,8,2025-02-01,False,19.0,4.0,,3.0
MOGK-200520 ,9,2025-03-01,False,16.0,3.0,,1.0
MOGK-200520 ,10,2025-04-01,False,15.0,1.0,,3.0
MOGK-200520 ,11,2025-05-01,False,42.0,3.0,2.0,2.0
MOGK-200520 ,12,2025-06-01,False,40.0,2.0,2.0,
MOGK-200768 ,0,2024-06-01,True,0.0,0.0,,0.0
MOGK-200768 ,1,2024-07-01,True,0.0,0.0,,0.0
MOGK-200768 ,2,2024-08-01,True,0.0,0.0,,0.0
MOGK-200768 ,3,2024-09-01,True,0.0,0.0,,0.0
MOGK-200768 ,4,2024-10-01,True,0.0,0.0,,0.0
MOGK-200768 ,5,2024-11-01,True,0.0,0.0,,0.0
MOGK-200768 ,6,2024-12-01,True,0.0,0.0,,0.0
MOGK-200768 ,7,2025-01-01,True,0.0,0.0,,0.0
MOGK-200768 ,8,2025-02-01,True,4.0,0.0,,0.0
MOGK-200768 ,9,2025-03-01,False,4.0,0.0,,1.0
MOGK-200768 ,10,2025-04-01,False,3.0,1.0,,2.0
MOGK-200768 ,11,2025-05-01,False,1.0,2.0,1.0,0.0
MOGK-200768 ,12,2025-06-01,False,1.0,0.0,1.0,
MOGK-200784 ,0,2024-06-01,False,7.0,0.0,,0.0
MOGK-200784 ,1,2024-07-01,False,7.0,0.0,,0.0
MOGK-200784 ,2,2024-08-01,False,7.0,0.0,,0.0
MOGK-200784 ,3,2024-09-01,False,7.0,0.0,,2.0
MOGK-200784 ,4,2024-10-01,False,5.0,2.0,,0.0
MOGK-200784 ,5,2024-11-01,False,5.0,0.0,,0.0
MOGK-200784 ,6,2024-12-01,False,5.0,0.0,,0.0
MOGK-200784 ,7,2025-01-01,False,5.0,0.0,,0.0
MOGK-200784 ,8,2025-02-01,False,5.0,0.0,,0.0
MOGK-200784 ,9,2025-03-01,False,5.0,0.0,,0.0
MOGK-200784 ,10,2025-04-01,False,5.0,0.0,,2.0
MOGK-200784 ,11,2025-05-01,False,3.0,2.0,0.0,0.0
MOGK-200784 ,12,2025-06-01,False,3.0,0.0,0.0,
MOGK-200846 ,0,2024-06-01,False,6.0,0.0,,0.0
MOGK-200846 ,1,2024-07-01,False,6.0,0.0,,0.0
MOGK-200846 ,2,2024-08-01,False,6.0,0.0,,1.0
MOGK-200846 ,3,2024-09-01,False,5.0,1.0,,0.0
MOGK-200846 ,4,2024-10-01,False,25.0,0.0,,0.0
MOGK-200846 ,5,2024-11-01,False,25.0,0.0,,0.0
MOGK-200846 ,6,2024-12-01,False,25.0,0.0,,0.0
MOGK-200846 ,7,2025-01-01,False,25.0,0.0,,0.0
MOGK-200846 ,8,2025-02-01,False,25.0,0.0,,0.0
MOGK-200846 ,9,2025-03-01,False,25.0,0.0,,0.0
MOGK-200846 ,10,2025-04-01,False,25.0,0.0,,0.0
MOGK-200846 ,11,2025-05-01,False,25.0,0.0,0.0,0.0
MOGK-200846 ,12,2025-06-01,False,25.0,0.0,0.0,
MOGK-200857 ,0,2024-06-01,False,2.0,2.0,,0.0
MOGK-200857 ,1,2024-07-01,False,2.0,0.0,,0.0
MOGK-200857 ,2,2024-08-01,False,2.0,0.0,,0.0
MOGK-200857 ,3,2024-09-01,False,2.0,0.0,,0.0
MOGK-200857 ,4,2024-10-01,False,2.0,0.0,,0.0
MOGK-200857 ,5,2024-11-01,False,2.0,0.0,,0.0
MOGK-200857 ,6,2024-12-01,False,2.0,0.0,,0.0
MOGK-200857 ,7,2025-01-01,False,2.0,0.0,,0.0
MOGK-200857 ,8,2025-02-01,False,2.0,0.0,,0.0
MOGK-200857 ,9,2025-03-01,False,2.0,0.0,,0.0
MOGK-200857 ,10,2025-04-01,False,2.0,0.0,,0.0
MOGK-200857 ,11,2025-05-01,False,2.0,0.0,0.0,0.0
MOGK-200857 ,12,2025-06-01,False,2.0,0.0,0.0,
MOGK-200876 ,0,2024-06-01,False,4.0,0.0,,0.0
MOGK-200876 ,1,2024-07-01,False,24.0,0.0,,5.0
MOGK-200876 ,2,2024-08-01,False,19.0,5.0,,5.0
MOGK-200876 ,3,2024-09-01,False,14.0,5.0,,3.0
MOGK-200876 ,4,2024-10-01,False,11.0,3.0,,1.0
MOGK-200876 ,5,2024-11-01,False,10.0,1.0,,1.0
MOGK-200876 ,6,2024-12-01,False,9.0,1.0,,1.0
MOGK-200876 ,7,2025-01-01,False,8.0,1.0,,0.0
MOGK-200876 ,8,2025-02-01,False,38.0,0.0,,0.0
MOGK-200876 ,9,2025-03-01,False,38.0,0.0,,3.0
MOGK-200876 ,10,2025-04-01,False,35.0,3.0,,1.0
MOGK-200876 ,11,2025-05-01,False,34.0,1.0,2.0,0.0
MOGK-200876 ,12,2025-06-01,False,34.0,0.0,1.0,
MOGK-200877 ,0,2024-06-01,False,1.0,0.0,,0.0
MOGK-200877 ,1,2024-07-01,False,1.0,0.0,,0.0
MOGK-200877 ,2,2024-08-01,False,1.0,0.0,,0.0
MOGK-200877 ,3,2024-09-01,False,1.0,0.0,,0.0
MOGK-200877 ,4,2024-10-01,False,13.0,0.0,,0.0
MOGK-200877 ,5,2024-11-01,False,13.0,0.0,,0.0
MOGK-200877 ,6,2024-12-01,False,13.0,0.0,,5.0
MOGK-200877 ,7,2025-01-01,False,8.0,5.0,,2.0
MOGK-200877 ,8,2025-02-01,False,6.0,2.0,,0.0
MOGK-200877 ,9,2025-03-01,False,6.0,0.0,,3.0
MOGK-200877 ,10,2025-04-01,False,3.0,3.0,,2.0
MOGK-200877 ,11,2025-05-01,False,1.0,2.0,0.0,0.0
MOGK-200877 ,12,2025-06-01,False,1.0,0.0,1.0,
MOGK-200901 ,0,2024-06-01,True,0.0,0.0,,0.0
MOGK-200901 ,1,2024-07-01,True,2.0,0.0,,0.0
MOGK-200901 ,2,2024-08-01,False,2.0,0.0,,0.0
MOGK-200901 ,3,2024-09-01,False,2.0,0.0,,0.0
MOGK-200901 ,4,2024-10-01,False,2.0,0.0,,0.0
MOGK-200901 ,5,2024-11-01,False,2.0,0.0,,0.0
MOGK-200901 ,6,2024-12-01,False,2.0,0.0,,2.0
MOGK-200901 ,7,2025-01-01,False,0.0,2.0,,0.0
MOGK-200901 ,8,2025-02-01,True,0.0,0.0,,0.0
MOGK-200901 ,9,2025-03-01,True,0.0,0.0,,0.0
MOGK-200901 ,10,2025-04-01,True,0.0,0.0,,0.0
MOGK-200901 ,11,2025-05-01,True,0.0,0.0,0.0,0.0
MOGK-200901 ,12,2025-06-01,True,0.0,0.0,0.0,
MOGK-201188 ,0,2024-06-01,False,8.0,0.0,,0.0
MOGK-201188 ,1,2024-07-01,False,8.0,0.0,,0.0
MOGK-201188 ,2,2024-08-01,False,8.0,0.0,,0.0
MOGK-201188 ,3,2024-09-01,False,8.0,0.0,,0.0
MOGK-201188 ,4,2024-10-01,False,8.0,0.0,,0.0
MOGK-201188 ,5,2024-11-01,False,8.0,0.0,,0.0
MOGK-201188 ,6,2024-12-01,False,8.0,0.0,,4.0
MOGK-201188 ,7,2025-01-01,False,4.0,4.0,,0.0
MOGK-201188 ,8,2025-02-01,False,4.0,0.0,,0.0
MOGK-201188 ,9,2025-03-01,False,4.0,0.0,,0.0
MOGK-201188 ,10,2025-04-01,False,4.0,0.0,,2.0
MOGK-201188 ,11,2025-05-01,False,4.0,2.0,0.0,0.0
MOGK-201188 ,12,2025-06-01,False,4.0,0.0,0.0,
MOGK-201189 ,0,2024-06-01,False,2.0,0.0,,2.0
MOGK-201189 ,1,2024-07-01,False,10.0,2.0,,0.0
MOGK-201189 ,2,2024-08-01,False,10.0,0.0,,0.0
MOGK-201189 ,3,2024-09-01,False,10.0,0.0,,0.0
MOGK-201189 ,4,2024-10-01,False,10.0,0.0,,0.0
MOGK-201189 ,5,2024-11-01,False,10.0,0.0,,0.0
MOGK-201189 ,6,2024-12-01,False,10.0,0.0,,4.0
MOGK-201189 ,7,2025-01-01,False,6.0,4.0,,0.0
MOGK-201189 ,8,2025-02-01,False,6.0,0.0,,0.0
MOGK-201189 ,9,2025-03-01,False,6.0,0.0,,0.0
MOGK-201189 ,10,2025-04-01,False,6.0,0.0,,0.0
MOGK-201189 ,11,2025-05-01,False,6.0,0.0,0.0,4.0
MOGK-201189 ,12,2025-06-01,False,4.0,4.0,1.0,
MOGK-201220 ,0,2024-06-01,False,14.0,0.0,,0.0
MOGK-201220 ,1,2024-07-01,False,14.0,0.0,,0.0
MOGK-201220 ,2,2024-08-01,False,14.0,0.0,,0.0
MOGK-201220 ,3,2024-09-01,False,14.0,0.0,,4.0
MOGK-201220 ,4,2024-10-01,False,10.0,4.0,,4.0
MOGK-201220 ,5,2024-11-01,False,6.0,4.0,,4.0
MOGK-201220 ,6,2024-12-01,False,10.0,4.0,,4.0
MOGK-201220 ,7,2025-01-01,False,6.0,4.0,,0.0
MOGK-201220 ,8,2025-02-01,False,6.0,0.0,,4.0
MOGK-201220 ,9,2025-03-01,False,2.0,4.0,,0.0
MOGK-201220 ,10,2025-04-01,False,2.0,0.0,,0.0
MOGK-201220 ,11,2025-05-01,False,2.0,0.0,0.0,0.0
MOGK-201220 ,12,2025-06-01,False,2.0,0.0,0.0,
MOGK-201297 ,0,2024-06-01,False,10.0,0.0,,0.0
MOGK-201297 ,1,2024-07-01,False,10.0,0.0,,0.0
MOGK-201297 ,2,2024-08-01,False,10.0,0.0,,0.0
MOGK-201297 ,3,2024-09-01,False,10.0,0.0,,0.0
MOGK-201297 ,4,2024-10-01,False,10.0,0.0,,0.0
MOGK-201297 ,5,2024-11-01,False,10.0,0.0,,0.0
MOGK-201297 ,6,2024-12-01,False,10.0,0.0,,1.0
MOGK-201297 ,7,2025-01-01,False,9.0,1.0,,0.0
MOGK-201297 ,8,2025-02-01,False,9.0,0.0,,0.0
MOGK-201297 ,9,2025-03-01,False,9.0,0.0,,1.0
MOGK-201297 ,10,2025-04-01,False,8.0,1.0,,0.0
MOGK-201297 ,11,2025-05-01,False,8.0,0.0,0.0,0.0
MOGK-201297 ,12,2025-06-01,False,8.0,0.0,0.0,
MOGK-201311 ,0,2024-06-01,False,2.0,0.0,,1.0
MOGK-201311 ,1,2024-07-01,False,1.0,1.0,,0.0
MOGK-201311 ,2,2024-08-01,False,1.0,0.0,,0.0
MOGK-201311 ,3,2024-09-01,False,1.0,0.0,,0.0
MOGK-201311 ,4,2024-10-01,False,1.0,0.0,,0.0
MOGK-201311 ,5,2024-11-01,False,1.0,0.0,,0.0
MOGK-201311 ,6,2024-12-01,False,1.0,0.0,,0.0
MOGK-201311 ,7,2025-01-01,False,1.0,0.0,,0.0
MOGK-201311 ,8,2025-02-01,False,6.0,0.0,,0.0
MOGK-201311 ,9,2025-03-01,False,6.0,0.0,,0.0
MOGK-201311 ,10,2025-04-01,False,6.0,0.0,,0.0
MOGK-201311 ,11,2025-05-01,False,6.0,0.0,0.0,0.0
MOGK-201311 ,12,2025-06-01,False,6.0,0.0,0.0,
MOGK-201342 ,0,2024-06-01,False,8.0,1.0,,1.0
MOGK-201342 ,1,2024-07-01,False,7.0,1.0,,3.0
MOGK-201342 ,2,2024-08-01,False,4.0,3.0,,0.0
MOGK-201342 ,3,2024-09-01,False,4.0,0.0,,0.0
MOGK-201342 ,4,2024-10-01,False,4.0,0.0,,1.0
MOGK-201342 ,5,2024-11-01,False,3.0,1.0,,1.0
MOGK-201342 ,6,2024-12-01,False,2.0,1.0,,0.0
MOGK-201342 ,7,2025-01-01,False,2.0,0.0,,0.0
MOGK-201342 ,8,2025-02-01,False,2.0,0.0,,0.0
MOGK-201342 ,9,2025-03-01,False,2.0,0.0,,0.0
MOGK-201342 ,10,2025-04-01,False,2.0,0.0,,2.0
MOGK-201342 ,11,2025-05-01,False,10.0,2.0,2.0,0.0
MOGK-201342 ,12,2025-06-01,False,10.0,0.0,1.0,
MOGK-201361 ,0,2024-06-01,False,10.0,1.0,,0.0
MOGK-201361 ,1,2024-07-01,False,10.0,0.0,,0.0
MOGK-201361 ,2,2024-08-01,False,10.0,0.0,,0.0
MOGK-201361 ,3,2024-09-01,False,10.0,0.0,,0.0
MOGK-201361 ,4,2024-10-01,False,10.0,0.0,,0.0
MOGK-201361 ,5,2024-11-01,False,10.0,0.0,,0.0
MOGK-201361 ,6,2024-12-01,False,10.0,0.0,,1.0
MOGK-201361 ,7,2025-01-01,False,9.0,1.0,,0.0
MOGK-201361 ,8,2025-02-01,False,9.0,0.0,,0.0
MOGK-201361 ,9,2025-03-01,False,9.0,0.0,,0.0
MOGK-201361 ,10,2025-04-01,False,9.0,0.0,,0.0
MOGK-201361 ,11,2025-05-01,False,9.0,0.0,0.0,0.0
MOGK-201361 ,12,2025-06-01,False,9.0,0.0,0.0,
MOGK-201362 ,0,2024-06-01,True,0.0,0.0,,0.0
MOGK-201362 ,1,2024-07-01,True,0.0,0.0,,0.0
MOGK-201362 ,2,2024-08-01,True,0.0,0.0,,0.0
MOGK-201362 ,3,2024-09-01,True,0.0,0.0,,0.0
MOGK-201362 ,4,2024-10-01,True,4.0,0.0,,1.0
MOGK-201362 ,5,2024-11-01,False,3.0,1.0,,0.0
MOGK-201362 ,6,2024-12-01,False,3.0,0.0,,0.0
MOGK-201362 ,7,2025-01-01,False,3.0,0.0,,0.0
MOGK-201362 ,8,2025-02-01,False,3.0,0.0,,0.0
MOGK-201362 ,9,2025-03-01,False,3.0,0.0,,0.0
MOGK-201362 ,10,2025-04-01,False,3.0,0.0,,1.0
MOGK-201362 ,11,2025-05-01,False,2.0,1.0,0.0,0.0
MOGK-201362 ,12,2025-06-01,False,2.0,0.0,0.0,
MOGK-201389 ,0,2024-06-01,False,4.0,0.0,,0.0
MOGK-201389 ,1,2024-07-01,False,4.0,0.0,,0.0
MOGK-201389 ,2,2024-08-01,False,4.0,0.0,,0.0
MOGK-201389 ,3,2024-09-01,False,4.0,0.0,,0.0
MOGK-201389 ,4,2024-10-01,False,4.0,0.0,,0.0
MOGK-201389 ,5,2024-11-01,False,4.0,0.0,,0.0
MOGK-201389 ,6,2024-12-01,False,4.0,0.0,,0.0
MOGK-201389 ,7,2025-01-01,False,4.0,0.0,,0.0
MOGK-201389 ,8,2025-02-01,False,4.0,0.0,,0.0
MOGK-201389 ,9,2025-03-01,False,4.0,0.0,,1.0
MOGK-201389 ,10,2025-04-01,False,3.0,1.0,,0.0
MOGK-201389 ,11,2025-05-01,False,3.0,0.0,0.0,0.0
MOGK-201389 ,12,2025-06-01,False,3.0,0.0,0.0,
MOGK-201406 ,0,2024-06-01,False,14.0,0.0,,4.0
MOGK-201406 ,1,2024-07-01,False,90.0,4.0,,0.0
MOGK-201406 ,2,2024-08-01,False,90.0,0.0,,0.0
MOGK-201406 ,3,2024-09-01,False,90.0,0.0,,4.0
MOGK-201406 ,4,2024-10-01,False,86.0,4.0,,2.0
MOGK-201406 ,5,2024-11-01,False,84.0,2.0,,0.0
MOGK-201406 ,6,2024-12-01,False,84.0,0.0,,4.0
MOGK-201406 ,7,2025-01-01,False,80.0,4.0,,12.0
MOGK-201406 ,8,2025-02-01,False,68.0,12.0,,8.0
MOGK-201406 ,9,2025-03-01,False,60.0,8.0,,21.0
MOGK-201406 ,10,2025-04-01,False,39.0,21.0,,2.0
MOGK-201406 ,11,2025-05-01,False,37.0,2.0,6.0,0.0
MOGK-201406 ,12,2025-06-01,False,37.0,0.0,7.0,
MOGK-201407 ,0,2024-06-01,True,0.0,0.0,,0.0
MOGK-201407 ,1,2024-07-01,True,6.0,0.0,,0.0
MOGK-201407 ,2,2024-08-01,False,6.0,0.0,,1.0
MOGK-201407 ,3,2024-09-01,False,5.0,1.0,,2.0
MOGK-201407 ,4,2024-10-01,False,9.0,2.0,,2.0
MOGK-201407 ,5,2024-11-01,False,7.0,2.0,,2.0
MOGK-201407 ,6,2024-12-01,False,5.0,2.0,,3.0
MOGK-201407 ,7,2025-01-01,False,2.0,3.0,,0.0
MOGK-201407 ,8,2025-02-01,False,2.0,0.0,,0.0
MOGK-201407 ,9,2025-03-01,False,2.0,0.0,,0.0
MOGK-201407 ,10,2025-04-01,False,2.0,0.0,,0.0
MOGK-201407 ,11,2025-05-01,False,2.0,0.0,0.0,0.0
MOGK-201407 ,12,2025-06-01,False,2.0,0.0,1.0,
MOGK-201422 ,0,2024-06-01,False,4.0,0.0,,0.0
MOGK-201422 ,1,2024-07-01,False,4.0,0.0,,0.0
MOGK-201422 ,2,2024-08-01,False,4.0,0.0,,0.0
MOGK-201422 ,3,2024-09-01,False,4.0,0.0,,0.0
MOGK-201422 ,4,2024-10-01,False,4.0,0.0,,0.0
MOGK-201422 ,5,2024-11-01,False,4.0,0.0,,0.0
MOGK-201422 ,6,2024-12-01,False,4.0,0.0,,1.0
MOGK-201422 ,7,2025-01-01,False,3.0,1.0,,0.0
MOGK-201422 ,8,2025-02-01,False,3.0,0.0,,0.0
MOGK-201422 ,9,2025-03-01,False,3.0,0.0,,0.0
MOGK-201422 ,10,2025-04-01,False,3.0,0.0,,0.0
MOGK-201422 ,11,2025-05-01,False,3.0,0.0,0.0,0.0
MOGK-201422 ,12,2025-06-01,False,3.0,0.0,0.0,
MOGK-201487 ,0,2024-06-01,True,0.0,0.0,,0.0
MOGK-201487 ,1,2024-07-01,True,4.0,0.0,,0.0
MOGK-201487 ,2,2024-08-01,False,4.0,0.0,,0.0
MOGK-201487 ,3,2024-09-01,False,4.0,0.0,,0.0
MOGK-201487 ,4,2024-10-01,False,4.0,0.0,,0.0
MOGK-201487 ,5,2024-11-01,False,4.0,0.0,,0.0
MOGK-201487 ,6,2024-12-01,False,4.0,0.0,,2.0
MOGK-201487 ,7,2025-01-01,False,2.0,2.0,,0.0
MOGK-201487 ,8,2025-02-01,False,2.0,0.0,,1.0
MOGK-201487 ,9,2025-03-01,False,1.0,1.0,,0.0
MOGK-201487 ,10,2025-04-01,False,1.0,0.0,,0.0
MOGK-201487 ,11,2025-05-01,False,1.0,0.0,0.0,0.0
MOGK-201487 ,12,2025-06-01,False,1.0,0.0,0.0,
MOGK-201490 ,0,2024-06-01,False,7.0,1.0,,0.0
MOGK-201490 ,1,2024-07-01,False,17.0,0.0,,1.0
MOGK-201490 ,2,2024-08-01,False,16.0,1.0,,1.0
MOGK-201490 ,3,2024-09-01,False,15.0,1.0,,1.0
MOGK-201490 ,4,2024-10-01,False,14.0,1.0,,7.0
MOGK-201490 ,5,2024-11-01,False,7.0,7.0,,6.0
MOGK-201490 ,6,2024-12-01,False,1.0,6.0,,1.0
MOGK-201490 ,7,2025-01-01,True,0.0,1.0,,0.0
MOGK-201490 ,8,2025-02-01,True,0.0,0.0,,0.0
MOGK-201490 ,9,2025-03-01,True,0.0,0.0,,0.0
MOGK-201490 ,10,2025-04-01,True,0.0,0.0,,0.0
MOGK-201490 ,11,2025-05-01,True,20.0,0.0,2.0,1.0
MOGK-201490 ,12,2025-06-01,False,19.0,1.0,6.0,
MOGK-201698 ,0,2024-06-01,False,6.0,0.0,,2.0
MOGK-201698 ,1,2024-07-01,False,4.0,2.0,,0.0
MOGK-201698 ,2,2024-08-01,False,4.0,0.0,,0.0
MOGK-201698 ,3,2024-09-01,False,4.0,0.0,,0.0
MOGK-201698 ,4,2024-10-01,False,4.0,0.0,,0.0
MOGK-201698 ,5,2024-11-01,False,4.0,0.0,,0.0
MOGK-201698 ,6,2024-12-01,False,4.0,0.0,,0.0
MOGK-201698 ,7,2025-01-01,False,4.0,0.0,,2.0
MOGK-201698 ,8,2025-02-01,False,12.0,2.0,,0.0
MOGK-201698 ,9,2025-03-01,False,12.0,0.0,,2.0
MOGK-201698 ,10,2025-04-01,False,10.0,2.0,,2.0
MOGK-201698 ,11,2025-05-01,False,8.0,2.0,1.0,0.0
MOGK-201698 ,12,2025-06-01,False,8.0,0.0,1.0,
MOGK-201736 ,0,2024-06-01,False,8.0,0.0,,0.0
MOGK-201736 ,1,2024-07-01,False,8.0,0.0,,4.0
MOGK-201736 ,2,2024-08-01,False,4.0,4.0,,0.0
MOGK-201736 ,3,2024-09-01,False,4.0,0.0,,4.0
MOGK-201736 ,4,2024-10-01,False,30.0,4.0,,0.0
MOGK-201736 ,5,2024-11-01,False,30.0,0.0,,8.0
MOGK-201736 ,6,2024-12-01,False,22.0,8.0,,12.0
MOGK-201736 ,7,2025-01-01,False,10.0,12.0,,2.0
MOGK-201736 ,8,2025-02-01,False,8.0,2.0,,0.0
MOGK-201736 ,9,2025-03-01,False,8.0,0.0,,8.0
MOGK-201736 ,10,2025-04-01,False,0.0,8.0,,0.0
MOGK-201736 ,11,2025-05-01,True,0.0,0.0,4.0,0.0
MOGK-201736 ,12,2025-06-01,True,0.0,0.0,4.0,
MOGK-201777 ,0,2024-06-01,False,7.0,0.0,,0.0
MOGK-201777 ,1,2024-07-01,False,7.0,0.0,,0.0
MOGK-201777 ,2,2024-08-01,False,7.0,0.0,,0.0
MOGK-201777 ,3,2024-09-01,False,7.0,0.0,,0.0
MOGK-201777 ,4,2024-10-01,False,7.0,0.0,,0.0
MOGK-201777 ,5,2024-11-01,False,7.0,0.0,,1.0
MOGK-201777 ,6,2024-12-01,False,6.0,1.0,,2.0
MOGK-201777 ,7,2025-01-01,False,4.0,2.0,,1.0
MOGK-201777 ,8,2025-02-01,False,3.0,1.0,,1.0
MOGK-201777 ,9,2025-03-01,False,2.0,1.0,,0.0
MOGK-201777 ,10,2025-04-01,False,2.0,0.0,,0.0
MOGK-201777 ,11,2025-05-01,False,2.0,0.0,1.0,0.0
MOGK-201777 ,12,2025-06-01,False,2.0,0.0,0.0,
MOGK-201785 ,0,2024-06-01,True,5.0,5.0,,1.0
MOGK-201785 ,1,2024-07-01,False,14.0,1.0,,1.0
MOGK-201785 ,2,2024-08-01,False,13.0,1.0,,5.0
MOGK-201785 ,3,2024-09-01,False,8.0,5.0,,7.0
MOGK-201785 ,4,2024-10-01,False,1.0,7.0,,1.0
MOGK-201785 ,5,2024-11-01,True,0.0,1.0,,0.0
MOGK-201785 ,6,2024-12-01,True,0.0,0.0,,0.0
MOGK-201785 ,7,2025-01-01,True,0.0,0.0,,12.0
MOGK-201785 ,8,2025-02-01,True,0.0,12.0,,1.0
MOGK-201785 ,9,2025-03-01,True,1.0,1.0,,0.0
MOGK-201785 ,10,2025-04-01,True,1.0,0.0,,2.0
MOGK-201785 ,11,2025-05-01,True,13.0,2.0,2.0,1.0
MOGK-201785 ,12,2025-06-01,False,12.0,1.0,4.0,
MOGK-201811 ,0,2024-06-01,False,7.0,0.0,,2.0
MOGK-201811 ,1,2024-07-01,False,45.0,2.0,,0.0
MOGK-201811 ,2,2024-08-01,False,45.0,0.0,,0.0
MOGK-201811 ,3,2024-09-01,False,45.0,0.0,,0.0
MOGK-201811 ,4,2024-10-01,False,45.0,0.0,,6.0
MOGK-201811 ,5,2024-11-01,False,39.0,6.0,,6.0
MOGK-201811 ,6,2024-12-01,False,33.0,6.0,,6.0
MOGK-201811 ,7,2025-01-01,False,27.0,6.0,,2.0
MOGK-201811 ,8,2025-02-01,False,25.0,2.0,,2.0
MOGK-201811 ,9,2025-03-01,False,23.0,2.0,,0.0
MOGK-201811 ,10,2025-04-01,False,23.0,0.0,,2.0
MOGK-201811 ,11,2025-05-01,False,21.0,2.0,2.0,0.0
MOGK-201811 ,12,2025-06-01,False,21.0,0.0,2.0,
MOGK-201859 ,0,2024-06-01,True,0.0,0.0,,0.0
MOGK-201859 ,1,2024-07-01,True,0.0,0.0,,0.0
MOGK-201859 ,2,2024-08-01,True,0.0,0.0,,0.0
MOGK-201859 ,3,2024-09-01,True,0.0,0.0,,0.0
MOGK-201859 ,4,2024-10-01,True,40.0,0.0,,2.0
MOGK-201859 ,5,2024-11-01,False,38.0,2.0,,6.0
MOGK-201859 ,6,2024-12-01,False,32.0,6.0,,6.0
MOGK-201859 ,7,2025-01-01,False,26.0,6.0,,0.0
MOGK-201859 ,8,2025-02-01,False,26.0,0.0,,2.0
MOGK-201859 ,9,2025-03-01,False,24.0,2.0,,0.0
MOGK-201859 ,10,2025-04-01,False,24.0,0.0,,2.0
MOGK-201859 ,11,2025-05-01,False,22.0,2.0,2.0,0.0
MOGK-201859 ,12,2025-06-01,False,22.0,0.0,1.0,
MOGK-201939 ,0,2024-06-01,True,0.0,0.0,,0.0
MOGK-201939 ,1,2024-07-01,True,6.0,0.0,,4.0
MOGK-201939 ,2,2024-08-01,False,2.0,4.0,,2.0
MOGK-201939 ,3,2024-09-01,False,0.0,2.0,,0.0
MOGK-201939 ,4,2024-10-01,True,0.0,0.0,,0.0
MOGK-201939 ,5,2024-11-01,True,0.0,0.0,,0.0
MOGK-201939 ,6,2024-12-01,True,0.0,0.0,,0.0
MOGK-201939 ,7,2025-01-01,True,0.0,0.0,,0.0
MOGK-201939 ,8,2025-02-01,True,10.0,0.0,,0.0
MOGK-201939 ,9,2025-03-01,False,10.0,0.0,,0.0
MOGK-201939 ,10,2025-04-01,False,10.0,0.0,,0.0
MOGK-201939 ,11,2025-05-01,False,10.0,0.0,1.0,0.0
MOGK-201939 ,12,2025-06-01,False,10.0,0.0,0.0,
MOGK-201974 ,0,2024-06-01,True,0.0,0.0,,0.0
MOGK-201974 ,1,2024-07-01,True,0.0,0.0,,0.0
MOGK-201974 ,2,2024-08-01,True,0.0,0.0,,0.0
MOGK-201974 ,3,2024-09-01,True,0.0,0.0,,0.0
MOGK-201974 ,4,2024-10-01,True,0.0,0.0,,0.0
MOGK-201974 ,5,2024-11-01,True,0.0,0.0,,0.0
MOGK-201974 ,6,2024-12-01,True,0.0,0.0,,0.0
MOGK-201974 ,7,2025-01-01,True,0.0,0.0,,4.0
MOGK-201974 ,8,2025-02-01,True,6.0,4.0,,2.0
MOGK-201974 ,9,2025-03-01,False,4.0,2.0,,4.0
MOGK-201974 ,10,2025-04-01,False,0.0,4.0,,0.0
MOGK-201974 ,11,2025-05-01,True,0.0,0.0,1.0,0.0
MOGK-201974 ,12,2025-06-01,True,0.0,0.0,0.0,
MOGK-202055 ,0,2024-06-01,True,0.0,0.0,,0.0
MOGK-202055 ,1,2024-07-01,True,20.0,0.0,,0.0
MOGK-202055 ,2,2024-08-01,False,20.0,0.0,,0.0
MOGK-202055 ,3,2024-09-01,False,20.0,0.0,,0.0
MOGK-202055 ,4,2024-10-01,False,20.0,0.0,,10.0
MOGK-202055 ,5,2024-11-01,False,10.0,10.0,,8.0
MOGK-202055 ,6,2024-12-01,False,2.0,8.0,,2.0
MOGK-202055 ,7,2025-01-01,False,0.0,2.0,,0.0
MOGK-202055 ,8,2025-02-01,True,0.0,0.0,,0.0
MOGK-202055 ,9,2025-03-01,True,0.0,0.0,,0.0
MOGK-202055 ,10,2025-04-01,True,0.0,0.0,,0.0
MOGK-202055 ,11,2025-05-01,True,0.0,0.0,0.0,0.0
MOGK-202055 ,12,2025-06-01,True,0.0,0.0,1.0,
MOGK-202118 ,0,2024-06-01,False,10.0,0.0,,0.0
MOGK-202118 ,1,2024-07-01,False,10.0,0.0,,0.0
MOGK-202118 ,2,2024-08-01,False,10.0,0.0,,0.0
MOGK-202118 ,3,2024-09-01,False,10.0,0.0,,0.0
MOGK-202118 ,4,2024-10-01,False,10.0,0.0,,1.0
MOGK-202118 ,5,2024-11-01,False,9.0,1.0,,0.0
MOGK-202118 ,6,2024-12-01,False,9.0,0.0,,0.0
MOGK-202118 ,7,2025-01-01,False,9.0,0.0,,0.0
MOGK-202118 ,8,2025-02-01,False,9.0,0.0,,0.0
MOGK-202118 ,9,2025-03-01,False,9.0,0.0,,1.0
MOGK-202118 ,10,2025-04-01,False,8.0,1.0,,0.0
MOGK-202118 ,11,2025-05-01,False,8.0,0.0,0.0,0.0
MOGK-202118 ,12,2025-06-01,False,8.0,0.0,0.0,
MOGK-304 ,0,2024-06-01,True,0.0,0.0,,0.0
MOGK-304 ,1,2024-07-01,True,20.0,0.0,,4.0
MOGK-304 ,2,2024-08-01,False,16.0,4.0,,10.0
MOGK-304 ,3,2024-09-01,False,6.0,10.0,,0.0
MOGK-304 ,4,2024-10-01,False,6.0,0.0,,0.0
MOGK-304 ,5,2024-11-01,False,6.0,0.0,,0.0
MOGK-304 ,6,2024-12-01,False,6.0,0.0,,0.0
MOGK-304 ,7,2025-01-01,False,6.0,0.0,,0.0
MOGK-304 ,8,2025-02-01,False,6.0,0.0,,0.0
MOGK-304 ,9,2025-03-01,False,6.0,0.0,,0.0
MOGK-304 ,10,2025-04-01,False,6.0,0.0,,1.0
MOGK-304 ,11,2025-05-01,False,5.0,1.0,1.0,0.0
MOGK-304 ,12,2025-06-01,False,5.0,0.0,1.0,
MOGK-3128 ,0,2024-06-01,False,21.0,0.0,,0.0
MOGK-3128 ,1,2024-07-01,False,21.0,0.0,,2.0
MOGK-3128 ,2,2024-08-01,False,19.0,2.0,,0.0
MOGK-3128 ,3,2024-09-01,False,19.0,0.0,,0.0
MOGK-3128 ,4,2024-10-01,False,19.0,0.0,,0.0
MOGK-3128 ,5,2024-11-01,False,19.0,0.0,,0.0
MOGK-3128 ,6,2024-12-01,False,19.0,0.0,,2.0
MOGK-3128 ,7,2025-01-01,False,17.0,2.0,,2.0
MOGK-3128 ,8,2025-02-01,False,15.0,2.0,,0.0
MOGK-3128 ,9,2025-03-01,False,15.0,0.0,,2.0
MOGK-3128 ,10,2025-04-01,False,13.0,2.0,,1.0
MOGK-3128 ,11,2025-05-01,False,12.0,1.0,1.0,0.0
MOGK-3128 ,12,2025-06-01,False,12.0,0.0,2.0,
MOGK-3171 ,0,2024-06-01,False,4.0,0.0,,1.0
MOGK-3171 ,1,2024-07-01,False,13.0,1.0,,1.0
MOGK-3171 ,2,2024-08-01,False,12.0,1.0,,0.0
MOGK-3171 ,3,2024-09-01,False,12.0,0.0,,0.0
MOGK-3171 ,4,2024-10-01,False,12.0,0.0,,0.0
MOGK-3171 ,5,2024-11-01,False,12.0,0.0,,1.0
MOGK-3171 ,6,2024-12-01,False,11.0,1.0,,0.0
MOGK-3171 ,7,2025-01-01,False,11.0,0.0,,0.0
MOGK-3171 ,8,2025-02-01,False,11.0,0.0,,0.0
MOGK-3171 ,9,2025-03-01,False,11.0,0.0,,0.0
MOGK-3171 ,10,2025-04-01,False,11.0,0.0,,0.0
MOGK-3171 ,11,2025-05-01,False,11.0,0.0,0.0,0.0
MOGK-3171 ,12,2025-06-01,False,11.0,0.0,0.0,
MOGK-400018 ,0,2024-06-01,True,0.0,0.0,,0.0
MOGK-400018 ,1,2024-07-01,True,10.0,0.0,,0.0
MOGK-400018 ,2,2024-08-01,False,10.0,0.0,,0.0
MOGK-400018 ,3,2024-09-01,False,11.0,0.0,,0.0
MOGK-400018 ,4,2024-10-01,False,11.0,0.0,,1.0
MOGK-400018 ,5,2024-11-01,False,10.0,1.0,,0.0
MOGK-400018 ,6,2024-12-01,False,10.0,0.0,,2.0
MOGK-400018 ,7,2025-01-01,False,8.0,2.0,,2.0
MOGK-400018 ,8,2025-02-01,False,18.0,2.0,,1.0
MOGK-400018 ,9,2025-03-01,False,17.0,1.0,,2.0
MOGK-400018 ,10,2025-04-01,False,15.0,2.0,,0.0
MOGK-400018 ,11,2025-05-01,False,15.0,0.0,1.0,0.0
MOGK-400018 ,12,2025-06-01,False,15.0,0.0,1.0,
MOGK-440019 ,0,2024-06-01,False,15.0,1.0,,0.0
MOGK-440019 ,1,2024-07-01,False,15.0,0.0,,0.0
MOGK-440019 ,2,2024-08-01,False,15.0,0.0,,1.0
MOGK-440019 ,3,2024-09-01,False,14.0,1.0,,1.0
MOGK-440019 ,4,2024-10-01,False,13.0,1.0,,0.0
MOGK-440019 ,5,2024-11-01,False,13.0,0.0,,1.0
MOGK-440019 ,6,2024-12-01,False,12.0,1.0,,1.0
MOGK-440019 ,7,2025-01-01,False,11.0,1.0,,2.0
MOGK-440019 ,8,2025-02-01,False,9.0,2.0,,0.0
MOGK-440019 ,9,2025-03-01,False,9.0,0.0,,3.0
MOGK-440019 ,10,2025-04-01,False,6.0,3.0,,1.0
MOGK-440019 ,11,2025-05-01,False,5.0,1.0,3.0,0.0
MOGK-440019 ,12,2025-06-01,False,5.0,0.0,0.0,
MOGK-500007 ,0,2024-06-01,True,1.0,0.0,,0.0
MOGK-500007 ,1,2024-07-01,True,81.0,0.0,,14.0
MOGK-500007 ,2,2024-08-01,False,67.0,14.0,,17.0
MOGK-500007 ,3,2024-09-01,False,50.0,17.0,,32.0
MOGK-500007 ,4,2024-10-01,False,18.0,32.0,,17.0
MOGK-500007 ,5,2024-11-01,False,1.0,17.0,,0.0
MOGK-500007 ,6,2024-12-01,True,1.0,0.0,,0.0
MOGK-500007 ,7,2025-01-01,True,1.0,0.0,,32.0
MOGK-500007 ,8,2025-02-01,True,49.0,32.0,,14.0
MOGK-500007 ,9,2025-03-01,False,35.0,14.0,,12.0
MOGK-500007 ,10,2025-04-01,False,23.0,12.0,,11.0
MOGK-500007 ,11,2025-05-01,False,12.0,11.0,7.0,6.0
MOGK-500007 ,12,2025-06-01,False,6.0,6.0,5.0,
MOGK-500008 ,0,2024-06-01,False,5.0,2.0,,0.0
MOGK-500008 ,1,2024-07-01,False,5.0,0.0,,2.0
MOGK-500008 ,2,2024-08-01,False,3.0,2.0,,0.0
MOGK-500008 ,3,2024-09-01,False,3.0,0.0,,0.0
MOGK-500008 ,4,2024-10-01,False,3.0,0.0,,0.0
MOGK-500008 ,5,2024-11-01,False,3.0,0.0,,0.0
MOGK-500008 ,6,2024-12-01,False,3.0,0.0,,2.0
MOGK-500008 ,7,2025-01-01,False,1.0,2.0,,0.0
MOGK-500008 ,8,2025-02-01,False,1.0,0.0,,0.0
MOGK-500008 ,9,2025-03-01,False,1.0,0.0,,0.0
MOGK-500008 ,10,2025-04-01,False,1.0,0.0,,0.0
MOGK-500008 ,11,2025-05-01,False,1.0,0.0,0.0,0.0
MOGK-500008 ,12,2025-06-01,False,1.0,0.0,0.0,
MOGK-500193 ,0,2024-06-01,True,0.0,0.0,,0.0
MOGK-500193 ,1,2024-07-01,True,12.0,0.0,,0.0
MOGK-500193 ,2,2024-08-01,False,12.0,0.0,,0.0
MOGK-500193 ,3,2024-09-01,False,12.0,0.0,,1.0
MOGK-500193 ,4,2024-10-01,False,11.0,1.0,,0.0
MOGK-500193 ,5,2024-11-01,False,11.0,0.0,,0.0
MOGK-500193 ,6,2024-12-01,False,11.0,0.0,,0.0
MOGK-500193 ,7,2025-01-01,False,11.0,0.0,,4.0
MOGK-500193 ,8,2025-02-01,False,7.0,4.0,,0.0
MOGK-500193 ,9,2025-03-01,False,7.0,0.0,,0.0
MOGK-500193 ,10,2025-04-01,False,7.0,0.0,,0.0
MOGK-500193 ,11,2025-05-01,False,7.0,0.0,0.0,2.0
MOGK-500193 ,12,2025-06-01,False,5.0,2.0,1.0,
MOGK-500232 ,0,2024-06-01,True,0.0,0.0,,0.0
MOGK-500232 ,1,2024-07-01,True,6.0,0.0,,4.0
MOGK-500232 ,2,2024-08-01,False,2.0,4.0,,0.0
MOGK-500232 ,3,2024-09-01,True,2.0,0.0,,7.0
MOGK-500232 ,4,2024-10-01,True,25.0,7.0,,6.0
MOGK-500232 ,5,2024-11-01,False,19.0,6.0,,3.0
MOGK-500232 ,6,2024-12-01,False,16.0,3.0,,7.0
MOGK-500232 ,7,2025-01-01,False,9.0,7.0,,0.0
MOGK-500232 ,8,2025-02-01,False,9.0,0.0,,2.0
MOGK-500232 ,9,2025-03-01,False,7.0,2.0,,2.0
MOGK-500232 ,10,2025-04-01,False,5.0,2.0,,3.0
MOGK-500232 ,11,2025-05-01,False,19.0,3.0,2.0,0.0
MOGK-500232 ,12,2025-06-01,False,19.0,0.0,2.0,
MOGK-500245 ,0,2024-06-01,True,0.0,1.0,,0.0
MOGK-500245 ,1,2024-07-01,True,10.0,0.0,,6.0
MOGK-500245 ,2,2024-08-01,False,4.0,6.0,,4.0
MOGK-500245 ,3,2024-09-01,False,0.0,4.0,,0.0
MOGK-500245 ,4,2024-10-01,True,0.0,0.0,,0.0
MOGK-500245 ,5,2024-11-01,True,0.0,0.0,,0.0
MOGK-500245 ,6,2024-12-01,True,0.0,0.0,,0.0
MOGK-500245 ,7,2025-01-01,True,0.0,0.0,,10.0
MOGK-500245 ,8,2025-02-01,True,24.0,10.0,,2.0
MOGK-500245 ,9,2025-03-01,False,22.0,2.0,,2.0
MOGK-500245 ,10,2025-04-01,False,20.0,2.0,,4.0
MOGK-500245 ,11,2025-05-01,False,16.0,4.0,3.0,0.0
MOGK-500245 ,12,2025-06-01,False,16.0,0.0,2.0,
MOGK-500340 ,0,2024-06-01,True,0.0,0.0,,0.0
MOGK-500340 ,1,2024-07-01,True,0.0,0.0,,0.0
MOGK-500340 ,2,2024-08-01,True,0.0,0.0,,0.0
MOGK-500340 ,3,2024-09-01,True,0.0,0.0,,8.0
MOGK-500340 ,4,2024-10-01,True,2.0,8.0,,2.0
MOGK-500340 ,5,2024-11-01,False,0.0,2.0,,0.0
MOGK-500340 ,6,2024-12-01,True,0.0,0.0,,0.0
MOGK-500340 ,7,2025-01-01,True,0.0,0.0,,4.0
MOGK-500340 ,8,2025-02-01,True,14.0,4.0,,10.0
MOGK-500340 ,9,2025-03-01,False,9.0,10.0,,0.0
MOGK-500340 ,10,2025-04-01,False,7.0,0.0,,0.0
MOGK-500340 ,11,2025-05-01,False,7.0,0.0,2.0,0.0
MOGK-500340 ,12,2025-06-01,False,1.0,0.0,0.0,
MOGK-500408 ,0,2024-06-01,True,0.0,0.0,,0.0
MOGK-500408 ,1,2024-07-01,True,0.0,0.0,,0.0
MOGK-500408 ,2,2024-08-01,True,0.0,0.0,,0.0
MOGK-500408 ,3,2024-09-01,True,0.0,0.0,,0.0
MOGK-500408 ,4,2024-10-01,True,0.0,0.0,,0.0
MOGK-500408 ,5,2024-11-01,True,0.0,0.0,,0.0
MOGK-500408 ,6,2024-12-01,True,0.0,0.0,,0.0
MOGK-500408 ,7,2025-01-01,True,0.0,0.0,,10.0
MOGK-500408 ,8,2025-02-01,True,10.0,10.0,,5.0
MOGK-500408 ,9,2025-03-01,False,5.0,5.0,,2.0
MOGK-500408 ,10,2025-04-01,False,3.0,2.0,,2.0
MOGK-500408 ,11,2025-05-01,False,1.0,2.0,1.0,0.0
MOGK-500408 ,12,2025-06-01,True,1.0,0.0,1.0,
MOGK-5196 ,0,2024-06-01,True,0.0,0.0,,0.0
MOGK-5196 ,1,2024-07-01,True,0.0,0.0,,0.0
MOGK-5196 ,2,2024-08-01,True,0.0,0.0,,20.0
MOGK-5196 ,3,2024-09-01,True,-20.0,20.0,,0.0
MOGK-5196 ,4,2024-10-01,True,0.0,0.0,,0.0
MOGK-5196 ,5,2024-11-01,True,0.0,0.0,,0.0
MOGK-5196 ,6,2024-12-01,True,0.0,0.0,,0.0
MOGK-5196 ,7,2025-01-01,True,0.0,0.0,,0.0
MOGK-5196 ,8,2025-02-01,True,0.0,0.0,,0.0
MOGK-5196 ,9,2025-03-01,True,0.0,0.0,,0.0
MOGK-5196 ,10,2025-04-01,True,0.0,0.0,,0.0
MOGK-5196 ,11,2025-05-01,True,20.0,0.0,2.0,0.0
MOGK-5196 ,12,2025-06-01,False,20.0,0.0,3.0,
MOGK-5208E ,0,2024-06-01,True,0.0,0.0,,0.0
MOGK-5208E ,1,2024-07-01,True,0.0,0.0,,0.0
MOGK-5208E ,2,2024-08-01,True,0.0,0.0,,130.0
MOGK-5208E ,3,2024-09-01,True,-128.0,130.0,,38.0
MOGK-5208E ,4,2024-10-01,True,34.0,38.0,,12.0
MOGK-5208E ,5,2024-11-01,False,22.0,12.0,,32.0
MOGK-5208E ,6,2024-12-01,False,-10.0,32.0,,0.0
MOGK-5208E ,7,2025-01-01,True,-10.0,0.0,,8.0
MOGK-5208E ,8,2025-02-01,True,102.0,8.0,,42.0
MOGK-5208E ,9,2025-03-01,False,60.0,42.0,,2.0
MOGK-5208E ,10,2025-04-01,False,58.0,2.0,,8.0
MOGK-5208E ,11,2025-05-01,False,200.0,8.0,22.0,2.0
MOGK-5208E ,12,2025-06-01,False,198.0,2.0,29.0,
MOGK-5248 ,0,2024-06-01,True,1.0,0.0,,0.0
MOGK-5248 ,1,2024-07-01,True,1.0,0.0,,0.0
MOGK-5248 ,2,2024-08-01,True,1.0,0.0,,0.0
MOGK-5248 ,3,2024-09-01,True,1.0,0.0,,21.0
MOGK-5248 ,4,2024-10-01,True,0.0,21.0,,0.0
MOGK-5248 ,5,2024-11-01,True,0.0,0.0,,0.0
MOGK-5248 ,6,2024-12-01,True,0.0,0.0,,0.0
MOGK-5248 ,7,2025-01-01,True,0.0,0.0,,0.0
MOGK-5248 ,8,2025-02-01,True,0.0,0.0,,0.0
MOGK-5248 ,9,2025-03-01,True,0.0,0.0,,0.0
MOGK-5248 ,10,2025-04-01,True,0.0,0.0,,0.0
MOGK-5248 ,11,2025-05-01,True,50.0,0.0,3.0,3.0
MOGK-5248 ,12,2025-06-01,False,47.0,3.0,4.0,
MOGK-5252 ,0,2024-06-01,False,159.0,4.0,,10.0
MOGK-5252 ,1,2024-07-01,False,149.0,10.0,,8.0
MOGK-5252 ,2,2024-08-01,False,141.0,8.0,,10.0
MOGK-5252 ,3,2024-09-01,False,131.0,10.0,,8.0
MOGK-5252 ,4,2024-10-01,False,123.0,8.0,,13.0
MOGK-5252 ,5,2024-11-01,False,110.0,13.0,,14.0
MOGK-5252 ,6,2024-12-01,False,96.0,14.0,,4.0
MOGK-5252 ,7,2025-01-01,False,92.0,4.0,,4.0
MOGK-5252 ,8,2025-02-01,False,88.0,4.0,,2.0
MOGK-5252 ,9,2025-03-01,False,86.0,2.0,,6.0
MOGK-5252 ,10,2025-04-01,False,80.0,6.0,,6.0
MOGK-5252 ,11,2025-05-01,False,74.0,6.0,6.0,4.0
MOGK-5252 ,12,2025-06-01,False,70.0,4.0,6.0,
MOGK-5288 ,0,2024-06-01,True,1.0,0.0,,0.0
MOGK-5288 ,1,2024-07-01,True,21.0,0.0,,9.0
MOGK-5288 ,2,2024-08-01,False,12.0,9.0,,1.0
MOGK-5288 ,3,2024-09-01,False,11.0,1.0,,5.0
MOGK-5288 ,4,2024-10-01,False,6.0,5.0,,5.0
MOGK-5288 ,5,2024-11-01,False,1.0,5.0,,1.0
MOGK-5288 ,6,2024-12-01,True,0.0,1.0,,0.0
MOGK-5288 ,7,2025-01-01,True,0.0,0.0,,0.0
MOGK-5288 ,8,2025-02-01,True,0.0,0.0,,0.0
MOGK-5288 ,9,2025-03-01,True,0.0,0.0,,0.0
MOGK-5288 ,10,2025-04-01,True,0.0,0.0,,12.0
MOGK-5288 ,11,2025-05-01,True,8.0,12.0,4.0,0.0
MOGK-5288 ,12,2025-06-01,False,8.0,0.0,2.0,
MOGK-6096T ,0,2024-06-01,True,0.0,0.0,,0.0
MOGK-6096T ,1,2024-07-01,True,16.0,0.0,,3.0
MOGK-6096T ,2,2024-08-01,False,13.0,3.0,,1.0
MOGK-6096T ,3,2024-09-01,False,12.0,1.0,,2.0
MOGK-6096T ,4,2024-10-01,False,10.0,2.0,,4.0
MOGK-6096T ,5,2024-11-01,False,6.0,4.0,,3.0
MOGK-6096T ,6,2024-12-01,False,3.0,3.0,,3.0
MOGK-6096T ,7,2025-01-01,False,0.0,3.0,,0.0
MOGK-6096T ,8,2025-02-01,True,0.0,0.0,,0.0
MOGK-6096T ,9,2025-03-01,True,0.0,0.0,,1.0
MOGK-6096T ,10,2025-04-01,True,1.0,1.0,,1.0
MOGK-6096T ,11,2025-05-01,True,0.0,1.0,1.0,0.0
MOGK-6096T ,12,2025-06-01,True,0.0,0.0,1.0,
MOGK-6109 ,0,2024-06-01,False,14.0,79.0,,5.0
MOGK-6109 ,1,2024-07-01,True,109.0,5.0,,96.0
MOGK-6109 ,2,2024-08-01,False,13.0,96.0,,13.0
MOGK-6109 ,3,2024-09-01,True,1.0,13.0,,1.0
MOGK-6109 ,4,2024-10-01,True,0.0,1.0,,2.0
MOGK-6109 ,5,2024-11-01,True,-2.0,2.0,,6.0
MOGK-6109 ,6,2024-12-01,True,14.0,6.0,,2.0
MOGK-6109 ,7,2025-01-01,True,12.0,2.0,,162.0
MOGK-6109 ,8,2025-02-01,True,150.0,162.0,,15.0
MOGK-6109 ,9,2025-03-01,False,135.0,15.0,,34.0
MOGK-6109 ,10,2025-04-01,False,101.0,34.0,,39.0
MOGK-6109 ,11,2025-05-01,False,262.0,39.0,32.0,0.0
MOGK-6109 ,12,2025-06-01,False,262.0,0.0,22.0,
MOGK-6111 ,0,2024-06-01,True,0.0,0.0,,0.0
MOGK-6111 ,1,2024-07-01,True,0.0,0.0,,0.0
MOGK-6111 ,2,2024-08-01,True,0.0,0.0,,0.0
MOGK-6111 ,3,2024-09-01,True,0.0,0.0,,0.0
MOGK-6111 ,4,2024-10-01,True,0.0,0.0,,0.0
MOGK-6111 ,5,2024-11-01,True,0.0,0.0,,0.0
MOGK-6111 ,6,2024-12-01,True,0.0,0.0,,0.0
MOGK-6111 ,7,2025-01-01,True,0.0,0.0,,0.0
MOGK-6111 ,8,2025-02-01,True,33.0,0.0,,30.0
MOGK-6111 ,9,2025-03-01,False,3.0,30.0,,2.0
MOGK-6111 ,10,2025-04-01,False,1.0,2.0,,0.0
MOGK-6111 ,11,2025-05-01,True,1.0,0.0,4.0,0.0
MOGK-6111 ,12,2025-06-01,True,1.0,0.0,5.0,
MOGK-6117T ,0,2024-06-01,False,14.0,0.0,,2.0
MOGK-6117T ,1,2024-07-01,False,12.0,2.0,,0.0
MOGK-6117T ,2,2024-08-01,False,12.0,0.0,,2.0
MOGK-6117T ,3,2024-09-01,False,10.0,2.0,,6.0
MOGK-6117T ,4,2024-10-01,False,4.0,6.0,,2.0
MOGK-6117T ,5,2024-11-01,False,2.0,2.0,,2.0
MOGK-6117T ,6,2024-12-01,False,0.0,2.0,,0.0
MOGK-6117T ,7,2025-01-01,True,0.0,0.0,,0.0
MOGK-6117T ,8,2025-02-01,True,0.0,0.0,,0.0
MOGK-6117T ,9,2025-03-01,True,0.0,0.0,,0.0
MOGK-6117T ,10,2025-04-01,True,0.0,0.0,,4.0
MOGK-6117T ,11,2025-05-01,True,18.0,4.0,3.0,1.0
MOGK-6117T ,12,2025-06-01,False,17.0,1.0,1.0,
MOGK-6122 ,0,2024-06-01,True,0.0,0.0,,0.0
MOGK-6122 ,1,2024-07-01,True,10.0,0.0,,12.0
MOGK-6122 ,2,2024-08-01,False,0.0,12.0,,0.0
MOGK-6122 ,3,2024-09-01,True,0.0,0.0,,0.0
MOGK-6122 ,4,2024-10-01,True,0.0,0.0,,0.0
MOGK-6122 ,5,2024-11-01,True,0.0,0.0,,0.0
MOGK-6122 ,6,2024-12-01,True,0.0,0.0,,0.0
MOGK-6122 ,7,2025-01-01,True,0.0,0.0,,10.0
MOGK-6122 ,8,2025-02-01,True,20.0,10.0,,0.0
MOGK-6122 ,9,2025-03-01,False,20.0,0.0,,10.0
MOGK-6122 ,10,2025-04-01,False,10.0,10.0,,10.0
MOGK-6122 ,11,2025-05-01,False,0.0,10.0,3.0,0.0
MOGK-6122 ,12,2025-06-01,True,0.0,0.0,4.0,
MOGK-6129T ,0,2024-06-01,True,4.0,0.0,,0.0
MOGK-6129T ,1,2024-07-01,True,104.0,0.0,,22.0
MOGK-6129T ,2,2024-08-01,False,82.0,22.0,,8.0
MOGK-6129T ,3,2024-09-01,False,76.0,8.0,,38.0
MOGK-6129T ,4,2024-10-01,False,38.0,38.0,,13.0
MOGK-6129T ,5,2024-11-01,False,25.0,13.0,,13.0
MOGK-6129T ,6,2024-12-01,False,12.0,13.0,,6.0
MOGK-6129T ,7,2025-01-01,False,6.0,6.0,,0.0
MOGK-6129T ,8,2025-02-01,True,6.0,0.0,,0.0
MOGK-6129T ,9,2025-03-01,True,6.0,0.0,,3.0
MOGK-6129T ,10,2025-04-01,True,3.0,3.0,,5.0
MOGK-6129T ,11,2025-05-01,True,104.0,5.0,10.0,2.0
MOGK-6129T ,12,2025-06-01,False,102.0,2.0,7.0,
MOGK-6136 ,0,2024-06-01,True,0.0,0.0,,0.0
MOGK-6136 ,1,2024-07-01,True,0.0,0.0,,0.0
MOGK-6136 ,2,2024-08-01,True,0.0,0.0,,0.0
MOGK-6136 ,3,2024-09-01,True,4.0,0.0,,6.0
MOGK-6136 ,4,2024-10-01,False,0.0,6.0,,0.0
MOGK-6136 ,5,2024-11-01,True,0.0,0.0,,0.0
MOGK-6136 ,6,2024-12-01,True,0.0,0.0,,0.0
MOGK-6136 ,7,2025-01-01,True,0.0,0.0,,0.0
MOGK-6136 ,8,2025-02-01,True,10.0,0.0,,0.0
MOGK-6136 ,9,2025-03-01,False,10.0,0.0,,4.0
MOGK-6136 ,10,2025-04-01,False,6.0,4.0,,4.0
MOGK-6136 ,11,2025-05-01,False,2.0,4.0,2.0,0.0
MOGK-6136 ,12,2025-06-01,False,2.0,0.0,2.0,
MOGK-6137 ,0,2024-06-01,False,4.0,4.0,,0.0
MOGK-6137 ,1,2024-07-01,False,4.0,0.0,,0.0
MOGK-6137 ,2,2024-08-01,False,4.0,0.0,,2.0
MOGK-6137 ,3,2024-09-01,False,2.0,2.0,,14.0
MOGK-6137 ,4,2024-10-01,True,8.0,14.0,,4.0
MOGK-6137 ,5,2024-11-01,False,4.0,4.0,,4.0
MOGK-6137 ,6,2024-12-01,False,0.0,4.0,,0.0
MOGK-6137 ,7,2025-01-01,True,0.0,0.0,,0.0
MOGK-6137 ,8,2025-02-01,True,0.0,0.0,,0.0
MOGK-6137 ,9,2025-03-01,True,0.0,0.0,,0.0
MOGK-6137 ,10,2025-04-01,True,0.0,0.0,,6.0
MOGK-6137 ,11,2025-05-01,True,34.0,6.0,4.0,2.0
MOGK-6137 ,12,2025-06-01,False,32.0,2.0,3.0,
MOGK-6138 ,0,2024-06-01,False,16.0,4.0,,2.0
MOGK-6138 ,1,2024-07-01,False,14.0,2.0,,2.0
MOGK-6138 ,2,2024-08-01,False,12.0,2.0,,6.0
MOGK-6138 ,3,2024-09-01,False,6.0,6.0,,14.0
MOGK-6138 ,4,2024-10-01,False,12.0,14.0,,0.0
MOGK-6138 ,5,2024-11-01,False,12.0,0.0,,4.0
MOGK-6138 ,6,2024-12-01,False,8.0,4.0,,8.0
MOGK-6138 ,7,2025-01-01,False,0.0,8.0,,0.0
MOGK-6138 ,8,2025-02-01,True,0.0,0.0,,0.0
MOGK-6138 ,9,2025-03-01,True,0.0,0.0,,0.0
MOGK-6138 ,10,2025-04-01,True,0.0,0.0,,8.0
MOGK-6138 ,11,2025-05-01,True,42.0,8.0,4.0,2.0
MOGK-6138 ,12,2025-06-01,False,40.0,2.0,5.0,
MOGK-6141 ,0,2024-06-01,False,1.0,0.0,,0.0
MOGK-6141 ,1,2024-07-01,False,1.0,0.0,,0.0
MOGK-6141 ,2,2024-08-01,False,1.0,0.0,,0.0
MOGK-6141 ,3,2024-09-01,False,1.0,0.0,,0.0
MOGK-6141 ,4,2024-10-01,False,1.0,0.0,,0.0
MOGK-6141 ,5,2024-11-01,False,1.0,0.0,,0.0
MOGK-6141 ,6,2024-12-01,False,1.0,0.0,,0.0
MOGK-6141 ,7,2025-01-01,False,1.0,0.0,,0.0
MOGK-6141 ,8,2025-02-01,False,21.0,0.0,,0.0
MOGK-6141 ,9,2025-03-01,False,21.0,0.0,,0.0
MOGK-6141 ,10,2025-04-01,False,21.0,0.0,,4.0
MOGK-6141 ,11,2025-05-01,False,17.0,4.0,3.0,0.0
MOGK-6141 ,12,2025-06-01,False,17.0,0.0,1.0,
MOGK-6143 ,0,2024-06-01,False,15.0,8.0,,5.0
MOGK-6143 ,1,2024-07-01,False,10.0,5.0,,7.0
MOGK-6143 ,2,2024-08-01,False,3.0,7.0,,2.0
MOGK-6143 ,3,2024-09-01,True,1.0,2.0,,14.0
MOGK-6143 ,4,2024-10-01,True,27.0,14.0,,16.0
MOGK-6143 ,5,2024-11-01,False,11.0,16.0,,9.0
MOGK-6143 ,6,2024-12-01,False,2.0,9.0,,1.0
MOGK-6143 ,7,2025-01-01,True,1.0,1.0,,21.0
MOGK-6143 ,8,2025-02-01,True,40.0,21.0,,6.0
MOGK-6143 ,9,2025-03-01,False,34.0,6.0,,6.0
MOGK-6143 ,10,2025-04-01,False,28.0,6.0,,5.0
MOGK-6143 ,11,2025-05-01,False,96.0,5.0,7.0,4.0
MOGK-6143 ,12,2025-06-01,False,92.0,4.0,8.0,
MOGK-6144 ,0,2024-06-01,True,1.0,0.0,,0.0
MOGK-6144 ,1,2024-07-01,True,1.0,0.0,,50.0
MOGK-6144 ,2,2024-08-01,True,-49.0,50.0,,70.0
MOGK-6144 ,3,2024-09-01,True,-119.0,70.0,,70.0
MOGK-6144 ,4,2024-10-01,True,11.0,70.0,,0.0
MOGK-6144 ,5,2024-11-01,True,11.0,0.0,,0.0
MOGK-6144 ,6,2024-12-01,True,11.0,0.0,,0.0
MOGK-6144 ,7,2025-01-01,True,11.0,0.0,,84.0
MOGK-6144 ,8,2025-02-01,True,7.0,84.0,,6.0
MOGK-6144 ,9,2025-03-01,True,11.0,6.0,,10.0
MOGK-6144 ,10,2025-04-01,True,1.0,10.0,,0.0
MOGK-6144 ,11,2025-05-01,True,0.0,0.0,28.0,0.0
MOGK-6144 ,12,2025-06-01,True,0.0,0.0,31.0,
MOGK-6145T ,0,2024-06-01,False,45.0,2.0,,2.0
MOGK-6145T ,1,2024-07-01,False,43.0,2.0,,10.0
MOGK-6145T ,2,2024-08-01,False,33.0,10.0,,104.0
MOGK-6145T ,3,2024-09-01,False,-71.0,104.0,,2.0
MOGK-6145T ,4,2024-10-01,True,177.0,2.0,,36.0
MOGK-6145T ,5,2024-11-01,False,141.0,36.0,,77.0
MOGK-6145T ,6,2024-12-01,False,64.0,77.0,,8.0
MOGK-6145T ,7,2025-01-01,False,56.0,8.0,,46.0
MOGK-6145T ,8,2025-02-01,False,10.0,46.0,,4.0
MOGK-6145T ,9,2025-03-01,True,6.0,4.0,,2.0
MOGK-6145T ,10,2025-04-01,True,4.0,2.0,,0.0
MOGK-6145T ,11,2025-05-01,True,204.0,0.0,33.0,2.0
MOGK-6145T ,12,2025-06-01,False,202.0,2.0,16.0,
MOGK-6147 ,0,2024-06-01,False,23.0,6.0,,6.0
MOGK-6147 ,1,2024-07-01,False,17.0,6.0,,8.0
MOGK-6147 ,2,2024-08-01,False,9.0,8.0,,6.0
MOGK-6147 ,3,2024-09-01,False,3.0,6.0,,25.0
MOGK-6147 ,4,2024-10-01,True,8.0,25.0,,3.0
MOGK-6147 ,5,2024-11-01,False,5.0,3.0,,0.0
MOGK-6147 ,6,2024-12-01,True,5.0,0.0,,4.0
MOGK-6147 ,7,2025-01-01,True,1.0,4.0,,6.0
MOGK-6147 ,8,2025-02-01,True,25.0,6.0,,4.0
MOGK-6147 ,9,2025-03-01,False,21.0,4.0,,3.0
MOGK-6147 ,10,2025-04-01,False,18.0,3.0,,8.0
MOGK-6147 ,11,2025-05-01,False,46.0,8.0,4.0,0.0
MOGK-6147 ,12,2025-06-01,False,46.0,0.0,4.0,
MOGK-6176 ,0,2024-06-01,False,41.0,0.0,,2.0
MOGK-6176 ,1,2024-07-01,False,39.0,2.0,,0.0
MOGK-6176 ,2,2024-08-01,False,39.0,0.0,,0.0
MOGK-6176 ,3,2024-09-01,False,39.0,0.0,,0.0
MOGK-6176 ,4,2024-10-01,False,39.0,0.0,,0.0
MOGK-6176 ,5,2024-11-01,False,39.0,0.0,,2.0
MOGK-6176 ,6,2024-12-01,False,37.0,2.0,,26.0
MOGK-6176 ,7,2025-01-01,False,11.0,26.0,,2.0
MOGK-6176 ,8,2025-02-01,False,8.0,2.0,,0.0
MOGK-6176 ,9,2025-03-01,False,8.0,0.0,,0.0
MOGK-6176 ,10,2025-04-01,False,8.0,0.0,,6.0
MOGK-6176 ,11,2025-05-01,False,2.0,6.0,4.0,0.0
MOGK-6176 ,12,2025-06-01,True,2.0,0.0,2.0,
MOGK-6177 ,0,2024-06-01,False,14.0,0.0,,2.0
MOGK-6177 ,1,2024-07-01,False,12.0,2.0,,0.0
MOGK-6177 ,2,2024-08-01,False,12.0,0.0,,0.0
MOGK-6177 ,3,2024-09-01,False,12.0,0.0,,0.0
MOGK-6177 ,4,2024-10-01,False,12.0,0.0,,2.0
MOGK-6177 ,5,2024-11-01,False,10.0,2.0,,2.0
MOGK-6177 ,6,2024-12-01,False,8.0,2.0,,2.0
MOGK-6177 ,7,2025-01-01,False,6.0,2.0,,4.0
MOGK-6177 ,8,2025-02-01,False,12.0,4.0,,0.0
MOGK-6177 ,9,2025-03-01,False,12.0,0.0,,0.0
MOGK-6177 ,10,2025-04-01,False,12.0,0.0,,0.0
MOGK-6177 ,11,2025-05-01,False,12.0,0.0,1.0,0.0
MOGK-6177 ,12,2025-06-01,False,12.0,0.0,1.0,
MOGK-6186 ,0,2024-06-01,False,0.0,19.0,,0.0
MOGK-6186 ,1,2024-07-01,True,0.0,0.0,,0.0
MOGK-6186 ,2,2024-08-01,True,0.0,0.0,,0.0
MOGK-6186 ,3,2024-09-01,True,0.0,0.0,,0.0
MOGK-6186 ,4,2024-10-01,True,0.0,0.0,,0.0
MOGK-6186 ,5,2024-11-01,True,0.0,0.0,,0.0
MOGK-6186 ,6,2024-12-01,True,0.0,0.0,,0.0
MOGK-6186 ,7,2025-01-01,True,0.0,0.0,,0.0
MOGK-6186 ,8,2025-02-01,True,0.0,0.0,,0.0
MOGK-6186 ,9,2025-03-01,True,0.0,0.0,,0.0
MOGK-6186 ,10,2025-04-01,True,0.0,0.0,,0.0
MOGK-6186 ,11,2025-05-01,True,0.0,0.0,0.0,0.0
MOGK-6186 ,12,2025-06-01,True,0.0,0.0,1.0,
MOGK-6187 ,0,2024-06-01,False,1.0,0.0,,0.0
MOGK-6187 ,1,2024-07-01,False,1.0,0.0,,0.0
MOGK-6187 ,2,2024-08-01,False,1.0,0.0,,1.0
MOGK-6187 ,3,2024-09-01,False,0.0,1.0,,0.0
MOGK-6187 ,4,2024-10-01,True,0.0,0.0,,0.0
MOGK-6187 ,5,2024-11-01,True,0.0,0.0,,0.0
MOGK-6187 ,6,2024-12-01,True,0.0,0.0,,0.0
MOGK-6187 ,7,2025-01-01,True,0.0,0.0,,0.0
MOGK-6187 ,8,2025-02-01,True,0.0,0.0,,0.0
MOGK-6187 ,9,2025-03-01,True,0.0,0.0,,0.0
MOGK-6187 ,10,2025-04-01,True,0.0,0.0,,0.0
MOGK-6187 ,11,2025-05-01,True,0.0,0.0,0.0,0.0
MOGK-6187 ,12,2025-06-01,True,0.0,0.0,0.0,
MOGK-6198 ,0,2024-06-01,True,2.0,0.0,,0.0
MOGK-6198 ,1,2024-07-01,True,2.0,0.0,,0.0
MOGK-6198 ,2,2024-08-01,True,2.0,0.0,,11.0
MOGK-6198 ,3,2024-09-01,True,2.0,11.0,,47.0
MOGK-6198 ,4,2024-10-01,True,57.0,47.0,,40.0
MOGK-6198 ,5,2024-11-01,False,17.0,40.0,,19.0
MOGK-6198 ,6,2024-12-01,False,-2.0,19.0,,2.0
MOGK-6198 ,7,2025-01-01,True,-4.0,2.0,,8.0
MOGK-6198 ,8,2025-02-01,True,90.0,8.0,,2.0
MOGK-6198 ,9,2025-03-01,False,78.0,2.0,,12.0
MOGK-6198 ,10,2025-04-01,False,66.0,12.0,,10.0
MOGK-6198 ,11,2025-05-01,False,56.0,10.0,10.0,2.0
MOGK-6198 ,12,2025-06-01,False,54.0,2.0,11.0,
MOGK-6220 ,0,2024-06-01,False,1.0,0.0,,0.0
MOGK-6220 ,1,2024-07-01,False,1.0,0.0,,0.0
MOGK-6220 ,2,2024-08-01,False,1.0,0.0,,0.0
MOGK-6220 ,3,2024-09-01,False,1.0,0.0,,0.0
MOGK-6220 ,4,2024-10-01,False,1.0,0.0,,0.0
MOGK-6220 ,5,2024-11-01,False,1.0,0.0,,1.0
MOGK-6220 ,6,2024-12-01,False,0.0,1.0,,0.0
MOGK-6220 ,7,2025-01-01,True,0.0,0.0,,0.0
MOGK-6220 ,8,2025-02-01,True,0.0,0.0,,0.0
MOGK-6220 ,9,2025-03-01,True,0.0,0.0,,0.0
MOGK-6220 ,10,2025-04-01,True,0.0,0.0,,0.0
MOGK-6220 ,11,2025-05-01,True,0.0,0.0,0.0,0.0
MOGK-6220 ,12,2025-06-01,True,0.0,0.0,0.0,
MOGK-6247 ,0,2024-06-01,True,0.0,0.0,,0.0
MOGK-6247 ,1,2024-07-01,True,0.0,0.0,,1.0
MOGK-6247 ,2,2024-08-01,True,0.0,1.0,,0.0
MOGK-6247 ,3,2024-09-01,True,0.0,0.0,,0.0
MOGK-6247 ,4,2024-10-01,True,0.0,0.0,,0.0
MOGK-6247 ,5,2024-11-01,True,0.0,0.0,,0.0
MOGK-6247 ,6,2024-12-01,True,0.0,0.0,,0.0
MOGK-6247 ,7,2025-01-01,True,0.0,0.0,,0.0
MOGK-6247 ,8,2025-02-01,True,0.0,0.0,,0.0
MOGK-6247 ,9,2025-03-01,True,0.0,0.0,,0.0
MOGK-6247 ,10,2025-04-01,True,0.0,0.0,,0.0
MOGK-6247 ,11,2025-05-01,True,0.0,0.0,0.0,0.0
MOGK-6247 ,12,2025-06-01,True,0.0,0.0,0.0,
MOGK-6247T ,0,2024-06-01,True,0.0,0.0,,0.0
MOGK-6247T ,1,2024-07-01,True,0.0,0.0,,0.0
MOGK-6247T ,2,2024-08-01,True,0.0,0.0,,0.0
MOGK-6247T ,3,2024-09-01,True,0.0,0.0,,22.0
MOGK-6247T ,4,2024-10-01,True,7.0,22.0,,5.0
MOGK-6247T ,5,2024-11-01,False,2.0,5.0,,2.0
MOGK-6247T ,6,2024-12-01,True,0.0,2.0,,0.0
MOGK-6247T ,7,2025-01-01,True,0.0,0.0,,5.0
MOGK-6247T ,8,2025-02-01,True,15.0,5.0,,8.0
MOGK-6247T ,9,2025-03-01,False,7.0,8.0,,5.0
MOGK-6247T ,10,2025-04-01,False,2.0,5.0,,1.0
MOGK-6247T ,11,2025-05-01,True,1.0,1.0,1.0,0.0
MOGK-6247T ,12,2025-06-01,True,1.0,0.0,2.0,
MOGK-6253 ,0,2024-06-01,False,3.0,0.0,,0.0
MOGK-6253 ,1,2024-07-01,False,3.0,0.0,,0.0
MOGK-6253 ,2,2024-08-01,False,3.0,0.0,,2.0
MOGK-6253 ,3,2024-09-01,False,1.0,2.0,,0.0
MOGK-6253 ,4,2024-10-01,False,1.0,0.0,,0.0
MOGK-6253 ,5,2024-11-01,False,1.0,0.0,,0.0
MOGK-6253 ,6,2024-12-01,False,1.0,0.0,,0.0
MOGK-6253 ,7,2025-01-01,False,1.0,0.0,,0.0
MOGK-6253 ,8,2025-02-01,False,1.0,0.0,,0.0
MOGK-6253 ,9,2025-03-01,False,1.0,0.0,,0.0
MOGK-6253 ,10,2025-04-01,False,1.0,0.0,,0.0
MOGK-6253 ,11,2025-05-01,False,1.0,0.0,0.0,0.0
MOGK-6253 ,12,2025-06-01,False,1.0,0.0,0.0,
MOGK-6292 ,0,2024-06-01,False,3.0,0.0,,0.0
MOGK-6292 ,1,2024-07-01,False,3.0,0.0,,0.0
MOGK-6292 ,2,2024-08-01,False,3.0,0.0,,1.0
MOGK-6292 ,3,2024-09-01,False,2.0,1.0,,3.0
MOGK-6292 ,4,2024-10-01,False,39.0,3.0,,2.0
MOGK-6292 ,5,2024-11-01,False,37.0,2.0,,0.0
MOGK-6292 ,6,2024-12-01,False,37.0,0.0,,2.0
MOGK-6292 ,7,2025-01-01,False,35.0,2.0,,2.0
MOGK-6292 ,8,2025-02-01,False,33.0,2.0,,4.0
MOGK-6292 ,9,2025-03-01,False,29.0,4.0,,0.0
MOGK-6292 ,10,2025-04-01,False,29.0,0.0,,0.0
MOGK-6292 ,11,2025-05-01,False,29.0,0.0,1.0,0.0
MOGK-6292 ,12,2025-06-01,False,29.0,0.0,2.0,
MOGK-6323 ,0,2024-06-01,False,101.0,0.0,,3.0
MOGK-6323 ,1,2024-07-01,False,98.0,3.0,,0.0
MOGK-6323 ,2,2024-08-01,False,98.0,0.0,,0.0
MOGK-6323 ,3,2024-09-01,False,98.0,0.0,,6.0
MOGK-6323 ,4,2024-10-01,False,92.0,6.0,,0.0
MOGK-6323 ,5,2024-11-01,False,92.0,0.0,,0.0
MOGK-6323 ,6,2024-12-01,False,92.0,0.0,,4.0
MOGK-6323 ,7,2025-01-01,False,88.0,4.0,,6.0
MOGK-6323 ,8,2025-02-01,False,82.0,6.0,,0.0
MOGK-6323 ,9,2025-03-01,False,82.0,0.0,,2.0
MOGK-6323 ,10,2025-04-01,False,80.0,2.0,,0.0
MOGK-6323 ,11,2025-05-01,False,80.0,0.0,4.0,0.0
MOGK-6323 ,12,2025-06-01,False,80.0,0.0,5.0,
MOGK-6327 ,0,2024-06-01,False,42.0,22.0,,16.0
MOGK-6327 ,1,2024-07-01,False,26.0,16.0,,12.0
MOGK-6327 ,2,2024-08-01,False,14.0,12.0,,8.0
MOGK-6327 ,3,2024-09-01,True,4.0,8.0,,7.0
MOGK-6327 ,4,2024-10-01,True,177.0,7.0,,22.0
MOGK-6327 ,5,2024-11-01,False,155.0,22.0,,27.0
MOGK-6327 ,6,2024-12-01,False,130.0,27.0,,26.0
MOGK-6327 ,7,2025-01-01,False,104.0,26.0,,30.0
MOGK-6327 ,8,2025-02-01,False,74.0,30.0,,24.0
MOGK-6327 ,9,2025-03-01,False,50.0,24.0,,26.0
MOGK-6327 ,10,2025-04-01,False,22.0,26.0,,13.0
MOGK-6327 ,11,2025-05-01,False,9.0,13.0,4.0,2.0
MOGK-6327 ,12,2025-06-01,True,7.0,2.0,8.0,
MOGK-6329 ,0,2024-06-01,False,11.0,4.0,,0.0
MOGK-6329 ,1,2024-07-01,False,11.0,0.0,,0.0
MOGK-6329 ,2,2024-08-01,False,11.0,0.0,,6.0
MOGK-6329 ,3,2024-09-01,False,5.0,6.0,,6.0
MOGK-6329 ,4,2024-10-01,False,39.0,6.0,,2.0
MOGK-6329 ,5,2024-11-01,False,37.0,2.0,,6.0
MOGK-6329 ,6,2024-12-01,False,31.0,6.0,,2.0
MOGK-6329 ,7,2025-01-01,False,29.0,2.0,,4.0
MOGK-6329 ,8,2025-02-01,False,25.0,4.0,,6.0
MOGK-6329 ,9,2025-03-01,False,19.0,6.0,,0.0
MOGK-6329 ,10,2025-04-01,False,19.0,0.0,,4.0
MOGK-6329 ,11,2025-05-01,False,15.0,4.0,3.0,2.0
MOGK-6329 ,12,2025-06-01,False,13.0,2.0,3.0,
MOGK-6331 ,0,2024-06-01,False,1.0,0.0,,0.0
MOGK-6331 ,1,2024-07-01,False,3.0,0.0,,1.0
MOGK-6331 ,2,2024-08-01,False,2.0,1.0,,0.0
MOGK-6331 ,3,2024-09-01,False,2.0,0.0,,0.0
MOGK-6331 ,4,2024-10-01,False,2.0,0.0,,0.0
MOGK-6331 ,5,2024-11-01,False,2.0,0.0,,0.0
MOGK-6331 ,6,2024-12-01,False,2.0,0.0,,0.0
MOGK-6331 ,7,2025-01-01,False,2.0,0.0,,0.0
MOGK-6331 ,8,2025-02-01,False,2.0,0.0,,0.0
MOGK-6331 ,9,2025-03-01,False,2.0,0.0,,0.0
MOGK-6331 ,10,2025-04-01,False,2.0,0.0,,1.0
MOGK-6331 ,11,2025-05-01,False,1.0,1.0,0.0,1.0
MOGK-6331 ,12,2025-06-01,False,0.0,1.0,1.0,
MOGK-6335 ,0,2024-06-01,False,6.0,1.0,,0.0
MOGK-6335 ,1,2024-07-01,False,6.0,0.0,,1.0
MOGK-6335 ,2,2024-08-01,False,5.0,1.0,,4.0
MOGK-6335 ,3,2024-09-01,False,1.0,4.0,,7.0
MOGK-6335 ,4,2024-10-01,True,34.0,7.0,,4.0
MOGK-6335 ,5,2024-11-01,False,30.0,4.0,,5.0
MOGK-6335 ,6,2024-12-01,False,25.0,5.0,,1.0
MOGK-6335 ,7,2025-01-01,False,24.0,1.0,,2.0
MOGK-6335 ,8,2025-02-01,False,22.0,2.0,,7.0
MOGK-6335 ,9,2025-03-01,False,15.0,7.0,,3.0
MOGK-6335 ,10,2025-04-01,False,12.0,3.0,,7.0
MOGK-6335 ,11,2025-05-01,False,35.0,7.0,4.0,1.0
MOGK-6335 ,12,2025-06-01,False,34.0,1.0,4.0,
MOGK-6339 ,0,2024-06-01,True,0.0,0.0,,0.0
MOGK-6339 ,1,2024-07-01,True,0.0,0.0,,0.0
MOGK-6339 ,2,2024-08-01,True,0.0,0.0,,0.0
MOGK-6339 ,3,2024-09-01,True,0.0,0.0,,0.0
MOGK-6339 ,4,2024-10-01,True,2.0,0.0,,0.0
MOGK-6339 ,5,2024-11-01,False,2.0,0.0,,0.0
MOGK-6339 ,6,2024-12-01,False,2.0,0.0,,1.0
MOGK-6339 ,7,2025-01-01,False,1.0,1.0,,0.0
MOGK-6339 ,8,2025-02-01,False,1.0,0.0,,0.0
MOGK-6339 ,9,2025-03-01,False,1.0,0.0,,0.0
MOGK-6339 ,10,2025-04-01,False,1.0,0.0,,0.0
MOGK-6339 ,11,2025-05-01,False,1.0,0.0,0.0,0.0
MOGK-6339 ,12,2025-06-01,False,1.0,0.0,0.0,
MOGK-6344 ,0,2024-06-01,False,6.0,0.0,,0.0
MOGK-6344 ,1,2024-07-01,False,6.0,0.0,,0.0
MOGK-6344 ,2,2024-08-01,False,6.0,0.0,,0.0
MOGK-6344 ,3,2024-09-01,False,6.0,0.0,,0.0
MOGK-6344 ,4,2024-10-01,False,6.0,0.0,,0.0
MOGK-6344 ,5,2024-11-01,False,6.0,0.0,,1.0
MOGK-6344 ,6,2024-12-01,False,5.0,1.0,,0.0
MOGK-6344 ,7,2025-01-01,False,5.0,0.0,,2.0
MOGK-6344 ,8,2025-02-01,False,23.0,2.0,,10.0
MOGK-6344 ,9,2025-03-01,False,13.0,10.0,,0.0
MOGK-6344 ,10,2025-04-01,False,13.0,0.0,,6.0
MOGK-6344 ,11,2025-05-01,False,7.0,6.0,3.0,1.0
MOGK-6344 ,12,2025-06-01,False,6.0,1.0,5.0,
MOGK-6395 ,0,2024-06-01,False,343.0,62.0,,45.0
MOGK-6395 ,1,2024-07-01,False,299.0,45.0,,66.0
MOGK-6395 ,2,2024-08-01,False,233.0,66.0,,92.0
MOGK-6395 ,3,2024-09-01,False,141.0,92.0,,97.0
MOGK-6395 ,4,2024-10-01,False,1044.0,97.0,,164.0
MOGK-6395 ,5,2024-11-01,False,880.0,164.0,,182.0
MOGK-6395 ,6,2024-12-01,False,698.0,182.0,,141.0
MOGK-6395 ,7,2025-01-01,False,557.0,141.0,,117.0
MOGK-6395 ,8,2025-02-01,False,439.0,117.0,,135.0
MOGK-6395 ,9,2025-03-01,False,304.0,135.0,,118.0
MOGK-6395 ,10,2025-04-01,False,186.0,118.0,,102.0
MOGK-6395 ,11,2025-05-01,False,1284.0,102.0,156.0,76.0
MOGK-6395 ,12,2025-06-01,False,1208.0,76.0,159.0,
MOGK-6408 ,0,2024-06-01,True,1.0,0.0,,1.0
MOGK-6408 ,1,2024-07-01,True,50.0,1.0,,0.0
MOGK-6408 ,2,2024-08-01,False,50.0,0.0,,3.0
MOGK-6408 ,3,2024-09-01,False,47.0,3.0,,16.0
MOGK-6408 ,4,2024-10-01,False,31.0,16.0,,9.0
MOGK-6408 ,5,2024-11-01,False,22.0,9.0,,2.0
MOGK-6408 ,6,2024-12-01,False,20.0,2.0,,9.0
MOGK-6408 ,7,2025-01-01,False,11.0,9.0,,1.0
MOGK-6408 ,8,2025-02-01,False,10.0,1.0,,0.0
MOGK-6408 ,9,2025-03-01,False,10.0,0.0,,9.0
MOGK-6408 ,10,2025-04-01,False,1.0,9.0,,4.0
MOGK-6408 ,11,2025-05-01,True,47.0,4.0,3.0,0.0
MOGK-6408 ,12,2025-06-01,False,44.0,0.0,3.0,
MOGK-641866 ,0,2024-06-01,False,3.0,0.0,,0.0
MOGK-641866 ,1,2024-07-01,False,3.0,0.0,,0.0
MOGK-641866 ,2,2024-08-01,False,3.0,0.0,,0.0
MOGK-641866 ,3,2024-09-01,False,3.0,0.0,,0.0
MOGK-641866 ,4,2024-10-01,False,3.0,0.0,,0.0
MOGK-641866 ,5,2024-11-01,False,3.0,0.0,,2.0
MOGK-641866 ,6,2024-12-01,False,1.0,2.0,,0.0
MOGK-641866 ,7,2025-01-01,False,1.0,0.0,,0.0
MOGK-641866 ,8,2025-02-01,False,1.0,0.0,,0.0
MOGK-641866 ,9,2025-03-01,False,1.0,0.0,,0.0
MOGK-641866 ,10,2025-04-01,False,1.0,0.0,,0.0
MOGK-641866 ,11,2025-05-01,False,1.0,0.0,0.0,0.0
MOGK-641866 ,12,2025-06-01,False,1.0,0.0,0.0,
MOGK-6439 ,0,2024-06-01,False,84.0,7.0,,10.0
MOGK-6439 ,1,2024-07-01,False,74.0,10.0,,10.0
MOGK-6439 ,2,2024-08-01,False,64.0,10.0,,13.0
MOGK-6439 ,3,2024-09-01,False,51.0,13.0,,6.0
MOGK-6439 ,4,2024-10-01,False,45.0,6.0,,27.0
MOGK-6439 ,5,2024-11-01,False,18.0,27.0,,11.0
MOGK-6439 ,6,2024-12-01,False,6.0,11.0,,3.0
MOGK-6439 ,7,2025-01-01,True,3.0,3.0,,0.0
MOGK-6439 ,8,2025-02-01,True,2.0,0.0,,1.0
MOGK-6439 ,9,2025-03-01,True,1.0,1.0,,0.0
MOGK-6439 ,10,2025-04-01,True,1.0,0.0,,5.0
MOGK-6439 ,11,2025-05-01,True,46.0,5.0,7.0,4.0
MOGK-6439 ,12,2025-06-01,False,42.0,4.0,8.0,
MOGK-6445 ,0,2024-06-01,True,3.0,0.0,,0.0
MOGK-6445 ,1,2024-07-01,True,3.0,0.0,,0.0
MOGK-6445 ,2,2024-08-01,True,3.0,0.0,,0.0
MOGK-6445 ,3,2024-09-01,True,3.0,0.0,,4.0
MOGK-6445 ,4,2024-10-01,True,79.0,4.0,,5.0
MOGK-6445 ,5,2024-11-01,False,74.0,5.0,,17.0
MOGK-6445 ,6,2024-12-01,False,57.0,17.0,,8.0
MOGK-6445 ,7,2025-01-01,False,49.0,8.0,,12.0
MOGK-6445 ,8,2025-02-01,False,37.0,12.0,,14.0
MOGK-6445 ,9,2025-03-01,False,23.0,14.0,,0.0
MOGK-6445 ,10,2025-04-01,False,23.0,0.0,,7.0
MOGK-6445 ,11,2025-05-01,False,16.0,7.0,4.0,0.0
MOGK-6445 ,12,2025-06-01,False,16.0,0.0,3.0,
MOGK-6447 ,0,2024-06-01,True,0.0,0.0,,0.0
MOGK-6447 ,1,2024-07-01,True,0.0,0.0,,0.0
MOGK-6447 ,2,2024-08-01,True,0.0,0.0,,0.0
MOGK-6447 ,3,2024-09-01,True,0.0,0.0,,4.0
MOGK-6447 ,4,2024-10-01,True,8.0,4.0,,4.0
MOGK-6447 ,5,2024-11-01,False,4.0,4.0,,4.0
MOGK-6447 ,6,2024-12-01,False,0.0,4.0,,0.0
MOGK-6447 ,7,2025-01-01,True,0.0,0.0,,2.0
MOGK-6447 ,8,2025-02-01,True,8.0,2.0,,7.0
MOGK-6447 ,9,2025-03-01,False,1.0,7.0,,1.0
MOGK-6447 ,10,2025-04-01,True,0.0,1.0,,0.0
MOGK-6447 ,11,2025-05-01,True,0.0,0.0,0.0,0.0
MOGK-6447 ,12,2025-06-01,True,0.0,0.0,0.0,
MOGK-6453 ,0,2024-06-01,False,4.0,1.0,,0.0
MOGK-6453 ,1,2024-07-01,False,3.0,0.0,,0.0
MOGK-6453 ,2,2024-08-01,False,3.0,0.0,,0.0
MOGK-6453 ,3,2024-09-01,False,3.0,0.0,,1.0
MOGK-6453 ,4,2024-10-01,False,22.0,1.0,,5.0
MOGK-6453 ,5,2024-11-01,False,17.0,5.0,,2.0
MOGK-6453 ,6,2024-12-01,False,15.0,2.0,,2.0
MOGK-6453 ,7,2025-01-01,False,13.0,2.0,,3.0
MOGK-6453 ,8,2025-02-01,False,10.0,3.0,,3.0
MOGK-6453 ,9,2025-03-01,False,7.0,3.0,,1.0
MOGK-6453 ,10,2025-04-01,False,6.0,1.0,,4.0
MOGK-6453 ,11,2025-05-01,False,2.0,4.0,2.0,0.0
MOGK-6453 ,12,2025-06-01,False,2.0,0.0,0.0,
MOGK-6477 ,0,2024-06-01,False,1.0,0.0,,0.0
MOGK-6477 ,1,2024-07-01,False,1.0,0.0,,0.0
MOGK-6477 ,2,2024-08-01,False,1.0,0.0,,0.0
MOGK-6477 ,3,2024-09-01,False,1.0,0.0,,0.0
MOGK-6477 ,4,2024-10-01,False,1.0,0.0,,0.0
MOGK-6477 ,5,2024-11-01,False,1.0,0.0,,0.0
MOGK-6477 ,6,2024-12-01,False,1.0,0.0,,0.0
MOGK-6477 ,7,2025-01-01,False,1.0,0.0,,2.0
MOGK-6477 ,8,2025-02-01,False,2.0,2.0,,2.0
MOGK-6477 ,9,2025-03-01,False,0.0,2.0,,0.0
MOGK-6477 ,10,2025-04-01,True,0.0,0.0,,0.0
MOGK-6477 ,11,2025-05-01,True,0.0,0.0,0.0,0.0
MOGK-6477 ,12,2025-06-01,True,0.0,0.0,0.0,
MOGK-6512T ,0,2024-06-01,True,0.0,0.0,,0.0
MOGK-6512T ,1,2024-07-01,True,0.0,0.0,,0.0
MOGK-6512T ,2,2024-08-01,True,0.0,0.0,,0.0
MOGK-6512T ,3,2024-09-01,True,0.0,0.0,,0.0
MOGK-6512T ,4,2024-10-01,True,0.0,0.0,,0.0
MOGK-6512T ,5,2024-11-01,True,0.0,0.0,,0.0
MOGK-6512T ,6,2024-12-01,True,0.0,0.0,,0.0
MOGK-6512T ,7,2025-01-01,True,0.0,0.0,,0.0
MOGK-6512T ,8,2025-02-01,True,4.0,0.0,,0.0
MOGK-6512T ,9,2025-03-01,False,4.0,0.0,,0.0
MOGK-6512T ,10,2025-04-01,False,4.0,0.0,,2.0
MOGK-6512T ,11,2025-05-01,False,2.0,2.0,0.0,2.0
MOGK-6512T ,12,2025-06-01,False,0.0,2.0,0.0,
MOGK-6534 ,0,2024-06-01,False,53.0,1.0,,0.0
MOGK-6534 ,1,2024-07-01,False,53.0,0.0,,1.0
MOGK-6534 ,2,2024-08-01,False,52.0,1.0,,1.0
MOGK-6534 ,3,2024-09-01,False,51.0,1.0,,5.0
MOGK-6534 ,4,2024-10-01,False,46.0,5.0,,2.0
MOGK-6534 ,5,2024-11-01,False,44.0,2.0,,2.0
MOGK-6534 ,6,2024-12-01,False,42.0,2.0,,0.0
MOGK-6534 ,7,2025-01-01,False,42.0,0.0,,0.0
MOGK-6534 ,8,2025-02-01,False,42.0,0.0,,1.0
MOGK-6534 ,9,2025-03-01,False,41.0,1.0,,1.0
MOGK-6534 ,10,2025-04-01,False,40.0,1.0,,1.0
MOGK-6534 ,11,2025-05-01,False,39.0,1.0,1.0,0.0
MOGK-6534 ,12,2025-06-01,False,39.0,0.0,1.0,
MOGK-6535 ,0,2024-06-01,False,4.0,0.0,,0.0
MOGK-6535 ,1,2024-07-01,False,8.0,0.0,,0.0
MOGK-6535 ,2,2024-08-01,False,8.0,0.0,,0.0
MOGK-6535 ,3,2024-09-01,False,8.0,0.0,,0.0
MOGK-6535 ,4,2024-10-01,False,8.0,0.0,,4.0
MOGK-6535 ,5,2024-11-01,False,4.0,4.0,,3.0
MOGK-6535 ,6,2024-12-01,False,1.0,3.0,,1.0
MOGK-6535 ,7,2025-01-01,False,0.0,1.0,,0.0
MOGK-6535 ,8,2025-02-01,True,0.0,0.0,,0.0
MOGK-6535 ,9,2025-03-01,True,0.0,0.0,,0.0
MOGK-6535 ,10,2025-04-01,True,0.0,0.0,,0.0
MOGK-6535 ,11,2025-05-01,True,16.0,0.0,0.0,2.0
MOGK-6535 ,12,2025-06-01,False,14.0,2.0,1.0,
MOGK-6536 ,0,2024-06-01,False,4.0,1.0,,2.0
MOGK-6536 ,1,2024-07-01,False,2.0,2.0,,0.0
MOGK-6536 ,2,2024-08-01,False,2.0,0.0,,0.0
MOGK-6536 ,3,2024-09-01,False,2.0,0.0,,4.0
MOGK-6536 ,4,2024-10-01,False,28.0,4.0,,1.0
MOGK-6536 ,5,2024-11-01,False,27.0,1.0,,4.0
MOGK-6536 ,6,2024-12-01,False,23.0,4.0,,0.0
MOGK-6536 ,7,2025-01-01,False,23.0,0.0,,0.0
MOGK-6536 ,8,2025-02-01,False,23.0,0.0,,1.0
MOGK-6536 ,9,2025-03-01,False,22.0,1.0,,0.0
MOGK-6536 ,10,2025-04-01,False,22.0,0.0,,2.0
MOGK-6536 ,11,2025-05-01,False,20.0,2.0,1.0,0.0
MOGK-6536 ,12,2025-06-01,False,20.0,0.0,1.0,
MOGK-6540 ,0,2024-06-01,True,0.0,0.0,,0.0
MOGK-6540 ,1,2024-07-01,True,0.0,0.0,,0.0
MOGK-6540 ,2,2024-08-01,True,0.0,0.0,,0.0
MOGK-6540 ,3,2024-09-01,True,0.0,0.0,,2.0
MOGK-6540 ,4,2024-10-01,True,38.0,2.0,,0.0
MOGK-6540 ,5,2024-11-01,False,38.0,0.0,,2.0
MOGK-6540 ,6,2024-12-01,False,36.0,2.0,,5.0
MOGK-6540 ,7,2025-01-01,False,31.0,5.0,,2.0
MOGK-6540 ,8,2025-02-01,False,29.0,2.0,,0.0
MOGK-6540 ,9,2025-03-01,False,29.0,0.0,,2.0
MOGK-6540 ,10,2025-04-01,False,27.0,2.0,,0.0
MOGK-6540 ,11,2025-05-01,False,27.0,0.0,2.0,0.0
MOGK-6540 ,12,2025-06-01,False,27.0,0.0,1.0,
MOGK-6541 ,0,2024-06-01,True,2.0,0.0,,0.0
MOGK-6541 ,1,2024-07-01,True,42.0,0.0,,6.0
MOGK-6541 ,2,2024-08-01,False,36.0,6.0,,3.0
MOGK-6541 ,3,2024-09-01,False,33.0,3.0,,18.0
MOGK-6541 ,4,2024-10-01,False,15.0,18.0,,8.0
MOGK-6541 ,5,2024-11-01,False,7.0,8.0,,4.0
MOGK-6541 ,6,2024-12-01,False,3.0,4.0,,2.0
MOGK-6541 ,7,2025-01-01,True,1.0,2.0,,1.0
MOGK-6541 ,8,2025-02-01,True,0.0,1.0,,0.0
MOGK-6541 ,9,2025-03-01,True,0.0,0.0,,0.0
MOGK-6541 ,10,2025-04-01,True,0.0,0.0,,1.0
MOGK-6541 ,11,2025-05-01,True,61.0,1.0,5.0,6.0
MOGK-6541 ,12,2025-06-01,False,55.0,6.0,4.0,
MOGK-660169 ,0,2024-06-01,True,0.0,0.0,,0.0
MOGK-660169 ,1,2024-07-01,True,0.0,0.0,,0.0
MOGK-660169 ,2,2024-08-01,True,0.0,0.0,,0.0
MOGK-660169 ,3,2024-09-01,True,0.0,0.0,,1.0
MOGK-660169 ,4,2024-10-01,True,9.0,1.0,,1.0
MOGK-660169 ,5,2024-11-01,False,8.0,1.0,,4.0
MOGK-660169 ,6,2024-12-01,False,4.0,4.0,,2.0
MOGK-660169 ,7,2025-01-01,False,2.0,2.0,,1.0
MOGK-660169 ,8,2025-02-01,False,1.0,1.0,,0.0
MOGK-660169 ,9,2025-03-01,False,1.0,0.0,,0.0
MOGK-660169 ,10,2025-04-01,False,1.0,0.0,,0.0
MOGK-660169 ,11,2025-05-01,False,11.0,0.0,1.0,1.0
MOGK-660169 ,12,2025-06-01,False,10.0,1.0,1.0,
MOGK-6654 ,0,2024-06-01,True,0.0,0.0,,0.0
MOGK-6654 ,1,2024-07-01,True,0.0,0.0,,0.0
MOGK-6654 ,2,2024-08-01,True,0.0,0.0,,0.0
MOGK-6654 ,3,2024-09-01,True,0.0,0.0,,2.0
MOGK-6654 ,4,2024-10-01,True,28.0,2.0,,4.0
MOGK-6654 ,5,2024-11-01,False,24.0,4.0,,8.0
MOGK-6654 ,6,2024-12-01,False,16.0,8.0,,12.0
MOGK-6654 ,7,2025-01-01,False,4.0,12.0,,2.0
MOGK-6654 ,8,2025-02-01,False,2.0,2.0,,1.0
MOGK-6654 ,9,2025-03-01,True,2.0,1.0,,1.0
MOGK-6654 ,10,2025-04-01,True,1.0,1.0,,0.0
MOGK-6654 ,11,2025-05-01,True,1.0,0.0,2.0,1.0
MOGK-6654 ,12,2025-06-01,True,0.0,1.0,1.0,
MOGK-6655 ,0,2024-06-01,False,3.0,0.0,,1.0
MOGK-6655 ,1,2024-07-01,False,2.0,1.0,,1.0
MOGK-6655 ,2,2024-08-01,False,3.0,1.0,,0.0
MOGK-6655 ,3,2024-09-01,False,3.0,0.0,,0.0
MOGK-6655 ,4,2024-10-01,False,3.0,0.0,,0.0
MOGK-6655 ,5,2024-11-01,False,3.0,0.0,,0.0
MOGK-6655 ,6,2024-12-01,False,3.0,0.0,,0.0
MOGK-6655 ,7,2025-01-01,False,3.0,0.0,,0.0
MOGK-6655 ,8,2025-02-01,False,3.0,0.0,,2.0
MOGK-6655 ,9,2025-03-01,False,1.0,2.0,,1.0
MOGK-6655 ,10,2025-04-01,False,0.0,1.0,,0.0
MOGK-6655 ,11,2025-05-01,True,0.0,0.0,0.0,0.0
MOGK-6655 ,12,2025-06-01,True,0.0,0.0,0.0,
MOGK-6658 ,0,2024-06-01,True,25.0,20.0,,130.0
MOGK-6658 ,1,2024-07-01,True,597.0,130.0,,192.0
MOGK-6658 ,2,2024-08-01,False,405.0,192.0,,194.0
MOGK-6658 ,3,2024-09-01,False,211.0,194.0,,316.0
MOGK-6658 ,4,2024-10-01,False,295.0,316.0,,285.0
MOGK-6658 ,5,2024-11-01,False,10.0,285.0,,5.0
MOGK-6658 ,6,2024-12-01,True,5.0,5.0,,1.0
MOGK-6658 ,7,2025-01-01,True,4.0,1.0,,0.0
MOGK-6658 ,8,2025-02-01,True,1.0,0.0,,0.0
MOGK-6658 ,9,2025-03-01,True,1.0,0.0,,0.0
MOGK-6658 ,10,2025-04-01,True,1.0,0.0,,221.0
MOGK-6658 ,11,2025-05-01,True,703.0,221.0,173.0,48.0
MOGK-6658 ,12,2025-06-01,False,655.0,48.0,131.0,
MOGK-6688 ,0,2024-06-01,False,82.0,32.0,,64.0
MOGK-6688 ,1,2024-07-01,False,318.0,64.0,,26.0
MOGK-6688 ,2,2024-08-01,False,292.0,26.0,,79.0
MOGK-6688 ,3,2024-09-01,False,213.0,79.0,,139.0
MOGK-6688 ,4,2024-10-01,False,474.0,139.0,,161.0
MOGK-6688 ,5,2024-11-01,False,313.0,161.0,,176.0
MOGK-6688 ,6,2024-12-01,False,127.0,176.0,,117.0
MOGK-6688 ,7,2025-01-01,False,0.0,117.0,,0.0
MOGK-6688 ,8,2025-02-01,True,0.0,0.0,,0.0
MOGK-6688 ,9,2025-03-01,True,0.0,0.0,,6.0
MOGK-6688 ,10,2025-04-01,True,8.0,6.0,,42.0
MOGK-6688 ,11,2025-05-01,True,510.0,42.0,71.0,30.0
MOGK-6688 ,12,2025-06-01,False,480.0,30.0,119.0,
MOGK-6692 ,0,2024-06-01,False,3.0,2.0,,2.0
MOGK-6692 ,1,2024-07-01,False,1.0,2.0,,0.0
MOGK-6692 ,2,2024-08-01,False,1.0,0.0,,0.0
MOGK-6692 ,3,2024-09-01,False,1.0,0.0,,0.0
MOGK-6692 ,4,2024-10-01,False,1.0,0.0,,0.0
MOGK-6692 ,5,2024-11-01,False,1.0,0.0,,0.0
MOGK-6692 ,6,2024-12-01,False,1.0,0.0,,0.0
MOGK-6692 ,7,2025-01-01,False,1.0,0.0,,0.0
MOGK-6692 ,8,2025-02-01,False,6.0,0.0,,0.0
MOGK-6692 ,9,2025-03-01,False,6.0,0.0,,0.0
MOGK-6692 ,10,2025-04-01,False,6.0,0.0,,2.0
MOGK-6692 ,11,2025-05-01,False,4.0,2.0,1.0,0.0
MOGK-6692 ,12,2025-06-01,False,4.0,0.0,0.0,
MOGK-6693 ,0,2024-06-01,True,22.0,2.0,,4.0
MOGK-6693 ,1,2024-07-01,False,48.0,4.0,,9.0
MOGK-6693 ,2,2024-08-01,False,39.0,9.0,,6.0
MOGK-6693 ,3,2024-09-01,False,33.0,6.0,,6.0
MOGK-6693 ,4,2024-10-01,False,27.0,6.0,,14.0
MOGK-6693 ,5,2024-11-01,False,13.0,14.0,,6.0
MOGK-6693 ,6,2024-12-01,False,7.0,6.0,,0.0
MOGK-6693 ,7,2025-01-01,False,7.0,0.0,,4.0
MOGK-6693 ,8,2025-02-01,False,3.0,4.0,,0.0
MOGK-6693 ,9,2025-03-01,True,3.0,0.0,,0.0
MOGK-6693 ,10,2025-04-01,True,3.0,0.0,,8.0
MOGK-6693 ,11,2025-05-01,True,35.0,8.0,4.0,0.0
MOGK-6693 ,12,2025-06-01,False,35.0,0.0,3.0,
MOGK-6696 ,0,2024-06-01,False,29.0,10.0,,18.0
MOGK-6696 ,1,2024-07-01,False,11.0,18.0,,7.0
MOGK-6696 ,2,2024-08-01,False,4.0,7.0,,4.0
MOGK-6696 ,3,2024-09-01,True,0.0,4.0,,0.0
MOGK-6696 ,4,2024-10-01,True,0.0,0.0,,0.0
MOGK-6696 ,5,2024-11-01,True,0.0,0.0,,0.0
MOGK-6696 ,6,2024-12-01,True,0.0,0.0,,0.0
MOGK-6696 ,7,2025-01-01,True,0.0,0.0,,4.0
MOGK-6696 ,8,2025-02-01,True,46.0,4.0,,6.0
MOGK-6696 ,9,2025-03-01,False,40.0,6.0,,2.0
MOGK-6696 ,10,2025-04-01,False,38.0,2.0,,10.0
MOGK-6696 ,11,2025-05-01,False,28.0,10.0,4.0,6.0
MOGK-6696 ,12,2025-06-01,False,22.0,6.0,3.0,
MOGK-6700 ,0,2024-06-01,False,1.0,0.0,,0.0
MOGK-6700 ,1,2024-07-01,False,1.0,0.0,,0.0
MOGK-6700 ,2,2024-08-01,False,1.0,0.0,,0.0
MOGK-6700 ,3,2024-09-01,False,1.0,0.0,,2.0
MOGK-6700 ,4,2024-10-01,False,19.0,2.0,,6.0
MOGK-6700 ,5,2024-11-01,False,13.0,6.0,,0.0
MOGK-6700 ,6,2024-12-01,False,13.0,0.0,,2.0
MOGK-6700 ,7,2025-01-01,False,9.0,2.0,,0.0
MOGK-6700 ,8,2025-02-01,False,2.0,0.0,,0.0
MOGK-6700 ,9,2025-03-01,False,2.0,0.0,,0.0
MOGK-6700 ,10,2025-04-01,False,2.0,0.0,,0.0
MOGK-6700 ,11,2025-05-01,False,2.0,0.0,0.0,0.0
MOGK-6700 ,12,2025-06-01,False,0.0,0.0,1.0,
MOGK-6711 ,0,2024-06-01,True,1.0,0.0,,0.0
MOGK-6711 ,1,2024-07-01,True,21.0,0.0,,0.0
MOGK-6711 ,2,2024-08-01,False,21.0,0.0,,4.0
MOGK-6711 ,3,2024-09-01,False,17.0,4.0,,10.0
MOGK-6711 ,4,2024-10-01,False,7.0,10.0,,5.0
MOGK-6711 ,5,2024-11-01,False,2.0,5.0,,0.0
MOGK-6711 ,6,2024-12-01,False,2.0,0.0,,0.0
MOGK-6711 ,7,2025-01-01,False,1.0,0.0,,0.0
MOGK-6711 ,8,2025-02-01,True,1.0,0.0,,0.0
MOGK-6711 ,9,2025-03-01,True,1.0,0.0,,0.0
MOGK-6711 ,10,2025-04-01,True,1.0,0.0,,0.0
MOGK-6711 ,11,2025-05-01,True,3.0,0.0,1.0,2.0
MOGK-6711 ,12,2025-06-01,False,1.0,2.0,2.0,
MOGK-6712 ,0,2024-06-01,False,27.0,4.0,,0.0
MOGK-6712 ,1,2024-07-01,False,27.0,0.0,,0.0
MOGK-6712 ,2,2024-08-01,False,27.0,0.0,,5.0
MOGK-6712 ,3,2024-09-01,False,22.0,5.0,,1.0
MOGK-6712 ,4,2024-10-01,False,21.0,1.0,,0.0
MOGK-6712 ,5,2024-11-01,False,21.0,0.0,,0.0
MOGK-6712 ,6,2024-12-01,False,21.0,0.0,,0.0
MOGK-6712 ,7,2025-01-01,False,21.0,0.0,,0.0
MOGK-6712 ,8,2025-02-01,False,21.0,0.0,,0.0
MOGK-6712 ,9,2025-03-01,False,21.0,0.0,,0.0
MOGK-6712 ,10,2025-04-01,False,21.0,0.0,,2.0
MOGK-6712 ,11,2025-05-01,False,19.0,2.0,1.0,0.0
MOGK-6712 ,12,2025-06-01,False,19.0,0.0,1.0,
MOGK-6715 ,0,2024-06-01,False,4.0,1.0,,0.0
MOGK-6715 ,1,2024-07-01,False,4.0,0.0,,0.0
MOGK-6715 ,2,2024-08-01,False,4.0,0.0,,2.0
MOGK-6715 ,3,2024-09-01,False,2.0,2.0,,1.0
MOGK-6715 ,4,2024-10-01,False,1.0,1.0,,0.0
MOGK-6715 ,5,2024-11-01,False,1.0,0.0,,0.0
MOGK-6715 ,6,2024-12-01,False,1.0,0.0,,0.0
MOGK-6715 ,7,2025-01-01,False,1.0,0.0,,0.0
MOGK-6715 ,8,2025-02-01,False,1.0,0.0,,0.0
MOGK-6715 ,9,2025-03-01,False,1.0,0.0,,0.0
MOGK-6715 ,10,2025-04-01,False,1.0,0.0,,0.0
MOGK-6715 ,11,2025-05-01,False,5.0,0.0,0.0,0.0
MOGK-6715 ,12,2025-06-01,False,5.0,0.0,0.0,
MOGK-6724 ,0,2024-06-01,False,12.0,1.0,,0.0
MOGK-6724 ,1,2024-07-01,False,12.0,0.0,,1.0
MOGK-6724 ,2,2024-08-01,False,11.0,1.0,,1.0
MOGK-6724 ,3,2024-09-01,False,10.0,1.0,,1.0
MOGK-6724 ,4,2024-10-01,False,9.0,1.0,,0.0
MOGK-6724 ,5,2024-11-01,False,9.0,0.0,,0.0
MOGK-6724 ,6,2024-12-01,False,9.0,0.0,,0.0
MOGK-6724 ,7,2025-01-01,False,9.0,0.0,,0.0
MOGK-6724 ,8,2025-02-01,False,25.0,0.0,,0.0
MOGK-6724 ,9,2025-03-01,False,25.0,0.0,,1.0
MOGK-6724 ,10,2025-04-01,False,24.0,1.0,,1.0
MOGK-6724 ,11,2025-05-01,False,23.0,1.0,1.0,0.0
MOGK-6724 ,12,2025-06-01,False,23.0,0.0,1.0,
MOGK-700536 ,0,2024-06-01,False,1.0,0.0,,0.0
MOGK-700536 ,1,2024-07-01,False,5.0,0.0,,0.0
MOGK-700536 ,2,2024-08-01,False,5.0,0.0,,2.0
MOGK-700536 ,3,2024-09-01,False,3.0,2.0,,0.0
MOGK-700536 ,4,2024-10-01,False,15.0,0.0,,2.0
MOGK-700536 ,5,2024-11-01,False,13.0,2.0,,0.0
MOGK-700536 ,6,2024-12-01,False,13.0,0.0,,0.0
MOGK-700536 ,7,2025-01-01,False,13.0,0.0,,0.0
MOGK-700536 ,8,2025-02-01,False,13.0,0.0,,0.0
MOGK-700536 ,9,2025-03-01,False,13.0,0.0,,0.0
MOGK-700536 ,10,2025-04-01,False,13.0,0.0,,0.0
MOGK-700536 ,11,2025-05-01,False,13.0,0.0,0.0,2.0
MOGK-700536 ,12,2025-06-01,False,11.0,2.0,0.0,
MOGK-700539 ,0,2024-06-01,False,1.0,1.0,,0.0
MOGK-700539 ,1,2024-07-01,False,1.0,0.0,,0.0
MOGK-700539 ,2,2024-08-01,False,1.0,0.0,,0.0
MOGK-700539 ,3,2024-09-01,False,1.0,0.0,,0.0
MOGK-700539 ,4,2024-10-01,False,1.0,0.0,,0.0
MOGK-700539 ,5,2024-11-01,False,1.0,0.0,,0.0
MOGK-700539 ,6,2024-12-01,False,1.0,0.0,,0.0
MOGK-700539 ,7,2025-01-01,False,1.0,0.0,,0.0
MOGK-700539 ,8,2025-02-01,False,1.0,0.0,,0.0
MOGK-700539 ,9,2025-03-01,False,1.0,0.0,,0.0
MOGK-700539 ,10,2025-04-01,False,1.0,0.0,,0.0
MOGK-700539 ,11,2025-05-01,False,1.0,0.0,0.0,0.0
MOGK-700539 ,12,2025-06-01,False,1.0,0.0,0.0,
MOGK-700701 ,0,2024-06-01,False,2.0,0.0,,0.0
MOGK-700701 ,1,2024-07-01,False,2.0,0.0,,0.0
MOGK-700701 ,2,2024-08-01,False,2.0,0.0,,0.0
MOGK-700701 ,3,2024-09-01,False,2.0,0.0,,2.0
MOGK-700701 ,4,2024-10-01,False,0.0,2.0,,0.0
MOGK-700701 ,5,2024-11-01,True,0.0,0.0,,0.0
MOGK-700701 ,6,2024-12-01,True,0.0,0.0,,0.0
MOGK-700701 ,7,2025-01-01,True,0.0,0.0,,0.0
MOGK-700701 ,8,2025-02-01,True,0.0,0.0,,0.0
MOGK-700701 ,9,2025-03-01,True,0.0,0.0,,0.0
MOGK-700701 ,10,2025-04-01,True,0.0,0.0,,0.0
MOGK-700701 ,11,2025-05-01,True,0.0,0.0,0.0,0.0
MOGK-700701 ,12,2025-06-01,True,0.0,0.0,0.0,
MOGK-700718 ,0,2024-06-01,False,20.0,8.0,,5.0
MOGK-700718 ,1,2024-07-01,False,15.0,5.0,,6.0
MOGK-700718 ,2,2024-08-01,False,9.0,6.0,,9.0
MOGK-700718 ,3,2024-09-01,False,0.0,9.0,,0.0
MOGK-700718 ,4,2024-10-01,True,0.0,0.0,,0.0
MOGK-700718 ,5,2024-11-01,True,0.0,0.0,,0.0
MOGK-700718 ,6,2024-12-01,True,0.0,0.0,,0.0
MOGK-700718 ,7,2025-01-01,True,0.0,0.0,,28.0
MOGK-700718 ,8,2025-02-01,True,2.0,28.0,,2.0
MOGK-700718 ,9,2025-03-01,True,0.0,2.0,,0.0
MOGK-700718 ,10,2025-04-01,True,0.0,0.0,,11.0
MOGK-700718 ,11,2025-05-01,True,9.0,11.0,7.0,4.0
MOGK-700718 ,12,2025-06-01,False,5.0,4.0,4.0,
MOGK-7466 ,0,2024-06-01,False,4.0,1.0,,0.0
MOGK-7466 ,1,2024-07-01,False,4.0,0.0,,0.0
MOGK-7466 ,2,2024-08-01,False,4.0,0.0,,0.0
MOGK-7466 ,3,2024-09-01,False,4.0,0.0,,0.0
MOGK-7466 ,4,2024-10-01,False,4.0,0.0,,0.0
MOGK-7466 ,5,2024-11-01,False,4.0,0.0,,0.0
MOGK-7466 ,6,2024-12-01,False,4.0,0.0,,1.0
MOGK-7466 ,7,2025-01-01,False,3.0,1.0,,0.0
MOGK-7466 ,8,2025-02-01,False,3.0,0.0,,0.0
MOGK-7466 ,9,2025-03-01,False,3.0,0.0,,0.0
MOGK-7466 ,10,2025-04-01,False,3.0,0.0,,0.0
MOGK-7466 ,11,2025-05-01,False,3.0,0.0,0.0,0.0
MOGK-7466 ,12,2025-06-01,False,3.0,0.0,0.0,
MOGK-750052 ,0,2024-06-01,True,0.0,0.0,,0.0
MOGK-750052 ,1,2024-07-01,True,0.0,0.0,,0.0
MOGK-750052 ,2,2024-08-01,True,0.0,0.0,,0.0
MOGK-750052 ,3,2024-09-01,True,0.0,0.0,,0.0
MOGK-750052 ,4,2024-10-01,True,0.0,0.0,,0.0
MOGK-750052 ,5,2024-11-01,True,0.0,0.0,,0.0
MOGK-750052 ,6,2024-12-01,True,0.0,0.0,,0.0
MOGK-750052 ,7,2025-01-01,True,0.0,0.0,,0.0
MOGK-750052 ,8,2025-02-01,True,4.0,0.0,,2.0
MOGK-750052 ,9,2025-03-01,False,2.0,2.0,,1.0
MOGK-750052 ,10,2025-04-01,False,1.0,1.0,,0.0
MOGK-750052 ,11,2025-05-01,False,1.0,0.0,1.0,0.0
MOGK-750052 ,12,2025-06-01,False,1.0,0.0,0.0,
MOGK-750074 ,0,2024-06-01,False,4.0,2.0,,0.0
MOGK-750074 ,1,2024-07-01,False,4.0,0.0,,0.0
MOGK-750074 ,2,2024-08-01,False,4.0,0.0,,0.0
MOGK-750074 ,3,2024-09-01,False,4.0,0.0,,0.0
MOGK-750074 ,4,2024-10-01,False,4.0,0.0,,2.0
MOGK-750074 ,5,2024-11-01,False,2.0,2.0,,0.0
MOGK-750074 ,6,2024-12-01,False,2.0,0.0,,0.0
MOGK-750074 ,7,2025-01-01,False,2.0,0.0,,2.0
MOGK-750074 ,8,2025-02-01,False,8.0,2.0,,2.0
MOGK-750074 ,9,2025-03-01,False,6.0,2.0,,0.0
MOGK-750074 ,10,2025-04-01,False,6.0,0.0,,0.0
MOGK-750074 ,11,2025-05-01,False,6.0,0.0,2.0,0.0
MOGK-750074 ,12,2025-06-01,False,6.0,0.0,0.0,
MOGK-750139 ,0,2024-06-01,False,3.0,0.0,,0.0
MOGK-750139 ,1,2024-07-01,False,23.0,0.0,,0.0
MOGK-750139 ,2,2024-08-01,False,23.0,0.0,,0.0
MOGK-750139 ,3,2024-09-01,False,23.0,0.0,,0.0
MOGK-750139 ,4,2024-10-01,False,23.0,0.0,,0.0
MOGK-750139 ,5,2024-11-01,False,23.0,0.0,,0.0
MOGK-750139 ,6,2024-12-01,False,23.0,0.0,,0.0
MOGK-750139 ,7,2025-01-01,False,23.0,0.0,,3.0
MOGK-750139 ,8,2025-02-01,False,20.0,3.0,,0.0
MOGK-750139 ,9,2025-03-01,False,20.0,0.0,,0.0
MOGK-750139 ,10,2025-04-01,False,20.0,0.0,,0.0
MOGK-750139 ,11,2025-05-01,False,20.0,0.0,0.0,0.0
MOGK-750139 ,12,2025-06-01,False,20.0,0.0,0.0,
MOGK-750155 ,0,2024-06-01,False,31.0,0.0,,0.0
MOGK-750155 ,1,2024-07-01,False,31.0,0.0,,2.0
MOGK-750155 ,2,2024-08-01,False,29.0,2.0,,2.0
MOGK-750155 ,3,2024-09-01,False,27.0,2.0,,2.0
MOGK-750155 ,4,2024-10-01,False,25.0,2.0,,2.0
MOGK-750155 ,5,2024-11-01,False,23.0,2.0,,4.0
MOGK-750155 ,6,2024-12-01,False,19.0,4.0,,2.0
MOGK-750155 ,7,2025-01-01,False,17.0,2.0,,2.0
MOGK-750155 ,8,2025-02-01,False,19.0,2.0,,2.0
MOGK-750155 ,9,2025-03-01,False,17.0,2.0,,4.0
MOGK-750155 ,10,2025-04-01,False,13.0,4.0,,2.0
MOGK-750155 ,11,2025-05-01,False,11.0,2.0,2.0,2.0
MOGK-750155 ,12,2025-06-01,False,9.0,2.0,2.0,
MOGK-750185 ,0,2024-06-01,False,4.0,0.0,,0.0
MOGK-750185 ,1,2024-07-01,False,4.0,0.0,,0.0
MOGK-750185 ,2,2024-08-01,False,4.0,0.0,,2.0
MOGK-750185 ,3,2024-09-01,False,2.0,2.0,,0.0
MOGK-750185 ,4,2024-10-01,False,2.0,0.0,,0.0
MOGK-750185 ,5,2024-11-01,False,2.0,0.0,,0.0
MOGK-750185 ,6,2024-12-01,False,2.0,0.0,,0.0
MOGK-750185 ,7,2025-01-01,False,2.0,0.0,,0.0
MOGK-750185 ,8,2025-02-01,False,2.0,0.0,,0.0
MOGK-750185 ,9,2025-03-01,False,2.0,0.0,,0.0
MOGK-750185 ,10,2025-04-01,False,2.0,0.0,,0.0
MOGK-750185 ,11,2025-05-01,False,2.0,0.0,0.0,0.0
MOGK-750185 ,12,2025-06-01,False,2.0,0.0,0.0,
MOGK-750362 ,0,2024-06-01,False,8.0,4.0,,2.0
MOGK-750362 ,1,2024-07-01,False,6.0,2.0,,0.0
MOGK-750362 ,2,2024-08-01,False,6.0,0.0,,0.0
MOGK-750362 ,3,2024-09-01,False,6.0,0.0,,0.0
MOGK-750362 ,4,2024-10-01,False,6.0,0.0,,0.0
MOGK-750362 ,5,2024-11-01,False,6.0,0.0,,2.0
MOGK-750362 ,6,2024-12-01,False,4.0,2.0,,2.0
MOGK-750362 ,7,2025-01-01,False,2.0,2.0,,0.0
MOGK-750362 ,8,2025-02-01,False,22.0,0.0,,4.0
MOGK-750362 ,9,2025-03-01,False,18.0,4.0,,0.0
MOGK-750362 ,10,2025-04-01,False,18.0,0.0,,0.0
MOGK-750362 ,11,2025-05-01,False,18.0,0.0,1.0,2.0
MOGK-750362 ,12,2025-06-01,False,16.0,2.0,1.0,
MOGK-750453 ,0,2024-06-01,False,13.0,2.0,,0.0
MOGK-750453 ,1,2024-07-01,False,13.0,0.0,,2.0
MOGK-750453 ,2,2024-08-01,False,11.0,2.0,,0.0
MOGK-750453 ,3,2024-09-01,False,11.0,0.0,,0.0
MOGK-750453 ,4,2024-10-01,False,11.0,0.0,,0.0
MOGK-750453 ,5,2024-11-01,False,11.0,0.0,,1.0
MOGK-750453 ,6,2024-12-01,False,10.0,1.0,,0.0
MOGK-750453 ,7,2025-01-01,False,10.0,0.0,,0.0
MOGK-750453 ,8,2025-02-01,False,10.0,0.0,,2.0
MOGK-750453 ,9,2025-03-01,False,8.0,2.0,,0.0
MOGK-750453 ,10,2025-04-01,False,8.0,0.0,,0.0
MOGK-750453 ,11,2025-05-01,False,8.0,0.0,0.0,0.0
MOGK-750453 ,12,2025-06-01,False,8.0,0.0,1.0,
MOGK-750511 ,0,2024-06-01,False,2.0,0.0,,0.0
MOGK-750511 ,1,2024-07-01,False,22.0,0.0,,2.0
MOGK-750511 ,2,2024-08-01,False,20.0,2.0,,2.0
MOGK-750511 ,3,2024-09-01,False,18.0,2.0,,0.0
MOGK-750511 ,4,2024-10-01,False,18.0,0.0,,0.0
MOGK-750511 ,5,2024-11-01,False,18.0,0.0,,0.0
MOGK-750511 ,6,2024-12-01,False,18.0,0.0,,0.0
MOGK-750511 ,7,2025-01-01,False,18.0,0.0,,4.0
MOGK-750511 ,8,2025-02-01,False,14.0,4.0,,0.0
MOGK-750511 ,9,2025-03-01,False,14.0,0.0,,2.0
MOGK-750511 ,10,2025-04-01,False,12.0,2.0,,2.0
MOGK-750511 ,11,2025-05-01,False,10.0,2.0,1.0,0.0
MOGK-750511 ,12,2025-06-01,False,10.0,0.0,2.0,
MOGK-750580 ,0,2024-06-01,False,6.0,0.0,,0.0
MOGK-750580 ,1,2024-07-01,False,6.0,0.0,,0.0
MOGK-750580 ,2,2024-08-01,False,6.0,0.0,,0.0
MOGK-750580 ,3,2024-09-01,False,6.0,0.0,,0.0
MOGK-750580 ,4,2024-10-01,False,6.0,0.0,,0.0
MOGK-750580 ,5,2024-11-01,False,6.0,0.0,,0.0
MOGK-750580 ,6,2024-12-01,False,6.0,0.0,,4.0
MOGK-750580 ,7,2025-01-01,False,2.0,4.0,,0.0
MOGK-750580 ,8,2025-02-01,False,2.0,0.0,,0.0
MOGK-750580 ,9,2025-03-01,False,2.0,0.0,,0.0
MOGK-750580 ,10,2025-04-01,False,2.0,0.0,,0.0
MOGK-750580 ,11,2025-05-01,False,2.0,0.0,1.0,0.0
MOGK-750580 ,12,2025-06-01,False,2.0,0.0,1.0,
MOGK-750625 ,0,2024-06-01,False,20.0,0.0,,1.0
MOGK-750625 ,1,2024-07-01,False,19.0,1.0,,2.0
MOGK-750625 ,2,2024-08-01,False,17.0,2.0,,1.0
MOGK-750625 ,3,2024-09-01,False,16.0,1.0,,0.0
MOGK-750625 ,4,2024-10-01,False,16.0,0.0,,1.0
MOGK-750625 ,5,2024-11-01,False,15.0,1.0,,4.0
MOGK-750625 ,6,2024-12-01,False,11.0,4.0,,3.0
MOGK-750625 ,7,2025-01-01,False,8.0,3.0,,1.0
MOGK-750625 ,8,2025-02-01,False,7.0,1.0,,0.0
MOGK-750625 ,9,2025-03-01,False,7.0,0.0,,0.0
MOGK-750625 ,10,2025-04-01,False,7.0,0.0,,3.0
MOGK-750625 ,11,2025-05-01,False,4.0,3.0,2.0,0.0
MOGK-750625 ,12,2025-06-01,False,4.0,0.0,1.0,
MOGK-750626 ,0,2024-06-01,False,25.0,0.0,,1.0
MOGK-750626 ,1,2024-07-01,False,24.0,1.0,,2.0
MOGK-750626 ,2,2024-08-01,False,22.0,2.0,,1.0
MOGK-750626 ,3,2024-09-01,False,21.0,1.0,,0.0
MOGK-750626 ,4,2024-10-01,False,21.0,0.0,,0.0
MOGK-750626 ,5,2024-11-01,False,21.0,0.0,,4.0
MOGK-750626 ,6,2024-12-01,False,17.0,4.0,,4.0
MOGK-750626 ,7,2025-01-01,False,13.0,4.0,,1.0
MOGK-750626 ,8,2025-02-01,False,12.0,1.0,,0.0
MOGK-750626 ,9,2025-03-01,False,12.0,0.0,,0.0
MOGK-750626 ,10,2025-04-01,False,12.0,0.0,,3.0
MOGK-750626 ,11,2025-05-01,False,9.0,3.0,1.0,0.0
MOGK-750626 ,12,2025-06-01,False,9.0,0.0,2.0,
MOGK-750660 ,0,2024-06-01,True,0.0,0.0,,0.0
MOGK-750660 ,1,2024-07-01,True,0.0,0.0,,0.0
MOGK-750660 ,2,2024-08-01,True,0.0,0.0,,0.0
MOGK-750660 ,3,2024-09-01,True,0.0,0.0,,0.0
MOGK-750660 ,4,2024-10-01,True,0.0,0.0,,0.0
MOGK-750660 ,5,2024-11-01,True,0.0,0.0,,0.0
MOGK-750660 ,6,2024-12-01,True,0.0,0.0,,0.0
MOGK-750660 ,7,2025-01-01,True,0.0,0.0,,0.0
MOGK-750660 ,8,2025-02-01,True,20.0,0.0,,0.0
MOGK-750660 ,9,2025-03-01,False,20.0,0.0,,0.0
MOGK-750660 ,10,2025-04-01,False,20.0,0.0,,0.0
MOGK-750660 ,11,2025-05-01,False,20.0,0.0,1.0,2.0
MOGK-750660 ,12,2025-06-01,False,18.0,2.0,1.0,
MOGK-750963 ,0,2024-06-01,False,1.0,0.0,,0.0
MOGK-750963 ,1,2024-07-01,False,1.0,0.0,,0.0
MOGK-750963 ,2,2024-08-01,False,1.0,0.0,,0.0
MOGK-750963 ,3,2024-09-01,False,1.0,0.0,,0.0
MOGK-750963 ,4,2024-10-01,False,21.0,0.0,,0.0
MOGK-750963 ,5,2024-11-01,False,21.0,0.0,,0.0
MOGK-750963 ,6,2024-12-01,False,21.0,0.0,,0.0
MOGK-750963 ,7,2025-01-01,False,21.0,0.0,,3.0
MOGK-750963 ,8,2025-02-01,False,18.0,3.0,,4.0
MOGK-750963 ,9,2025-03-01,False,14.0,4.0,,0.0
MOGK-750963 ,10,2025-04-01,False,14.0,0.0,,0.0
MOGK-750963 ,11,2025-05-01,False,14.0,0.0,1.0,0.0
MOGK-750963 ,12,2025-06-01,False,14.0,0.0,1.0,
MOGK-80029 ,0,2024-06-01,False,3.0,0.0,,0.0
MOGK-80029 ,1,2024-07-01,False,3.0,0.0,,0.0
MOGK-80029 ,2,2024-08-01,False,3.0,0.0,,0.0
MOGK-80029 ,3,2024-09-01,False,3.0,0.0,,2.0
MOGK-80029 ,4,2024-10-01,False,1.0,2.0,,0.0
MOGK-80029 ,5,2024-11-01,False,1.0,0.0,,0.0
MOGK-80029 ,6,2024-12-01,False,1.0,0.0,,0.0
MOGK-80029 ,7,2025-01-01,False,1.0,0.0,,2.0
MOGK-80029 ,8,2025-02-01,False,23.0,2.0,,3.0
MOGK-80029 ,9,2025-03-01,False,20.0,3.0,,0.0
MOGK-80029 ,10,2025-04-01,False,20.0,0.0,,0.0
MOGK-80029 ,11,2025-05-01,False,20.0,0.0,1.0,0.0
MOGK-80029 ,12,2025-06-01,False,20.0,0.0,2.0,
MOGK-80043 ,0,2024-06-01,False,6.0,0.0,,0.0
MOGK-80043 ,1,2024-07-01,False,6.0,0.0,,0.0
MOGK-80043 ,2,2024-08-01,False,6.0,0.0,,0.0
MOGK-80043 ,3,2024-09-01,False,6.0,0.0,,0.0
MOGK-80043 ,4,2024-10-01,False,6.0,0.0,,0.0
MOGK-80043 ,5,2024-11-01,False,6.0,0.0,,0.0
MOGK-80043 ,6,2024-12-01,False,6.0,0.0,,2.0
MOGK-80043 ,7,2025-01-01,False,4.0,2.0,,0.0
MOGK-80043 ,8,2025-02-01,False,4.0,0.0,,0.0
MOGK-80043 ,9,2025-03-01,False,4.0,0.0,,0.0
MOGK-80043 ,10,2025-04-01,False,4.0,0.0,,0.0
MOGK-80043 ,11,2025-05-01,False,4.0,0.0,0.0,0.0
MOGK-80043 ,12,2025-06-01,False,4.0,0.0,0.0,
MOGK-80078 ,0,2024-06-01,False,7.0,0.0,,0.0
MOGK-80078 ,1,2024-07-01,False,7.0,0.0,,0.0
MOGK-80078 ,2,2024-08-01,False,7.0,0.0,,0.0
MOGK-80078 ,3,2024-09-01,False,7.0,0.0,,0.0
MOGK-80078 ,4,2024-10-01,False,7.0,0.0,,0.0
MOGK-80078 ,5,2024-11-01,False,7.0,0.0,,0.0
MOGK-80078 ,6,2024-12-01,False,7.0,0.0,,0.0
MOGK-80078 ,7,2025-01-01,False,7.0,0.0,,0.0
MOGK-80078 ,8,2025-02-01,False,7.0,0.0,,0.0
MOGK-80078 ,9,2025-03-01,False,7.0,0.0,,0.0
MOGK-80078 ,10,2025-04-01,False,7.0,0.0,,1.0
MOGK-80078 ,11,2025-05-01,False,6.0,1.0,0.0,1.0
MOGK-80078 ,12,2025-06-01,False,5.0,1.0,0.0,
MOGK-80096 ,0,2024-06-01,False,18.0,0.0,,0.0
MOGK-80096 ,1,2024-07-01,False,18.0,0.0,,0.0
MOGK-80096 ,2,2024-08-01,False,18.0,0.0,,0.0
MOGK-80096 ,3,2024-09-01,False,18.0,0.0,,5.0
MOGK-80096 ,4,2024-10-01,False,13.0,5.0,,0.0
MOGK-80096 ,5,2024-11-01,False,13.0,0.0,,4.0
MOGK-80096 ,6,2024-12-01,False,9.0,4.0,,3.0
MOGK-80096 ,7,2025-01-01,False,6.0,3.0,,0.0
MOGK-80096 ,8,2025-02-01,False,6.0,0.0,,2.0
MOGK-80096 ,9,2025-03-01,False,4.0,2.0,,4.0
MOGK-80096 ,10,2025-04-01,False,0.0,4.0,,0.0
MOGK-80096 ,11,2025-05-01,True,0.0,0.0,1.0,0.0
MOGK-80096 ,12,2025-06-01,True,0.0,0.0,1.0,
MOGK-80149 ,0,2024-06-01,True,0.0,0.0,,0.0
MOGK-80149 ,1,2024-07-01,True,6.0,0.0,,2.0
MOGK-80149 ,2,2024-08-01,False,4.0,2.0,,0.0
MOGK-80149 ,3,2024-09-01,False,4.0,0.0,,0.0
MOGK-80149 ,4,2024-10-01,False,4.0,0.0,,0.0
MOGK-80149 ,5,2024-11-01,False,4.0,0.0,,0.0
MOGK-80149 ,6,2024-12-01,False,4.0,0.0,,0.0
MOGK-80149 ,7,2025-01-01,False,4.0,0.0,,0.0
MOGK-80149 ,8,2025-02-01,False,8.0,0.0,,4.0
MOGK-80149 ,9,2025-03-01,False,4.0,4.0,,3.0
MOGK-80149 ,10,2025-04-01,False,1.0,3.0,,0.0
MOGK-80149 ,11,2025-05-01,False,1.0,0.0,1.0,0.0
MOGK-80149 ,12,2025-06-01,False,1.0,0.0,1.0,
MOGK-80239 ,0,2024-06-01,False,6.0,0.0,,0.0
MOGK-80239 ,1,2024-07-01,False,6.0,0.0,,2.0
MOGK-80239 ,2,2024-08-01,False,4.0,2.0,,2.0
MOGK-80239 ,3,2024-09-01,False,2.0,2.0,,0.0
MOGK-80239 ,4,2024-10-01,False,2.0,0.0,,0.0
MOGK-80239 ,5,2024-11-01,False,2.0,0.0,,0.0
MOGK-80239 ,6,2024-12-01,False,2.0,0.0,,0.0
MOGK-80239 ,7,2025-01-01,False,2.0,0.0,,0.0
MOGK-80239 ,8,2025-02-01,False,12.0,0.0,,0.0
MOGK-80239 ,9,2025-03-01,False,12.0,0.0,,0.0
MOGK-80239 ,10,2025-04-01,False,12.0,0.0,,0.0
MOGK-80239 ,11,2025-05-01,False,12.0,0.0,0.0,0.0
MOGK-80239 ,12,2025-06-01,False,12.0,0.0,1.0,
MOGK-80669 ,0,2024-06-01,True,0.0,0.0,,0.0
MOGK-80669 ,1,2024-07-01,True,12.0,0.0,,2.0
MOGK-80669 ,2,2024-08-01,False,10.0,2.0,,1.0
MOGK-80669 ,3,2024-09-01,False,9.0,1.0,,4.0
MOGK-80669 ,4,2024-10-01,False,5.0,4.0,,2.0
MOGK-80669 ,5,2024-11-01,False,3.0,2.0,,2.0
MOGK-80669 ,6,2024-12-01,False,1.0,2.0,,0.0
MOGK-80669 ,7,2025-01-01,False,1.0,0.0,,0.0
MOGK-80669 ,8,2025-02-01,False,1.0,0.0,,0.0
MOGK-80669 ,9,2025-03-01,False,1.0,0.0,,0.0
MOGK-80669 ,10,2025-04-01,False,1.0,0.0,,0.0
MOGK-80669 ,11,2025-05-01,False,7.0,0.0,1.0,2.0
MOGK-80669 ,12,2025-06-01,False,5.0,2.0,2.0,
MOGK-80670 ,0,2024-06-01,True,0.0,0.0,,0.0
MOGK-80670 ,1,2024-07-01,True,12.0,0.0,,2.0
MOGK-80670 ,2,2024-08-01,False,10.0,2.0,,2.0
MOGK-80670 ,3,2024-09-01,False,8.0,2.0,,2.0
MOGK-80670 ,4,2024-10-01,False,6.0,2.0,,2.0
MOGK-80670 ,5,2024-11-01,False,4.0,2.0,,2.0
MOGK-80670 ,6,2024-12-01,False,2.0,2.0,,0.0
MOGK-80670 ,7,2025-01-01,False,2.0,0.0,,0.0
MOGK-80670 ,8,2025-02-01,False,2.0,0.0,,0.0
MOGK-80670 ,9,2025-03-01,False,2.0,0.0,,0.0
MOGK-80670 ,10,2025-04-01,False,2.0,0.0,,0.0
MOGK-80670 ,11,2025-05-01,False,2.0,0.0,0.0,0.0
MOGK-80670 ,12,2025-06-01,False,2.0,0.0,1.0,
MOGK-80772 ,0,2024-06-01,False,8.0,0.0,,0.0
MOGK-80772 ,1,2024-07-01,False,8.0,0.0,,1.0
MOGK-80772 ,2,2024-08-01,False,7.0,1.0,,1.0
MOGK-80772 ,3,2024-09-01,False,6.0,1.0,,2.0
MOGK-80772 ,4,2024-10-01,False,4.0,2.0,,1.0
MOGK-80772 ,5,2024-11-01,False,3.0,1.0,,2.0
MOGK-80772 ,6,2024-12-01,False,1.0,2.0,,0.0
MOGK-80772 ,7,2025-01-01,False,1.0,0.0,,0.0
MOGK-80772 ,8,2025-02-01,False,1.0,0.0,,0.0
MOGK-80772 ,9,2025-03-01,False,1.0,0.0,,0.0
MOGK-80772 ,10,2025-04-01,False,1.0,0.0,,0.0
MOGK-80772 ,11,2025-05-01,False,11.0,0.0,1.0,1.0
MOGK-80772 ,12,2025-06-01,False,10.0,1.0,1.0,
MOGK-80774 ,0,2024-06-01,True,1.0,0.0,,0.0
MOGK-80774 ,1,2024-07-01,True,1.0,0.0,,0.0
MOGK-80774 ,2,2024-08-01,True,1.0,0.0,,0.0
MOGK-80774 ,3,2024-09-01,True,1.0,0.0,,3.0
MOGK-80774 ,4,2024-10-01,True,58.0,3.0,,6.0
MOGK-80774 ,5,2024-11-01,False,52.0,6.0,,9.0
MOGK-80774 ,6,2024-12-01,False,43.0,9.0,,5.0
MOGK-80774 ,7,2025-01-01,False,38.0,5.0,,6.0
MOGK-80774 ,8,2025-02-01,False,32.0,6.0,,5.0
MOGK-80774 ,9,2025-03-01,False,27.0,5.0,,1.0
MOGK-80774 ,10,2025-04-01,False,26.0,1.0,,3.0
MOGK-80774 ,11,2025-05-01,False,23.0,3.0,3.0,0.0
MOGK-80774 ,12,2025-06-01,False,23.0,0.0,1.0,
MOGK-80812 ,0,2024-06-01,False,2.0,0.0,,0.0
MOGK-80812 ,1,2024-07-01,False,2.0,0.0,,0.0
MOGK-80812 ,2,2024-08-01,False,2.0,0.0,,1.0
MOGK-80812 ,3,2024-09-01,False,1.0,1.0,,0.0
MOGK-80812 ,4,2024-10-01,False,1.0,0.0,,0.0
MOGK-80812 ,5,2024-11-01,False,1.0,0.0,,0.0
MOGK-80812 ,6,2024-12-01,False,1.0,0.0,,1.0
MOGK-80812 ,7,2025-01-01,False,0.0,1.0,,0.0
MOGK-80812 ,8,2025-02-01,True,0.0,0.0,,0.0
MOGK-80812 ,9,2025-03-01,True,0.0,0.0,,0.0
MOGK-80812 ,10,2025-04-01,True,0.0,0.0,,0.0
MOGK-80812 ,11,2025-05-01,True,0.0,0.0,0.0,0.0
MOGK-80812 ,12,2025-06-01,True,0.0,0.0,0.0,
MOGK-80996 ,0,2024-06-01,False,2.0,0.0,,0.0
MOGK-80996 ,1,2024-07-01,False,2.0,0.0,,0.0
MOGK-80996 ,2,2024-08-01,False,12.0,0.0,,0.0
MOGK-80996 ,3,2024-09-01,False,12.0,0.0,,0.0
MOGK-80996 ,4,2024-10-01,False,12.0,0.0,,2.0
MOGK-80996 ,5,2024-11-01,False,10.0,2.0,,1.0
MOGK-80996 ,6,2024-12-01,False,9.0,1.0,,0.0
MOGK-80996 ,7,2025-01-01,False,9.0,0.0,,0.0
MOGK-80996 ,8,2025-02-01,False,9.0,0.0,,0.0
MOGK-80996 ,9,2025-03-01,False,9.0,0.0,,0.0
MOGK-80996 ,10,2025-04-01,False,9.0,0.0,,2.0
MOGK-80996 ,11,2025-05-01,False,7.0,2.0,1.0,1.0
MOGK-80996 ,12,2025-06-01,False,6.0,1.0,1.0,
MOGK-8259 ,0,2024-06-01,False,6.0,0.0,,0.0
MOGK-8259 ,1,2024-07-01,False,6.0,0.0,,0.0
MOGK-8259 ,2,2024-08-01,False,6.0,0.0,,0.0
MOGK-8259 ,3,2024-09-01,False,6.0,0.0,,0.0
MOGK-8259 ,4,2024-10-01,False,6.0,0.0,,0.0
MOGK-8259 ,5,2024-11-01,False,6.0,0.0,,0.0
MOGK-8259 ,6,2024-12-01,False,6.0,0.0,,0.0
MOGK-8259 ,7,2025-01-01,False,6.0,0.0,,0.0
MOGK-8259 ,8,2025-02-01,False,6.0,0.0,,0.0
MOGK-8259 ,9,2025-03-01,False,6.0,0.0,,2.0
MOGK-8259 ,10,2025-04-01,False,4.0,2.0,,0.0
MOGK-8259 ,11,2025-05-01,False,4.0,0.0,0.0,0.0
MOGK-8259 ,12,2025-06-01,False,4.0,0.0,0.0,
MOGK-8276 ,0,2024-06-01,False,8.0,0.0,,0.0
MOGK-8276 ,1,2024-07-01,False,8.0,0.0,,0.0
MOGK-8276 ,2,2024-08-01,False,8.0,0.0,,0.0
MOGK-8276 ,3,2024-09-01,False,8.0,0.0,,0.0
MOGK-8276 ,4,2024-10-01,False,8.0,0.0,,0.0
MOGK-8276 ,5,2024-11-01,False,8.0,0.0,,0.0
MOGK-8276 ,6,2024-12-01,False,8.0,0.0,,0.0
MOGK-8276 ,7,2025-01-01,False,8.0,0.0,,0.0
MOGK-8276 ,8,2025-02-01,False,8.0,0.0,,0.0
MOGK-8276 ,9,2025-03-01,False,8.0,0.0,,2.0
MOGK-8276 ,10,2025-04-01,False,6.0,2.0,,0.0
MOGK-8276 ,11,2025-05-01,False,6.0,0.0,0.0,0.0
MOGK-8276 ,12,2025-06-01,False,6.0,0.0,0.0,
MOGK-8297 ,0,2024-06-01,False,3.0,2.0,,0.0
MOGK-8297 ,1,2024-07-01,False,3.0,0.0,,0.0
MOGK-8297 ,2,2024-08-01,False,3.0,0.0,,0.0
MOGK-8297 ,3,2024-09-01,False,3.0,0.0,,0.0
MOGK-8297 ,4,2024-10-01,False,3.0,0.0,,0.0
MOGK-8297 ,5,2024-11-01,False,3.0,0.0,,0.0
MOGK-8297 ,6,2024-12-01,False,3.0,0.0,,0.0
MOGK-8297 ,7,2025-01-01,False,3.0,0.0,,2.0
MOGK-8297 ,8,2025-02-01,False,5.0,2.0,,2.0
MOGK-8297 ,9,2025-03-01,False,3.0,2.0,,0.0
MOGK-8297 ,10,2025-04-01,False,3.0,0.0,,0.0
MOGK-8297 ,11,2025-05-01,False,3.0,0.0,0.0,0.0
MOGK-8297 ,12,2025-06-01,False,3.0,0.0,0.0,
MOGK-8361 ,0,2024-06-01,False,1.0,0.0,,0.0
MOGK-8361 ,1,2024-07-01,False,1.0,0.0,,0.0
MOGK-8361 ,2,2024-08-01,False,1.0,0.0,,0.0
MOGK-8361 ,3,2024-09-01,False,1.0,0.0,,0.0
MOGK-8361 ,4,2024-10-01,False,1.0,0.0,,0.0
MOGK-8361 ,5,2024-11-01,False,1.0,0.0,,0.0
MOGK-8361 ,6,2024-12-01,False,1.0,0.0,,1.0
MOGK-8361 ,7,2025-01-01,False,0.0,1.0,,0.0
MOGK-8361 ,8,2025-02-01,True,0.0,0.0,,0.0
MOGK-8361 ,9,2025-03-01,True,0.0,0.0,,0.0
MOGK-8361 ,10,2025-04-01,True,0.0,0.0,,0.0
MOGK-8361 ,11,2025-05-01,True,0.0,0.0,0.0,0.0
MOGK-8361 ,12,2025-06-01,True,0.0,0.0,0.0,
MOGK-8607 ,0,2024-06-01,False,10.0,0.0,,0.0
MOGK-8607 ,1,2024-07-01,False,10.0,0.0,,0.0
MOGK-8607 ,2,2024-08-01,False,10.0,0.0,,0.0
MOGK-8607 ,3,2024-09-01,False,10.0,0.0,,1.0
MOGK-8607 ,4,2024-10-01,False,9.0,1.0,,0.0
MOGK-8607 ,5,2024-11-01,False,9.0,0.0,,0.0
MOGK-8607 ,6,2024-12-01,False,9.0,0.0,,0.0
MOGK-8607 ,7,2025-01-01,False,9.0,0.0,,0.0
MOGK-8607 ,8,2025-02-01,False,9.0,0.0,,0.0
MOGK-8607 ,9,2025-03-01,False,9.0,0.0,,0.0
MOGK-8607 ,10,2025-04-01,False,9.0,0.0,,0.0
MOGK-8607 ,11,2025-05-01,False,9.0,0.0,0.0,0.0
MOGK-8607 ,12,2025-06-01,False,9.0,0.0,0.0,
MOGK-8637 ,0,2024-06-01,False,5.0,0.0,,0.0
MOGK-8637 ,1,2024-07-01,False,5.0,0.0,,0.0
MOGK-8637 ,2,2024-08-01,False,5.0,0.0,,0.0
MOGK-8637 ,3,2024-09-01,False,5.0,0.0,,2.0
MOGK-8637 ,4,2024-10-01,False,3.0,2.0,,0.0
MOGK-8637 ,5,2024-11-01,False,3.0,0.0,,0.0
MOGK-8637 ,6,2024-12-01,False,3.0,0.0,,0.0
MOGK-8637 ,7,2025-01-01,False,3.0,0.0,,1.0
MOGK-8637 ,8,2025-02-01,False,2.0,1.0,,0.0
MOGK-8637 ,9,2025-03-01,False,2.0,0.0,,0.0
MOGK-8637 ,10,2025-04-01,False,2.0,0.0,,0.0
MOGK-8637 ,11,2025-05-01,False,2.0,0.0,1.0,0.0
MOGK-8637 ,12,2025-06-01,False,2.0,0.0,0.0,
MOGK-8703 ,0,2024-06-01,True,1.0,0.0,,0.0
MOGK-8703 ,1,2024-07-01,True,1.0,0.0,,0.0
MOGK-8703 ,2,2024-08-01,True,1.0,0.0,,0.0
MOGK-8703 ,3,2024-09-01,True,1.0,0.0,,2.0
MOGK-8703 ,4,2024-10-01,True,19.0,2.0,,1.0
MOGK-8703 ,5,2024-11-01,False,18.0,1.0,,3.0
MOGK-8703 ,6,2024-12-01,False,15.0,3.0,,4.0
MOGK-8703 ,7,2025-01-01,False,11.0,4.0,,2.0
MOGK-8703 ,8,2025-02-01,False,9.0,2.0,,0.0
MOGK-8703 ,9,2025-03-01,False,9.0,0.0,,2.0
MOGK-8703 ,10,2025-04-01,False,7.0,2.0,,0.0
MOGK-8703 ,11,2025-05-01,False,7.0,0.0,2.0,0.0
MOGK-8703 ,12,2025-06-01,False,7.0,0.0,2.0,
MOGK-8764 ,0,2024-06-01,True,0.0,0.0,,0.0
MOGK-8764 ,1,2024-07-01,True,4.0,0.0,,4.0
MOGK-8764 ,2,2024-08-01,False,0.0,4.0,,0.0
MOGK-8764 ,3,2024-09-01,True,0.0,0.0,,0.0
MOGK-8764 ,4,2024-10-01,True,0.0,0.0,,0.0
MOGK-8764 ,5,2024-11-01,True,0.0,0.0,,0.0
MOGK-8764 ,6,2024-12-01,True,0.0,0.0,,0.0
MOGK-8764 ,7,2025-01-01,True,0.0,0.0,,4.0
MOGK-8764 ,8,2025-02-01,True,2.0,4.0,,0.0
MOGK-8764 ,9,2025-03-01,False,2.0,0.0,,0.0
MOGK-8764 ,10,2025-04-01,False,2.0,0.0,,0.0
MOGK-8764 ,11,2025-05-01,False,2.0,0.0,1.0,2.0
MOGK-8764 ,12,2025-06-01,False,0.0,2.0,0.0,
MOGK-8802 ,0,2024-06-01,False,4.0,0.0,,0.0
MOGK-8802 ,1,2024-07-01,False,4.0,0.0,,0.0
MOGK-8802 ,2,2024-08-01,False,4.0,0.0,,0.0
MOGK-8802 ,3,2024-09-01,False,4.0,0.0,,0.0
MOGK-8802 ,4,2024-10-01,False,4.0,0.0,,0.0
MOGK-8802 ,5,2024-11-01,False,4.0,0.0,,0.0
MOGK-8802 ,6,2024-12-01,False,4.0,0.0,,0.0
MOGK-8802 ,7,2025-01-01,False,4.0,0.0,,0.0
MOGK-8802 ,8,2025-02-01,False,4.0,0.0,,0.0
MOGK-8802 ,9,2025-03-01,False,4.0,0.0,,1.0
MOGK-8802 ,10,2025-04-01,False,3.0,1.0,,0.0
MOGK-8802 ,11,2025-05-01,False,3.0,0.0,0.0,0.0
MOGK-8802 ,12,2025-06-01,False,3.0,0.0,0.0,
MOGK-8837 ,0,2024-06-01,False,4.0,0.0,,2.0
MOGK-8837 ,1,2024-07-01,False,48.0,2.0,,6.0
MOGK-8837 ,2,2024-08-01,False,42.0,6.0,,2.0
MOGK-8837 ,3,2024-09-01,False,40.0,2.0,,4.0
MOGK-8837 ,4,2024-10-01,False,36.0,4.0,,4.0
MOGK-8837 ,5,2024-11-01,False,32.0,4.0,,2.0
MOGK-8837 ,6,2024-12-01,False,30.0,2.0,,0.0
MOGK-8837 ,7,2025-01-01,False,30.0,0.0,,3.0
MOGK-8837 ,8,2025-02-01,False,27.0,3.0,,0.0
MOGK-8837 ,9,2025-03-01,False,27.0,0.0,,0.0
MOGK-8837 ,10,2025-04-01,False,27.0,0.0,,2.0
MOGK-8837 ,11,2025-05-01,False,25.0,2.0,5.0,2.0
MOGK-8837 ,12,2025-06-01,False,23.0,2.0,2.0,
MOGPM-105E ,0,2024-06-01,False,285.0,0.0,,0.0
MOGPM-105E ,1,2024-07-01,False,285.0,0.0,,1.0
MOGPM-105E ,2,2024-08-01,False,284.0,1.0,,0.0
MOGPM-105E ,3,2024-09-01,False,284.0,0.0,,0.0
MOGPM-105E ,4,2024-10-01,False,284.0,0.0,,0.0
MOGPM-105E ,5,2024-11-01,False,284.0,0.0,,0.0
MOGPM-105E ,6,2024-12-01,False,284.0,0.0,,0.0
MOGPM-105E ,7,2025-01-01,False,284.0,0.0,,0.0
MOGPM-105E ,8,2025-02-01,False,284.0,0.0,,0.0
MOGPM-105E ,9,2025-03-01,False,284.0,0.0,,0.0
MOGPM-105E ,10,2025-04-01,False,284.0,0.0,,0.0
MOGPM-105E ,11,2025-05-01,False,284.0,0.0,0.0,0.0
MOGPM-105E ,12,2025-06-01,False,284.0,0.0,0.0,
MOGRK-620054 ,0,2024-06-01,True,0.0,0.0,,0.0
MOGRK-620054 ,1,2024-07-01,True,0.0,0.0,,0.0
MOGRK-620054 ,2,2024-08-01,True,2.0,0.0,,0.0
MOGRK-620054 ,3,2024-09-01,False,2.0,0.0,,2.0
MOGRK-620054 ,4,2024-10-01,False,0.0,2.0,,0.0
MOGRK-620054 ,5,2024-11-01,True,0.0,0.0,,0.0
MOGRK-620054 ,6,2024-12-01,True,0.0,0.0,,0.0
MOGRK-620054 ,7,2025-01-01,True,0.0,0.0,,4.0
MOGRK-620054 ,8,2025-02-01,True,2.0,4.0,,2.0
MOGRK-620054 ,9,2025-03-01,False,0.0,2.0,,0.0
MOGRK-620054 ,10,2025-04-01,True,0.0,0.0,,0.0
MOGRK-620054 ,11,2025-05-01,True,0.0,0.0,0.0,0.0
MOGRK-620054 ,12,2025-06-01,True,0.0,0.0,0.0,
MOGRK-620218 ,0,2024-06-01,True,0.0,0.0,,0.0
MOGRK-620218 ,1,2024-07-01,True,0.0,0.0,,0.0
MOGRK-620218 ,2,2024-08-01,True,0.0,0.0,,0.0
MOGRK-620218 ,3,2024-09-01,True,0.0,0.0,,0.0
MOGRK-620218 ,4,2024-10-01,True,4.0,0.0,,0.0
MOGRK-620218 ,5,2024-11-01,False,4.0,0.0,,1.0
MOGRK-620218 ,6,2024-12-01,False,3.0,1.0,,2.0
MOGRK-620218 ,7,2025-01-01,False,1.0,2.0,,0.0
MOGRK-620218 ,8,2025-02-01,False,1.0,0.0,,1.0
MOGRK-620218 ,9,2025-03-01,False,0.0,1.0,,0.0
MOGRK-620218 ,10,2025-04-01,True,0.0,0.0,,0.0
MOGRK-620218 ,11,2025-05-01,True,0.0,0.0,0.0,0.0
MOGRK-620218 ,12,2025-06-01,True,0.0,0.0,0.0,
MOGRK-620219 ,0,2024-06-01,True,0.0,0.0,,0.0
MOGRK-620219 ,1,2024-07-01,True,0.0,0.0,,0.0
MOGRK-620219 ,2,2024-08-01,True,0.0,0.0,,0.0
MOGRK-620219 ,3,2024-09-01,True,0.0,0.0,,0.0
MOGRK-620219 ,4,2024-10-01,True,4.0,0.0,,0.0
MOGRK-620219 ,5,2024-11-01,False,4.0,0.0,,1.0
MOGRK-620219 ,6,2024-12-01,False,3.0,1.0,,0.0
MOGRK-620219 ,7,2025-01-01,False,3.0,0.0,,0.0
MOGRK-620219 ,8,2025-02-01,False,3.0,0.0,,0.0
MOGRK-620219 ,9,2025-03-01,False,3.0,0.0,,0.0
MOGRK-620219 ,10,2025-04-01,False,3.0,0.0,,0.0
MOGRK-620219 ,11,2025-05-01,False,3.0,0.0,0.0,0.0
MOGRK-620219 ,12,2025-06-01,False,3.0,0.0,0.0,
MOGRK-620486 ,0,2024-06-01,False,1.0,0.0,,0.0
MOGRK-620486 ,1,2024-07-01,False,1.0,0.0,,0.0
MOGRK-620486 ,2,2024-08-01,False,1.0,0.0,,0.0
MOGRK-620486 ,3,2024-09-01,False,1.0,0.0,,0.0
MOGRK-620486 ,4,2024-10-01,False,7.0,0.0,,0.0
MOGRK-620486 ,5,2024-11-01,False,7.0,0.0,,0.0
MOGRK-620486 ,6,2024-12-01,False,7.0,0.0,,0.0
MOGRK-620486 ,7,2025-01-01,False,7.0,0.0,,0.0
MOGRK-620486 ,8,2025-02-01,False,7.0,0.0,,0.0
MOGRK-620486 ,9,2025-03-01,False,7.0,0.0,,0.0
MOGRK-620486 ,10,2025-04-01,False,7.0,0.0,,2.0
MOGRK-620486 ,11,2025-05-01,False,5.0,2.0,1.0,1.0
MOGRK-620486 ,12,2025-06-01,False,4.0,1.0,1.0,
MOGRK-620487 ,0,2024-06-01,True,0.0,0.0,,0.0
MOGRK-620487 ,1,2024-07-01,True,0.0,0.0,,0.0
MOGRK-620487 ,2,2024-08-01,True,0.0,0.0,,0.0
MOGRK-620487 ,3,2024-09-01,True,0.0,0.0,,0.0
MOGRK-620487 ,4,2024-10-01,True,6.0,0.0,,0.0
MOGRK-620487 ,5,2024-11-01,False,6.0,0.0,,0.0
MOGRK-620487 ,6,2024-12-01,False,6.0,0.0,,0.0
MOGRK-620487 ,7,2025-01-01,False,6.0,0.0,,0.0
MOGRK-620487 ,8,2025-02-01,False,6.0,0.0,,0.0
MOGRK-620487 ,9,2025-03-01,False,6.0,0.0,,0.0
MOGRK-620487 ,10,2025-04-01,False,6.0,0.0,,2.0
MOGRK-620487 ,11,2025-05-01,False,4.0,2.0,0.0,1.0
MOGRK-620487 ,12,2025-06-01,False,3.0,1.0,1.0,
MOGRK-620719 ,0,2024-06-01,True,0.0,0.0,,0.0
MOGRK-620719 ,1,2024-07-01,True,0.0,0.0,,0.0
MOGRK-620719 ,2,2024-08-01,True,2.0,0.0,,0.0
MOGRK-620719 ,3,2024-09-01,False,2.0,0.0,,1.0
MOGRK-620719 ,4,2024-10-01,False,1.0,1.0,,0.0
MOGRK-620719 ,5,2024-11-01,False,1.0,0.0,,0.0
MOGRK-620719 ,6,2024-12-01,False,1.0,0.0,,0.0
MOGRK-620719 ,7,2025-01-01,False,1.0,0.0,,0.0
MOGRK-620719 ,8,2025-02-01,False,1.0,0.0,,0.0
MOGRK-620719 ,9,2025-03-01,False,1.0,0.0,,0.0
MOGRK-620719 ,10,2025-04-01,False,1.0,0.0,,0.0
MOGRK-620719 ,11,2025-05-01,False,1.0,0.0,0.0,0.0
MOGRK-620719 ,12,2025-06-01,False,1.0,0.0,0.0,
MOGRK-620720 ,0,2024-06-01,True,0.0,0.0,,0.0
MOGRK-620720 ,1,2024-07-01,True,0.0,0.0,,0.0
MOGRK-620720 ,2,2024-08-01,True,2.0,0.0,,0.0
MOGRK-620720 ,3,2024-09-01,False,2.0,0.0,,1.0
MOGRK-620720 ,4,2024-10-01,False,1.0,1.0,,0.0
MOGRK-620720 ,5,2024-11-01,False,1.0,0.0,,0.0
MOGRK-620720 ,6,2024-12-01,False,1.0,0.0,,0.0
MOGRK-620720 ,7,2025-01-01,False,1.0,0.0,,0.0
MOGRK-620720 ,8,2025-02-01,False,1.0,0.0,,0.0
MOGRK-620720 ,9,2025-03-01,False,1.0,0.0,,0.0
MOGRK-620720 ,10,2025-04-01,False,1.0,0.0,,0.0
MOGRK-620720 ,11,2025-05-01,False,1.0,0.0,0.0,0.0
MOGRK-620720 ,12,2025-06-01,False,1.0,0.0,0.0,
MOGRK-621233 ,0,2024-06-01,False,7.0,1.0,,0.0
MOGRK-621233 ,1,2024-07-01,False,7.0,0.0,,0.0
MOGRK-621233 ,2,2024-08-01,False,7.0,0.0,,1.0
MOGRK-621233 ,3,2024-09-01,False,6.0,1.0,,0.0
MOGRK-621233 ,4,2024-10-01,False,6.0,0.0,,2.0
MOGRK-621233 ,5,2024-11-01,False,4.0,2.0,,1.0
MOGRK-621233 ,6,2024-12-01,False,3.0,1.0,,0.0
MOGRK-621233 ,7,2025-01-01,False,3.0,0.0,,0.0
MOGRK-621233 ,8,2025-02-01,False,3.0,0.0,,0.0
MOGRK-621233 ,9,2025-03-01,False,3.0,0.0,,0.0
MOGRK-621233 ,10,2025-04-01,False,3.0,0.0,,0.0
MOGRK-621233 ,11,2025-05-01,False,7.0,0.0,1.0,0.0
MOGRK-621233 ,12,2025-06-01,False,7.0,0.0,0.0,
MOGRK-621234 ,0,2024-06-01,False,7.0,1.0,,0.0
MOGRK-621234 ,1,2024-07-01,False,7.0,0.0,,2.0
MOGRK-621234 ,2,2024-08-01,False,5.0,2.0,,1.0
MOGRK-621234 ,3,2024-09-01,False,4.0,1.0,,0.0
MOGRK-621234 ,4,2024-10-01,False,4.0,0.0,,2.0
MOGRK-621234 ,5,2024-11-01,False,2.0,2.0,,0.0
MOGRK-621234 ,6,2024-12-01,False,2.0,0.0,,0.0
MOGRK-621234 ,7,2025-01-01,False,2.0,0.0,,0.0
MOGRK-621234 ,8,2025-02-01,False,2.0,0.0,,0.0
MOGRK-621234 ,9,2025-03-01,False,2.0,0.0,,0.0
MOGRK-621234 ,10,2025-04-01,False,2.0,0.0,,0.0
MOGRK-621234 ,11,2025-05-01,False,8.0,0.0,1.0,0.0
MOGRK-621234 ,12,2025-06-01,False,8.0,0.0,0.0,
MOGRK-621355 ,0,2024-06-01,True,0.0,0.0,,0.0
MOGRK-621355 ,1,2024-07-01,True,0.0,0.0,,0.0
MOGRK-621355 ,2,2024-08-01,True,0.0,0.0,,0.0
MOGRK-621355 ,3,2024-09-01,True,0.0,0.0,,0.0
MOGRK-621355 ,4,2024-10-01,True,5.0,0.0,,0.0
MOGRK-621355 ,5,2024-11-01,False,5.0,0.0,,0.0
MOGRK-621355 ,6,2024-12-01,False,5.0,0.0,,0.0
MOGRK-621355 ,7,2025-01-01,False,5.0,0.0,,1.0
MOGRK-621355 ,8,2025-02-01,False,4.0,1.0,,0.0
MOGRK-621355 ,9,2025-03-01,False,4.0,0.0,,0.0
MOGRK-621355 ,10,2025-04-01,False,4.0,0.0,,0.0
MOGRK-621355 ,11,2025-05-01,False,4.0,0.0,0.0,0.0
MOGRK-621355 ,12,2025-06-01,False,4.0,0.0,0.0,
MOGRK-622128 ,0,2024-06-01,True,0.0,0.0,,0.0
MOGRK-622128 ,1,2024-07-01,True,0.0,0.0,,0.0
MOGRK-622128 ,2,2024-08-01,True,0.0,0.0,,0.0
MOGRK-622128 ,3,2024-09-01,True,0.0,0.0,,0.0
MOGRK-622128 ,4,2024-10-01,True,20.0,0.0,,0.0
MOGRK-622128 ,5,2024-11-01,False,20.0,0.0,,4.0
MOGRK-622128 ,6,2024-12-01,False,16.0,4.0,,3.0
MOGRK-622128 ,7,2025-01-01,False,13.0,3.0,,2.0
MOGRK-622128 ,8,2025-02-01,False,11.0,2.0,,2.0
MOGRK-622128 ,9,2025-03-01,False,9.0,2.0,,2.0
MOGRK-622128 ,10,2025-04-01,False,7.0,2.0,,3.0
MOGRK-622128 ,11,2025-05-01,False,4.0,3.0,2.0,0.0
MOGRK-622128 ,12,2025-06-01,False,4.0,0.0,1.0,
MOGRK-622918 ,0,2024-06-01,True,0.0,0.0,,0.0
MOGRK-622918 ,1,2024-07-01,True,2.0,0.0,,0.0
MOGRK-622918 ,2,2024-08-01,False,2.0,0.0,,0.0
MOGRK-622918 ,3,2024-09-01,False,2.0,0.0,,0.0
MOGRK-622918 ,4,2024-10-01,False,2.0,0.0,,0.0
MOGRK-622918 ,5,2024-11-01,False,2.0,0.0,,0.0
MOGRK-622918 ,6,2024-12-01,False,2.0,0.0,,0.0
MOGRK-622918 ,7,2025-01-01,False,2.0,0.0,,0.0
MOGRK-622918 ,8,2025-02-01,False,2.0,0.0,,0.0
MOGRK-622918 ,9,2025-03-01,False,2.0,0.0,,0.0
MOGRK-622918 ,10,2025-04-01,False,2.0,0.0,,1.0
MOGRK-622918 ,11,2025-05-01,False,1.0,1.0,0.0,0.0
MOGRK-622918 ,12,2025-06-01,False,1.0,0.0,0.0,
MOGRK-622919 ,0,2024-06-01,True,0.0,0.0,,0.0
MOGRK-622919 ,1,2024-07-01,True,2.0,0.0,,0.0
MOGRK-622919 ,2,2024-08-01,False,2.0,0.0,,0.0
MOGRK-622919 ,3,2024-09-01,False,2.0,0.0,,0.0
MOGRK-622919 ,4,2024-10-01,False,2.0,0.0,,0.0
MOGRK-622919 ,5,2024-11-01,False,2.0,0.0,,0.0
MOGRK-622919 ,6,2024-12-01,False,2.0,0.0,,0.0
MOGRK-622919 ,7,2025-01-01,False,2.0,0.0,,0.0
MOGRK-622919 ,8,2025-02-01,False,2.0,0.0,,0.0
MOGRK-622919 ,9,2025-03-01,False,2.0,0.0,,0.0
MOGRK-622919 ,10,2025-04-01,False,2.0,0.0,,1.0
MOGRK-622919 ,11,2025-05-01,False,1.0,1.0,0.0,0.0
MOGRK-622919 ,12,2025-06-01,False,1.0,0.0,0.0,
MOGRK-623125 ,0,2024-06-01,True,38.0,2.0,,4.0
MOGRK-623125 ,1,2024-07-01,False,44.0,4.0,,3.0
MOGRK-623125 ,2,2024-08-01,False,41.0,3.0,,10.0
MOGRK-623125 ,3,2024-09-01,False,31.0,10.0,,4.0
MOGRK-623125 ,4,2024-10-01,False,27.0,4.0,,6.0
MOGRK-623125 ,5,2024-11-01,False,21.0,6.0,,7.0
MOGRK-623125 ,6,2024-12-01,False,14.0,7.0,,2.0
MOGRK-623125 ,7,2025-01-01,False,12.0,2.0,,4.0
MOGRK-623125 ,8,2025-02-01,False,8.0,4.0,,5.0
MOGRK-623125 ,9,2025-03-01,False,22.0,5.0,,3.0
MOGRK-623125 ,10,2025-04-01,False,19.0,3.0,,4.0
MOGRK-623125 ,11,2025-05-01,False,15.0,4.0,4.0,0.0
MOGRK-623125 ,12,2025-06-01,False,15.0,0.0,3.0,
MOGRK-623126 ,0,2024-06-01,True,39.0,1.0,,5.0
MOGRK-623126 ,1,2024-07-01,False,44.0,5.0,,2.0
MOGRK-623126 ,2,2024-08-01,False,42.0,2.0,,11.0
MOGRK-623126 ,3,2024-09-01,False,31.0,11.0,,3.0
MOGRK-623126 ,4,2024-10-01,False,28.0,3.0,,5.0
MOGRK-623126 ,5,2024-11-01,False,23.0,5.0,,8.0
MOGRK-623126 ,6,2024-12-01,False,15.0,8.0,,1.0
MOGRK-623126 ,7,2025-01-01,False,14.0,1.0,,3.0
MOGRK-623126 ,8,2025-02-01,False,11.0,3.0,,5.0
MOGRK-623126 ,9,2025-03-01,False,25.0,5.0,,4.0
MOGRK-623126 ,10,2025-04-01,False,21.0,4.0,,4.0
MOGRK-623126 ,11,2025-05-01,False,17.0,4.0,4.0,0.0
MOGRK-623126 ,12,2025-06-01,False,17.0,0.0,3.0,
MOGRK-623751 ,0,2024-06-01,True,0.0,0.0,,0.0
MOGRK-623751 ,1,2024-07-01,True,0.0,0.0,,0.0
MOGRK-623751 ,2,2024-08-01,True,0.0,0.0,,0.0
MOGRK-623751 ,3,2024-09-01,True,0.0,0.0,,0.0
MOGRK-623751 ,4,2024-10-01,True,2.0,0.0,,1.0
MOGRK-623751 ,5,2024-11-01,False,1.0,1.0,,1.0
MOGRK-623751 ,6,2024-12-01,False,0.0,1.0,,0.0
MOGRK-623751 ,7,2025-01-01,True,0.0,0.0,,0.0
MOGRK-623751 ,8,2025-02-01,True,0.0,0.0,,0.0
MOGRK-623751 ,9,2025-03-01,True,0.0,0.0,,0.0
MOGRK-623751 ,10,2025-04-01,True,0.0,0.0,,0.0
MOGRK-623751 ,11,2025-05-01,True,3.0,0.0,0.0,0.0
MOGRK-623751 ,12,2025-06-01,False,3.0,0.0,0.0,
MOGRK-623752 ,0,2024-06-01,True,0.0,0.0,,0.0
MOGRK-623752 ,1,2024-07-01,True,0.0,0.0,,0.0
MOGRK-623752 ,2,2024-08-01,True,0.0,0.0,,0.0
MOGRK-623752 ,3,2024-09-01,True,0.0,0.0,,0.0
MOGRK-623752 ,4,2024-10-01,True,2.0,0.0,,0.0
MOGRK-623752 ,5,2024-11-01,False,2.0,0.0,,1.0
MOGRK-623752 ,6,2024-12-01,False,1.0,1.0,,0.0
MOGRK-623752 ,7,2025-01-01,False,1.0,0.0,,0.0
MOGRK-623752 ,8,2025-02-01,False,1.0,0.0,,0.0
MOGRK-623752 ,9,2025-03-01,False,1.0,0.0,,0.0
MOGRK-623752 ,10,2025-04-01,False,1.0,0.0,,1.0
MOGRK-623752 ,11,2025-05-01,False,0.0,1.0,0.0,0.0
MOGRK-623752 ,12,2025-06-01,True,0.0,0.0,0.0,
MOGRK-641500 ,0,2024-06-01,False,1.0,1.0,,0.0
MOGRK-641500 ,1,2024-07-01,False,1.0,0.0,,0.0
MOGRK-641500 ,2,2024-08-01,False,1.0,0.0,,0.0
MOGRK-641500 ,3,2024-09-01,False,1.0,0.0,,0.0
MOGRK-641500 ,4,2024-10-01,False,7.0,0.0,,0.0
MOGRK-641500 ,5,2024-11-01,False,7.0,0.0,,0.0
MOGRK-641500 ,6,2024-12-01,False,7.0,0.0,,1.0
MOGRK-641500 ,7,2025-01-01,False,6.0,1.0,,0.0
MOGRK-641500 ,8,2025-02-01,False,6.0,0.0,,0.0
MOGRK-641500 ,9,2025-03-01,False,6.0,0.0,,0.0
MOGRK-641500 ,10,2025-04-01,False,6.0,0.0,,0.0
MOGRK-641500 ,11,2025-05-01,False,6.0,0.0,0.0,0.0
MOGRK-641500 ,12,2025-06-01,False,6.0,0.0,0.0,
MOGRK-641501 ,0,2024-06-01,False,2.0,1.0,,0.0
MOGRK-641501 ,1,2024-07-01,False,2.0,0.0,,0.0
MOGRK-641501 ,2,2024-08-01,False,2.0,0.0,,0.0
MOGRK-641501 ,3,2024-09-01,False,2.0,0.0,,0.0
MOGRK-641501 ,4,2024-10-01,False,8.0,0.0,,0.0
MOGRK-641501 ,5,2024-11-01,False,8.0,0.0,,0.0
MOGRK-641501 ,6,2024-12-01,False,8.0,0.0,,1.0
MOGRK-641501 ,7,2025-01-01,False,7.0,1.0,,0.0
MOGRK-641501 ,8,2025-02-01,False,7.0,0.0,,0.0
MOGRK-641501 ,9,2025-03-01,False,7.0,0.0,,0.0
MOGRK-641501 ,10,2025-04-01,False,7.0,0.0,,0.0
MOGRK-641501 ,11,2025-05-01,False,7.0,0.0,1.0,0.0
MOGRK-641501 ,12,2025-06-01,False,7.0,0.0,1.0,
MOGRK-641799 ,0,2024-06-01,False,1.0,0.0,,2.0
MOGRK-641799 ,1,2024-07-01,False,0.0,2.0,,0.0
MOGRK-641799 ,2,2024-08-01,True,0.0,0.0,,0.0
MOGRK-641799 ,3,2024-09-01,True,0.0,0.0,,0.0
MOGRK-641799 ,4,2024-10-01,True,20.0,0.0,,0.0
MOGRK-641799 ,5,2024-11-01,False,20.0,0.0,,6.0
MOGRK-641799 ,6,2024-12-01,False,14.0,6.0,,0.0
MOGRK-641799 ,7,2025-01-01,False,14.0,0.0,,0.0
MOGRK-641799 ,8,2025-02-01,False,14.0,0.0,,2.0
MOGRK-641799 ,9,2025-03-01,False,12.0,2.0,,0.0
MOGRK-641799 ,10,2025-04-01,False,12.0,0.0,,2.0
MOGRK-641799 ,11,2025-05-01,False,22.0,2.0,1.0,0.0
MOGRK-641799 ,12,2025-06-01,False,22.0,0.0,1.0,
MOGRK-641822 ,0,2024-06-01,False,18.0,0.0,,0.0
MOGRK-641822 ,1,2024-07-01,False,18.0,0.0,,0.0
MOGRK-641822 ,2,2024-08-01,False,18.0,0.0,,0.0
MOGRK-641822 ,3,2024-09-01,False,18.0,0.0,,0.0
MOGRK-641822 ,4,2024-10-01,False,18.0,0.0,,2.0
MOGRK-641822 ,5,2024-11-01,False,16.0,2.0,,0.0
MOGRK-641822 ,6,2024-12-01,False,16.0,0.0,,0.0
MOGRK-641822 ,7,2025-01-01,False,16.0,0.0,,0.0
MOGRK-641822 ,8,2025-02-01,False,16.0,0.0,,0.0
MOGRK-641822 ,9,2025-03-01,False,16.0,0.0,,0.0
MOGRK-641822 ,10,2025-04-01,False,16.0,0.0,,0.0
MOGRK-641822 ,11,2025-05-01,False,16.0,0.0,0.0,0.0
MOGRK-641822 ,12,2025-06-01,False,16.0,0.0,0.0,
MOGRK-641866 ,0,2024-06-01,True,0.0,0.0,,0.0
MOGRK-641866 ,1,2024-07-01,True,0.0,0.0,,0.0
MOGRK-641866 ,2,2024-08-01,True,0.0,0.0,,0.0
MOGRK-641866 ,3,2024-09-01,True,0.0,0.0,,0.0
MOGRK-641866 ,4,2024-10-01,True,0.0,0.0,,0.0
MOGRK-641866 ,5,2024-11-01,True,10.0,0.0,,2.0
MOGRK-641866 ,6,2024-12-01,False,8.0,2.0,,4.0
MOGRK-641866 ,7,2025-01-01,False,4.0,4.0,,4.0
MOGRK-641866 ,8,2025-02-01,False,0.0,4.0,,0.0
MOGRK-641866 ,9,2025-03-01,True,0.0,0.0,,0.0
MOGRK-641866 ,10,2025-04-01,True,0.0,0.0,,0.0
MOGRK-641866 ,11,2025-05-01,True,0.0,0.0,1.0,0.0
MOGRK-641866 ,12,2025-06-01,True,0.0,0.0,0.0,
MOGRK-641916 ,0,2024-06-01,False,0.0,2.0,,0.0
MOGRK-641916 ,1,2024-07-01,True,0.0,0.0,,0.0
MOGRK-641916 ,2,2024-08-01,True,0.0,0.0,,0.0
MOGRK-641916 ,3,2024-09-01,True,0.0,0.0,,0.0
MOGRK-641916 ,4,2024-10-01,True,10.0,0.0,,0.0
MOGRK-641916 ,5,2024-11-01,False,10.0,0.0,,0.0
MOGRK-641916 ,6,2024-12-01,False,10.0,0.0,,2.0
MOGRK-641916 ,7,2025-01-01,False,8.0,2.0,,1.0
MOGRK-641916 ,8,2025-02-01,False,7.0,1.0,,0.0
MOGRK-641916 ,9,2025-03-01,False,7.0,0.0,,2.0
MOGRK-641916 ,10,2025-04-01,False,5.0,2.0,,0.0
MOGRK-641916 ,11,2025-05-01,False,5.0,0.0,0.0,1.0
MOGRK-641916 ,12,2025-06-01,False,4.0,1.0,0.0,
MOGRK-642905 ,0,2024-06-01,True,0.0,0.0,,0.0
MOGRK-642905 ,1,2024-07-01,True,0.0,0.0,,0.0
MOGRK-642905 ,2,2024-08-01,True,0.0,0.0,,0.0
MOGRK-642905 ,3,2024-09-01,True,0.0,0.0,,0.0
MOGRK-642905 ,4,2024-10-01,True,0.0,0.0,,0.0
MOGRK-642905 ,5,2024-11-01,True,4.0,0.0,,1.0
MOGRK-642905 ,6,2024-12-01,False,3.0,1.0,,0.0
MOGRK-642905 ,7,2025-01-01,False,3.0,0.0,,1.0
MOGRK-642905 ,8,2025-02-01,False,4.0,1.0,,0.0
MOGRK-642905 ,9,2025-03-01,False,4.0,0.0,,0.0
MOGRK-642905 ,10,2025-04-01,False,4.0,0.0,,2.0
MOGRK-642905 ,11,2025-05-01,False,2.0,2.0,0.0,0.0
MOGRK-642905 ,12,2025-06-01,False,2.0,0.0,0.0,
MOGRK-643354 ,0,2024-06-01,True,0.0,0.0,,0.0
MOGRK-643354 ,1,2024-07-01,True,2.0,0.0,,0.0
MOGRK-643354 ,2,2024-08-01,False,2.0,0.0,,0.0
MOGRK-643354 ,3,2024-09-01,False,2.0,0.0,,0.0
MOGRK-643354 ,4,2024-10-01,False,2.0,0.0,,1.0
MOGRK-643354 ,5,2024-11-01,False,1.0,1.0,,0.0
MOGRK-643354 ,6,2024-12-01,False,1.0,0.0,,0.0
MOGRK-643354 ,7,2025-01-01,False,1.0,0.0,,0.0
MOGRK-643354 ,8,2025-02-01,False,1.0,0.0,,0.0
MOGRK-643354 ,9,2025-03-01,False,1.0,0.0,,0.0
MOGRK-643354 ,10,2025-04-01,False,1.0,0.0,,0.0
MOGRK-643354 ,11,2025-05-01,False,1.0,0.0,0.0,0.0
MOGRK-643354 ,12,2025-06-01,False,1.0,0.0,0.0,
MOGRK-660203 ,0,2024-06-01,False,2.0,0.0,,0.0
MOGRK-660203 ,1,2024-07-01,False,2.0,0.0,,0.0
MOGRK-660203 ,2,2024-08-01,False,2.0,0.0,,0.0
MOGRK-660203 ,3,2024-09-01,False,2.0,0.0,,1.0
MOGRK-660203 ,4,2024-10-01,False,1.0,1.0,,0.0
MOGRK-660203 ,5,2024-11-01,False,1.0,0.0,,1.0
MOGRK-660203 ,6,2024-12-01,False,0.0,1.0,,1.0
MOGRK-660203 ,7,2025-01-01,True,1.0,1.0,,0.0
MOGRK-660203 ,8,2025-02-01,False,5.0,0.0,,3.0
MOGRK-660203 ,9,2025-03-01,False,2.0,3.0,,0.0
MOGRK-660203 ,10,2025-04-01,False,2.0,0.0,,0.0
MOGRK-660203 ,11,2025-05-01,False,2.0,0.0,0.0,0.0
MOGRK-660203 ,12,2025-06-01,False,2.0,0.0,0.0,
MOGRK-80038 ,0,2024-06-01,True,0.0,0.0,,0.0
MOGRK-80038 ,1,2024-07-01,True,0.0,0.0,,0.0
MOGRK-80038 ,2,2024-08-01,True,6.0,0.0,,2.0
MOGRK-80038 ,3,2024-09-01,False,4.0,2.0,,0.0
MOGRK-80038 ,4,2024-10-01,False,4.0,0.0,,1.0
MOGRK-80038 ,5,2024-11-01,False,3.0,1.0,,0.0
MOGRK-80038 ,6,2024-12-01,False,3.0,0.0,,1.0
MOGRK-80038 ,7,2025-01-01,False,2.0,1.0,,0.0
MOGRK-80038 ,8,2025-02-01,False,2.0,0.0,,0.0
MOGRK-80038 ,9,2025-03-01,False,2.0,0.0,,0.0
MOGRK-80038 ,10,2025-04-01,False,2.0,0.0,,1.0
MOGRK-80038 ,11,2025-05-01,False,1.0,1.0,0.0,0.0
MOGRK-80038 ,12,2025-06-01,False,1.0,0.0,0.0,
MOGRK-80040 ,0,2024-06-01,True,0.0,0.0,,0.0
MOGRK-80040 ,1,2024-07-01,True,0.0,0.0,,0.0
MOGRK-80040 ,2,2024-08-01,True,6.0,0.0,,1.0
MOGRK-80040 ,3,2024-09-01,False,5.0,1.0,,0.0
MOGRK-80040 ,4,2024-10-01,False,5.0,0.0,,1.0
MOGRK-80040 ,5,2024-11-01,False,4.0,1.0,,0.0
MOGRK-80040 ,6,2024-12-01,False,4.0,0.0,,1.0
MOGRK-80040 ,7,2025-01-01,False,3.0,1.0,,0.0
MOGRK-80040 ,8,2025-02-01,False,3.0,0.0,,0.0
MOGRK-80040 ,9,2025-03-01,False,3.0,0.0,,0.0
MOGRK-80040 ,10,2025-04-01,False,3.0,0.0,,1.0
MOGRK-80040 ,11,2025-05-01,False,2.0,1.0,0.0,0.0
MOGRK-80040 ,12,2025-06-01,False,2.0,0.0,0.0,
MOGSB-320 ,0,2024-06-01,True,0.0,0.0,,0.0
MOGSB-320 ,1,2024-07-01,True,0.0,0.0,,0.0
MOGSB-320 ,2,2024-08-01,True,0.0,0.0,,0.0
MOGSB-320 ,3,2024-09-01,True,0.0,0.0,,0.0
MOGSB-320 ,4,2024-10-01,True,0.0,0.0,,0.0
MOGSB-320 ,5,2024-11-01,True,0.0,0.0,,0.0
MOGSB-320 ,6,2024-12-01,True,0.0,0.0,,0.0
MOGSB-320 ,7,2025-01-01,True,0.0,0.0,,2.0
MOGSB-320 ,8,2025-02-01,True,8.0,2.0,,6.0
MOGSB-320 ,9,2025-03-01,False,2.0,6.0,,2.0
MOGSB-320 ,10,2025-04-01,False,0.0,2.0,,0.0
MOGSB-320 ,11,2025-05-01,True,0.0,0.0,1.0,0.0
MOGSB-320 ,12,2025-06-01,True,0.0,0.0,0.0,
MOGSB-335 ,0,2024-06-01,True,0.0,0.0,,0.0
MOGSB-335 ,1,2024-07-01,True,0.0,0.0,,0.0
MOGSB-335 ,2,2024-08-01,True,0.0,0.0,,0.0
MOGSB-335 ,3,2024-09-01,True,0.0,0.0,,0.0
MOGSB-335 ,4,2024-10-01,True,0.0,0.0,,0.0
MOGSB-335 ,5,2024-11-01,True,0.0,0.0,,0.0
MOGSB-335 ,6,2024-12-01,True,0.0,0.0,,0.0
MOGSB-335 ,7,2025-01-01,True,0.0,0.0,,4.0
MOGSB-335 ,8,2025-02-01,True,6.0,4.0,,0.0
MOGSB-335 ,9,2025-03-01,False,6.0,0.0,,2.0
MOGSB-335 ,10,2025-04-01,False,4.0,2.0,,2.0
MOGSB-335 ,11,2025-05-01,False,2.0,2.0,0.0,2.0
MOGSB-335 ,12,2025-06-01,False,0.0,2.0,0.0,
